{"latitude": 38.912659, "longitude": -77.017669, "timezone": "America/New_York", "currently": {"time": 1433822400, "summary": "Mostly Cloudy", "icon": "partly-cloudy-night", "precipIntensity": 0.0041, "precipProbability": 0.21, "precipType": "rain", "temperature": 70.92, "apparentTemperature": 71.97, "dewPoint": 68.05, "humidity": 0.91, "pressure": 1008.95, "windSpeed": 1, "windGust": 3.42, "windBearing": 190, "cloudCover": 0.83, "uvIndex": 0, "visibility": 7.8}, "hourly": {"summary": "Mostly cloudy until evening.", "icon": "partly-cloudy-day", "data": [{"time": 1433822400, "summary": "Mostly Cloudy", "icon": "partly-cloudy-night", "precipIntensity": 0.0041, "precipProbability": 0.21, "precipType": "rain", "temperature": 70.92, "apparentTemperature": 71.97, "dewPoint": 68.05, "humidity": 0.91, "pressure": 1008.95, "windSpeed": 1, "windGust": 3.42, "windBearing": 190, "cloudCover": 0.83, "uvIndex": 0, "visibility": 7.8}, {"time": 1433826000, "summary": "Mostly Cloudy", "icon": "partly-cloudy-night", "precipIntensity": 0, "precipProbability": 0, "temperature": 70.84, "apparentTemperature": 71.84, "dewPoint": 67.63, "humidity": 0.9, "pressure": 1008.54, "windSpeed": 1.64, "windGust": 6, "windBearing": 200, "cloudCover": 0.74, "uvIndex": 0, "visibility": 7.97}, {"time": 1433829600, "summary": "Mostly Cloudy", "icon": "partly-cloudy-night", "precipIntensity": 0, "precipProbability": 0, "temperature": 70.4, "apparentTemperature": 71.29, "dewPoint": 66.8, "humidity": 0.88, "pressure": 1007.86, "windSpeed": 1.95, "windGust": 5.22, "windBearing": 195, "cloudCover": 0.9, "uvIndex": 0, "visibility": 8.25}, {"time": 1433833200, "summary": "Mostly Cloudy", "icon": "partly-cloudy-night", "precipIntensity": 0, "precipProbability": 0, "temperature": 69.9, "apparentTemperature": 70.78, "dewPoint": 66.55, "humidity": 0.89, "pressure": 1007.28, "windSpeed": 1.86, "windGust": 5.02, "windBearing": 203, "cloudCover": 0.88, "uvIndex": 0, "visibility": 7.96}, {"time": 1433836800, "summary": "Overcast", "icon": "cloudy", "precipIntensity": 0, "precipProbability": 0, "temperature": 69.46, "apparentTemperature": 70.33, "dewPoint": 66.32, "humidity": 0.9, "pressure": 1007.27, "windSpeed": 1.87, "windGust": 4.54, "windBearing": 216, "cloudCover": 1, "uvIndex": 0, "visibility": 8.01}, {"time": 1433840400, "summary": "Overcast", "icon": "cloudy", "precipIntensity": 0, "precipProbability": 0, "temperature": 69.3, "apparentTemperature": 70.16, "dewPoint": 66.23, "humidity": 0.9, "pressure": 1007.1, "windSpeed": 1.44, "windGust": 4.18, "windBearing": 212, "cloudCover": 1, "uvIndex": 0, "visibility": 7.89}, {"time": 1433844000, "summary": "Mostly Cloudy", "icon": "partly-cloudy-day", "precipIntensity": 0, "precipProbability": 0, "temperature": 69.06, "apparentTemperature": 69.91, "dewPoint": 66.08, "humidity": 0.9, "pressure": 1007.31, "windSpeed": 1.36, "windGust": 3.61, "windBearing": 216, "cloudCover": 0.84, "uvIndex": 0, "visibility": 7.13}, {"time": 1433847600, "summary": "Mostly Cloudy", "icon": "partly-cloudy-day", "precipIntensity": 0, "precipProbability": 0, "temperature": 69.04, "apparentTemperature": 69.88, "dewPoint": 66.04, "humidity": 0.9, "pressure": 1007.58, "windSpeed": 1.59, "windGust": 4.92, "windBearing": 216, "cloudCover": 0.79, "uvIndex": 0, "visibility": 8.09}, {"time": 1433851200, "summary": "Partly Cloudy", "icon": "partly-cloudy-day", "precipIntensity": 0, "precipProbability": 0, "temperature": 70.21, "apparentTemperature": 71.08, "dewPoint": 66.58, "humidity": 0.88, "pressure": 1007.7, "windSpeed": 2.1, "windGust": 6.03, "windBearing": 220, "cloudCover": 0.59, "uvIndex": 1, "visibility": 8.59}, {"time": 1433854800, "summary": "Mostly Cloudy", "icon": "partly-cloudy-day", "precipIntensity": 0, "precipProbability": 0, "temperature": 72.39, "apparentTemperature": 73.27, "dewPoint": 67.17, "humidity": 0.84, "pressure": 1007.73, "windSpeed": 2.2, "windGust": 6.11, "windBearing": 239, "cloudCover": 0.61, "uvIndex": 3, "visibility": 8.51}, {"time": 1433858400, "summary": "Partly Cloudy", "icon": "partly-cloudy-day", "precipIntensity": 0, "precipProbability": 0, "temperature": 75.58, "apparentTemperature": 76.46, "dewPoint": 67.88, "humidity": 0.77, "pressure": 1007.39, "windSpeed": 1.87, "windGust": 6.74, "windBearing": 234, "cloudCover": 0.26, "uvIndex": 5, "visibility": 7.07}, {"time": 1433862000, "summary": "Clear", "icon": "clear-day", "precipIntensity": 0, "precipProbability": 0, "temperature": 78.92, "apparentTemperature": 79.64, "dewPoint": 66.81, "humidity": 0.67, "pressure": 1007.26, "windSpeed": 2.95, "windGust": 8.79, "windBearing": 245, "cloudCover": 0.14, "uvIndex": 7, "visibility": 7.92}, {"time": 1433865600, "summary": "Partly Cloudy", "icon": "partly-cloudy-day", "precipIntensity": 0, "precipProbability": 0, "temperature": 80.86, "apparentTemperature": 82.71, "dewPoint": 65.08, "humidity": 0.59, "pressure": 1007.23, "windSpeed": 3.41, "windGust": 9.97, "windBearing": 266, "cloudCover": 0.4, "uvIndex": 8, "visibility": 7.67}, {"time": 1433869200, "summary": "Partly Cloudy", "icon": "partly-cloudy-day", "precipIntensity": 0, "precipProbability": 0, "temperature": 82.51, "apparentTemperature": 83.8, "dewPoint": 63.5, "humidity": 0.53, "pressure": 1007.06, "windSpeed": 3.56, "windGust": 10.46, "windBearing": 270, "cloudCover": 0.57, "uvIndex": 7, "visibility": 7.22}, {"time": 1433872800, "summary": "Partly Cloudy", "icon": "partly-cloudy-day", "precipIntensity": 0, "precipProbability": 0, "temperature": 83.66, "apparentTemperature": 84.32, "dewPoint": 61.9, "humidity": 0.48, "pressure": 1006.97, "windSpeed": 3.5, "windGust": 10.27, "windBearing": 274, "cloudCover": 0.46, "uvIndex": 8, "visibility": 7.96}, {"time": 1433876400, "summary": "Mostly Cloudy", "icon": "partly-cloudy-day", "precipIntensity": 0, "precipProbability": 0, "temperature": 84.36, "apparentTemperature": 84.51, "dewPoint": 60.53, "humidity": 0.45, "pressure": 1006.76, "windSpeed": 4.18, "windGust": 9.8, "windBearing": 277, "cloudCover": 0.6, "uvIndex": 6, "visibility": 8.02}, {"time": 1433880000, "summary": "Partly Cloudy", "icon": "partly-cloudy-day", "precipIntensity": 0, "precipProbability": 0, "temperature": 84.67, "apparentTemperature": 84.71, "dewPoint": 60.32, "humidity": 0.44, "pressure": 1006.71, "windSpeed": 2.89, "windGust": 8.46, "windBearing": 279, "cloudCover": 0.5, "uvIndex": 5, "visibility": 8.55}, {"time": 1433883600, "summary": "Partly Cloudy", "icon": "partly-cloudy-day", "precipIntensity": 0, "precipProbability": 0, "temperature": 84.29, "apparentTemperature": 84.4, "dewPoint": 60.38, "humidity": 0.45, "pressure": 1006.86, "windSpeed": 2.34, "windGust": 6.73, "windBearing": 281, "cloudCover": 0.4, "uvIndex": 3, "visibility": 8.4}, {"time": 1433887200, "summary": "Partly Cloudy", "icon": "partly-cloudy-day", "precipIntensity": 0, "precipProbability": 0, "temperature": 83.19, "apparentTemperature": 83.39, "dewPoint": 60.09, "humidity": 0.46, "pressure": 1006.94, "windSpeed": 1.96, "windGust": 5.65, "windBearing": 291, "cloudCover": 0.38, "uvIndex": 2, "visibility": 7.68}, {"time": 1433890800, "summary": "Partly Cloudy", "icon": "partly-cloudy-day", "precipIntensity": 0, "precipProbability": 0, "temperature": 81.14, "apparentTemperature": 81.59, "dewPoint": 59.34, "humidity": 0.48, "pressure": 1007.53, "windSpeed": 1.42, "windGust": 3.99, "windBearing": 300, "cloudCover": 0.25, "uvIndex": 0, "visibility": 8.04}, {"time": 1433894400, "summary": "Partly Cloudy", "icon": "partly-cloudy-day", "precipIntensity": 0, "precipProbability": 0, "temperature": 78.9, "apparentTemperature": 78.9, "dewPoint": 58.32, "humidity": 0.49, "pressure": 1008.18, "windSpeed": 0.86, "windGust": 3.02, "windBearing": 294, "cloudCover": 0.27, "uvIndex": 0, "visibility": 8.47}, {"time": 1433898000, "summary": "Clear", "icon": "clear-night", "precipIntensity": 0, "precipProbability": 0, "temperature": 75.97, "apparentTemperature": 75.97, "dewPoint": 58.08, "humidity": 0.54, "pressure": 1008.62, "windSpeed": 0.74, "windGust": 1.37, "windBearing": 288, "cloudCover": 0.18, "uvIndex": 0, "visibility": 6.68}, {"time": 1433901600, "summary": "Clear", "icon": "clear-night", "precipIntensity": 0, "precipProbability": 0, "temperature": 73.86, "apparentTemperature": 73.86, "dewPoint": 58.25, "humidity": 0.58, "pressure": 1009.41, "windSpeed": 0.58, "windGust": 1.17, "windBearing": 285, "cloudCover": 0.18, "uvIndex": 0, "visibility": 6.87}, {"time": 1433905200, "summary": "Clear", "icon": "clear-night", "precipIntensity": 0, "precipProbability": 0, "temperature": 71.92, "apparentTemperature": 71.92, "dewPoint": 58.34, "humidity": 0.62, "pressure": 1009.92, "windSpeed": 0.71, "windGust": 1.01, "windBearing": 292, "cloudCover": 0.06, "uvIndex": 0, "visibility": 7.62}]}, "daily": {"data": [{"time": 1433822400, "summary": "Partly cloudy until evening.", "icon": "partly-cloudy-day", "sunriseTime": 1433843033, "sunsetTime": 1433896419, "moonPhase": 0.75, "precipIntensity": 0.0002, "precipIntensityMax": 0.0041, "precipIntensityMaxTime": 1433822400, "precipProbability": 0.21, "precipType": "rain", "temperatureHigh": 84.67, "temperatureHighTime": 1433880000, "temperatureLow": 62.36, "temperatureLowTime": 1433930400, "apparentTemperatureHigh": 84.71, "apparentTemperatureHighTime": 1433880000, "apparentTemperatureLow": 62.36, "apparentTemperatureLowTime": 1433930400, "dewPoint": 63.59, "humidity": 0.68, "pressure": 1007.67, "windSpeed": 1.69, "windGust": 10.46, "windGustTime": 1433869200, "windBearing": 252, "cloudCover": 0.53, "uvIndex": 8, "uvIndexTime": 1433865600, "visibility": 7.85, "temperatureMin": 69.04, "temperatureMinTime": 1433847600, "temperatureMax": 84.67, "temperatureMaxTime": 1433880000, "apparentTemperatureMin": 69.88, "apparentTemperatureMinTime": 1433847600, "apparentTemperatureMax": 84.71, "apparentTemperatureMaxTime": 1433880000}]}, "flags": {"sources": ["cmc", "gfs", "hrrr", "icon", "isd", "madis", "nam", "sref"], "nearest-station": 0.675, "units": "us"}, "offset": -4}