{"latitude": 38.912659, "longitude": -77.017669, "timezone": "America/New_York", "currently": {"time": 1447045200, "summary": "Clear", "icon": "clear-night", "precipIntensity": 0, "precipProbability": 0, "temperature": 38.54, "apparentTemperature": 38.54, "dewPoint": 33.54, "humidity": 0.82, "pressure": 1030.98, "windSpeed": 0, "windGust": 0.02, "cloudCover": 0, "uvIndex": 0, "visibility": 7.68}, "hourly": {"summary": "Rain starting in the evening.", "icon": "rain", "data": [{"time": 1447045200, "summary": "Clear", "icon": "clear-night", "precipIntensity": 0, "precipProbability": 0, "temperature": 38.54, "apparentTemperature": 38.54, "dewPoint": 33.54, "humidity": 0.82, "pressure": 1030.98, "windSpeed": 0, "windGust": 0.02, "cloudCover": 0, "uvIndex": 0, "visibility": 7.68}, {"time": 1447048800, "summary": "Clear", "icon": "clear-night", "precipIntensity": 0, "precipProbability": 0, "temperature": 37.29, "apparentTemperature": 37.29, "dewPoint": 32.92, "humidity": 0.84, "pressure": 1031.04, "windSpeed": 0, "windGust": 0.02, "cloudCover": 0, "uvIndex": 0, "visibility": 7.24}, {"time": 1447052400, "summary": "Clear", "icon": "clear-night", "precipIntensity": 0, "precipProbability": 0, "temperature": 36.26, "apparentTemperature": 36.26, "dewPoint": 32.42, "humidity": 0.86, "pressure": 1030.68, "windSpeed": 0, "windGust": 0, "cloudCover": 0, "uvIndex": 0, "visibility": 7.02}, {"time": 1447056000, "summary": "Clear", "icon": "clear-night", "precipIntensity": 0, "precipProbability": 0, "temperature": 35.6, "apparentTemperature": 35.6, "dewPoint": 32.14, "humidity": 0.87, "pressure": 1030.04, "windSpeed": 0, "windGust": 0.06, "cloudCover": 0.02, "uvIndex": 0, "visibility": 9.16}, {"time": 1447059600, "summary": "Clear", "icon": "clear-night", "precipIntensity": 0, "precipProbability": 0, "temperature": 34.88, "apparentTemperature": 34.88, "dewPoint": 31.63, "humidity": 0.88, "pressure": 1030.07, "windSpeed": 0, "windGust": 0, "cloudCover": 0.04, "uvIndex": 0, "visibility": 8.78}, {"time": 1447063200, "summary": "Clear", "icon": "clear-night", "precipIntensity": 0, "precipProbability": 0, "temperature": 34.02, "apparentTemperature": 34.02, "dewPoint": 31.03, "humidity": 0.89, "pressure": 1030.22, "windSpeed": 0, "windGust": 0, "cloudCover": 0.09, "uvIndex": 0, "visibility": 9.24}, {"time": 1447066800, "summary": "Clear", "icon": "clear-night", "precipIntensity": 0, "precipProbability": 0, "temperature": 33.4, "apparentTemperature": 33.4, "dewPoint": 30.67, "humidity": 0.9, "pressure": 1030.39, "windSpeed": 0, "windGust": 0, "cloudCover": 0.02, "uvIndex": 0, "visibility": 7.76}, {"time": 1447070400, "summary": "Clear", "icon": "clear-day", "precipIntensity": 0, "precipProbability": 0, "temperature": 33.34, "apparentTemperature": 33.34, "dewPoint": 30.66, "humidity": 0.9, "pressure": 1031.15, "windSpeed": 0, "windGust": 0.04, "cloudCover": 0.09, "uvIndex": 0, "visibility": 8.76}, {"time": 1447074000, "summary": "Partly Cloudy", "icon": "partly-cloudy-day", "precipIntensity": 0, "precipProbability": 0, "temperature": 35.09, "apparentTemperature": 35.09, "dewPoint": 32.34, "humidity": 0.9, "pressure": 1031.38, "windSpeed": 0, "windGust": 0.06, "cloudCover": 0.44, "uvIndex": 0, "visibility": 8.89}, {"time": 1447077600, "summary": "Mostly Cloudy", "icon": "partly-cloudy-day", "precipIntensity": 0, "precipProbability": 0, "temperature": 42.13, "apparentTemperature": 42.13, "dewPoint": 37.71, "humidity": 0.84, "pressure": 1031.26, "windSpeed": 0.02, "windGust": 0.31, "windBearing": 0, "cloudCover": 0.65, "uvIndex": 1, "visibility": 9.12}, {"time": 1447081200, "summary": "Overcast", "icon": "cloudy", "precipIntensity": 0, "precipProbability": 0, "temperature": 47.52, "apparentTemperature": 47.52, "dewPoint": 39.66, "humidity": 0.74, "pressure": 1031.02, "windSpeed": 0.1, "windGust": 1.11, "windBearing": 37, "cloudCover": 0.99, "uvIndex": 2, "visibility": 8.61}, {"time": 1447084800, "summary": "Overcast", "icon": "cloudy", "precipIntensity": 0, "precipProbability": 0, "temperature": 50.77, "apparentTemperature": 50.77, "dewPoint": 38.8, "humidity": 0.63, "pressure": 1030.87, "windSpeed": 0.55, "windGust": 2.56, "windBearing": 70, "cloudCover": 1, "uvIndex": 2, "visibility": 8.36}, {"time": 1447088400, "summary": "Overcast", "icon": "cloudy", "precipIntensity": 0, "precipProbability": 0, "temperature": 51.66, "apparentTemperature": 51.66, "dewPoint": 39.04, "humidity": 0.62, "pressure": 1029.42, "windSpeed": 0.7, "windGust": 2.74, "windBearing": 66, "cloudCover": 1, "uvIndex": 2, "visibility": 8.37}, {"time": 1447092000, "summary": "Overcast", "icon": "cloudy", "precipIntensity": 0, "precipProbability": 0, "temperature": 52.01, "apparentTemperature": 52.01, "dewPoint": 39.59, "humidity": 0.62, "pressure": 1028.76, "windSpeed": 0.47, "windGust": 2.17, "windBearing": 49, "cloudCover": 1, "uvIndex": 2, "visibility": 8.02}, {"time": 1447095600, "summary": "Overcast", "icon": "cloudy", "precipIntensity": 0, "precipProbability": 0, "temperature": 52.35, "apparentTemperature": 52.35, "dewPoint": 40.14, "humidity": 0.63, "pressure": 1028.31, "windSpeed": 0.51, "windGust": 1.61, "windBearing": 30, "cloudCover": 1, "uvIndex": 1, "visibility": 8}, {"time": 1447099200, "summary": "Overcast", "icon": "cloudy", "precipIntensity": 0, "precipProbability": 0, "temperature": 52.31, "apparentTemperature": 52.31, "dewPoint": 40.66, "humidity": 0.64, "pressure": 1027.93, "windSpeed": 0.64, "windGust": 2.08, "windBearing": 20, "cloudCover": 1, "uvIndex": 1, "visibility": 8.2}, {"time": 1447102800, "summary": "Overcast", "icon": "cloudy", "precipIntensity": 0, "precipProbability": 0, "temperature": 52.01, "apparentTemperature": 52.01, "dewPoint": 41.8, "humidity": 0.68, "pressure": 1027.3, "windSpeed": 0.43, "windGust": 1.31, "windBearing": 35, "cloudCover": 1, "uvIndex": 0, "visibility": 7.83}, {"time": 1447106400, "summary": "Overcast", "icon": "cloudy", "precipIntensity": 0.0003, "precipProbability": 0.11, "precipType": "rain", "temperature": 51.36, "apparentTemperature": 51.36, "dewPoint": 42.99, "humidity": 0.73, "pressure": 1026.78, "windSpeed": 0.16, "windGust": 0.78, "windBearing": 39, "cloudCover": 1, "uvIndex": 0, "visibility": 8.21}, {"time": 1447110000, "summary": "Overcast", "icon": "cloudy", "precipIntensity": 0.0057, "precipProbability": 0.68, "precipType": "rain", "temperature": 50.05, "apparentTemperature": 50.05, "dewPoint": 44.61, "humidity": 0.81, "pressure": 1026.25, "windSpeed": 0.25, "windGust": 0.83, "windBearing": 22, "cloudCover": 1, "uvIndex": 0, "visibility": 8.55}, {"time": 1447113600, "summary": "Overcast", "icon": "cloudy", "precipIntensity": 0.0108, "precipProbability": 0.64, "precipType": "rain", "temperature": 49.22, "apparentTemperature": 49.22, "dewPoint": 44.99, "humidity": 0.85, "pressure": 1026.19, "windSpeed": 0.28, "windGust": 1, "windBearing": 4, "cloudCover": 1, "uvIndex": 0, "visibility": 7.63}, {"time": 1447117200, "summary": "Light Rain", "icon": "rain", "precipIntensity": 0.0174, "precipProbability": 0.83, "precipType": "rain", "temperature": 48.68, "apparentTemperature": 48.68, "dewPoint": 45.29, "humidity": 0.88, "pressure": 1026.12, "windSpeed": 0.46, "windGust": 1.71, "windBearing": 358, "cloudCover": 1, "uvIndex": 0, "visibility": 6.65}, {"time": 1447120800, "summary": "Light Rain", "icon": "rain", "precipIntensity": 0.0386, "precipProbability": 0.85, "precipType": "rain", "temperature": 48.37, "apparentTemperature": 48.37, "dewPoint": 45.56, "humidity": 0.9, "pressure": 1025.95, "windSpeed": 0.65, "windGust": 1.59, "windBearing": 12, "cloudCover": 0.95, "uvIndex": 0, "visibility": 5.64}, {"time": 1447124400, "summary": "Rain", "icon": "rain", "precipIntensity": 0.0719, "precipProbability": 0.87, "precipType": "rain", "temperature": 48.31, "apparentTemperature": 48.31, "dewPoint": 45.81, "humidity": 0.91, "pressure": 1025.18, "windSpeed": 0.39, "windGust": 1.61, "windBearing": 32, "cloudCover": 1, "uvIndex": 0, "visibility": 3.83}, {"time": 1447128000, "summary": "Rain", "icon": "rain", "precipIntensity": 0.0904, "precipProbability": 0.89, "precipType": "rain", "temperature": 48.89, "apparentTemperature": 48.89, "dewPoint": 46.79, "humidity": 0.92, "pressure": 1023.37, "windSpeed": 0.93, "windGust": 3.87, "windBearing": 58, "cloudCover": 1, "uvIndex": 0, "visibility": 3.79}]}, "daily": {"data": [{"time": 1447045200, "summary": "Rain starting in the evening.", "icon": "rain", "sunriseTime": 1447069525, "sunsetTime": 1447106462, "moonPhase": 0.94, "precipIntensity": 0.0098, "precipIntensityMax": 0.0904, "precipIntensityMaxTime": 1447128000, "precipProbability": 0.89, "precipType": "rain", "temperatureHigh": 52.35, "temperatureHighTime": 1447095600, "temperatureLow": 48.31, "temperatureLowTime": 1447124400, "apparentTemperatureHigh": 52.35, "apparentTemperatureHighTime": 1447095600, "apparentTemperatureLow": 48.31, "apparentTemperatureLowTime": 1447124400, "dewPoint": 38.37, "humidity": 0.8, "pressure": 1028.78, "windSpeed": 0.25, "windGust": 3.87, "windGustTime": 1447128000, "windBearing": 37, "cloudCover": 0.64, "uvIndex": 2, "uvIndexTime": 1447081200, "visibility": 7.72, "temperatureMin": 33.34, "temperatureMinTime": 1447070400, "temperatureMax": 52.35, "temperatureMaxTime": 1447095600, "apparentTemperatureMin": 33.34, "apparentTemperatureMinTime": 1447070400, "apparentTemperatureMax": 52.35, "apparentTemperatureMaxTime": 1447095600}]}, "flags": {"sources": ["cmc", "gfs", "hrrr", "icon", "isd", "madis", "nam", "sref"], "nearest-station": 1.106, "units": "us"}, "offset": -5}