{"latitude": 38.912659, "longitude": -77.017669, "timezone": "America/New_York", "currently": {"time": 1447909200, "summary": "Overcast", "icon": "cloudy", "precipIntensity": 0, "precipProbability": 0, "temperature": 62.06, "apparentTemperature": 62.06, "dewPoint": 53.9, "humidity": 0.75, "pressure": 1022.36, "windSpeed": 1.9, "windGust": 6.6, "windBearing": 136, "cloudCover": 1, "uvIndex": 0, "visibility": 8.62}, "hourly": {"summary": "Rain starting in the afternoon, continuing until evening.", "icon": "rain", "data": [{"time": 1447909200, "summary": "Overcast", "icon": "cloudy", "precipIntensity": 0, "precipProbability": 0, "temperature": 62.06, "apparentTemperature": 62.06, "dewPoint": 53.9, "humidity": 0.75, "pressure": 1022.36, "windSpeed": 1.9, "windGust": 6.6, "windBearing": 136, "cloudCover": 1, "uvIndex": 0, "visibility": 8.62}, {"time": 1447912800, "summary": "Overcast", "icon": "cloudy", "precipIntensity": 0, "precipProbability": 0, "temperature": 61.79, "apparentTemperature": 61.79, "dewPoint": 54.18, "humidity": 0.76, "pressure": 1021.97, "windSpeed": 1.64, "windGust": 5.27, "windBearing": 130, "cloudCover": 1, "uvIndex": 0, "visibility": 8.63}, {"time": 1447916400, "summary": "Overcast", "icon": "cloudy", "precipIntensity": 0, "precipProbability": 0, "temperature": 61.55, "apparentTemperature": 61.55, "dewPoint": 54.49, "humidity": 0.78, "pressure": 1021.98, "windSpeed": 1.44, "windGust": 4.16, "windBearing": 127, "cloudCover": 1, "uvIndex": 0, "visibility": 8.33}, {"time": 1447920000, "summary": "Overcast", "icon": "cloudy", "precipIntensity": 0, "precipProbability": 0, "temperature": 61.24, "apparentTemperature": 61.24, "dewPoint": 54.96, "humidity": 0.8, "pressure": 1021.38, "windSpeed": 1.04, "windGust": 3.6, "windBearing": 123, "cloudCover": 1, "uvIndex": 0, "visibility": 8.52}, {"time": 1447923600, "summary": "Overcast", "icon": "cloudy", "precipIntensity": 0, "precipProbability": 0, "temperature": 60.99, "apparentTemperature": 60.99, "dewPoint": 55.6, "humidity": 0.82, "pressure": 1020.63, "windSpeed": 0.96, "windGust": 3.21, "windBearing": 119, "cloudCover": 1, "uvIndex": 0, "visibility": 8.45}, {"time": 1447927200, "summary": "Overcast", "icon": "cloudy", "precipIntensity": 0.0055, "precipProbability": 0.41, "precipType": "rain", "temperature": 60.25, "apparentTemperature": 60.25, "dewPoint": 56.39, "humidity": 0.87, "pressure": 1019.89, "windSpeed": 0.84, "windGust": 2.64, "windBearing": 124, "cloudCover": 1, "uvIndex": 0, "visibility": 8.53}, {"time": 1447930800, "summary": "Light Rain", "icon": "rain", "precipIntensity": 0.0171, "precipProbability": 0.72, "precipType": "rain", "temperature": 60.11, "apparentTemperature": 60.11, "dewPoint": 57.01, "humidity": 0.9, "pressure": 1019.66, "windSpeed": 0.98, "windGust": 3.6, "windBearing": 122, "cloudCover": 1, "uvIndex": 0, "visibility": 6.68}, {"time": 1447934400, "summary": "Mostly Cloudy", "icon": "partly-cloudy-night", "precipIntensity": 0.0111, "precipProbability": 0.7, "precipType": "rain", "temperature": 60.49, "apparentTemperature": 60.49, "dewPoint": 57.68, "humidity": 0.9, "pressure": 1018.36, "windSpeed": 8.6, "windGust": 10.05, "windBearing": 157, "cloudCover": 0.91, "uvIndex": 0, "visibility": 8.47}, {"time": 1447938000, "summary": "Mostly Cloudy", "icon": "partly-cloudy-day", "precipIntensity": 0.001, "precipProbability": 0.26, "precipType": "rain", "temperature": 61.78, "apparentTemperature": 61.89, "dewPoint": 58.84, "humidity": 0.9, "pressure": 1018.58, "windSpeed": 4.61, "windGust": 8.47, "windBearing": 154, "cloudCover": 0.93, "uvIndex": 0, "visibility": 8.2}, {"time": 1447941600, "summary": "Overcast", "icon": "cloudy", "precipIntensity": 0.0006, "precipProbability": 0.13, "precipType": "rain", "temperature": 62.55, "apparentTemperature": 62.76, "dewPoint": 59.74, "humidity": 0.91, "pressure": 1018.42, "windSpeed": 4.24, "windGust": 10.35, "windBearing": 156, "cloudCover": 1, "uvIndex": 1, "visibility": 7.73}, {"time": 1447945200, "summary": "Overcast", "icon": "cloudy", "precipIntensity": 0.0008, "precipProbability": 0.17, "precipType": "rain", "temperature": 63.08, "apparentTemperature": 63.37, "dewPoint": 60.44, "humidity": 0.91, "pressure": 1018.14, "windSpeed": 3.98, "windGust": 11.91, "windBearing": 157, "cloudCover": 1, "uvIndex": 1, "visibility": 5.47}, {"time": 1447948800, "summary": "Overcast", "icon": "cloudy", "precipIntensity": 0.0046, "precipProbability": 0.49, "precipType": "rain", "temperature": 63.38, "apparentTemperature": 63.74, "dewPoint": 60.98, "humidity": 0.92, "pressure": 1017.58, "windSpeed": 2.7, "windGust": 8.76, "windBearing": 168, "cloudCover": 1, "uvIndex": 2, "visibility": 4.77}, {"time": 1447952400, "summary": "Overcast", "icon": "cloudy", "precipIntensity": 0.0089, "precipProbability": 0.73, "precipType": "rain", "temperature": 63.54, "apparentTemperature": 63.97, "dewPoint": 61.48, "humidity": 0.93, "pressure": 1016.43, "windSpeed": 1.72, "windGust": 6.93, "windBearing": 165, "cloudCover": 1, "uvIndex": 2, "visibility": 2.93}, {"time": 1447956000, "summary": "Light Rain", "icon": "rain", "precipIntensity": 0.0214, "precipProbability": 0.9, "precipType": "rain", "temperature": 63.74, "apparentTemperature": 64.21, "dewPoint": 61.85, "humidity": 0.94, "pressure": 1015.31, "windSpeed": 1.3, "windGust": 4.45, "windBearing": 162, "cloudCover": 1, "uvIndex": 2, "visibility": 1.8}, {"time": 1447959600, "summary": "Rain", "icon": "rain", "precipIntensity": 0.0774, "precipProbability": 0.93, "precipType": "rain", "temperature": 63.89, "apparentTemperature": 64.38, "dewPoint": 62, "humidity": 0.94, "pressure": 1014.46, "windSpeed": 0.57, "windGust": 3.41, "windBearing": 161, "cloudCover": 1, "uvIndex": 1, "visibility": 1.46}, {"time": 1447963200, "summary": "Rain", "icon": "rain", "precipIntensity": 0.0922, "precipProbability": 0.91, "precipType": "rain", "temperature": 64.06, "apparentTemperature": 64.58, "dewPoint": 62.21, "humidity": 0.94, "pressure": 1013.64, "windSpeed": 1.79, "windGust": 3.41, "windBearing": 173, "cloudCover": 1, "uvIndex": 1, "visibility": 1.71}, {"time": 1447966800, "summary": "Light Rain", "icon": "rain", "precipIntensity": 0.0532, "precipProbability": 0.87, "precipType": "rain", "temperature": 64.06, "apparentTemperature": 64.58, "dewPoint": 62.31, "humidity": 0.94, "pressure": 1013.63, "windSpeed": 0.25, "windGust": 1.19, "windBearing": 170, "cloudCover": 1, "uvIndex": 0, "visibility": 2.48}, {"time": 1447970400, "summary": "Light Rain", "icon": "rain", "precipIntensity": 0.0255, "precipProbability": 0.81, "precipType": "rain", "temperature": 63.68, "apparentTemperature": 64.16, "dewPoint": 61.87, "humidity": 0.94, "pressure": 1013.4, "windSpeed": 0.26, "windGust": 1.35, "windBearing": 148, "cloudCover": 1, "uvIndex": 0, "visibility": 3.06}, {"time": 1447974000, "summary": "Mostly Cloudy", "icon": "partly-cloudy-night", "precipIntensity": 0.0044, "precipProbability": 0.45, "precipType": "rain", "temperature": 63.42, "apparentTemperature": 63.89, "dewPoint": 61.68, "humidity": 0.94, "pressure": 1014.13, "windSpeed": 0.03, "windGust": 0.75, "windBearing": 180, "cloudCover": 0.93, "uvIndex": 0, "visibility": 4.86}, {"time": 1447977600, "summary": "Overcast", "icon": "cloudy", "precipIntensity": 0.0008, "precipProbability": 0.21, "precipType": "rain", "temperature": 63.35, "apparentTemperature": 63.8, "dewPoint": 61.58, "humidity": 0.94, "pressure": 1015, "windSpeed": 0.02, "windGust": 0.46, "windBearing": 270, "cloudCover": 1, "uvIndex": 0, "visibility": 2.03}, {"time": 1447981200, "summary": "Overcast", "icon": "cloudy", "precipIntensity": 0.002, "precipProbability": 0.29, "precipType": "rain", "temperature": 63.02, "apparentTemperature": 63.44, "dewPoint": 61.28, "humidity": 0.94, "pressure": 1015.56, "windSpeed": 0, "windGust": 0.33, "cloudCover": 1, "uvIndex": 0, "visibility": 2.42}, {"time": 1447984800, "summary": "Foggy", "icon": "fog", "precipIntensity": 0.0003, "precipProbability": 0.12, "precipType": "rain", "temperature": 62.86, "apparentTemperature": 63.27, "dewPoint": 61.11, "humidity": 0.94, "pressure": 1015.84, "windSpeed": 0.16, "windGust": 0.92, "windBearing": 281, "cloudCover": 1, "uvIndex": 0, "visibility": 1.48}, {"time": 1447988400, "summary": "Overcast", "icon": "cloudy", "precipIntensity": 0, "precipProbability": 0, "temperature": 61.72, "apparentTemperature": 61.97, "dewPoint": 59.7, "humidity": 0.93, "pressure": 1016.13, "windSpeed": 0.68, "windGust": 2.58, "windBearing": 303, "cloudCover": 0.99, "uvIndex": 0, "visibility": 5.3}, {"time": 1447992000, "summary": "Mostly Cloudy", "icon": "partly-cloudy-night", "precipIntensity": 0, "precipProbability": 0, "temperature": 59.19, "apparentTemperature": 59.19, "dewPoint": 55.75, "humidity": 0.88, "pressure": 1016.13, "windSpeed": 0.83, "windGust": 2.36, "windBearing": 304, "cloudCover": 0.76, "uvIndex": 0, "visibility": 8.32}]}, "daily": {"data": [{"time": 1447909200, "summary": "Rain starting in the afternoon, continuing until evening.", "icon": "rain", "sunriseTime": 1447934196, "sunsetTime": 1447969993, "moonPhase": 0.27, "precipIntensity": 0.0136, "precipIntensityMax": 0.0922, "precipIntensityMaxTime": 1447963200, "precipProbability": 0.93, "precipType": "rain", "temperatureHigh": 64.06, "temperatureHighTime": 1447963200, "temperatureLow": 47.76, "temperatureLowTime": 1448024400, "apparentTemperatureHigh": 64.58, "apparentTemperatureHighTime": 1447966800, "apparentTemperatureLow": 46.26, "apparentTemperatureLowTime": 1448017200, "dewPoint": 59.04, "humidity": 0.89, "pressure": 1017.44, "windSpeed": 1.51, "windGust": 11.91, "windGustTime": 1447945200, "windBearing": 154, "cloudCover": 0.98, "uvIndex": 2, "uvIndexTime": 1447948800, "visibility": 5.43, "temperatureMin": 59.19, "temperatureMinTime": 1447992000, "temperatureMax": 64.06, "temperatureMaxTime": 1447963200, "apparentTemperatureMin": 59.19, "apparentTemperatureMinTime": 1447992000, "apparentTemperatureMax": 64.58, "apparentTemperatureMaxTime": 1447966800}]}, "flags": {"sources": ["cmc", "gfs", "hrrr", "icon", "isd", "madis", "nam", "sref"], "nearest-station": 1.106, "units": "us"}, "offset": -5}