{"latitude": 38.912659, "longitude": -77.017669, "timezone": "America/New_York", "currently": {"time": 1455685200, "summary": "Mostly Cloudy", "icon": "partly-cloudy-night", "precipIntensity": 0, "precipProbability": 0, "temperature": 37.18, "apparentTemperature": 37.18, "dewPoint": 31.87, "humidity": 0.81, "pressure": 1012.07, "windSpeed": 0.36, "windGust": 1.33, "windBearing": 319, "cloudCover": 0.79, "uvIndex": 0, "visibility": 8.26}, "hourly": {"summary": "Mostly cloudy until evening.", "icon": "partly-cloudy-day", "data": [{"time": 1455685200, "summary": "Mostly Cloudy", "icon": "partly-cloudy-night", "precipIntensity": 0, "precipProbability": 0, "temperature": 37.18, "apparentTemperature": 37.18, "dewPoint": 31.87, "humidity": 0.81, "pressure": 1012.07, "windSpeed": 0.36, "windGust": 1.33, "windBearing": 319, "cloudCover": 0.79, "uvIndex": 0, "visibility": 8.26}, {"time": 1455688800, "summary": "Mostly Cloudy", "icon": "partly-cloudy-night", "precipIntensity": 0, "precipProbability": 0, "temperature": 36.49, "apparentTemperature": 36.49, "dewPoint": 31.51, "humidity": 0.82, "pressure": 1011.97, "windSpeed": 0.17, "windGust": 0.68, "windBearing": 331, "cloudCover": 0.81, "uvIndex": 0, "visibility": 8.6}, {"time": 1455692400, "summary": "Partly Cloudy", "icon": "partly-cloudy-night", "precipIntensity": 0, "precipProbability": 0, "temperature": 34.61, "apparentTemperature": 34.61, "dewPoint": 30.29, "humidity": 0.84, "pressure": 1012.04, "windSpeed": 0.04, "windGust": 0.38, "windBearing": 298, "cloudCover": 0.4, "uvIndex": 0, "visibility": 8.3}, {"time": 1455696000, "summary": "Partly Cloudy", "icon": "partly-cloudy-night", "precipIntensity": 0, "precipProbability": 0, "temperature": 33.03, "apparentTemperature": 33.03, "dewPoint": 29.19, "humidity": 0.86, "pressure": 1012.38, "windSpeed": 0.03, "windGust": 0.24, "windBearing": 270, "cloudCover": 0.25, "uvIndex": 0, "visibility": 6.06}, {"time": 1455699600, "summary": "Partly Cloudy", "icon": "partly-cloudy-night", "precipIntensity": 0, "precipProbability": 0, "temperature": 31.93, "apparentTemperature": 31.93, "dewPoint": 28.8, "humidity": 0.88, "pressure": 1013.03, "windSpeed": 0.02, "windGust": 0.18, "windBearing": 299, "cloudCover": 0.41, "uvIndex": 0, "visibility": 6.66}, {"time": 1455703200, "summary": "Partly Cloudy", "icon": "partly-cloudy-night", "precipIntensity": 0, "precipProbability": 0, "temperature": 31.37, "apparentTemperature": 31.37, "dewPoint": 28.27, "humidity": 0.88, "pressure": 1013.99, "windSpeed": 0, "windGust": 0.11, "cloudCover": 0.41, "uvIndex": 0, "visibility": 7.42}, {"time": 1455706800, "summary": "Mostly Cloudy", "icon": "partly-cloudy-night", "precipIntensity": 0, "precipProbability": 0, "temperature": 31.31, "apparentTemperature": 31.31, "dewPoint": 28.37, "humidity": 0.89, "pressure": 1014.92, "windSpeed": 0, "windGust": 0.15, "cloudCover": 0.79, "uvIndex": 0, "visibility": 8.62}, {"time": 1455710400, "summary": "Mostly Cloudy", "icon": "partly-cloudy-night", "precipIntensity": 0, "precipProbability": 0, "temperature": 31.86, "apparentTemperature": 31.86, "dewPoint": 28.91, "humidity": 0.89, "pressure": 1015.57, "windSpeed": 0, "windGust": 0.23, "cloudCover": 0.93, "uvIndex": 0, "visibility": 8.62}, {"time": 1455714000, "summary": "Overcast", "icon": "cloudy", "precipIntensity": 0, "precipProbability": 0, "temperature": 32.91, "apparentTemperature": 32.91, "dewPoint": 29.83, "humidity": 0.88, "pressure": 1016.98, "windSpeed": 0, "windGust": 0.44, "cloudCover": 0.99, "uvIndex": 0, "visibility": 6.54}, {"time": 1455717600, "summary": "Overcast", "icon": "cloudy", "precipIntensity": 0, "precipProbability": 0, "temperature": 36.96, "apparentTemperature": 36.96, "dewPoint": 31.64, "humidity": 0.81, "pressure": 1017.55, "windSpeed": 0.68, "windGust": 2.83, "windBearing": 313, "cloudCover": 0.97, "uvIndex": 1, "visibility": 6.49}, {"time": 1455721200, "summary": "Overcast", "icon": "cloudy", "precipIntensity": 0, "precipProbability": 0, "temperature": 40.2, "apparentTemperature": 40.2, "dewPoint": 31.67, "humidity": 0.71, "pressure": 1018.44, "windSpeed": 2.49, "windGust": 6.14, "windBearing": 300, "cloudCover": 0.99, "uvIndex": 2, "visibility": 8.15}, {"time": 1455724800, "summary": "Mostly Cloudy", "icon": "partly-cloudy-day", "precipIntensity": 0, "precipProbability": 0, "temperature": 42.48, "apparentTemperature": 40.2, "dewPoint": 30.5, "humidity": 0.62, "pressure": 1019, "windSpeed": 3.99, "windGust": 9.99, "windBearing": 306, "cloudCover": 0.93, "uvIndex": 3, "visibility": 8}, {"time": 1455728400, "summary": "Mostly Cloudy", "icon": "partly-cloudy-day", "precipIntensity": 0, "precipProbability": 0, "temperature": 44.15, "apparentTemperature": 41.85, "dewPoint": 30.07, "humidity": 0.57, "pressure": 1018.92, "windSpeed": 4.32, "windGust": 11.02, "windBearing": 307, "cloudCover": 0.73, "uvIndex": 3, "visibility": 7.87}, {"time": 1455732000, "summary": "Mostly Cloudy", "icon": "partly-cloudy-day", "precipIntensity": 0, "precipProbability": 0, "temperature": 44.86, "apparentTemperature": 43.05, "dewPoint": 29.85, "humidity": 0.55, "pressure": 1018.45, "windSpeed": 3.87, "windGust": 10.81, "windBearing": 303, "cloudCover": 0.7, "uvIndex": 3, "visibility": 7.76}, {"time": 1455735600, "summary": "Mostly Cloudy", "icon": "partly-cloudy-day", "precipIntensity": 0, "precipProbability": 0, "temperature": 45.18, "apparentTemperature": 43.34, "dewPoint": 29.23, "humidity": 0.53, "pressure": 1018.61, "windSpeed": 3.96, "windGust": 10.94, "windBearing": 307, "cloudCover": 0.67, "uvIndex": 3, "visibility": 8.13}, {"time": 1455739200, "summary": "Mostly Cloudy", "icon": "partly-cloudy-day", "precipIntensity": 0, "precipProbability": 0, "temperature": 45.37, "apparentTemperature": 43.94, "dewPoint": 28.94, "humidity": 0.52, "pressure": 1019.1, "windSpeed": 3.52, "windGust": 9.68, "windBearing": 309, "cloudCover": 0.75, "uvIndex": 2, "visibility": 8.24}, {"time": 1455742800, "summary": "Mostly Cloudy", "icon": "partly-cloudy-day", "precipIntensity": 0, "precipProbability": 0, "temperature": 45.35, "apparentTemperature": 44.02, "dewPoint": 28.84, "humidity": 0.52, "pressure": 1019.76, "windSpeed": 3.4, "windGust": 9.56, "windBearing": 318, "cloudCover": 0.77, "uvIndex": 1, "visibility": 7.87}, {"time": 1455746400, "summary": "Partly Cloudy", "icon": "partly-cloudy-day", "precipIntensity": 0, "precipProbability": 0, "temperature": 44.16, "apparentTemperature": 42.48, "dewPoint": 28.54, "humidity": 0.54, "pressure": 1020.64, "windSpeed": 3.59, "windGust": 9.44, "windBearing": 319, "cloudCover": 0.58, "uvIndex": 0, "visibility": 8.36}, {"time": 1455750000, "summary": "Mostly Cloudy", "icon": "partly-cloudy-night", "precipIntensity": 0, "precipProbability": 0, "temperature": 41.66, "apparentTemperature": 41.66, "dewPoint": 28.06, "humidity": 0.58, "pressure": 1021.99, "windSpeed": 2.02, "windGust": 6.57, "windBearing": 331, "cloudCover": 0.61, "uvIndex": 0, "visibility": 8.01}, {"time": 1455753600, "summary": "Clear", "icon": "clear-night", "precipIntensity": 0, "precipProbability": 0, "temperature": 39.59, "apparentTemperature": 39.59, "dewPoint": 27.4, "humidity": 0.61, "pressure": 1023.33, "windSpeed": 1.5, "windGust": 5.06, "windBearing": 333, "cloudCover": 0.15, "uvIndex": 0, "visibility": 8.25}, {"time": 1455757200, "summary": "Clear", "icon": "clear-night", "precipIntensity": 0, "precipProbability": 0, "temperature": 38.26, "apparentTemperature": 38.26, "dewPoint": 26.7, "humidity": 0.63, "pressure": 1024.32, "windSpeed": 1.8, "windGust": 4.81, "windBearing": 324, "cloudCover": 0.2, "uvIndex": 0, "visibility": 8.55}, {"time": 1455760800, "summary": "Clear", "icon": "clear-night", "precipIntensity": 0, "precipProbability": 0, "temperature": 37.68, "apparentTemperature": 37.68, "dewPoint": 25.93, "humidity": 0.62, "pressure": 1024.82, "windSpeed": 1.47, "windGust": 4.41, "windBearing": 314, "cloudCover": 0.15, "uvIndex": 0, "visibility": 7.04}, {"time": 1455764400, "summary": "Partly Cloudy", "icon": "partly-cloudy-night", "precipIntensity": 0, "precipProbability": 0, "temperature": 36.77, "apparentTemperature": 36.77, "dewPoint": 25.13, "humidity": 0.62, "pressure": 1025.25, "windSpeed": 0.76, "windGust": 2.05, "windBearing": 311, "cloudCover": 0.31, "uvIndex": 0, "visibility": 7.73}, {"time": 1455768000, "summary": "Clear", "icon": "clear-night", "precipIntensity": 0, "precipProbability": 0, "temperature": 34.75, "apparentTemperature": 34.75, "dewPoint": 24.26, "humidity": 0.65, "pressure": 1025.55, "windSpeed": 0.54, "windGust": 1.58, "windBearing": 296, "cloudCover": 0.02, "uvIndex": 0, "visibility": 9.05}]}, "daily": {"data": [{"time": 1455685200, "summary": "Mostly cloudy until evening.", "icon": "partly-cloudy-day", "sunriseTime": 1455710317, "sunsetTime": 1455749304, "moonPhase": 0.34, "precipIntensity": 0, "precipIntensityMax": 0, "precipProbability": 0, "temperatureHigh": 45.37, "temperatureHighTime": 1455739200, "temperatureLow": 30.76, "temperatureLowTime": 1455800400, "apparentTemperatureHigh": 44.02, "apparentTemperatureHighTime": 1455742800, "apparentTemperatureLow": 26.95, "apparentTemperatureLowTime": 1455800400, "dewPoint": 28.91, "humidity": 0.7, "pressure": 1018.28, "windSpeed": 1.58, "windGust": 11.02, "windGustTime": 1455728400, "windBearing": 312, "cloudCover": 0.6, "uvIndex": 3, "uvIndexTime": 1455724800, "visibility": 7.86, "temperatureMin": 31.31, "temperatureMinTime": 1455706800, "temperatureMax": 45.37, "temperatureMaxTime": 1455739200, "apparentTemperatureMin": 31.31, "apparentTemperatureMinTime": 1455706800, "apparentTemperatureMax": 44.02, "apparentTemperatureMaxTime": 1455742800}]}, "flags": {"sources": ["cmc", "gfs", "hrrr", "icon", "isd", "madis", "nam", "sref"], "nearest-station": 1.106, "units": "us"}, "offset": -5}