{"latitude": 38.912659, "longitude": -77.017669, "timezone": "America/New_York", "currently": {"time": 1448859600, "summary": "Overcast", "icon": "cloudy", "precipIntensity": 0, "precipProbability": 0, "temperature": 43.11, "apparentTemperature": 43.11, "dewPoint": 34.95, "humidity": 0.73, "pressure": 1026.6, "windSpeed": 1.24, "windGust": 4.57, "windBearing": 30, "cloudCover": 1, "uvIndex": 0, "visibility": 7.95}, "hourly": {"summary": "Light rain in the afternoon.", "icon": "rain", "data": [{"time": 1448859600, "summary": "Overcast", "icon": "cloudy", "precipIntensity": 0, "precipProbability": 0, "temperature": 43.11, "apparentTemperature": 43.11, "dewPoint": 34.95, "humidity": 0.73, "pressure": 1026.6, "windSpeed": 1.24, "windGust": 4.57, "windBearing": 30, "cloudCover": 1, "uvIndex": 0, "visibility": 7.95}, {"time": 1448863200, "summary": "Overcast", "icon": "cloudy", "precipIntensity": 0, "precipProbability": 0, "temperature": 42.76, "apparentTemperature": 42.76, "dewPoint": 33.18, "humidity": 0.69, "pressure": 1026.81, "windSpeed": 1.95, "windGust": 5.74, "windBearing": 34, "cloudCover": 0.96, "uvIndex": 0, "visibility": 7.94}, {"time": 1448866800, "summary": "Overcast", "icon": "cloudy", "precipIntensity": 0, "precipProbability": 0, "temperature": 42.35, "apparentTemperature": 42.35, "dewPoint": 31.86, "humidity": 0.66, "pressure": 1027.42, "windSpeed": 1.93, "windGust": 6.44, "windBearing": 35, "cloudCover": 0.94, "uvIndex": 0, "visibility": 7.51}, {"time": 1448870400, "summary": "Overcast", "icon": "cloudy", "precipIntensity": 0, "precipProbability": 0, "temperature": 41.9, "apparentTemperature": 41.9, "dewPoint": 31.08, "humidity": 0.65, "pressure": 1027.49, "windSpeed": 2.28, "windGust": 6.2, "windBearing": 41, "cloudCover": 0.96, "uvIndex": 0, "visibility": 7.87}, {"time": 1448874000, "summary": "Overcast", "icon": "cloudy", "precipIntensity": 0, "precipProbability": 0, "temperature": 41.35, "apparentTemperature": 41.35, "dewPoint": 30.46, "humidity": 0.65, "pressure": 1027.3, "windSpeed": 2, "windGust": 5.55, "windBearing": 48, "cloudCover": 1, "uvIndex": 0, "visibility": 7.94}, {"time": 1448877600, "summary": "Overcast", "icon": "cloudy", "precipIntensity": 0, "precipProbability": 0, "temperature": 40.95, "apparentTemperature": 40.95, "dewPoint": 30.47, "humidity": 0.66, "pressure": 1027.42, "windSpeed": 1.95, "windGust": 5.03, "windBearing": 35, "cloudCover": 0.96, "uvIndex": 0, "visibility": 8.25}, {"time": 1448881200, "summary": "Overcast", "icon": "cloudy", "precipIntensity": 0, "precipProbability": 0, "temperature": 40.52, "apparentTemperature": 40.52, "dewPoint": 30.53, "humidity": 0.67, "pressure": 1027.68, "windSpeed": 1.71, "windGust": 5.09, "windBearing": 32, "cloudCover": 1, "uvIndex": 0, "visibility": 7.87}, {"time": 1448884800, "summary": "Overcast", "icon": "cloudy", "precipIntensity": 0, "precipProbability": 0, "temperature": 40.27, "apparentTemperature": 40.27, "dewPoint": 30.79, "humidity": 0.69, "pressure": 1027.94, "windSpeed": 1.71, "windGust": 5.39, "windBearing": 31, "cloudCover": 1, "uvIndex": 0, "visibility": 8.25}, {"time": 1448888400, "summary": "Overcast", "icon": "cloudy", "precipIntensity": 0, "precipProbability": 0, "temperature": 39.65, "apparentTemperature": 39.65, "dewPoint": 31.93, "humidity": 0.74, "pressure": 1028.52, "windSpeed": 1.62, "windGust": 4.65, "windBearing": 27, "cloudCover": 1, "uvIndex": 0, "visibility": 7.83}, {"time": 1448892000, "summary": "Overcast", "icon": "cloudy", "precipIntensity": 0.0009, "precipProbability": 0.24, "precipType": "rain", "temperature": 39.13, "apparentTemperature": 39.13, "dewPoint": 32.73, "humidity": 0.78, "pressure": 1028.75, "windSpeed": 1.29, "windGust": 3.97, "windBearing": 34, "cloudCover": 1, "uvIndex": 1, "visibility": 7.82}, {"time": 1448895600, "summary": "Overcast", "icon": "cloudy", "precipIntensity": 0.0025, "precipProbability": 0.35, "precipType": "rain", "temperature": 39.21, "apparentTemperature": 39.21, "dewPoint": 33.63, "humidity": 0.8, "pressure": 1028.6, "windSpeed": 1.53, "windGust": 3.74, "windBearing": 38, "cloudCover": 1, "uvIndex": 1, "visibility": 5.09}, {"time": 1448899200, "summary": "Overcast", "icon": "cloudy", "precipIntensity": 0.003, "precipProbability": 0.32, "precipType": "rain", "temperature": 39.46, "apparentTemperature": 39.46, "dewPoint": 34.7, "humidity": 0.83, "pressure": 1028.32, "windSpeed": 1.31, "windGust": 4.36, "windBearing": 29, "cloudCover": 1, "uvIndex": 2, "visibility": 5.5}, {"time": 1448902800, "summary": "Overcast", "icon": "cloudy", "precipIntensity": 0.0021, "precipProbability": 0.27, "precipType": "rain", "temperature": 39.72, "apparentTemperature": 39.72, "dewPoint": 35.71, "humidity": 0.85, "pressure": 1027.48, "windSpeed": 1.38, "windGust": 4.11, "windBearing": 25, "cloudCover": 1, "uvIndex": 2, "visibility": 5.31}, {"time": 1448906400, "summary": "Overcast", "icon": "cloudy", "precipIntensity": 0.0036, "precipProbability": 0.37, "precipType": "rain", "temperature": 39.78, "apparentTemperature": 39.78, "dewPoint": 36.57, "humidity": 0.88, "pressure": 1026.64, "windSpeed": 1.47, "windGust": 4.25, "windBearing": 17, "cloudCover": 1, "uvIndex": 2, "visibility": 4.97}, {"time": 1448910000, "summary": "Overcast", "icon": "cloudy", "precipIntensity": 0.0052, "precipProbability": 0.62, "precipType": "rain", "temperature": 39.77, "apparentTemperature": 39.77, "dewPoint": 37.23, "humidity": 0.91, "pressure": 1026.37, "windSpeed": 1.6, "windGust": 3.97, "windBearing": 14, "cloudCover": 1, "uvIndex": 1, "visibility": 2.26}, {"time": 1448913600, "summary": "Light Rain", "icon": "rain", "precipIntensity": 0.0124, "precipProbability": 0.89, "precipType": "rain", "temperature": 40.25, "apparentTemperature": 40.25, "dewPoint": 37.95, "humidity": 0.91, "pressure": 1026.24, "windSpeed": 1.31, "windGust": 3.31, "windBearing": 19, "cloudCover": 1, "uvIndex": 1, "visibility": 1.65}, {"time": 1448917200, "summary": "Light Rain", "icon": "rain", "precipIntensity": 0.0143, "precipProbability": 0.84, "precipType": "rain", "temperature": 40.82, "apparentTemperature": 40.82, "dewPoint": 38.69, "humidity": 0.92, "pressure": 1025.85, "windSpeed": 1.33, "windGust": 3.32, "windBearing": 29, "cloudCover": 1, "uvIndex": 0, "visibility": 2.44}, {"time": 1448920800, "summary": "Overcast", "icon": "cloudy", "precipIntensity": 0.0096, "precipProbability": 0.77, "precipType": "rain", "temperature": 41.48, "apparentTemperature": 41.48, "dewPoint": 39.28, "humidity": 0.92, "pressure": 1025.88, "windSpeed": 1.05, "windGust": 2.97, "windBearing": 32, "cloudCover": 1, "uvIndex": 0, "visibility": 3.84}, {"time": 1448924400, "summary": "Overcast", "icon": "cloudy", "precipIntensity": 0.0077, "precipProbability": 0.84, "precipType": "rain", "temperature": 41.87, "apparentTemperature": 41.87, "dewPoint": 39.69, "humidity": 0.92, "pressure": 1025.45, "windSpeed": 0.96, "windGust": 3.15, "windBearing": 41, "cloudCover": 1, "uvIndex": 0, "visibility": 3.87}, {"time": 1448928000, "summary": "Overcast", "icon": "cloudy", "precipIntensity": 0.0062, "precipProbability": 0.71, "precipType": "rain", "temperature": 42.33, "apparentTemperature": 42.33, "dewPoint": 40.15, "humidity": 0.92, "pressure": 1025.12, "windSpeed": 0.92, "windGust": 3.22, "windBearing": 29, "cloudCover": 1, "uvIndex": 0, "visibility": 4.31}, {"time": 1448931600, "summary": "Overcast", "icon": "cloudy", "precipIntensity": 0.0035, "precipProbability": 0.45, "precipType": "rain", "temperature": 42.88, "apparentTemperature": 42.88, "dewPoint": 40.72, "humidity": 0.92, "pressure": 1024.99, "windSpeed": 0.64, "windGust": 2.61, "windBearing": 21, "cloudCover": 1, "uvIndex": 0, "visibility": 3.84}, {"time": 1448935200, "summary": "Overcast", "icon": "cloudy", "precipIntensity": 0.0087, "precipProbability": 0.76, "precipType": "rain", "temperature": 43.05, "apparentTemperature": 43.05, "dewPoint": 40.9, "humidity": 0.92, "pressure": 1024.42, "windSpeed": 0.52, "windGust": 2.14, "windBearing": 23, "cloudCover": 1, "uvIndex": 0, "visibility": 3.32}, {"time": 1448938800, "summary": "Light Rain", "icon": "rain", "precipIntensity": 0.0124, "precipProbability": 0.8, "precipType": "rain", "temperature": 43.17, "apparentTemperature": 43.17, "dewPoint": 41.18, "humidity": 0.93, "pressure": 1023.95, "windSpeed": 2.57, "windGust": 3.2, "windBearing": 16, "cloudCover": 1, "uvIndex": 0, "visibility": 2.55}, {"time": 1448942400, "summary": "Overcast", "icon": "cloudy", "precipIntensity": 0.0071, "precipProbability": 0.67, "precipType": "rain", "temperature": 43.32, "apparentTemperature": 43.32, "dewPoint": 41.42, "humidity": 0.93, "pressure": 1023.16, "windSpeed": 0.79, "windGust": 1.84, "windBearing": 11, "cloudCover": 1, "uvIndex": 0, "visibility": 2.44}]}, "daily": {"data": [{"time": 1448859600, "summary": "Light rain in the afternoon and overnight.", "icon": "rain", "sunriseTime": 1448885292, "sunsetTime": 1448920096, "moonPhase": 0.67, "precipIntensity": 0.0041, "precipIntensityMax": 0.0143, "precipIntensityMaxTime": 1448917200, "precipProbability": 0.89, "precipType": "rain", "temperatureHigh": 42.33, "temperatureHighTime": 1448928000, "temperatureLow": 42.88, "temperatureLowTime": 1448931600, "apparentTemperatureHigh": 42.33, "apparentTemperatureHighTime": 1448928000, "apparentTemperatureLow": 42.88, "apparentTemperatureLowTime": 1448931600, "dewPoint": 35.66, "humidity": 0.81, "pressure": 1026.6, "windSpeed": 1.44, "windGust": 6.44, "windGustTime": 1448866800, "windBearing": 30, "cloudCover": 0.99, "uvIndex": 2, "uvIndexTime": 1448899200, "visibility": 5.44, "temperatureMin": 39.13, "temperatureMinTime": 1448892000, "temperatureMax": 43.32, "temperatureMaxTime": 1448942400, "apparentTemperatureMin": 39.13, "apparentTemperatureMinTime": 1448892000, "apparentTemperatureMax": 43.32, "apparentTemperatureMaxTime": 1448942400}]}, "flags": {"sources": ["cmc", "gfs", "hrrr", "icon", "isd", "madis", "nam", "sref"], "nearest-station": 1.106, "units": "us"}, "offset": -5}