{"latitude": 38.912659, "longitude": -77.017669, "timezone": "America/New_York", "currently": {"time": 1428811200, "summary": "Clear", "icon": "clear-night", "precipIntensity": 0, "precipProbability": 0, "temperature": 48.25, "apparentTemperature": 48.25, "dewPoint": 30.57, "humidity": 0.5, "pressure": 1024.37, "windSpeed": 0.09, "windGust": 0.46, "windBearing": 348, "cloudCover": 0, "uvIndex": 0, "visibility": 10}, "hourly": {"summary": "Clear throughout the day.", "icon": "clear-day", "data": [{"time": 1428811200, "summary": "Clear", "icon": "clear-night", "precipIntensity": 0, "precipProbability": 0, "temperature": 48.25, "apparentTemperature": 48.25, "dewPoint": 30.57, "humidity": 0.5, "pressure": 1024.37, "windSpeed": 0.09, "windGust": 0.46, "windBearing": 348, "cloudCover": 0, "uvIndex": 0, "visibility": 10}, {"time": 1428814800, "summary": "Clear", "icon": "clear-night", "precipIntensity": 0, "precipProbability": 0, "temperature": 45.77, "apparentTemperature": 45.77, "dewPoint": 30.79, "humidity": 0.56, "pressure": 1024.62, "windSpeed": 0.12, "windGust": 0.54, "windBearing": 342, "cloudCover": 0, "uvIndex": 0, "visibility": 8.59}, {"time": 1428818400, "summary": "Clear", "icon": "clear-night", "precipIntensity": 0, "precipProbability": 0, "temperature": 44.2, "apparentTemperature": 44.2, "dewPoint": 31.04, "humidity": 0.6, "pressure": 1025.08, "windSpeed": 0.04, "windGust": 0.46, "windBearing": 357, "cloudCover": 0, "uvIndex": 0, "visibility": 8.43}, {"time": 1428822000, "summary": "Clear", "icon": "clear-night", "precipIntensity": 0, "precipProbability": 0, "temperature": 42.28, "apparentTemperature": 42.28, "dewPoint": 30.82, "humidity": 0.64, "pressure": 1024.98, "windSpeed": 0.01, "windGust": 0.37, "windBearing": 0, "cloudCover": 0, "uvIndex": 0, "visibility": 8.66}, {"time": 1428825600, "summary": "Clear", "icon": "clear-night", "precipIntensity": 0, "precipProbability": 0, "temperature": 40.8, "apparentTemperature": 40.8, "dewPoint": 31.22, "humidity": 0.68, "pressure": 1025.49, "windSpeed": 0.02, "windGust": 0.27, "windBearing": 0, "cloudCover": 0, "uvIndex": 0, "visibility": 9.05}, {"time": 1428829200, "summary": "Clear", "icon": "clear-night", "precipIntensity": 0, "precipProbability": 0, "temperature": 39.47, "apparentTemperature": 39.47, "dewPoint": 30.97, "humidity": 0.71, "pressure": 1026.01, "windSpeed": 0, "windGust": 0.18, "cloudCover": 0, "uvIndex": 0, "visibility": 10}, {"time": 1428832800, "summary": "Clear", "icon": "clear-night", "precipIntensity": 0, "precipProbability": 0, "temperature": 38.09, "apparentTemperature": 38.09, "dewPoint": 30.76, "humidity": 0.75, "pressure": 1026.77, "windSpeed": 0, "windGust": 0.18, "cloudCover": 0, "uvIndex": 0, "visibility": 8.6}, {"time": 1428836400, "summary": "Clear", "icon": "clear-day", "precipIntensity": 0, "precipProbability": 0, "temperature": 37.37, "apparentTemperature": 37.37, "dewPoint": 30.62, "humidity": 0.76, "pressure": 1027.64, "windSpeed": 0, "windGust": 0.27, "cloudCover": 0, "uvIndex": 0, "visibility": 10}, {"time": 1428840000, "summary": "Clear", "icon": "clear-day", "precipIntensity": 0, "precipProbability": 0, "temperature": 42.6, "apparentTemperature": 42.6, "dewPoint": 33.45, "humidity": 0.7, "pressure": 1028.63, "windSpeed": 0, "windGust": 0.19, "cloudCover": 0.07, "uvIndex": 1, "visibility": 8.45}, {"time": 1428843600, "summary": "Clear", "icon": "clear-day", "precipIntensity": 0, "precipProbability": 0, "temperature": 52.11, "apparentTemperature": 52.11, "dewPoint": 34.13, "humidity": 0.5, "pressure": 1028.6, "windSpeed": 0.11, "windGust": 1.42, "windBearing": 307, "cloudCover": 0.06, "uvIndex": 2, "visibility": 8.34}, {"time": 1428847200, "summary": "Clear", "icon": "clear-day", "precipIntensity": 0, "precipProbability": 0, "temperature": 57, "apparentTemperature": 57, "dewPoint": 32.42, "humidity": 0.39, "pressure": 1028.64, "windSpeed": 0.25, "windGust": 3.19, "windBearing": 59, "cloudCover": 0.05, "uvIndex": 4, "visibility": 8.33}, {"time": 1428850800, "summary": "Clear", "icon": "clear-day", "precipIntensity": 0, "precipProbability": 0, "temperature": 59.74, "apparentTemperature": 59.74, "dewPoint": 31.25, "humidity": 0.34, "pressure": 1028.77, "windSpeed": 0.68, "windGust": 5.56, "windBearing": 57, "cloudCover": 0.02, "uvIndex": 6, "visibility": 9.09}, {"time": 1428854400, "summary": "Clear", "icon": "clear-day", "precipIntensity": 0, "precipProbability": 0, "temperature": 62.31, "apparentTemperature": 62.31, "dewPoint": 30.8, "humidity": 0.3, "pressure": 1028.43, "windSpeed": 0.25, "windGust": 5.18, "windBearing": 74, "cloudCover": 0.06, "uvIndex": 7, "visibility": 8.07}, {"time": 1428858000, "summary": "Clear", "icon": "clear-day", "precipIntensity": 0, "precipProbability": 0, "temperature": 64.41, "apparentTemperature": 64.41, "dewPoint": 30.34, "humidity": 0.28, "pressure": 1027.74, "windSpeed": 0.96, "windGust": 5.93, "windBearing": 149, "cloudCover": 0.22, "uvIndex": 8, "visibility": 8.57}, {"time": 1428861600, "summary": "Clear", "icon": "clear-day", "precipIntensity": 0, "precipProbability": 0, "temperature": 66.25, "apparentTemperature": 66.25, "dewPoint": 31.12, "humidity": 0.27, "pressure": 1027.1, "windSpeed": 1.48, "windGust": 6.69, "windBearing": 180, "cloudCover": 0.22, "uvIndex": 7, "visibility": 8.71}, {"time": 1428865200, "summary": "Clear", "icon": "clear-day", "precipIntensity": 0, "precipProbability": 0, "temperature": 67.93, "apparentTemperature": 67.93, "dewPoint": 32.38, "humidity": 0.27, "pressure": 1026.2, "windSpeed": 1.78, "windGust": 8.03, "windBearing": 182, "cloudCover": 0.15, "uvIndex": 6, "visibility": 8.58}, {"time": 1428868800, "summary": "Clear", "icon": "clear-day", "precipIntensity": 0, "precipProbability": 0, "temperature": 68.39, "apparentTemperature": 68.39, "dewPoint": 32.73, "humidity": 0.27, "pressure": 1025.31, "windSpeed": 2.08, "windGust": 8.06, "windBearing": 172, "cloudCover": 0.13, "uvIndex": 4, "visibility": 8.63}, {"time": 1428872400, "summary": "Clear", "icon": "clear-day", "precipIntensity": 0, "precipProbability": 0, "temperature": 68.68, "apparentTemperature": 68.68, "dewPoint": 33.46, "humidity": 0.27, "pressure": 1024.77, "windSpeed": 1.93, "windGust": 7.52, "windBearing": 153, "cloudCover": 0.17, "uvIndex": 2, "visibility": 8.57}, {"time": 1428876000, "summary": "Clear", "icon": "clear-day", "precipIntensity": 0, "precipProbability": 0, "temperature": 68.3, "apparentTemperature": 68.3, "dewPoint": 34.02, "humidity": 0.28, "pressure": 1024.81, "windSpeed": 1.91, "windGust": 6.56, "windBearing": 144, "cloudCover": 0.18, "uvIndex": 1, "visibility": 9.43}, {"time": 1428879600, "summary": "Clear", "icon": "clear-day", "precipIntensity": 0, "precipProbability": 0, "temperature": 66.29, "apparentTemperature": 66.29, "dewPoint": 34.94, "humidity": 0.31, "pressure": 1024.83, "windSpeed": 2.47, "windGust": 6.96, "windBearing": 147, "cloudCover": 0.21, "uvIndex": 0, "visibility": 9.01}, {"time": 1428883200, "summary": "Clear", "icon": "clear-night", "precipIntensity": 0, "precipProbability": 0, "temperature": 62.66, "apparentTemperature": 62.66, "dewPoint": 34.94, "humidity": 0.35, "pressure": 1025.24, "windSpeed": 0.94, "windGust": 4.02, "windBearing": 143, "cloudCover": 0.07, "uvIndex": 0, "visibility": 8.96}, {"time": 1428886800, "summary": "Clear", "icon": "clear-night", "precipIntensity": 0, "precipProbability": 0, "temperature": 59.19, "apparentTemperature": 59.19, "dewPoint": 34.5, "humidity": 0.39, "pressure": 1026.18, "windSpeed": 1.18, "windGust": 4.78, "windBearing": 150, "cloudCover": 0.05, "uvIndex": 0, "visibility": 8.43}, {"time": 1428890400, "summary": "Clear", "icon": "clear-night", "precipIntensity": 0, "precipProbability": 0, "temperature": 56.84, "apparentTemperature": 56.84, "dewPoint": 34.32, "humidity": 0.43, "pressure": 1026.69, "windSpeed": 0.83, "windGust": 3.72, "windBearing": 146, "cloudCover": 0.03, "uvIndex": 0, "visibility": 8.66}, {"time": 1428894000, "summary": "Clear", "icon": "clear-night", "precipIntensity": 0, "precipProbability": 0, "temperature": 54.94, "apparentTemperature": 54.94, "dewPoint": 34.56, "humidity": 0.46, "pressure": 1026.4, "windSpeed": 0.82, "windGust": 3.1, "windBearing": 159, "cloudCover": 0.05, "uvIndex": 0, "visibility": 6.41}]}, "daily": {"data": [{"time": 1428811200, "summary": "Clear throughout the day.", "icon": "clear-day", "sunriseTime": 1428835023, "sunsetTime": 1428882165, "moonPhase": 0.77, "precipIntensity": 0, "precipIntensityMax": 0, "precipProbability": 0, "temperatureHigh": 68.68, "temperatureHighTime": 1428872400, "temperatureLow": 47.21, "temperatureLowTime": 1428915600, "apparentTemperatureHigh": 68.68, "apparentTemperatureHighTime": 1428872400, "apparentTemperatureLow": 47.21, "apparentTemperatureLowTime": 1428915600, "dewPoint": 32.34, "humidity": 0.46, "pressure": 1026.39, "windSpeed": 0.64, "windGust": 8.06, "windGustTime": 1428868800, "windBearing": 154, "cloudCover": 0.07, "uvIndex": 8, "uvIndexTime": 1428858000, "visibility": 8.73, "temperatureMin": 37.37, "temperatureMinTime": 1428836400, "temperatureMax": 68.68, "temperatureMaxTime": 1428872400, "apparentTemperatureMin": 37.37, "apparentTemperatureMinTime": 1428836400, "apparentTemperatureMax": 68.68, "apparentTemperatureMaxTime": 1428872400}]}, "flags": {"sources": ["cmc", "gfs", "hrrr", "icon", "isd", "madis", "nam", "sref"], "nearest-station": 0.675, "units": "us"}, "offset": -4}