{"latitude": 38.912659, "longitude": -77.017669, "timezone": "America/New_York", "currently": {"time": 1431835200, "summary": "Mostly Cloudy", "icon": "partly-cloudy-night", "precipIntensity": 0, "precipProbability": 0, "temperature": 68.6, "apparentTemperature": 69.51, "dewPoint": 66.33, "humidity": 0.92, "pressure": 1021.32, "windSpeed": 0.39, "windGust": 0.73, "windBearing": 205, "cloudCover": 0.71, "uvIndex": 0, "visibility": 6.82}, "hourly": {"summary": "Partly cloudy throughout the day.", "icon": "partly-cloudy-day", "data": [{"time": 1431835200, "summary": "Mostly Cloudy", "icon": "partly-cloudy-night", "precipIntensity": 0, "precipProbability": 0, "temperature": 68.6, "apparentTemperature": 69.51, "dewPoint": 66.33, "humidity": 0.92, "pressure": 1021.32, "windSpeed": 0.39, "windGust": 0.73, "windBearing": 205, "cloudCover": 0.71, "uvIndex": 0, "visibility": 6.82}, {"time": 1431838800, "summary": "Mostly Cloudy", "icon": "partly-cloudy-night", "precipIntensity": 0.0007, "precipProbability": 0.1, "precipType": "rain", "temperature": 68.37, "apparentTemperature": 69.26, "dewPoint": 66.13, "humidity": 0.93, "pressure": 1021.4, "windSpeed": 0.25, "windGust": 0.72, "windBearing": 235, "cloudCover": 0.81, "uvIndex": 0, "visibility": 7.57}, {"time": 1431842400, "summary": "Mostly Cloudy", "icon": "partly-cloudy-night", "precipIntensity": 0, "precipProbability": 0, "temperature": 68.06, "apparentTemperature": 68.92, "dewPoint": 65.82, "humidity": 0.93, "pressure": 1020.95, "windSpeed": 0.06, "windGust": 0.34, "windBearing": 245, "cloudCover": 0.73, "uvIndex": 0, "visibility": 6.46}, {"time": 1431846000, "summary": "Partly Cloudy", "icon": "partly-cloudy-night", "precipIntensity": 0, "precipProbability": 0, "temperature": 67.75, "apparentTemperature": 68.58, "dewPoint": 65.55, "humidity": 0.93, "pressure": 1020.63, "windSpeed": 0.03, "windGust": 0.33, "windBearing": 254, "cloudCover": 0.5, "uvIndex": 0, "visibility": 5.4}, {"time": 1431849600, "summary": "Mostly Cloudy", "icon": "partly-cloudy-night", "precipIntensity": 0, "precipProbability": 0, "temperature": 67.47, "apparentTemperature": 68.3, "dewPoint": 65.45, "humidity": 0.93, "pressure": 1020.57, "windSpeed": 0.01, "windGust": 0.14, "windBearing": 270, "cloudCover": 0.6, "uvIndex": 0, "visibility": 3.53}, {"time": 1431853200, "summary": "Mostly Cloudy", "icon": "partly-cloudy-night", "precipIntensity": 0, "precipProbability": 0, "temperature": 67.3, "apparentTemperature": 68.11, "dewPoint": 65.28, "humidity": 0.93, "pressure": 1020.49, "windSpeed": 0.01, "windGust": 0.06, "windBearing": 270, "cloudCover": 0.6, "uvIndex": 0, "visibility": 4.64}, {"time": 1431856800, "summary": "Mostly Cloudy", "icon": "partly-cloudy-day", "precipIntensity": 0, "precipProbability": 0, "temperature": 67.24, "apparentTemperature": 68.05, "dewPoint": 65.28, "humidity": 0.93, "pressure": 1020.81, "windSpeed": 0.01, "windGust": 0.13, "windBearing": 270, "cloudCover": 0.78, "uvIndex": 0, "visibility": 4.41}, {"time": 1431860400, "summary": "Mostly Cloudy", "icon": "partly-cloudy-day", "precipIntensity": 0, "precipProbability": 0, "temperature": 67.64, "apparentTemperature": 68.51, "dewPoint": 65.74, "humidity": 0.94, "pressure": 1021.7, "windSpeed": 0, "windGust": 0, "cloudCover": 0.79, "uvIndex": 0, "visibility": 4.6}, {"time": 1431864000, "summary": "Partly Cloudy", "icon": "partly-cloudy-day", "precipIntensity": 0, "precipProbability": 0, "temperature": 68.79, "apparentTemperature": 69.77, "dewPoint": 66.87, "humidity": 0.94, "pressure": 1022.19, "windSpeed": 0.02, "windGust": 0.16, "windBearing": 183, "cloudCover": 0.53, "uvIndex": 1, "visibility": 6.05}, {"time": 1431867600, "summary": "Partly Cloudy", "icon": "partly-cloudy-day", "precipIntensity": 0, "precipProbability": 0, "temperature": 69.97, "apparentTemperature": 71.06, "dewPoint": 68.02, "humidity": 0.94, "pressure": 1022.42, "windSpeed": 0.06, "windGust": 0.33, "windBearing": 222, "cloudCover": 0.55, "uvIndex": 3, "visibility": 6.08}, {"time": 1431871200, "summary": "Mostly Cloudy", "icon": "partly-cloudy-day", "precipIntensity": 0.0003, "precipProbability": 0.07, "precipType": "rain", "temperature": 71.88, "apparentTemperature": 73.1, "dewPoint": 69.45, "humidity": 0.92, "pressure": 1022.55, "windSpeed": 0.08, "windGust": 0.8, "windBearing": 240, "cloudCover": 0.73, "uvIndex": 4, "visibility": 6.69}, {"time": 1431874800, "summary": "Partly Cloudy", "icon": "partly-cloudy-day", "precipIntensity": 0, "precipProbability": 0, "temperature": 74.95, "apparentTemperature": 76.2, "dewPoint": 70.6, "humidity": 0.86, "pressure": 1022.67, "windSpeed": 0.2, "windGust": 2.06, "windBearing": 275, "cloudCover": 0.55, "uvIndex": 6, "visibility": 9.19}, {"time": 1431878400, "summary": "Partly Cloudy", "icon": "partly-cloudy-day", "precipIntensity": 0, "precipProbability": 0, "temperature": 78.4, "apparentTemperature": 79.46, "dewPoint": 69.82, "humidity": 0.75, "pressure": 1022.48, "windSpeed": 0.39, "windGust": 3.19, "windBearing": 279, "cloudCover": 0.45, "uvIndex": 7, "visibility": 8.49}, {"time": 1431882000, "summary": "Partly Cloudy", "icon": "partly-cloudy-day", "precipIntensity": 0, "precipProbability": 0, "temperature": 80.27, "apparentTemperature": 83.21, "dewPoint": 68.98, "humidity": 0.69, "pressure": 1022.03, "windSpeed": 0.71, "windGust": 4.5, "windBearing": 257, "cloudCover": 0.55, "uvIndex": 7, "visibility": 9.45}, {"time": 1431885600, "summary": "Mostly Cloudy", "icon": "partly-cloudy-day", "precipIntensity": 0, "precipProbability": 0, "temperature": 81.59, "apparentTemperature": 84.77, "dewPoint": 68.76, "humidity": 0.65, "pressure": 1021.58, "windSpeed": 1.17, "windGust": 5.14, "windBearing": 262, "cloudCover": 0.65, "uvIndex": 6, "visibility": 7.79}, {"time": 1431889200, "summary": "Mostly Cloudy", "icon": "partly-cloudy-day", "precipIntensity": 0, "precipProbability": 0, "temperature": 82.64, "apparentTemperature": 85.96, "dewPoint": 68.63, "humidity": 0.63, "pressure": 1021, "windSpeed": 1.33, "windGust": 5.5, "windBearing": 261, "cloudCover": 0.7, "uvIndex": 5, "visibility": 7.49}, {"time": 1431892800, "summary": "Mostly Cloudy", "icon": "partly-cloudy-day", "precipIntensity": 0, "precipProbability": 0, "temperature": 83.01, "apparentTemperature": 86.21, "dewPoint": 68.24, "humidity": 0.61, "pressure": 1020.39, "windSpeed": 0.94, "windGust": 4.71, "windBearing": 252, "cloudCover": 0.67, "uvIndex": 4, "visibility": 7.67}, {"time": 1431896400, "summary": "Partly Cloudy", "icon": "partly-cloudy-day", "precipIntensity": 0, "precipProbability": 0, "temperature": 82.98, "apparentTemperature": 86.13, "dewPoint": 68.16, "humidity": 0.61, "pressure": 1020.09, "windSpeed": 1.31, "windGust": 4.64, "windBearing": 250, "cloudCover": 0.48, "uvIndex": 3, "visibility": 8.53}, {"time": 1431900000, "summary": "Partly Cloudy", "icon": "partly-cloudy-day", "precipIntensity": 0, "precipProbability": 0, "temperature": 83.22, "apparentTemperature": 86.32, "dewPoint": 67.99, "humidity": 0.6, "pressure": 1019.8, "windSpeed": 0.94, "windGust": 4.2, "windBearing": 247, "cloudCover": 0.41, "uvIndex": 1, "visibility": 8.49}, {"time": 1431903600, "summary": "Partly Cloudy", "icon": "partly-cloudy-day", "precipIntensity": 0, "precipProbability": 0, "temperature": 82.19, "apparentTemperature": 84.97, "dewPoint": 67.58, "humidity": 0.61, "pressure": 1019.72, "windSpeed": 0.6, "windGust": 2.99, "windBearing": 243, "cloudCover": 0.44, "uvIndex": 0, "visibility": 8.2}, {"time": 1431907200, "summary": "Partly Cloudy", "icon": "partly-cloudy-day", "precipIntensity": 0, "precipProbability": 0, "temperature": 79.92, "apparentTemperature": 82.43, "dewPoint": 67.79, "humidity": 0.67, "pressure": 1019.76, "windSpeed": 0.19, "windGust": 0.64, "windBearing": 202, "cloudCover": 0.42, "uvIndex": 0, "visibility": 9.2}, {"time": 1431910800, "summary": "Partly Cloudy", "icon": "partly-cloudy-night", "precipIntensity": 0, "precipProbability": 0, "temperature": 76.68, "apparentTemperature": 77.52, "dewPoint": 67.68, "humidity": 0.74, "pressure": 1020.12, "windSpeed": 0.01, "windGust": 0.25, "windBearing": 228, "cloudCover": 0.35, "uvIndex": 0, "visibility": 9.47}, {"time": 1431914400, "summary": "Partly Cloudy", "icon": "partly-cloudy-night", "precipIntensity": 0, "precipProbability": 0, "temperature": 74.69, "apparentTemperature": 75.56, "dewPoint": 67.59, "humidity": 0.79, "pressure": 1020.3, "windSpeed": 0, "windGust": 0.15, "cloudCover": 0.55, "uvIndex": 0, "visibility": 8.26}, {"time": 1431918000, "summary": "Partly Cloudy", "icon": "partly-cloudy-night", "precipIntensity": 0, "precipProbability": 0, "temperature": 72.98, "apparentTemperature": 73.84, "dewPoint": 67.23, "humidity": 0.82, "pressure": 1020.59, "windSpeed": 0, "windGust": 0.1, "cloudCover": 0.49, "uvIndex": 0, "visibility": 9.31}]}, "daily": {"data": [{"time": 1431835200, "summary": "Partly cloudy throughout the day.", "icon": "partly-cloudy-day", "sunriseTime": 1431856515, "sunsetTime": 1431908192, "moonPhase": 0.98, "precipIntensity": 0, "precipIntensityMax": 0.0007, "precipIntensityMaxTime": 1431838800, "precipProbability": 0, "temperatureHigh": 83.22, "temperatureHighTime": 1431900000, "temperatureLow": 68.15, "temperatureLowTime": 1431943200, "apparentTemperatureHigh": 86.32, "apparentTemperatureHighTime": 1431900000, "apparentTemperatureLow": 68.94, "apparentTemperatureLowTime": 1431943200, "dewPoint": 67.46, "humidity": 0.8, "pressure": 1021.06, "windSpeed": 0.35, "windGust": 5.5, "windGustTime": 1431889200, "windBearing": 251, "cloudCover": 0.59, "uvIndex": 7, "uvIndexTime": 1431878400, "visibility": 7.24, "temperatureMin": 67.24, "temperatureMinTime": 1431856800, "temperatureMax": 83.22, "temperatureMaxTime": 1431900000, "apparentTemperatureMin": 68.05, "apparentTemperatureMinTime": 1431856800, "apparentTemperatureMax": 86.32, "apparentTemperatureMaxTime": 1431900000}]}, "flags": {"sources": ["cmc", "gfs", "hrrr", "icon", "isd", "madis", "nam", "sref"], "nearest-station": 0.675, "units": "us"}, "offset": -4}