{"latitude": 38.912659, "longitude": -77.017669, "timezone": "America/New_York", "currently": {"time": 1460692800, "summary": "Clear", "icon": "clear-night", "precipIntensity": 0, "precipProbability": 0, "temperature": 48.57, "apparentTemperature": 48.57, "dewPoint": 36.09, "humidity": 0.62, "pressure": 1027.77, "windSpeed": 0.8, "windGust": 2.17, "windBearing": 155, "cloudCover": 0, "uvIndex": 0, "visibility": 7.96}, "hourly": {"summary": "Clear throughout the day.", "icon": "clear-day", "data": [{"time": 1460692800, "summary": "Clear", "icon": "clear-night", "precipIntensity": 0, "precipProbability": 0, "temperature": 48.57, "apparentTemperature": 48.57, "dewPoint": 36.09, "humidity": 0.62, "pressure": 1027.77, "windSpeed": 0.8, "windGust": 2.17, "windBearing": 155, "cloudCover": 0, "uvIndex": 0, "visibility": 7.96}, {"time": 1460696400, "summary": "Clear", "icon": "clear-night", "precipIntensity": 0, "precipProbability": 0, "temperature": 47.24, "apparentTemperature": 47.24, "dewPoint": 36.96, "humidity": 0.67, "pressure": 1027.9, "windSpeed": 0.29, "windGust": 1.04, "windBearing": 157, "cloudCover": 0, "uvIndex": 0, "visibility": 5.92}, {"time": 1460700000, "summary": "Clear", "icon": "clear-night", "precipIntensity": 0, "precipProbability": 0, "temperature": 45.03, "apparentTemperature": 45.03, "dewPoint": 36.66, "humidity": 0.72, "pressure": 1027.63, "windSpeed": 0.02, "windGust": 0.29, "windBearing": 173, "cloudCover": 0, "uvIndex": 0, "visibility": 5.96}, {"time": 1460703600, "summary": "Clear", "icon": "clear-night", "precipIntensity": 0, "precipProbability": 0, "temperature": 43.01, "apparentTemperature": 43.01, "dewPoint": 36.05, "humidity": 0.76, "pressure": 1027.17, "windSpeed": 0, "windGust": 0.05, "cloudCover": 0, "uvIndex": 0, "visibility": 6.42}, {"time": 1460707200, "summary": "Clear", "icon": "clear-night", "precipIntensity": 0, "precipProbability": 0, "temperature": 41.12, "apparentTemperature": 41.12, "dewPoint": 35.52, "humidity": 0.8, "pressure": 1027.39, "windSpeed": 0, "windGust": 0.04, "cloudCover": 0, "uvIndex": 0, "visibility": 7.72}, {"time": 1460710800, "summary": "Clear", "icon": "clear-night", "precipIntensity": 0, "precipProbability": 0, "temperature": 39.6, "apparentTemperature": 39.6, "dewPoint": 34.9, "humidity": 0.83, "pressure": 1027.83, "windSpeed": 0, "windGust": 0.06, "cloudCover": 0, "uvIndex": 0, "visibility": 8.14}, {"time": 1460714400, "summary": "Clear", "icon": "clear-night", "precipIntensity": 0, "precipProbability": 0, "temperature": 38.47, "apparentTemperature": 38.47, "dewPoint": 34.23, "humidity": 0.85, "pressure": 1028.48, "windSpeed": 0, "windGust": 0.02, "cloudCover": 0, "uvIndex": 0, "visibility": 6.65}, {"time": 1460718000, "summary": "Clear", "icon": "clear-day", "precipIntensity": 0, "precipProbability": 0, "temperature": 37.96, "apparentTemperature": 37.96, "dewPoint": 34.03, "humidity": 0.86, "pressure": 1029.33, "windSpeed": 0, "windGust": 0.06, "cloudCover": 0.01, "uvIndex": 0, "visibility": 10}, {"time": 1460721600, "summary": "Clear", "icon": "clear-day", "precipIntensity": 0, "precipProbability": 0, "temperature": 42.24, "apparentTemperature": 42.24, "dewPoint": 37.88, "humidity": 0.84, "pressure": 1030.26, "windSpeed": 0.02, "windGust": 0.63, "windBearing": 90, "cloudCover": 0.1, "uvIndex": 1, "visibility": 10}, {"time": 1460725200, "summary": "Clear", "icon": "clear-day", "precipIntensity": 0, "precipProbability": 0, "temperature": 49.73, "apparentTemperature": 49.73, "dewPoint": 38.36, "humidity": 0.65, "pressure": 1030.78, "windSpeed": 0.53, "windGust": 2.99, "windBearing": 107, "cloudCover": 0.04, "uvIndex": 2, "visibility": 7.99}, {"time": 1460728800, "summary": "Clear", "icon": "clear-day", "precipIntensity": 0, "precipProbability": 0, "temperature": 53.35, "apparentTemperature": 53.35, "dewPoint": 36.26, "humidity": 0.52, "pressure": 1030.9, "windSpeed": 1.12, "windGust": 5.16, "windBearing": 124, "cloudCover": 0.06, "uvIndex": 4, "visibility": 8.32}, {"time": 1460732400, "summary": "Clear", "icon": "clear-day", "precipIntensity": 0, "precipProbability": 0, "temperature": 56.52, "apparentTemperature": 56.52, "dewPoint": 35.14, "humidity": 0.44, "pressure": 1031.03, "windSpeed": 1.14, "windGust": 5.69, "windBearing": 126, "cloudCover": 0.05, "uvIndex": 6, "visibility": 8.83}, {"time": 1460736000, "summary": "Clear", "icon": "clear-day", "precipIntensity": 0, "precipProbability": 0, "temperature": 59.01, "apparentTemperature": 59.01, "dewPoint": 35.68, "humidity": 0.42, "pressure": 1030.93, "windSpeed": 0.68, "windGust": 5.61, "windBearing": 134, "cloudCover": 0.04, "uvIndex": 8, "visibility": 8.86}, {"time": 1460739600, "summary": "Clear", "icon": "clear-day", "precipIntensity": 0, "precipProbability": 0, "temperature": 60.9, "apparentTemperature": 60.9, "dewPoint": 35.33, "humidity": 0.38, "pressure": 1030.56, "windSpeed": 1.01, "windGust": 6.54, "windBearing": 96, "cloudCover": 0.01, "uvIndex": 9, "visibility": 7.97}, {"time": 1460743200, "summary": "Clear", "icon": "clear-day", "precipIntensity": 0, "precipProbability": 0, "temperature": 62.37, "apparentTemperature": 62.37, "dewPoint": 35.09, "humidity": 0.36, "pressure": 1030.05, "windSpeed": 1.18, "windGust": 6.88, "windBearing": 110, "cloudCover": 0.05, "uvIndex": 8, "visibility": 8.59}, {"time": 1460746800, "summary": "Clear", "icon": "clear-day", "precipIntensity": 0, "precipProbability": 0, "temperature": 63.36, "apparentTemperature": 63.36, "dewPoint": 34.72, "humidity": 0.34, "pressure": 1029.52, "windSpeed": 1.06, "windGust": 7.02, "windBearing": 85, "cloudCover": 0.07, "uvIndex": 7, "visibility": 8.57}, {"time": 1460750400, "summary": "Clear", "icon": "clear-day", "precipIntensity": 0, "precipProbability": 0, "temperature": 63.9, "apparentTemperature": 63.9, "dewPoint": 33.65, "humidity": 0.32, "pressure": 1029.02, "windSpeed": 1.35, "windGust": 6.54, "windBearing": 100, "cloudCover": 0.07, "uvIndex": 4, "visibility": 8.59}, {"time": 1460754000, "summary": "Clear", "icon": "clear-day", "precipIntensity": 0, "precipProbability": 0, "temperature": 63.81, "apparentTemperature": 63.81, "dewPoint": 32.82, "humidity": 0.31, "pressure": 1028.82, "windSpeed": 1.99, "windGust": 6.76, "windBearing": 103, "cloudCover": 0.05, "uvIndex": 2, "visibility": 8.15}, {"time": 1460757600, "summary": "Clear", "icon": "clear-day", "precipIntensity": 0, "precipProbability": 0, "temperature": 62.99, "apparentTemperature": 62.99, "dewPoint": 32.58, "humidity": 0.32, "pressure": 1028.79, "windSpeed": 1.25, "windGust": 5.45, "windBearing": 112, "cloudCover": 0.05, "uvIndex": 1, "visibility": 8.59}, {"time": 1460761200, "summary": "Clear", "icon": "clear-day", "precipIntensity": 0, "precipProbability": 0, "temperature": 61.16, "apparentTemperature": 61.16, "dewPoint": 32.12, "humidity": 0.33, "pressure": 1028.68, "windSpeed": 1.07, "windGust": 4.5, "windBearing": 111, "cloudCover": 0.01, "uvIndex": 0, "visibility": 9}, {"time": 1460764800, "summary": "Clear", "icon": "clear-night", "precipIntensity": 0, "precipProbability": 0, "temperature": 58.22, "apparentTemperature": 58.22, "dewPoint": 32.37, "humidity": 0.37, "pressure": 1028.96, "windSpeed": 0.52, "windGust": 2.31, "windBearing": 133, "cloudCover": 0.07, "uvIndex": 0, "visibility": 8.23}, {"time": 1460768400, "summary": "Clear", "icon": "clear-night", "precipIntensity": 0, "precipProbability": 0, "temperature": 54.94, "apparentTemperature": 54.94, "dewPoint": 33.43, "humidity": 0.44, "pressure": 1029.46, "windSpeed": 0.19, "windGust": 0.82, "windBearing": 146, "cloudCover": 0, "uvIndex": 0, "visibility": 6.58}, {"time": 1460772000, "summary": "Clear", "icon": "clear-night", "precipIntensity": 0, "precipProbability": 0, "temperature": 52.03, "apparentTemperature": 52.03, "dewPoint": 34.01, "humidity": 0.5, "pressure": 1029.59, "windSpeed": 0.12, "windGust": 0.46, "windBearing": 169, "cloudCover": 0.03, "uvIndex": 0, "visibility": 7.51}, {"time": 1460775600, "summary": "Clear", "icon": "clear-night", "precipIntensity": 0, "precipProbability": 0, "temperature": 49.86, "apparentTemperature": 49.86, "dewPoint": 34.85, "humidity": 0.56, "pressure": 1029.74, "windSpeed": 0.16, "windGust": 0.66, "windBearing": 181, "cloudCover": 0, "uvIndex": 0, "visibility": 6.54}]}, "daily": {"data": [{"time": 1460692800, "summary": "Clear throughout the day.", "icon": "clear-day", "sunriseTime": 1460716295, "sunsetTime": 1460763984, "moonPhase": 0.3, "precipIntensity": 0, "precipIntensityMax": 0, "precipProbability": 0, "temperatureHigh": 63.9, "temperatureHighTime": 1460750400, "temperatureLow": 39.35, "temperatureLowTime": 1460804400, "apparentTemperatureHigh": 63.9, "apparentTemperatureHighTime": 1460750400, "apparentTemperatureLow": 39.35, "apparentTemperatureLowTime": 1460804400, "dewPoint": 34.95, "humidity": 0.55, "pressure": 1029.19, "windSpeed": 0.57, "windGust": 7.02, "windGustTime": 1460746800, "windBearing": 115, "cloudCover": 0.03, "uvIndex": 9, "uvIndexTime": 1460739600, "visibility": 7.96, "temperatureMin": 37.96, "temperatureMinTime": 1460718000, "temperatureMax": 63.9, "temperatureMaxTime": 1460750400, "apparentTemperatureMin": 37.96, "apparentTemperatureMinTime": 1460718000, "apparentTemperatureMax": 63.9, "apparentTemperatureMaxTime": 1460750400}]}, "flags": {"sources": ["cmc", "gfs", "hrrr", "icon", "isd", "madis", "nam", "sref"], "nearest-station": 1.106, "units": "us"}, "offset": -4}