{"latitude": 38.912659, "longitude": -77.017669, "timezone": "America/New_York", "currently": {"time": 1432612800, "summary": "Clear", "icon": "clear-night", "precipIntensity": 0, "precipProbability": 0, "temperature": 70.76, "apparentTemperature": 70.77, "dewPoint": 59.99, "humidity": 0.69, "pressure": 1022.76, "windSpeed": 0.56, "windGust": 2.31, "windBearing": 164, "cloudCover": 0, "uvIndex": 0, "visibility": 8.47}, "hourly": {"summary": "Partly cloudy starting in the afternoon, continuing until evening.", "icon": "partly-cloudy-day", "data": [{"time": 1432612800, "summary": "Clear", "icon": "clear-night", "precipIntensity": 0, "precipProbability": 0, "temperature": 70.76, "apparentTemperature": 70.77, "dewPoint": 59.99, "humidity": 0.69, "pressure": 1022.76, "windSpeed": 0.56, "windGust": 2.31, "windBearing": 164, "cloudCover": 0, "uvIndex": 0, "visibility": 8.47}, {"time": 1432616400, "summary": "Clear", "icon": "clear-night", "precipIntensity": 0, "precipProbability": 0, "temperature": 69.43, "apparentTemperature": 69.44, "dewPoint": 59.83, "humidity": 0.72, "pressure": 1022.51, "windSpeed": 0.3, "windGust": 1.38, "windBearing": 183, "cloudCover": 0, "uvIndex": 0, "visibility": 8.92}, {"time": 1432620000, "summary": "Clear", "icon": "clear-night", "precipIntensity": 0, "precipProbability": 0, "temperature": 67.88, "apparentTemperature": 67.88, "dewPoint": 59.41, "humidity": 0.74, "pressure": 1022.39, "windSpeed": 0.33, "windGust": 1.06, "windBearing": 183, "cloudCover": 0, "uvIndex": 0, "visibility": 7.95}, {"time": 1432623600, "summary": "Clear", "icon": "clear-night", "precipIntensity": 0, "precipProbability": 0, "temperature": 66.8, "apparentTemperature": 66.8, "dewPoint": 59.03, "humidity": 0.76, "pressure": 1022.32, "windSpeed": 0.59, "windGust": 1.91, "windBearing": 185, "cloudCover": 0, "uvIndex": 0, "visibility": 7.55}, {"time": 1432627200, "summary": "Clear", "icon": "clear-night", "precipIntensity": 0, "precipProbability": 0, "temperature": 65.98, "apparentTemperature": 65.98, "dewPoint": 58.86, "humidity": 0.78, "pressure": 1022.21, "windSpeed": 0.96, "windGust": 2.99, "windBearing": 185, "cloudCover": 0.05, "uvIndex": 0, "visibility": 8.06}, {"time": 1432630800, "summary": "Clear", "icon": "clear-night", "precipIntensity": 0, "precipProbability": 0, "temperature": 65.65, "apparentTemperature": 65.65, "dewPoint": 58.74, "humidity": 0.78, "pressure": 1022.81, "windSpeed": 0.73, "windGust": 2.78, "windBearing": 195, "cloudCover": 0.11, "uvIndex": 0, "visibility": 7.88}, {"time": 1432634400, "summary": "Clear", "icon": "clear-day", "precipIntensity": 0, "precipProbability": 0, "temperature": 65.02, "apparentTemperature": 65.02, "dewPoint": 58.54, "humidity": 0.8, "pressure": 1022.78, "windSpeed": 0.9, "windGust": 2.7, "windBearing": 188, "cloudCover": 0.08, "uvIndex": 0, "visibility": 8.3}, {"time": 1432638000, "summary": "Clear", "icon": "clear-day", "precipIntensity": 0, "precipProbability": 0, "temperature": 66.05, "apparentTemperature": 66.12, "dewPoint": 59.73, "humidity": 0.8, "pressure": 1023.21, "windSpeed": 1.3, "windGust": 3.7, "windBearing": 194, "cloudCover": 0.21, "uvIndex": 0, "visibility": 8.08}, {"time": 1432641600, "summary": "Clear", "icon": "clear-day", "precipIntensity": 0, "precipProbability": 0, "temperature": 68.46, "apparentTemperature": 68.66, "dewPoint": 61.26, "humidity": 0.78, "pressure": 1023.66, "windSpeed": 1.98, "windGust": 6.1, "windBearing": 203, "cloudCover": 0.24, "uvIndex": 1, "visibility": 8.67}, {"time": 1432645200, "summary": "Clear", "icon": "clear-day", "precipIntensity": 0, "precipProbability": 0, "temperature": 71.77, "apparentTemperature": 72.08, "dewPoint": 62.58, "humidity": 0.73, "pressure": 1023.5, "windSpeed": 1.62, "windGust": 5.38, "windBearing": 205, "cloudCover": 0.18, "uvIndex": 3, "visibility": 8.57}, {"time": 1432648800, "summary": "Clear", "icon": "clear-day", "precipIntensity": 0, "precipProbability": 0, "temperature": 75.26, "apparentTemperature": 75.67, "dewPoint": 63.88, "humidity": 0.68, "pressure": 1023.54, "windSpeed": 1.41, "windGust": 5.68, "windBearing": 194, "cloudCover": 0.03, "uvIndex": 5, "visibility": 7.59}, {"time": 1432652400, "summary": "Clear", "icon": "clear-day", "precipIntensity": 0, "precipProbability": 0, "temperature": 78.8, "apparentTemperature": 79.34, "dewPoint": 65.08, "humidity": 0.63, "pressure": 1023.36, "windSpeed": 1.98, "windGust": 6.82, "windBearing": 186, "cloudCover": 0.1, "uvIndex": 7, "visibility": 7.51}, {"time": 1432656000, "summary": "Clear", "icon": "clear-day", "precipIntensity": 0, "precipProbability": 0, "temperature": 81.54, "apparentTemperature": 83.76, "dewPoint": 66.23, "humidity": 0.6, "pressure": 1023.1, "windSpeed": 2.66, "windGust": 7.43, "windBearing": 191, "cloudCover": 0.08, "uvIndex": 9, "visibility": 8.31}, {"time": 1432659600, "summary": "Clear", "icon": "clear-day", "precipIntensity": 0, "precipProbability": 0, "temperature": 83.65, "apparentTemperature": 86.27, "dewPoint": 66.89, "humidity": 0.57, "pressure": 1022.68, "windSpeed": 3.13, "windGust": 9.12, "windBearing": 198, "cloudCover": 0.19, "uvIndex": 9, "visibility": 7.95}, {"time": 1432663200, "summary": "Partly Cloudy", "icon": "partly-cloudy-day", "precipIntensity": 0, "precipProbability": 0, "temperature": 84.99, "apparentTemperature": 88.04, "dewPoint": 67.52, "humidity": 0.56, "pressure": 1022.37, "windSpeed": 3.06, "windGust": 8.93, "windBearing": 192, "cloudCover": 0.44, "uvIndex": 8, "visibility": 7.42}, {"time": 1432666800, "summary": "Partly Cloudy", "icon": "partly-cloudy-day", "precipIntensity": 0, "precipProbability": 0, "temperature": 85.64, "apparentTemperature": 88.85, "dewPoint": 67.67, "humidity": 0.55, "pressure": 1022, "windSpeed": 2.99, "windGust": 7.89, "windBearing": 199, "cloudCover": 0.41, "uvIndex": 7, "visibility": 7.9}, {"time": 1432670400, "summary": "Partly Cloudy", "icon": "partly-cloudy-day", "precipIntensity": 0, "precipProbability": 0, "temperature": 85.72, "apparentTemperature": 89.13, "dewPoint": 67.99, "humidity": 0.56, "pressure": 1021.18, "windSpeed": 2.49, "windGust": 7.12, "windBearing": 190, "cloudCover": 0.32, "uvIndex": 5, "visibility": 8}, {"time": 1432674000, "summary": "Clear", "icon": "clear-day", "precipIntensity": 0, "precipProbability": 0, "temperature": 85.47, "apparentTemperature": 88.73, "dewPoint": 67.79, "humidity": 0.56, "pressure": 1020.75, "windSpeed": 3.03, "windGust": 7.52, "windBearing": 182, "cloudCover": 0.17, "uvIndex": 3, "visibility": 7.66}, {"time": 1432677600, "summary": "Partly Cloudy", "icon": "partly-cloudy-day", "precipIntensity": 0, "precipProbability": 0, "temperature": 84.78, "apparentTemperature": 87.91, "dewPoint": 67.71, "humidity": 0.57, "pressure": 1020.37, "windSpeed": 3.36, "windGust": 8.61, "windBearing": 184, "cloudCover": 0.25, "uvIndex": 2, "visibility": 8.34}, {"time": 1432681200, "summary": "Partly Cloudy", "icon": "partly-cloudy-day", "precipIntensity": 0, "precipProbability": 0, "temperature": 83.55, "apparentTemperature": 86.48, "dewPoint": 67.56, "humidity": 0.59, "pressure": 1020.19, "windSpeed": 2.3, "windGust": 6.91, "windBearing": 180, "cloudCover": 0.35, "uvIndex": 0, "visibility": 8.55}, {"time": 1432684800, "summary": "Clear", "icon": "clear-day", "precipIntensity": 0, "precipProbability": 0, "temperature": 81.14, "apparentTemperature": 83.71, "dewPoint": 67.33, "humidity": 0.63, "pressure": 1020.27, "windSpeed": 1.38, "windGust": 4.22, "windBearing": 176, "cloudCover": 0.05, "uvIndex": 0, "visibility": 8.21}, {"time": 1432688400, "summary": "Clear", "icon": "clear-night", "precipIntensity": 0, "precipProbability": 0, "temperature": 78.99, "apparentTemperature": 79.77, "dewPoint": 67.38, "humidity": 0.68, "pressure": 1020.49, "windSpeed": 1.03, "windGust": 2.51, "windBearing": 166, "cloudCover": 0.06, "uvIndex": 0, "visibility": 8.21}, {"time": 1432692000, "summary": "Clear", "icon": "clear-night", "precipIntensity": 0, "precipProbability": 0, "temperature": 77.51, "apparentTemperature": 78.3, "dewPoint": 67.42, "humidity": 0.71, "pressure": 1020.82, "windSpeed": 1.02, "windGust": 3.58, "windBearing": 167, "cloudCover": 0.23, "uvIndex": 0, "visibility": 7.73}, {"time": 1432695600, "summary": "Clear", "icon": "clear-night", "precipIntensity": 0, "precipProbability": 0, "temperature": 76.4, "apparentTemperature": 77.19, "dewPoint": 67.27, "humidity": 0.73, "pressure": 1021.02, "windSpeed": 0.97, "windGust": 3.43, "windBearing": 164, "cloudCover": 0.15, "uvIndex": 0, "visibility": 8.32}]}, "daily": {"data": [{"time": 1432612800, "summary": "Partly cloudy starting in the afternoon, continuing until evening.", "icon": "partly-cloudy-day", "sunriseTime": 1432633739, "sunsetTime": 1432686254, "moonPhase": 0.28, "precipIntensity": 0, "precipIntensityMax": 0, "precipProbability": 0, "temperatureHigh": 85.72, "temperatureHighTime": 1432670400, "temperatureLow": 72.27, "temperatureLowTime": 1432713600, "apparentTemperatureHigh": 89.13, "apparentTemperatureHighTime": 1432670400, "apparentTemperatureLow": 73.17, "apparentTemperatureLowTime": 1432713600, "dewPoint": 63.99, "humidity": 0.67, "pressure": 1022.1, "windSpeed": 1.64, "windGust": 9.12, "windGustTime": 1432659600, "windBearing": 188, "cloudCover": 0.15, "uvIndex": 9, "uvIndexTime": 1432656000, "visibility": 8.09, "temperatureMin": 65.02, "temperatureMinTime": 1432634400, "temperatureMax": 85.72, "temperatureMaxTime": 1432670400, "apparentTemperatureMin": 65.02, "apparentTemperatureMinTime": 1432634400, "apparentTemperatureMax": 89.13, "apparentTemperatureMaxTime": 1432670400}]}, "flags": {"sources": ["cmc", "gfs", "hrrr", "icon", "isd", "madis", "nam", "sref"], "nearest-station": 0.675, "units": "us"}, "offset": -4}