{"latitude": 38.912659, "longitude": -77.017669, "timezone": "America/New_York", "currently": {"time": 1453352400, "summary": "Overcast", "icon": "cloudy", "precipIntensity": 0, "precipProbability": 0, "temperature": 25.76, "apparentTemperature": 25.76, "dewPoint": 22.31, "humidity": 0.87, "pressure": 1020.62, "windSpeed": 0.06, "windGust": 0.41, "windBearing": 267, "cloudCover": 1, "uvIndex": 0, "visibility": 6.02}, "hourly": {"summary": "Mostly cloudy overnight.", "icon": "partly-cloudy-night", "data": [{"time": 1453352400, "summary": "Overcast", "icon": "cloudy", "precipIntensity": 0, "precipProbability": 0, "temperature": 25.76, "apparentTemperature": 25.76, "dewPoint": 22.31, "humidity": 0.87, "pressure": 1020.62, "windSpeed": 0.06, "windGust": 0.41, "windBearing": 267, "cloudCover": 1, "uvIndex": 0, "visibility": 6.02}, {"time": 1453356000, "summary": "Overcast", "icon": "cloudy", "precipIntensity": 0, "precipProbability": 0, "temperature": 25.32, "apparentTemperature": 25.32, "dewPoint": 21.9, "humidity": 0.87, "pressure": 1020.41, "windSpeed": 0.36, "windGust": 1.11, "windBearing": 287, "cloudCover": 1, "uvIndex": 0, "visibility": 7.07}, {"time": 1453359600, "summary": "Mostly Cloudy", "icon": "partly-cloudy-night", "precipIntensity": 0, "precipProbability": 0, "temperature": 24.57, "apparentTemperature": 24.57, "dewPoint": 19.86, "humidity": 0.82, "pressure": 1021.02, "windSpeed": 1.02, "windGust": 3.96, "windBearing": 323, "cloudCover": 0.61, "uvIndex": 0, "visibility": 7.04}, {"time": 1453363200, "summary": "Clear", "icon": "clear-night", "precipIntensity": 0, "precipProbability": 0, "temperature": 23.93, "apparentTemperature": 23.93, "dewPoint": 17.53, "humidity": 0.76, "pressure": 1021.5, "windSpeed": 1.6, "windGust": 4.62, "windBearing": 315, "cloudCover": 0, "uvIndex": 0, "visibility": 8.33}, {"time": 1453366800, "summary": "Clear", "icon": "clear-night", "precipIntensity": 0, "precipProbability": 0, "temperature": 23.31, "apparentTemperature": 23.31, "dewPoint": 16.28, "humidity": 0.74, "pressure": 1022.32, "windSpeed": 1.68, "windGust": 5.39, "windBearing": 312, "cloudCover": 0, "uvIndex": 0, "visibility": 8.5}, {"time": 1453370400, "summary": "Clear", "icon": "clear-night", "precipIntensity": 0, "precipProbability": 0, "temperature": 22.95, "apparentTemperature": 22.95, "dewPoint": 15.34, "humidity": 0.72, "pressure": 1023, "windSpeed": 2.25, "windGust": 6.92, "windBearing": 305, "cloudCover": 0.04, "uvIndex": 0, "visibility": 8.91}, {"time": 1453374000, "summary": "Clear", "icon": "clear-night", "precipIntensity": 0, "precipProbability": 0, "temperature": 22.58, "apparentTemperature": 22.58, "dewPoint": 14.85, "humidity": 0.72, "pressure": 1023.63, "windSpeed": 2.02, "windGust": 5.45, "windBearing": 295, "cloudCover": 0, "uvIndex": 0, "visibility": 8.08}, {"time": 1453377600, "summary": "Clear", "icon": "clear-night", "precipIntensity": 0, "precipProbability": 0, "temperature": 21.84, "apparentTemperature": 21.84, "dewPoint": 14.19, "humidity": 0.72, "pressure": 1024.88, "windSpeed": 1.68, "windGust": 4.51, "windBearing": 289, "cloudCover": 0, "uvIndex": 0, "visibility": 9.43}, {"time": 1453381200, "summary": "Clear", "icon": "clear-day", "precipIntensity": 0, "precipProbability": 0, "temperature": 21.91, "apparentTemperature": 21.91, "dewPoint": 14.16, "humidity": 0.72, "pressure": 1025.62, "windSpeed": 2.26, "windGust": 5.8, "windBearing": 299, "cloudCover": 0.05, "uvIndex": 0, "visibility": 9.44}, {"time": 1453384800, "summary": "Clear", "icon": "clear-day", "precipIntensity": 0, "precipProbability": 0, "temperature": 24.14, "apparentTemperature": 19.23, "dewPoint": 15, "humidity": 0.68, "pressure": 1026.74, "windSpeed": 3.82, "windGust": 9.06, "windBearing": 294, "cloudCover": 0.08, "uvIndex": 0, "visibility": 8.72}, {"time": 1453388400, "summary": "Clear", "icon": "clear-day", "precipIntensity": 0, "precipProbability": 0, "temperature": 26.81, "apparentTemperature": 21.68, "dewPoint": 15.99, "humidity": 0.63, "pressure": 1026.91, "windSpeed": 4.34, "windGust": 11.65, "windBearing": 311, "cloudCover": 0.09, "uvIndex": 1, "visibility": 7.98}, {"time": 1453392000, "summary": "Clear", "icon": "clear-day", "precipIntensity": 0, "precipProbability": 0, "temperature": 28.76, "apparentTemperature": 24.18, "dewPoint": 16.72, "humidity": 0.6, "pressure": 1026.72, "windSpeed": 4.14, "windGust": 11.25, "windBearing": 312, "cloudCover": 0.02, "uvIndex": 2, "visibility": 7.97}, {"time": 1453395600, "summary": "Clear", "icon": "clear-day", "precipIntensity": 0.0002, "precipProbability": 0.05, "precipAccumulation": 0, "precipType": "snow", "temperature": 30.28, "apparentTemperature": 25.33, "dewPoint": 16.69, "humidity": 0.56, "pressure": 1026.17, "windSpeed": 4.71, "windGust": 11.79, "windBearing": 317, "cloudCover": 0.16, "uvIndex": 2, "visibility": 7.9}, {"time": 1453399200, "summary": "Partly Cloudy", "icon": "partly-cloudy-day", "precipIntensity": 0, "precipProbability": 0, "temperature": 31.29, "apparentTemperature": 26.4, "dewPoint": 16.57, "humidity": 0.54, "pressure": 1025.66, "windSpeed": 4.84, "windGust": 12.76, "windBearing": 304, "cloudCover": 0.55, "uvIndex": 2, "visibility": 7.69}, {"time": 1453402800, "summary": "Partly Cloudy", "icon": "partly-cloudy-day", "precipIntensity": 0, "precipProbability": 0, "temperature": 31.84, "apparentTemperature": 27.42, "dewPoint": 15.79, "humidity": 0.51, "pressure": 1024.87, "windSpeed": 4.45, "windGust": 12.45, "windBearing": 308, "cloudCover": 0.25, "uvIndex": 2, "visibility": 7.7}, {"time": 1453406400, "summary": "Clear", "icon": "clear-day", "precipIntensity": 0, "precipProbability": 0, "temperature": 32.24, "apparentTemperature": 27.69, "dewPoint": 15.19, "humidity": 0.49, "pressure": 1024.73, "windSpeed": 4.64, "windGust": 11.63, "windBearing": 309, "cloudCover": 0.17, "uvIndex": 1, "visibility": 7.87}, {"time": 1453410000, "summary": "Clear", "icon": "clear-day", "precipIntensity": 0, "precipProbability": 0, "temperature": 32.38, "apparentTemperature": 28.71, "dewPoint": 14.7, "humidity": 0.48, "pressure": 1024.47, "windSpeed": 3.83, "windGust": 10.04, "windBearing": 313, "cloudCover": 0.01, "uvIndex": 0, "visibility": 7.87}, {"time": 1453413600, "summary": "Clear", "icon": "clear-day", "precipIntensity": 0, "precipProbability": 0, "temperature": 31.38, "apparentTemperature": 28.41, "dewPoint": 14.25, "humidity": 0.49, "pressure": 1025.11, "windSpeed": 3.15, "windGust": 8.39, "windBearing": 306, "cloudCover": 0.01, "uvIndex": 0, "visibility": 8.21}, {"time": 1453417200, "summary": "Clear", "icon": "clear-night", "precipIntensity": 0, "precipProbability": 0, "temperature": 29.81, "apparentTemperature": 29.81, "dewPoint": 14.17, "humidity": 0.52, "pressure": 1025.83, "windSpeed": 1.26, "windGust": 4.49, "windBearing": 314, "cloudCover": 0.04, "uvIndex": 0, "visibility": 8.37}, {"time": 1453420800, "summary": "Clear", "icon": "clear-night", "precipIntensity": 0, "precipProbability": 0, "temperature": 28.68, "apparentTemperature": 28.68, "dewPoint": 14.13, "humidity": 0.54, "pressure": 1026.65, "windSpeed": 1.3, "windGust": 3.35, "windBearing": 316, "cloudCover": 0.02, "uvIndex": 0, "visibility": 8.21}, {"time": 1453424400, "summary": "Clear", "icon": "clear-night", "precipIntensity": 0, "precipProbability": 0, "temperature": 27.68, "apparentTemperature": 27.68, "dewPoint": 14.14, "humidity": 0.56, "pressure": 1026.52, "windSpeed": 0.89, "windGust": 2.66, "windBearing": 326, "cloudCover": 0.02, "uvIndex": 0, "visibility": 9.13}, {"time": 1453428000, "summary": "Clear", "icon": "clear-night", "precipIntensity": 0, "precipProbability": 0, "temperature": 26.57, "apparentTemperature": 26.57, "dewPoint": 14.28, "humidity": 0.59, "pressure": 1026.83, "windSpeed": 0.57, "windGust": 2.19, "windBearing": 319, "cloudCover": 0.14, "uvIndex": 0, "visibility": 9.41}, {"time": 1453431600, "summary": "Clear", "icon": "clear-night", "precipIntensity": 0, "precipProbability": 0, "temperature": 25.55, "apparentTemperature": 25.55, "dewPoint": 14.09, "humidity": 0.61, "pressure": 1026.84, "windSpeed": 0.66, "windGust": 1.78, "windBearing": 311, "cloudCover": 0.04, "uvIndex": 0, "visibility": 8.18}, {"time": 1453435200, "summary": "Clear", "icon": "clear-night", "precipIntensity": 0, "precipProbability": 0, "temperature": 24.92, "apparentTemperature": 24.92, "dewPoint": 13.99, "humidity": 0.63, "pressure": 1027.36, "windSpeed": 0.87, "windGust": 2.76, "windBearing": 309, "cloudCover": 0, "uvIndex": 0, "visibility": 9.48}]}, "daily": {"data": [{"time": 1453352400, "summary": "Partly cloudy in the afternoon.", "icon": "partly-cloudy-day", "sunriseTime": 1453379022, "sunsetTime": 1453414628, "moonPhase": 0.42, "precipIntensity": 0, "precipIntensityMax": 0.0002, "precipIntensityMaxTime": 1453395600, "precipProbability": 0, "temperatureHigh": 32.38, "temperatureHighTime": 1453410000, "temperatureLow": 20.27, "temperatureLowTime": 1453456800, "apparentTemperatureHigh": 29.81, "apparentTemperatureHighTime": 1453417200, "apparentTemperatureLow": 20.27, "apparentTemperatureLowTime": 1453456800, "dewPoint": 15.92, "humidity": 0.64, "pressure": 1024.77, "windSpeed": 2.33, "windGust": 12.76, "windGustTime": 1453399200, "windBearing": 308, "cloudCover": 0.18, "uvIndex": 2, "uvIndexTime": 1453392000, "visibility": 8.23, "temperatureMin": 21.84, "temperatureMinTime": 1453377600, "temperatureMax": 32.38, "temperatureMaxTime": 1453410000, "apparentTemperatureMin": 19.23, "apparentTemperatureMinTime": 1453384800, "apparentTemperatureMax": 29.81, "apparentTemperatureMaxTime": 1453417200}]}, "flags": {"sources": ["cmc", "gfs", "hrrr", "icon", "isd", "madis", "nam", "sref"], "nearest-station": 1.106, "units": "us"}, "offset": -5}