{"latitude": 38.912659, "longitude": -77.017669, "timezone": "America/New_York", "currently": {"time": 1438747200, "summary": "Clear", "icon": "clear-night", "precipIntensity": 0, "precipProbability": 0, "temperature": 73.11, "apparentTemperature": 74.3, "dewPoint": 69.61, "humidity": 0.89, "pressure": 1012.98, "windSpeed": 0.04, "windGust": 0.18, "windBearing": 350, "cloudCover": 0.21, "uvIndex": 0, "visibility": 6.14}, "hourly": {"summary": "Partly cloudy in the morning.", "icon": "partly-cloudy-night", "data": [{"time": 1438747200, "summary": "Clear", "icon": "clear-night", "precipIntensity": 0, "precipProbability": 0, "temperature": 73.11, "apparentTemperature": 74.3, "dewPoint": 69.61, "humidity": 0.89, "pressure": 1012.98, "windSpeed": 0.04, "windGust": 0.18, "windBearing": 350, "cloudCover": 0.21, "uvIndex": 0, "visibility": 6.14}, {"time": 1438750800, "summary": "Clear", "icon": "clear-night", "precipIntensity": 0, "precipProbability": 0, "temperature": 72.21, "apparentTemperature": 73.38, "dewPoint": 69.26, "humidity": 0.9, "pressure": 1013.36, "windSpeed": 0.06, "windGust": 0.25, "windBearing": 299, "cloudCover": 0.19, "uvIndex": 0, "visibility": 5.25}, {"time": 1438754400, "summary": "Partly Cloudy", "icon": "partly-cloudy-night", "precipIntensity": 0, "precipProbability": 0, "temperature": 71.5, "apparentTemperature": 72.6, "dewPoint": 68.57, "humidity": 0.91, "pressure": 1013.11, "windSpeed": 0.03, "windGust": 0.2, "windBearing": 334, "cloudCover": 0.38, "uvIndex": 0, "visibility": 6.99}, {"time": 1438758000, "summary": "Clear", "icon": "clear-night", "precipIntensity": 0, "precipProbability": 0, "temperature": 70.83, "apparentTemperature": 71.9, "dewPoint": 68.08, "humidity": 0.91, "pressure": 1013.39, "windSpeed": 0, "windGust": 0.18, "cloudCover": 0.11, "uvIndex": 0, "visibility": 6.16}, {"time": 1438761600, "summary": "Partly Cloudy", "icon": "partly-cloudy-night", "precipIntensity": 0, "precipProbability": 0, "temperature": 70.14, "apparentTemperature": 71.13, "dewPoint": 67.42, "humidity": 0.91, "pressure": 1013.27, "windSpeed": 0, "windGust": 0.13, "cloudCover": 0.4, "uvIndex": 0, "visibility": 5.96}, {"time": 1438765200, "summary": "Partly Cloudy", "icon": "partly-cloudy-night", "precipIntensity": 0, "precipProbability": 0, "temperature": 69.62, "apparentTemperature": 70.57, "dewPoint": 67, "humidity": 0.91, "pressure": 1013.28, "windSpeed": 0, "windGust": 0.06, "cloudCover": 0.51, "uvIndex": 0, "visibility": 8.98}, {"time": 1438768800, "summary": "Partly Cloudy", "icon": "partly-cloudy-night", "precipIntensity": 0, "precipProbability": 0, "temperature": 69.29, "apparentTemperature": 70.21, "dewPoint": 66.69, "humidity": 0.91, "pressure": 1013.54, "windSpeed": 0, "windGust": 0.1, "cloudCover": 0.37, "uvIndex": 0, "visibility": 7.41}, {"time": 1438772400, "summary": "Partly Cloudy", "icon": "partly-cloudy-day", "precipIntensity": 0, "precipProbability": 0, "temperature": 69.11, "apparentTemperature": 70.02, "dewPoint": 66.56, "humidity": 0.92, "pressure": 1013.93, "windSpeed": 0, "windGust": 0.07, "cloudCover": 0.28, "uvIndex": 0, "visibility": 7.8}, {"time": 1438776000, "summary": "Clear", "icon": "clear-day", "precipIntensity": 0, "precipProbability": 0, "temperature": 70, "apparentTemperature": 71.01, "dewPoint": 67.51, "humidity": 0.92, "pressure": 1014.41, "windSpeed": 0.12, "windGust": 0.15, "windBearing": 271, "cloudCover": 0.23, "uvIndex": 1, "visibility": 9.94}, {"time": 1438779600, "summary": "Clear", "icon": "clear-day", "precipIntensity": 0, "precipProbability": 0, "temperature": 73.8, "apparentTemperature": 74.99, "dewPoint": 69.85, "humidity": 0.88, "pressure": 1014.61, "windSpeed": 0.2, "windGust": 0.93, "windBearing": 285, "cloudCover": 0.06, "uvIndex": 2, "visibility": 10}, {"time": 1438783200, "summary": "Clear", "icon": "clear-day", "precipIntensity": 0, "precipProbability": 0, "temperature": 79.01, "apparentTemperature": 80, "dewPoint": 69.2, "humidity": 0.72, "pressure": 1014.69, "windSpeed": 0.9, "windGust": 2.84, "windBearing": 288, "cloudCover": 0.08, "uvIndex": 4, "visibility": 8.75}, {"time": 1438786800, "summary": "Clear", "icon": "clear-day", "precipIntensity": 0, "precipProbability": 0, "temperature": 82.94, "apparentTemperature": 84.55, "dewPoint": 64.51, "humidity": 0.54, "pressure": 1015.01, "windSpeed": 1.59, "windGust": 5.49, "windBearing": 292, "cloudCover": 0.13, "uvIndex": 7, "visibility": 8.2}, {"time": 1438790400, "summary": "Clear", "icon": "clear-day", "precipIntensity": 0, "precipProbability": 0, "temperature": 85.11, "apparentTemperature": 86.14, "dewPoint": 63.23, "humidity": 0.48, "pressure": 1014.68, "windSpeed": 1.56, "windGust": 5.9, "windBearing": 293, "cloudCover": 0.03, "uvIndex": 9, "visibility": 8.34}, {"time": 1438794000, "summary": "Partly Cloudy", "icon": "partly-cloudy-day", "precipIntensity": 0, "precipProbability": 0, "temperature": 85.99, "apparentTemperature": 86.72, "dewPoint": 62.56, "humidity": 0.46, "pressure": 1014.02, "windSpeed": 1.78, "windGust": 7.55, "windBearing": 277, "cloudCover": 0.26, "uvIndex": 8, "visibility": 7.52}, {"time": 1438797600, "summary": "Partly Cloudy", "icon": "partly-cloudy-day", "precipIntensity": 0, "precipProbability": 0, "temperature": 87.26, "apparentTemperature": 87.63, "dewPoint": 61.78, "humidity": 0.43, "pressure": 1013.76, "windSpeed": 2.37, "windGust": 7.51, "windBearing": 277, "cloudCover": 0.26, "uvIndex": 8, "visibility": 7.76}, {"time": 1438801200, "summary": "Partly Cloudy", "icon": "partly-cloudy-day", "precipIntensity": 0, "precipProbability": 0, "temperature": 87.72, "apparentTemperature": 87.98, "dewPoint": 61.52, "humidity": 0.42, "pressure": 1013.41, "windSpeed": 3.1, "windGust": 8.39, "windBearing": 275, "cloudCover": 0.28, "uvIndex": 7, "visibility": 8.32}, {"time": 1438804800, "summary": "Partly Cloudy", "icon": "partly-cloudy-day", "precipIntensity": 0, "precipProbability": 0, "temperature": 88.27, "apparentTemperature": 88.29, "dewPoint": 60.94, "humidity": 0.4, "pressure": 1013.23, "windSpeed": 3.29, "windGust": 8.94, "windBearing": 288, "cloudCover": 0.27, "uvIndex": 5, "visibility": 8.23}, {"time": 1438808400, "summary": "Clear", "icon": "clear-day", "precipIntensity": 0, "precipProbability": 0, "temperature": 88.29, "apparentTemperature": 88.29, "dewPoint": 60.33, "humidity": 0.39, "pressure": 1013.01, "windSpeed": 1.89, "windGust": 8.21, "windBearing": 282, "cloudCover": 0.18, "uvIndex": 3, "visibility": 8.32}, {"time": 1438812000, "summary": "Clear", "icon": "clear-day", "precipIntensity": 0, "precipProbability": 0, "temperature": 87.75, "apparentTemperature": 87.75, "dewPoint": 60.44, "humidity": 0.4, "pressure": 1012.95, "windSpeed": 1.44, "windGust": 6.33, "windBearing": 304, "cloudCover": 0.12, "uvIndex": 1, "visibility": 8.1}, {"time": 1438815600, "summary": "Clear", "icon": "clear-day", "precipIntensity": 0, "precipProbability": 0, "temperature": 86.08, "apparentTemperature": 86.15, "dewPoint": 60.81, "humidity": 0.43, "pressure": 1012.95, "windSpeed": 0.78, "windGust": 3.23, "windBearing": 309, "cloudCover": 0.08, "uvIndex": 0, "visibility": 8.57}, {"time": 1438819200, "summary": "Clear", "icon": "clear-day", "precipIntensity": 0, "precipProbability": 0, "temperature": 82.02, "apparentTemperature": 82.71, "dewPoint": 61.21, "humidity": 0.49, "pressure": 1013.36, "windSpeed": 0.25, "windGust": 0.71, "windBearing": 304, "cloudCover": 0.13, "uvIndex": 0, "visibility": 8.02}, {"time": 1438822800, "summary": "Clear", "icon": "clear-night", "precipIntensity": 0, "precipProbability": 0, "temperature": 77.33, "apparentTemperature": 77.6, "dewPoint": 62.57, "humidity": 0.6, "pressure": 1013.75, "windSpeed": 0.01, "windGust": 0.11, "windBearing": 270, "cloudCover": 0.17, "uvIndex": 0, "visibility": 8.7}, {"time": 1438826400, "summary": "Clear", "icon": "clear-night", "precipIntensity": 0, "precipProbability": 0, "temperature": 73.97, "apparentTemperature": 74.25, "dewPoint": 62.59, "humidity": 0.68, "pressure": 1014.07, "windSpeed": 0.07, "windGust": 0.11, "windBearing": 330, "cloudCover": 0.13, "uvIndex": 0, "visibility": 8.47}, {"time": 1438830000, "summary": "Clear", "icon": "clear-night", "precipIntensity": 0, "precipProbability": 0, "temperature": 72.46, "apparentTemperature": 72.73, "dewPoint": 62.37, "humidity": 0.71, "pressure": 1014.65, "windSpeed": 0.03, "windGust": 0.23, "windBearing": 356, "cloudCover": 0.02, "uvIndex": 0, "visibility": 9.29}]}, "daily": {"data": [{"time": 1438747200, "summary": "Partly cloudy in the morning.", "icon": "partly-cloudy-night", "sunriseTime": 1438769630, "sunsetTime": 1438820214, "moonPhase": 0.69, "precipIntensity": 0, "precipIntensityMax": 0, "precipProbability": 0, "temperatureHigh": 88.29, "temperatureHighTime": 1438808400, "temperatureLow": 67, "temperatureLowTime": 1438855200, "apparentTemperatureHigh": 88.29, "apparentTemperatureHighTime": 1438804800, "apparentTemperatureLow": 67.19, "apparentTemperatureLowTime": 1438855200, "dewPoint": 64.78, "humidity": 0.68, "pressure": 1013.73, "windSpeed": 0.8, "windGust": 8.94, "windGustTime": 1438804800, "windBearing": 286, "cloudCover": 0.2, "uvIndex": 9, "uvIndexTime": 1438790400, "visibility": 7.97, "temperatureMin": 69.11, "temperatureMinTime": 1438772400, "temperatureMax": 88.29, "temperatureMaxTime": 1438808400, "apparentTemperatureMin": 70.02, "apparentTemperatureMinTime": 1438772400, "apparentTemperatureMax": 88.29, "apparentTemperatureMaxTime": 1438804800}]}, "flags": {"sources": ["cmc", "gfs", "hrrr", "icon", "isd", "madis", "nam", "sref"], "nearest-station": 0.675, "units": "us"}, "offset": -4}