{"latitude": 38.912659, "longitude": -77.017669, "timezone": "America/New_York", "currently": {"time": 1457845200, "summary": "Mostly Cloudy", "icon": "partly-cloudy-night", "precipIntensity": 0, "precipProbability": 0, "temperature": 53.25, "apparentTemperature": 53.25, "dewPoint": 45.53, "humidity": 0.75, "pressure": 1017.48, "windSpeed": 0.01, "windGust": 0.32, "windBearing": 180, "cloudCover": 0.69, "uvIndex": 0, "visibility": 7.87}, "hourly": {"summary": "Rain starting in the afternoon.", "icon": "rain", "data": [{"time": 1457845200, "summary": "Mostly Cloudy", "icon": "partly-cloudy-night", "precipIntensity": 0, "precipProbability": 0, "temperature": 53.25, "apparentTemperature": 53.25, "dewPoint": 45.53, "humidity": 0.75, "pressure": 1017.48, "windSpeed": 0.01, "windGust": 0.32, "windBearing": 180, "cloudCover": 0.69, "uvIndex": 0, "visibility": 7.87}, {"time": 1457848800, "summary": "Mostly Cloudy", "icon": "partly-cloudy-night", "precipIntensity": 0, "precipProbability": 0, "temperature": 53.33, "apparentTemperature": 53.33, "dewPoint": 46.22, "humidity": 0.77, "pressure": 1017.16, "windSpeed": 0, "windGust": 0.03, "cloudCover": 0.84, "uvIndex": 0, "visibility": 9.05}, {"time": 1457852400, "summary": "Overcast", "icon": "cloudy", "precipIntensity": 0, "precipProbability": 0, "temperature": 53.44, "apparentTemperature": 53.44, "dewPoint": 46.42, "humidity": 0.77, "pressure": 1016.79, "windSpeed": 0, "windGust": 0.14, "cloudCover": 0.97, "uvIndex": 0, "visibility": 8.61}, {"time": 1457856000, "summary": "Overcast", "icon": "cloudy", "precipIntensity": 0, "precipProbability": 0, "temperature": 53.71, "apparentTemperature": 53.71, "dewPoint": 46.66, "humidity": 0.77, "pressure": 1016.1, "windSpeed": 0, "windGust": 0.08, "cloudCover": 1, "uvIndex": 0, "visibility": 8.19}, {"time": 1457859600, "summary": "Overcast", "icon": "cloudy", "precipIntensity": 0, "precipProbability": 0, "temperature": 53.79, "apparentTemperature": 53.79, "dewPoint": 46.82, "humidity": 0.77, "pressure": 1015.95, "windSpeed": 0, "windGust": 0.14, "cloudCover": 1, "uvIndex": 0, "visibility": 7.9}, {"time": 1457863200, "summary": "Overcast", "icon": "cloudy", "precipIntensity": 0, "precipProbability": 0, "temperature": 53.73, "apparentTemperature": 53.73, "dewPoint": 46.97, "humidity": 0.78, "pressure": 1015.92, "windSpeed": 0.03, "windGust": 0.35, "windBearing": 90, "cloudCover": 1, "uvIndex": 0, "visibility": 8.23}, {"time": 1457866800, "summary": "Overcast", "icon": "cloudy", "precipIntensity": 0, "precipProbability": 0, "temperature": 53.87, "apparentTemperature": 53.87, "dewPoint": 47.24, "humidity": 0.78, "pressure": 1015.94, "windSpeed": 0.04, "windGust": 0.7, "windBearing": 51, "cloudCover": 1, "uvIndex": 0, "visibility": 8.63}, {"time": 1457870400, "summary": "Overcast", "icon": "cloudy", "precipIntensity": 0, "precipProbability": 0, "temperature": 53.86, "apparentTemperature": 53.86, "dewPoint": 47.25, "humidity": 0.78, "pressure": 1016.26, "windSpeed": 0.1, "windGust": 1.06, "windBearing": 72, "cloudCover": 1, "uvIndex": 0, "visibility": 7.49}, {"time": 1457874000, "summary": "Overcast", "icon": "cloudy", "precipIntensity": 0, "precipProbability": 0, "temperature": 54.23, "apparentTemperature": 54.23, "dewPoint": 48.14, "humidity": 0.8, "pressure": 1016.34, "windSpeed": 0.17, "windGust": 0.88, "windBearing": 26, "cloudCover": 1, "uvIndex": 1, "visibility": 8.16}, {"time": 1457877600, "summary": "Overcast", "icon": "cloudy", "precipIntensity": 0, "precipProbability": 0, "temperature": 55.3, "apparentTemperature": 55.3, "dewPoint": 48.67, "humidity": 0.78, "pressure": 1016.49, "windSpeed": 0.88, "windGust": 2.76, "windBearing": 56, "cloudCover": 1, "uvIndex": 2, "visibility": 8.59}, {"time": 1457881200, "summary": "Mostly Cloudy", "icon": "partly-cloudy-day", "precipIntensity": 0, "precipProbability": 0, "temperature": 57.27, "apparentTemperature": 57.27, "dewPoint": 48.81, "humidity": 0.73, "pressure": 1016.79, "windSpeed": 0.97, "windGust": 3.94, "windBearing": 72, "cloudCover": 0.87, "uvIndex": 3, "visibility": 8.87}, {"time": 1457884800, "summary": "Mostly Cloudy", "icon": "partly-cloudy-day", "precipIntensity": 0, "precipProbability": 0, "temperature": 58.19, "apparentTemperature": 58.19, "dewPoint": 47.61, "humidity": 0.68, "pressure": 1016.77, "windSpeed": 2.47, "windGust": 7.78, "windBearing": 63, "cloudCover": 0.79, "uvIndex": 4, "visibility": 8.58}, {"time": 1457888400, "summary": "Overcast", "icon": "cloudy", "precipIntensity": 0, "precipProbability": 0, "temperature": 59.45, "apparentTemperature": 59.45, "dewPoint": 46.26, "humidity": 0.62, "pressure": 1016.42, "windSpeed": 3.35, "windGust": 8.95, "windBearing": 71, "cloudCover": 0.95, "uvIndex": 4, "visibility": 9.15}, {"time": 1457892000, "summary": "Overcast", "icon": "cloudy", "precipIntensity": 0, "precipProbability": 0, "temperature": 58.56, "apparentTemperature": 58.56, "dewPoint": 45.33, "humidity": 0.61, "pressure": 1015.98, "windSpeed": 3.45, "windGust": 9.02, "windBearing": 65, "cloudCover": 1, "uvIndex": 4, "visibility": 8.72}, {"time": 1457895600, "summary": "Overcast", "icon": "cloudy", "precipIntensity": 0.0004, "precipProbability": 0.13, "precipType": "rain", "temperature": 57.1, "apparentTemperature": 57.1, "dewPoint": 45.57, "humidity": 0.65, "pressure": 1015.52, "windSpeed": 2.99, "windGust": 7.93, "windBearing": 59, "cloudCover": 1, "uvIndex": 3, "visibility": 7.57}, {"time": 1457899200, "summary": "Light Rain", "icon": "rain", "precipIntensity": 0.0165, "precipProbability": 0.89, "precipType": "rain", "temperature": 53.22, "apparentTemperature": 53.22, "dewPoint": 47.56, "humidity": 0.81, "pressure": 1016, "windSpeed": 1.86, "windGust": 5.53, "windBearing": 44, "cloudCover": 1, "uvIndex": 2, "visibility": 4.28}, {"time": 1457902800, "summary": "Rain", "icon": "rain", "precipIntensity": 0.0551, "precipProbability": 0.93, "precipType": "rain", "temperature": 51.15, "apparentTemperature": 51.15, "dewPoint": 47.25, "humidity": 0.86, "pressure": 1016.46, "windSpeed": 2.56, "windGust": 6.83, "windBearing": 54, "cloudCover": 1, "uvIndex": 1, "visibility": 6.4}, {"time": 1457906400, "summary": "Light Rain", "icon": "rain", "precipIntensity": 0.0384, "precipProbability": 0.73, "precipType": "rain", "temperature": 50.46, "apparentTemperature": 50.46, "dewPoint": 47.22, "humidity": 0.89, "pressure": 1016.21, "windSpeed": 2.68, "windGust": 7.51, "windBearing": 62, "cloudCover": 1, "uvIndex": 0, "visibility": 5.43}, {"time": 1457910000, "summary": "Overcast", "icon": "cloudy", "precipIntensity": 0.0114, "precipProbability": 0.45, "precipType": "rain", "temperature": 50.04, "apparentTemperature": 50.04, "dewPoint": 47.12, "humidity": 0.9, "pressure": 1016.32, "windSpeed": 2.66, "windGust": 7.97, "windBearing": 72, "cloudCover": 1, "uvIndex": 0, "visibility": 5.77}, {"time": 1457913600, "summary": "Overcast", "icon": "cloudy", "precipIntensity": 0.0019, "precipProbability": 0.41, "precipType": "rain", "temperature": 49.94, "apparentTemperature": 49.94, "dewPoint": 47.05, "humidity": 0.9, "pressure": 1016.1, "windSpeed": 1.89, "windGust": 6.78, "windBearing": 81, "cloudCover": 1, "uvIndex": 0, "visibility": 7.38}, {"time": 1457917200, "summary": "Overcast", "icon": "cloudy", "precipIntensity": 0.0075, "precipProbability": 0.66, "precipType": "rain", "temperature": 49.56, "apparentTemperature": 49.56, "dewPoint": 46.57, "humidity": 0.89, "pressure": 1015.97, "windSpeed": 1.95, "windGust": 5.8, "windBearing": 76, "cloudCover": 1, "uvIndex": 0, "visibility": 6.47}, {"time": 1457920800, "summary": "Light Rain", "icon": "rain", "precipIntensity": 0.013, "precipProbability": 0.86, "precipType": "rain", "temperature": 48.97, "apparentTemperature": 48.97, "dewPoint": 45.94, "humidity": 0.89, "pressure": 1015.62, "windSpeed": 1.65, "windGust": 5.57, "windBearing": 72, "cloudCover": 1, "uvIndex": 0, "visibility": 7.18}, {"time": 1457924400, "summary": "Light Rain", "icon": "rain", "precipIntensity": 0.0216, "precipProbability": 0.96, "precipType": "rain", "temperature": 48.34, "apparentTemperature": 48.34, "dewPoint": 45.54, "humidity": 0.9, "pressure": 1015.15, "windSpeed": 1.98, "windGust": 6.5, "windBearing": 77, "cloudCover": 1, "uvIndex": 0, "visibility": 4.67}]}, "daily": {"data": [{"time": 1457845200, "summary": "Rain starting in the afternoon.", "icon": "rain", "sunriseTime": 1457868160, "sunsetTime": 1457910881, "moonPhase": 0.17, "precipIntensity": 0.0072, "precipIntensityMax": 0.0551, "precipIntensityMaxTime": 1457902800, "precipProbability": 0.96, "precipType": "rain", "temperatureHigh": 59.45, "temperatureHighTime": 1457888400, "temperatureLow": 47.57, "temperatureLowTime": 1457946000, "apparentTemperatureHigh": 59.45, "apparentTemperatureHighTime": 1457888400, "apparentTemperatureLow": 47.57, "apparentTemperatureLowTime": 1457946000, "dewPoint": 46.86, "humidity": 0.79, "pressure": 1016.25, "windSpeed": 1.36, "windGust": 9.02, "windGustTime": 1457892000, "windBearing": 66, "cloudCover": 0.96, "uvIndex": 4, "uvIndexTime": 1457884800, "visibility": 7.53, "temperatureMin": 48.34, "temperatureMinTime": 1457924400, "temperatureMax": 59.45, "temperatureMaxTime": 1457888400, "apparentTemperatureMin": 48.34, "apparentTemperatureMinTime": 1457924400, "apparentTemperatureMax": 59.45, "apparentTemperatureMaxTime": 1457888400}]}, "flags": {"sources": ["cmc", "gfs", "hrrr", "icon", "isd", "madis", "nam", "sref"], "nearest-station": 1.106, "units": "us"}, "offset": -5}