{"latitude": 38.912659, "longitude": -77.017669, "timezone": "America/New_York", "currently": {"time": 1432267200, "summary": "Partly Cloudy", "icon": "partly-cloudy-night", "precipIntensity": 0, "precipProbability": 0, "temperature": 50.86, "apparentTemperature": 50.86, "dewPoint": 48.35, "humidity": 0.91, "pressure": 1014.07, "windSpeed": 0.57, "windGust": 1.47, "windBearing": 284, "cloudCover": 0.33, "uvIndex": 0, "visibility": 4.84}, "hourly": {"summary": "Partly cloudy overnight.", "icon": "partly-cloudy-night", "data": [{"time": 1432267200, "summary": "Partly Cloudy", "icon": "partly-cloudy-night", "precipIntensity": 0, "precipProbability": 0, "temperature": 50.86, "apparentTemperature": 50.86, "dewPoint": 48.35, "humidity": 0.91, "pressure": 1014.07, "windSpeed": 0.57, "windGust": 1.47, "windBearing": 284, "cloudCover": 0.33, "uvIndex": 0, "visibility": 4.84}, {"time": 1432270800, "summary": "Partly Cloudy", "icon": "partly-cloudy-night", "precipIntensity": 0, "precipProbability": 0, "temperature": 51.02, "apparentTemperature": 51.02, "dewPoint": 48.73, "humidity": 0.92, "pressure": 1014.38, "windSpeed": 0.73, "windGust": 2.56, "windBearing": 294, "cloudCover": 0.45, "uvIndex": 0, "visibility": 6.96}, {"time": 1432274400, "summary": "Partly Cloudy", "icon": "partly-cloudy-night", "precipIntensity": 0, "precipProbability": 0, "temperature": 51.47, "apparentTemperature": 51.47, "dewPoint": 48.78, "humidity": 0.9, "pressure": 1014.58, "windSpeed": 0.86, "windGust": 3.03, "windBearing": 302, "cloudCover": 0.46, "uvIndex": 0, "visibility": 7.6}, {"time": 1432278000, "summary": "Partly Cloudy", "icon": "partly-cloudy-night", "precipIntensity": 0, "precipProbability": 0, "temperature": 50.91, "apparentTemperature": 50.91, "dewPoint": 47.82, "humidity": 0.89, "pressure": 1014.63, "windSpeed": 0.96, "windGust": 2.95, "windBearing": 298, "cloudCover": 0.3, "uvIndex": 0, "visibility": 7.49}, {"time": 1432281600, "summary": "Clear", "icon": "clear-night", "precipIntensity": 0, "precipProbability": 0, "temperature": 50.54, "apparentTemperature": 50.54, "dewPoint": 46.8, "humidity": 0.87, "pressure": 1015.32, "windSpeed": 1.08, "windGust": 4.24, "windBearing": 302, "cloudCover": 0.08, "uvIndex": 0, "visibility": 7.75}, {"time": 1432285200, "summary": "Clear", "icon": "clear-night", "precipIntensity": 0, "precipProbability": 0, "temperature": 49.87, "apparentTemperature": 49.87, "dewPoint": 45.88, "humidity": 0.86, "pressure": 1016.16, "windSpeed": 0.71, "windGust": 2.64, "windBearing": 285, "cloudCover": 0.02, "uvIndex": 0, "visibility": 7.15}, {"time": 1432288800, "summary": "Clear", "icon": "clear-day", "precipIntensity": 0, "precipProbability": 0, "temperature": 49.05, "apparentTemperature": 49.05, "dewPoint": 44.89, "humidity": 0.85, "pressure": 1016.83, "windSpeed": 0.66, "windGust": 1.77, "windBearing": 280, "cloudCover": 0.23, "uvIndex": 0, "visibility": 6.15}, {"time": 1432292400, "summary": "Clear", "icon": "clear-day", "precipIntensity": 0, "precipProbability": 0, "temperature": 49.86, "apparentTemperature": 49.86, "dewPoint": 45.2, "humidity": 0.84, "pressure": 1017.45, "windSpeed": 0.87, "windGust": 3.18, "windBearing": 279, "cloudCover": 0, "uvIndex": 0, "visibility": 9.14}, {"time": 1432296000, "summary": "Clear", "icon": "clear-day", "precipIntensity": 0, "precipProbability": 0, "temperature": 53.54, "apparentTemperature": 53.54, "dewPoint": 46.36, "humidity": 0.77, "pressure": 1018.09, "windSpeed": 1.68, "windGust": 5.33, "windBearing": 284, "cloudCover": 0, "uvIndex": 1, "visibility": 8.32}, {"time": 1432299600, "summary": "Clear", "icon": "clear-day", "precipIntensity": 0, "precipProbability": 0, "temperature": 57.7, "apparentTemperature": 57.7, "dewPoint": 46.59, "humidity": 0.66, "pressure": 1018.61, "windSpeed": 3.44, "windGust": 9.5, "windBearing": 300, "cloudCover": 0, "uvIndex": 3, "visibility": 9}, {"time": 1432303200, "summary": "Clear", "icon": "clear-day", "precipIntensity": 0, "precipProbability": 0, "temperature": 61.69, "apparentTemperature": 61.69, "dewPoint": 46.36, "humidity": 0.57, "pressure": 1018.96, "windSpeed": 3.78, "windGust": 10.27, "windBearing": 298, "cloudCover": 0, "uvIndex": 5, "visibility": 8.35}, {"time": 1432306800, "summary": "Clear", "icon": "clear-day", "precipIntensity": 0, "precipProbability": 0, "temperature": 64.88, "apparentTemperature": 64.88, "dewPoint": 45.72, "humidity": 0.5, "pressure": 1019.16, "windSpeed": 3.56, "windGust": 12.03, "windBearing": 306, "cloudCover": 0, "uvIndex": 8, "visibility": 7.91}, {"time": 1432310400, "summary": "Clear", "icon": "clear-day", "precipIntensity": 0, "precipProbability": 0, "temperature": 67.6, "apparentTemperature": 67.6, "dewPoint": 45.2, "humidity": 0.44, "pressure": 1019.23, "windSpeed": 3.7, "windGust": 11.7, "windBearing": 296, "cloudCover": 0.02, "uvIndex": 9, "visibility": 8.33}, {"time": 1432314000, "summary": "Clear", "icon": "clear-day", "precipIntensity": 0, "precipProbability": 0, "temperature": 69.94, "apparentTemperature": 69.94, "dewPoint": 45.06, "humidity": 0.41, "pressure": 1019.15, "windSpeed": 4.06, "windGust": 12.31, "windBearing": 293, "cloudCover": 0.05, "uvIndex": 10, "visibility": 8.59}, {"time": 1432317600, "summary": "Clear", "icon": "clear-day", "precipIntensity": 0, "precipProbability": 0, "temperature": 71.92, "apparentTemperature": 71.92, "dewPoint": 45.19, "humidity": 0.38, "pressure": 1018.85, "windSpeed": 4.03, "windGust": 11.83, "windBearing": 288, "cloudCover": 0.09, "uvIndex": 9, "visibility": 8.32}, {"time": 1432321200, "summary": "Clear", "icon": "clear-day", "precipIntensity": 0, "precipProbability": 0, "temperature": 73.44, "apparentTemperature": 73.44, "dewPoint": 45.48, "humidity": 0.37, "pressure": 1018.52, "windSpeed": 3.91, "windGust": 11.63, "windBearing": 276, "cloudCover": 0.11, "uvIndex": 8, "visibility": 8.58}, {"time": 1432324800, "summary": "Partly Cloudy", "icon": "partly-cloudy-day", "precipIntensity": 0, "precipProbability": 0, "temperature": 74.54, "apparentTemperature": 74.54, "dewPoint": 44.56, "humidity": 0.34, "pressure": 1018.2, "windSpeed": 3.92, "windGust": 12.48, "windBearing": 269, "cloudCover": 0.31, "uvIndex": 5, "visibility": 7.61}, {"time": 1432328400, "summary": "Partly Cloudy", "icon": "partly-cloudy-day", "precipIntensity": 0, "precipProbability": 0, "temperature": 74.78, "apparentTemperature": 74.78, "dewPoint": 43.69, "humidity": 0.33, "pressure": 1018.18, "windSpeed": 4.66, "windGust": 13.31, "windBearing": 283, "cloudCover": 0.37, "uvIndex": 3, "visibility": 8.59}, {"time": 1432332000, "summary": "Partly Cloudy", "icon": "partly-cloudy-day", "precipIntensity": 0, "precipProbability": 0, "temperature": 74.31, "apparentTemperature": 74.31, "dewPoint": 42.64, "humidity": 0.32, "pressure": 1018.36, "windSpeed": 3.79, "windGust": 11.46, "windBearing": 281, "cloudCover": 0.39, "uvIndex": 1, "visibility": 8.72}, {"time": 1432335600, "summary": "Partly Cloudy", "icon": "partly-cloudy-day", "precipIntensity": 0, "precipProbability": 0, "temperature": 73.31, "apparentTemperature": 73.31, "dewPoint": 42.73, "humidity": 0.33, "pressure": 1018.78, "windSpeed": 3.82, "windGust": 11.19, "windBearing": 290, "cloudCover": 0.41, "uvIndex": 0, "visibility": 7.9}, {"time": 1432339200, "summary": "Clear", "icon": "clear-day", "precipIntensity": 0, "precipProbability": 0, "temperature": 71.09, "apparentTemperature": 71.09, "dewPoint": 43.57, "humidity": 0.37, "pressure": 1019.68, "windSpeed": 3.15, "windGust": 9.75, "windBearing": 291, "cloudCover": 0.13, "uvIndex": 0, "visibility": 8.36}, {"time": 1432342800, "summary": "Clear", "icon": "clear-night", "precipIntensity": 0, "precipProbability": 0, "temperature": 68.27, "apparentTemperature": 68.27, "dewPoint": 44.66, "humidity": 0.43, "pressure": 1020.53, "windSpeed": 1.28, "windGust": 4.45, "windBearing": 281, "cloudCover": 0.06, "uvIndex": 0, "visibility": 8.48}, {"time": 1432346400, "summary": "Clear", "icon": "clear-night", "precipIntensity": 0, "precipProbability": 0, "temperature": 65.94, "apparentTemperature": 65.94, "dewPoint": 45.14, "humidity": 0.47, "pressure": 1021.51, "windSpeed": 0.89, "windGust": 2.28, "windBearing": 278, "cloudCover": 0.01, "uvIndex": 0, "visibility": 9.47}, {"time": 1432350000, "summary": "Clear", "icon": "clear-night", "precipIntensity": 0, "precipProbability": 0, "temperature": 64.36, "apparentTemperature": 64.36, "dewPoint": 45.7, "humidity": 0.51, "pressure": 1022.63, "windSpeed": 0.88, "windGust": 2.21, "windBearing": 286, "cloudCover": 0.12, "uvIndex": 0, "visibility": 9.28}]}, "daily": {"data": [{"time": 1432267200, "summary": "Partly cloudy starting in the afternoon, continuing until evening.", "icon": "partly-cloudy-day", "sunriseTime": 1432288289, "sunsetTime": 1432340456, "moonPhase": 0.16, "precipIntensity": 0, "precipIntensityMax": 0, "precipProbability": 0, "temperatureHigh": 74.78, "temperatureHighTime": 1432328400, "temperatureLow": 49.15, "temperatureLowTime": 1432375200, "apparentTemperatureHigh": 74.78, "apparentTemperatureHighTime": 1432328400, "apparentTemperatureLow": 49.15, "apparentTemperatureLowTime": 1432375200, "dewPoint": 45.63, "humidity": 0.59, "pressure": 1017.99, "windSpeed": 2.34, "windGust": 13.31, "windGustTime": 1432328400, "windBearing": 289, "cloudCover": 0.16, "uvIndex": 10, "uvIndexTime": 1432314000, "visibility": 8.04, "temperatureMin": 49.05, "temperatureMinTime": 1432288800, "temperatureMax": 74.78, "temperatureMaxTime": 1432328400, "apparentTemperatureMin": 49.05, "apparentTemperatureMinTime": 1432288800, "apparentTemperatureMax": 74.78, "apparentTemperatureMaxTime": 1432328400}]}, "flags": {"sources": ["cmc", "gfs", "hrrr", "icon", "isd", "madis", "nam", "sref"], "nearest-station": 0.675, "units": "us"}, "offset": -4}