{"latitude": 38.912659, "longitude": -77.017669, "timezone": "America/New_York", "currently": {"time": 1427169600, "summary": "Mostly Cloudy", "icon": "partly-cloudy-night", "precipIntensity": 0, "precipProbability": 0, "temperature": 38.49, "apparentTemperature": 38.49, "dewPoint": 20.1, "humidity": 0.47, "pressure": 1024.22, "windSpeed": 0.09, "windGust": 0.76, "windBearing": 111, "cloudCover": 0.77, "uvIndex": 0, "visibility": 7.46}, "hourly": {"summary": "Mostly cloudy until evening.", "icon": "partly-cloudy-day", "data": [{"time": 1427169600, "summary": "Mostly Cloudy", "icon": "partly-cloudy-night", "precipIntensity": 0, "precipProbability": 0, "temperature": 38.49, "apparentTemperature": 38.49, "dewPoint": 20.1, "humidity": 0.47, "pressure": 1024.22, "windSpeed": 0.09, "windGust": 0.76, "windBearing": 111, "cloudCover": 0.77, "uvIndex": 0, "visibility": 7.46}, {"time": 1427173200, "summary": "Overcast", "icon": "cloudy", "precipIntensity": 0, "precipProbability": 0, "temperature": 38.64, "apparentTemperature": 38.64, "dewPoint": 20.97, "humidity": 0.49, "pressure": 1024.63, "windSpeed": 0.11, "windGust": 0.78, "windBearing": 111, "cloudCover": 1, "uvIndex": 0, "visibility": 7.57}, {"time": 1427176800, "summary": "Overcast", "icon": "cloudy", "precipIntensity": 0, "precipProbability": 0, "temperature": 38.53, "apparentTemperature": 38.53, "dewPoint": 20.64, "humidity": 0.48, "pressure": 1024.49, "windSpeed": 0.18, "windGust": 0.69, "windBearing": 91, "cloudCover": 1, "uvIndex": 0, "visibility": 7.51}, {"time": 1427180400, "summary": "Overcast", "icon": "cloudy", "precipIntensity": 0, "precipProbability": 0, "temperature": 38.53, "apparentTemperature": 38.53, "dewPoint": 20.18, "humidity": 0.47, "pressure": 1024.49, "windSpeed": 0.26, "windGust": 1.18, "windBearing": 95, "cloudCover": 1, "uvIndex": 0, "visibility": 7.72}, {"time": 1427184000, "summary": "Overcast", "icon": "cloudy", "precipIntensity": 0, "precipProbability": 0, "temperature": 38.43, "apparentTemperature": 38.43, "dewPoint": 20.09, "humidity": 0.47, "pressure": 1024.69, "windSpeed": 0.28, "windGust": 1.36, "windBearing": 77, "cloudCover": 1, "uvIndex": 0, "visibility": 8.21}, {"time": 1427187600, "summary": "Overcast", "icon": "cloudy", "precipIntensity": 0, "precipProbability": 0, "temperature": 38.21, "apparentTemperature": 38.21, "dewPoint": 19.36, "humidity": 0.46, "pressure": 1024.86, "windSpeed": 0.73, "windGust": 2.66, "windBearing": 75, "cloudCover": 1, "uvIndex": 0, "visibility": 7.76}, {"time": 1427191200, "summary": "Overcast", "icon": "cloudy", "precipIntensity": 0, "precipProbability": 0, "temperature": 37.84, "apparentTemperature": 37.84, "dewPoint": 19.42, "humidity": 0.47, "pressure": 1024.93, "windSpeed": 1.01, "windGust": 3.65, "windBearing": 73, "cloudCover": 1, "uvIndex": 0, "visibility": 7.61}, {"time": 1427194800, "summary": "Overcast", "icon": "cloudy", "precipIntensity": 0, "precipProbability": 0, "temperature": 37.35, "apparentTemperature": 37.35, "dewPoint": 19.9, "humidity": 0.49, "pressure": 1025.5, "windSpeed": 1.38, "windGust": 4.5, "windBearing": 76, "cloudCover": 1, "uvIndex": 0, "visibility": 7.76}, {"time": 1427198400, "summary": "Overcast", "icon": "cloudy", "precipIntensity": 0, "precipProbability": 0, "temperature": 36.81, "apparentTemperature": 36.81, "dewPoint": 18.98, "humidity": 0.48, "pressure": 1026.19, "windSpeed": 1.52, "windGust": 5.03, "windBearing": 85, "cloudCover": 1, "uvIndex": 0, "visibility": 7.76}, {"time": 1427202000, "summary": "Overcast", "icon": "cloudy", "precipIntensity": 0, "precipProbability": 0, "temperature": 36.93, "apparentTemperature": 36.93, "dewPoint": 18.21, "humidity": 0.46, "pressure": 1026.79, "windSpeed": 1.54, "windGust": 5.02, "windBearing": 81, "cloudCover": 1, "uvIndex": 1, "visibility": 7.83}, {"time": 1427205600, "summary": "Overcast", "icon": "cloudy", "precipIntensity": 0, "precipProbability": 0, "temperature": 37.52, "apparentTemperature": 37.52, "dewPoint": 17.99, "humidity": 0.45, "pressure": 1027.24, "windSpeed": 1.51, "windGust": 5.08, "windBearing": 90, "cloudCover": 1, "uvIndex": 2, "visibility": 7.76}, {"time": 1427209200, "summary": "Overcast", "icon": "cloudy", "precipIntensity": 0, "precipProbability": 0, "temperature": 38.59, "apparentTemperature": 38.59, "dewPoint": 17.93, "humidity": 0.43, "pressure": 1027.74, "windSpeed": 1.51, "windGust": 5.16, "windBearing": 96, "cloudCover": 0.96, "uvIndex": 3, "visibility": 7.39}, {"time": 1427212800, "summary": "Overcast", "icon": "cloudy", "precipIntensity": 0, "precipProbability": 0, "temperature": 39.75, "apparentTemperature": 39.75, "dewPoint": 18.07, "humidity": 0.41, "pressure": 1027.59, "windSpeed": 1.56, "windGust": 5.56, "windBearing": 88, "cloudCover": 0.95, "uvIndex": 4, "visibility": 7.47}, {"time": 1427216400, "summary": "Mostly Cloudy", "icon": "partly-cloudy-day", "precipIntensity": 0, "precipProbability": 0, "temperature": 41.02, "apparentTemperature": 41.02, "dewPoint": 18.52, "humidity": 0.4, "pressure": 1027.27, "windSpeed": 1.21, "windGust": 5.57, "windBearing": 85, "cloudCover": 0.93, "uvIndex": 4, "visibility": 7.24}, {"time": 1427220000, "summary": "Mostly Cloudy", "icon": "partly-cloudy-day", "precipIntensity": 0, "precipProbability": 0, "temperature": 41.62, "apparentTemperature": 41.62, "dewPoint": 18.68, "humidity": 0.39, "pressure": 1026.99, "windSpeed": 1.41, "windGust": 5.27, "windBearing": 88, "cloudCover": 0.93, "uvIndex": 4, "visibility": 8.16}, {"time": 1427223600, "summary": "Mostly Cloudy", "icon": "partly-cloudy-day", "precipIntensity": 0, "precipProbability": 0, "temperature": 42.47, "apparentTemperature": 42.47, "dewPoint": 19.2, "humidity": 0.39, "pressure": 1026.85, "windSpeed": 1.01, "windGust": 4.8, "windBearing": 76, "cloudCover": 0.92, "uvIndex": 4, "visibility": 8.16}, {"time": 1427227200, "summary": "Mostly Cloudy", "icon": "partly-cloudy-day", "precipIntensity": 0, "precipProbability": 0, "temperature": 43.84, "apparentTemperature": 43.84, "dewPoint": 19.85, "humidity": 0.38, "pressure": 1026.73, "windSpeed": 1.61, "windGust": 5.4, "windBearing": 65, "cloudCover": 0.69, "uvIndex": 3, "visibility": 7.83}, {"time": 1427230800, "summary": "Mostly Cloudy", "icon": "partly-cloudy-day", "precipIntensity": 0, "precipProbability": 0, "temperature": 44.05, "apparentTemperature": 44.05, "dewPoint": 20.26, "humidity": 0.38, "pressure": 1026.93, "windSpeed": 1.66, "windGust": 5.63, "windBearing": 73, "cloudCover": 0.74, "uvIndex": 2, "visibility": 8.16}, {"time": 1427234400, "summary": "Partly Cloudy", "icon": "partly-cloudy-day", "precipIntensity": 0, "precipProbability": 0, "temperature": 43.94, "apparentTemperature": 43.94, "dewPoint": 19.98, "humidity": 0.38, "pressure": 1027.31, "windSpeed": 0.97, "windGust": 4.55, "windBearing": 81, "cloudCover": 0.58, "uvIndex": 0, "visibility": 8.28}, {"time": 1427238000, "summary": "Clear", "icon": "clear-day", "precipIntensity": 0, "precipProbability": 0, "temperature": 42.65, "apparentTemperature": 42.65, "dewPoint": 19.97, "humidity": 0.4, "pressure": 1027.91, "windSpeed": 0.71, "windGust": 2.55, "windBearing": 72, "cloudCover": 0.18, "uvIndex": 0, "visibility": 7.88}, {"time": 1427241600, "summary": "Clear", "icon": "clear-night", "precipIntensity": 0, "precipProbability": 0, "temperature": 39.93, "apparentTemperature": 39.93, "dewPoint": 20.37, "humidity": 0.45, "pressure": 1028.39, "windSpeed": 0.22, "windGust": 1.09, "windBearing": 91, "cloudCover": 0.16, "uvIndex": 0, "visibility": 7.84}, {"time": 1427245200, "summary": "Clear", "icon": "clear-night", "precipIntensity": 0, "precipProbability": 0, "temperature": 37.46, "apparentTemperature": 37.46, "dewPoint": 20.59, "humidity": 0.5, "pressure": 1028.73, "windSpeed": 0.27, "windGust": 0.79, "windBearing": 95, "cloudCover": 0.21, "uvIndex": 0, "visibility": 6.48}, {"time": 1427248800, "summary": "Clear", "icon": "clear-night", "precipIntensity": 0, "precipProbability": 0, "temperature": 35.59, "apparentTemperature": 35.59, "dewPoint": 20.88, "humidity": 0.55, "pressure": 1029, "windSpeed": 0.06, "windGust": 0.45, "windBearing": 90, "cloudCover": 0.06, "uvIndex": 0, "visibility": 7.46}, {"time": 1427252400, "summary": "Clear", "icon": "clear-night", "precipIntensity": 0, "precipProbability": 0, "temperature": 33.92, "apparentTemperature": 33.92, "dewPoint": 21.05, "humidity": 0.59, "pressure": 1029.23, "windSpeed": 0.08, "windGust": 0.27, "windBearing": 90, "cloudCover": 0.08, "uvIndex": 0, "visibility": 6.8}]}, "daily": {"data": [{"time": 1427169600, "summary": "Mostly cloudy until evening.", "icon": "partly-cloudy-day", "sunriseTime": 1427195191, "sunsetTime": 1427239475, "moonPhase": 0.16, "precipIntensity": 0, "precipIntensityMax": 0, "precipProbability": 0, "temperatureHigh": 44.05, "temperatureHighTime": 1427230800, "temperatureLow": 27.81, "temperatureLowTime": 1427277600, "apparentTemperatureHigh": 44.05, "apparentTemperatureHighTime": 1427230800, "apparentTemperatureLow": 27.81, "apparentTemperatureLowTime": 1427277600, "dewPoint": 19.63, "humidity": 0.45, "pressure": 1026.61, "windSpeed": 0.86, "windGust": 5.63, "windGustTime": 1427230800, "windBearing": 82, "cloudCover": 0.76, "uvIndex": 4, "uvIndexTime": 1427212800, "visibility": 7.67, "temperatureMin": 33.92, "temperatureMinTime": 1427252400, "temperatureMax": 44.05, "temperatureMaxTime": 1427230800, "apparentTemperatureMin": 33.92, "apparentTemperatureMinTime": 1427252400, "apparentTemperatureMax": 44.05, "apparentTemperatureMaxTime": 1427230800}]}, "flags": {"sources": ["cmc", "gfs", "hrrr", "icon", "isd", "madis", "nam", "sref"], "nearest-station": 0.675, "units": "us"}, "offset": -4}