{"latitude": 38.912659, "longitude": -77.017669, "timezone": "America/New_York", "currently": {"time": 1462161600, "summary": "Drizzle", "icon": "rain", "precipIntensity": 0.0088, "precipProbability": 0.61, "precipType": "rain", "temperature": 54.94, "apparentTemperature": 54.94, "dewPoint": 53.16, "humidity": 0.94, "pressure": 1016.68, "windSpeed": 0.45, "windGust": 1.36, "windBearing": 79, "cloudCover": 1, "uvIndex": 0, "visibility": 3.94}, "hourly": {"summary": "Rain starting in the evening.", "icon": "rain", "data": [{"time": 1462161600, "summary": "Overcast", "icon": "cloudy", "precipIntensity": 0.0088, "precipProbability": 0.61, "precipType": "rain", "temperature": 54.94, "apparentTemperature": 54.94, "dewPoint": 53.16, "humidity": 0.94, "pressure": 1016.68, "windSpeed": 0.45, "windGust": 1.36, "windBearing": 79, "cloudCover": 1, "uvIndex": 0, "visibility": 3.94}, {"time": 1462165200, "summary": "Light Rain", "icon": "rain", "precipIntensity": 0.0195, "precipProbability": 0.76, "precipType": "rain", "temperature": 54.72, "apparentTemperature": 54.72, "dewPoint": 52.95, "humidity": 0.94, "pressure": 1016.17, "windSpeed": 0.65, "windGust": 1.86, "windBearing": 111, "cloudCover": 1, "uvIndex": 0, "visibility": 4.52}, {"time": 1462168800, "summary": "Overcast", "icon": "cloudy", "precipIntensity": 0.009, "precipProbability": 0.7, "precipType": "rain", "temperature": 54.73, "apparentTemperature": 54.73, "dewPoint": 53.02, "humidity": 0.94, "pressure": 1015.66, "windSpeed": 0.34, "windGust": 1.32, "windBearing": 95, "cloudCover": 1, "uvIndex": 0, "visibility": 6.63}, {"time": 1462172400, "summary": "Overcast", "icon": "cloudy", "precipIntensity": 0.0025, "precipProbability": 0.35, "precipType": "rain", "temperature": 54.63, "apparentTemperature": 54.63, "dewPoint": 52.93, "humidity": 0.94, "pressure": 1014.83, "windSpeed": 0.44, "windGust": 1.77, "windBearing": 66, "cloudCover": 1, "uvIndex": 0, "visibility": 5.38}, {"time": 1462176000, "summary": "Overcast", "icon": "cloudy", "precipIntensity": 0, "precipProbability": 0, "temperature": 54.53, "apparentTemperature": 54.53, "dewPoint": 52.87, "humidity": 0.94, "pressure": 1014.1, "windSpeed": 0.26, "windGust": 1.24, "windBearing": 72, "cloudCover": 1, "uvIndex": 0, "visibility": 4.3}, {"time": 1462179600, "summary": "Foggy", "icon": "fog", "precipIntensity": 0, "precipProbability": 0, "temperature": 54.52, "apparentTemperature": 54.52, "dewPoint": 52.88, "humidity": 0.94, "pressure": 1014.09, "windSpeed": 0.32, "windGust": 1.12, "windBearing": 83, "cloudCover": 1, "uvIndex": 0, "visibility": 1.65}, {"time": 1462183200, "summary": "Foggy", "icon": "fog", "precipIntensity": 0.0005, "precipProbability": 0.24, "precipType": "rain", "temperature": 54.55, "apparentTemperature": 54.55, "dewPoint": 52.99, "humidity": 0.94, "pressure": 1014.6, "windSpeed": 0.23, "windGust": 0.79, "windBearing": 80, "cloudCover": 1, "uvIndex": 0, "visibility": 1.53}, {"time": 1462186800, "summary": "Foggy", "icon": "fog", "precipIntensity": 0.0024, "precipProbability": 0.39, "precipType": "rain", "temperature": 54.67, "apparentTemperature": 54.67, "dewPoint": 53.06, "humidity": 0.94, "pressure": 1014.72, "windSpeed": 0.23, "windGust": 0.87, "windBearing": 111, "cloudCover": 1, "uvIndex": 0, "visibility": 1.26}, {"time": 1462190400, "summary": "Foggy", "icon": "fog", "precipIntensity": 0.0006, "precipProbability": 0.25, "precipType": "rain", "temperature": 55.21, "apparentTemperature": 55.21, "dewPoint": 53.71, "humidity": 0.95, "pressure": 1015.5, "windSpeed": 0.26, "windGust": 1.04, "windBearing": 28, "cloudCover": 1, "uvIndex": 1, "visibility": 1.59}, {"time": 1462194000, "summary": "Overcast", "icon": "cloudy", "precipIntensity": 0.0016, "precipProbability": 0.25, "precipType": "rain", "temperature": 55.98, "apparentTemperature": 55.98, "dewPoint": 54.55, "humidity": 0.95, "pressure": 1015.08, "windSpeed": 0.91, "windGust": 2.89, "windBearing": 121, "cloudCover": 1, "uvIndex": 2, "visibility": 3.87}, {"time": 1462197600, "summary": "Overcast", "icon": "cloudy", "precipIntensity": 0.0014, "precipProbability": 0.16, "precipType": "rain", "temperature": 57.36, "apparentTemperature": 57.36, "dewPoint": 55.82, "humidity": 0.95, "pressure": 1014.62, "windSpeed": 0.9, "windGust": 3.23, "windBearing": 159, "cloudCover": 1, "uvIndex": 3, "visibility": 7.43}, {"time": 1462201200, "summary": "Overcast", "icon": "cloudy", "precipIntensity": 0, "precipProbability": 0, "temperature": 59.3, "apparentTemperature": 59.32, "dewPoint": 57.39, "humidity": 0.93, "pressure": 1014.39, "windSpeed": 0.61, "windGust": 2.6, "windBearing": 173, "cloudCover": 1, "uvIndex": 4, "visibility": 7.53}, {"time": 1462204800, "summary": "Overcast", "icon": "cloudy", "precipIntensity": 0, "precipProbability": 0, "temperature": 62.3, "apparentTemperature": 62.49, "dewPoint": 59.56, "humidity": 0.91, "pressure": 1013.96, "windSpeed": 1.15, "windGust": 4.29, "windBearing": 180, "cloudCover": 1, "uvIndex": 4, "visibility": 7.65}, {"time": 1462208400, "summary": "Mostly Cloudy", "icon": "partly-cloudy-day", "precipIntensity": 0, "precipProbability": 0, "temperature": 66.5, "apparentTemperature": 66.83, "dewPoint": 61.73, "humidity": 0.85, "pressure": 1013.08, "windSpeed": 1.32, "windGust": 4.56, "windBearing": 187, "cloudCover": 0.93, "uvIndex": 5, "visibility": 8.48}, {"time": 1462212000, "summary": "Mostly Cloudy", "icon": "partly-cloudy-day", "precipIntensity": 0, "precipProbability": 0, "temperature": 70.5, "apparentTemperature": 70.91, "dewPoint": 63.19, "humidity": 0.78, "pressure": 1012.76, "windSpeed": 1.89, "windGust": 6.1, "windBearing": 176, "cloudCover": 0.79, "uvIndex": 5, "visibility": 7.18}, {"time": 1462215600, "summary": "Clear", "icon": "clear-day", "precipIntensity": 0, "precipProbability": 0, "temperature": 73.63, "apparentTemperature": 74.12, "dewPoint": 64.32, "humidity": 0.73, "pressure": 1011.95, "windSpeed": 1.84, "windGust": 6.82, "windBearing": 166, "cloudCover": 0.23, "uvIndex": 7, "visibility": 6.69}, {"time": 1462219200, "summary": "Clear", "icon": "clear-day", "precipIntensity": 0, "precipProbability": 0, "temperature": 76.18, "apparentTemperature": 76.72, "dewPoint": 65.04, "humidity": 0.69, "pressure": 1011.08, "windSpeed": 1.37, "windGust": 5.45, "windBearing": 177, "cloudCover": 0.01, "uvIndex": 5, "visibility": 7.37}, {"time": 1462222800, "summary": "Clear", "icon": "clear-day", "precipIntensity": 0, "precipProbability": 0, "temperature": 77.07, "apparentTemperature": 77.66, "dewPoint": 65.6, "humidity": 0.68, "pressure": 1010.59, "windSpeed": 1.44, "windGust": 5.34, "windBearing": 152, "cloudCover": 0.02, "uvIndex": 3, "visibility": 7.31}, {"time": 1462226400, "summary": "Partly Cloudy", "icon": "partly-cloudy-day", "precipIntensity": 0, "precipProbability": 0, "temperature": 75.9, "apparentTemperature": 76.55, "dewPoint": 65.95, "humidity": 0.71, "pressure": 1009.9, "windSpeed": 0.75, "windGust": 3.13, "windBearing": 109, "cloudCover": 0.37, "uvIndex": 1, "visibility": 7.95}, {"time": 1462230000, "summary": "Partly Cloudy", "icon": "partly-cloudy-day", "precipIntensity": 0.0192, "precipProbability": 0.41, "precipType": "rain", "temperature": 71.34, "apparentTemperature": 71.96, "dewPoint": 65.01, "humidity": 0.8, "pressure": 1010.2, "windSpeed": 0.56, "windGust": 2.53, "windBearing": 105, "cloudCover": 0.58, "uvIndex": 0, "visibility": 5.77}, {"time": 1462233600, "summary": "Light Rain", "icon": "rain", "precipIntensity": 0.0469, "precipProbability": 0.77, "precipType": "rain", "temperature": 67.69, "apparentTemperature": 68.3, "dewPoint": 64.05, "humidity": 0.88, "pressure": 1009.61, "windSpeed": 0.62, "windGust": 3.34, "windBearing": 109, "cloudCover": 0.86, "uvIndex": 0, "visibility": 5.52}, {"time": 1462237200, "summary": "Rain", "icon": "rain", "precipIntensity": 0.1501, "precipProbability": 0.84, "precipType": "rain", "temperature": 65.82, "apparentTemperature": 66.31, "dewPoint": 62.67, "humidity": 0.9, "pressure": 1010.01, "windSpeed": 0.34, "windGust": 5.08, "windBearing": 15, "cloudCover": 1, "uvIndex": 0, "visibility": 6.74}, {"time": 1462240800, "summary": "Rain", "icon": "rain", "precipIntensity": 0.1563, "precipProbability": 0.73, "precipType": "rain", "temperature": 63.4, "apparentTemperature": 63.7, "dewPoint": 60.59, "humidity": 0.91, "pressure": 1011.45, "windSpeed": 0.35, "windGust": 2.27, "windBearing": 37, "cloudCover": 1, "uvIndex": 0, "visibility": 6.83}, {"time": 1462244400, "summary": "Light Rain", "icon": "rain", "precipIntensity": 0.0373, "precipProbability": 0.65, "precipType": "rain", "temperature": 62.66, "apparentTemperature": 62.97, "dewPoint": 60.38, "humidity": 0.92, "pressure": 1011.51, "windSpeed": 0.29, "windGust": 1.48, "windBearing": 156, "cloudCover": 0.77, "uvIndex": 0, "visibility": 7.08}]}, "daily": {"data": [{"time": 1462161600, "summary": "Rain starting in the evening.", "icon": "rain", "sunriseTime": 1462183763, "sunsetTime": 1462233782, "moonPhase": 0.85, "precipIntensity": 0.019, "precipIntensityMax": 0.1563, "precipIntensityMaxTime": 1462240800, "precipProbability": 0.84, "precipType": "rain", "temperatureHigh": 77.07, "temperatureHighTime": 1462222800, "temperatureLow": 61.38, "temperatureLowTime": 1462269600, "apparentTemperatureHigh": 77.66, "apparentTemperatureHighTime": 1462222800, "apparentTemperatureLow": 61.63, "apparentTemperatureLowTime": 1462269600, "dewPoint": 58.48, "humidity": 0.88, "pressure": 1013.19, "windSpeed": 0.54, "windGust": 6.82, "windGustTime": 1462215600, "windBearing": 145, "cloudCover": 0.82, "uvIndex": 7, "uvIndexTime": 1462215600, "visibility": 5.59, "temperatureMin": 54.52, "temperatureMinTime": 1462179600, "temperatureMax": 77.07, "temperatureMaxTime": 1462222800, "apparentTemperatureMin": 54.52, "apparentTemperatureMinTime": 1462179600, "apparentTemperatureMax": 77.66, "apparentTemperatureMaxTime": 1462222800}]}, "flags": {"sources": ["cmc", "gfs", "hrrr", "icon", "isd", "madis", "nam", "sref"], "nearest-station": 1.106, "units": "us"}, "offset": -4}