{"latitude": 38.912659, "longitude": -77.017669, "timezone": "America/New_York", "currently": {"time": 1427601600, "summary": "Clear", "icon": "clear-night", "precipIntensity": 0, "precipProbability": 0, "temperature": 28.89, "apparentTemperature": 24.93, "dewPoint": 9.49, "humidity": 0.43, "pressure": 1024.22, "windSpeed": 3.63, "windGust": 9.38, "windBearing": 305, "cloudCover": 0, "uvIndex": 0, "visibility": 7.88}, "hourly": {"summary": "Partly cloudy starting in the evening.", "icon": "partly-cloudy-night", "data": [{"time": 1427601600, "summary": "Clear", "icon": "clear-night", "precipIntensity": 0, "precipProbability": 0, "temperature": 28.89, "apparentTemperature": 24.93, "dewPoint": 9.49, "humidity": 0.43, "pressure": 1024.22, "windSpeed": 3.63, "windGust": 9.38, "windBearing": 305, "cloudCover": 0, "uvIndex": 0, "visibility": 7.88}, {"time": 1427605200, "summary": "Clear", "icon": "clear-night", "precipIntensity": 0, "precipProbability": 0, "temperature": 28.52, "apparentTemperature": 24.05, "dewPoint": 7.87, "humidity": 0.41, "pressure": 1024.72, "windSpeed": 4.01, "windGust": 10.32, "windBearing": 314, "cloudCover": 0, "uvIndex": 0, "visibility": 7.51}, {"time": 1427608800, "summary": "Clear", "icon": "clear-night", "precipIntensity": 0, "precipProbability": 0, "temperature": 27.87, "apparentTemperature": 23.51, "dewPoint": 6.28, "humidity": 0.39, "pressure": 1025.14, "windSpeed": 3.83, "windGust": 10.23, "windBearing": 320, "cloudCover": 0, "uvIndex": 0, "visibility": 8.12}, {"time": 1427612400, "summary": "Clear", "icon": "clear-night", "precipIntensity": 0, "precipProbability": 0, "temperature": 27.01, "apparentTemperature": 22.86, "dewPoint": 6.25, "humidity": 0.41, "pressure": 1025.64, "windSpeed": 3.56, "windGust": 8.76, "windBearing": 322, "cloudCover": 0, "uvIndex": 0, "visibility": 7.25}, {"time": 1427616000, "summary": "Clear", "icon": "clear-night", "precipIntensity": 0, "precipProbability": 0, "temperature": 26.15, "apparentTemperature": 26.15, "dewPoint": 7.02, "humidity": 0.44, "pressure": 1025.97, "windSpeed": 2.85, "windGust": 8.01, "windBearing": 314, "cloudCover": 0, "uvIndex": 0, "visibility": 7.71}, {"time": 1427619600, "summary": "Clear", "icon": "clear-night", "precipIntensity": 0, "precipProbability": 0, "temperature": 25.38, "apparentTemperature": 25.38, "dewPoint": 7.82, "humidity": 0.47, "pressure": 1026.31, "windSpeed": 2.59, "windGust": 7.07, "windBearing": 312, "cloudCover": 0, "uvIndex": 0, "visibility": 8.78}, {"time": 1427623200, "summary": "Clear", "icon": "clear-night", "precipIntensity": 0, "precipProbability": 0, "temperature": 24.93, "apparentTemperature": 21.28, "dewPoint": 8.63, "humidity": 0.49, "pressure": 1026.99, "windSpeed": 3.02, "windGust": 7.37, "windBearing": 306, "cloudCover": 0, "uvIndex": 0, "visibility": 8.6}, {"time": 1427626800, "summary": "Clear", "icon": "clear-night", "precipIntensity": 0, "precipProbability": 0, "temperature": 24.31, "apparentTemperature": 24.31, "dewPoint": 9.02, "humidity": 0.51, "pressure": 1027.92, "windSpeed": 2.62, "windGust": 6.58, "windBearing": 308, "cloudCover": 0, "uvIndex": 0, "visibility": 8.46}, {"time": 1427630400, "summary": "Clear", "icon": "clear-day", "precipIntensity": 0, "precipProbability": 0, "temperature": 25.36, "apparentTemperature": 21.79, "dewPoint": 9.94, "humidity": 0.51, "pressure": 1028.78, "windSpeed": 3.01, "windGust": 7.52, "windBearing": 307, "cloudCover": 0, "uvIndex": 0, "visibility": 7.87}, {"time": 1427634000, "summary": "Clear", "icon": "clear-day", "precipIntensity": 0, "precipProbability": 0, "temperature": 28.08, "apparentTemperature": 23.38, "dewPoint": 10.96, "humidity": 0.48, "pressure": 1029.1, "windSpeed": 4.14, "windGust": 9.63, "windBearing": 314, "cloudCover": 0, "uvIndex": 1, "visibility": 7.83}, {"time": 1427637600, "summary": "Clear", "icon": "clear-day", "precipIntensity": 0, "precipProbability": 0, "temperature": 30.93, "apparentTemperature": 27.55, "dewPoint": 10.82, "humidity": 0.42, "pressure": 1029.37, "windSpeed": 3.41, "windGust": 9.13, "windBearing": 320, "cloudCover": 0, "uvIndex": 3, "visibility": 7.87}, {"time": 1427641200, "summary": "Clear", "icon": "clear-day", "precipIntensity": 0, "precipProbability": 0, "temperature": 33.9, "apparentTemperature": 31.16, "dewPoint": 10.24, "humidity": 0.37, "pressure": 1029.74, "windSpeed": 3.24, "windGust": 9.49, "windBearing": 322, "cloudCover": 0, "uvIndex": 5, "visibility": 8.16}, {"time": 1427644800, "summary": "Clear", "icon": "clear-day", "precipIntensity": 0, "precipProbability": 0, "temperature": 36.41, "apparentTemperature": 36.41, "dewPoint": 9.51, "humidity": 0.32, "pressure": 1029.32, "windSpeed": 2.62, "windGust": 8.89, "windBearing": 309, "cloudCover": 0, "uvIndex": 7, "visibility": 7.88}, {"time": 1427648400, "summary": "Clear", "icon": "clear-day", "precipIntensity": 0, "precipProbability": 0, "temperature": 38.87, "apparentTemperature": 38.87, "dewPoint": 9.91, "humidity": 0.3, "pressure": 1028.4, "windSpeed": 2.25, "windGust": 8.13, "windBearing": 298, "cloudCover": 0, "uvIndex": 7, "visibility": 7.61}, {"time": 1427652000, "summary": "Clear", "icon": "clear-day", "precipIntensity": 0, "precipProbability": 0, "temperature": 41.11, "apparentTemperature": 41.11, "dewPoint": 10.62, "humidity": 0.28, "pressure": 1027.66, "windSpeed": 2.02, "windGust": 8.08, "windBearing": 287, "cloudCover": 0.06, "uvIndex": 7, "visibility": 7.47}, {"time": 1427655600, "summary": "Clear", "icon": "clear-day", "precipIntensity": 0, "precipProbability": 0, "temperature": 43.28, "apparentTemperature": 43.28, "dewPoint": 10.92, "humidity": 0.26, "pressure": 1026.51, "windSpeed": 1.75, "windGust": 7.7, "windBearing": 285, "cloudCover": 0.02, "uvIndex": 6, "visibility": 7.49}, {"time": 1427659200, "summary": "Clear", "icon": "clear-day", "precipIntensity": 0, "precipProbability": 0, "temperature": 44.79, "apparentTemperature": 44.79, "dewPoint": 9.6, "humidity": 0.23, "pressure": 1025.38, "windSpeed": 1.6, "windGust": 7.3, "windBearing": 285, "cloudCover": 0.06, "uvIndex": 4, "visibility": 8.09}, {"time": 1427662800, "summary": "Clear", "icon": "clear-day", "precipIntensity": 0, "precipProbability": 0, "temperature": 46.11, "apparentTemperature": 46.11, "dewPoint": 9.06, "humidity": 0.22, "pressure": 1024.94, "windSpeed": 2.35, "windGust": 7.6, "windBearing": 271, "cloudCover": 0.06, "uvIndex": 2, "visibility": 8.1}, {"time": 1427666400, "summary": "Clear", "icon": "clear-day", "precipIntensity": 0, "precipProbability": 0, "temperature": 46.13, "apparentTemperature": 46.13, "dewPoint": 8.08, "humidity": 0.21, "pressure": 1024.04, "windSpeed": 1.18, "windGust": 5.88, "windBearing": 261, "cloudCover": 0.14, "uvIndex": 1, "visibility": 7.86}, {"time": 1427670000, "summary": "Clear", "icon": "clear-day", "precipIntensity": 0, "precipProbability": 0, "temperature": 44.51, "apparentTemperature": 44.51, "dewPoint": 8.7, "humidity": 0.23, "pressure": 1023.31, "windSpeed": 0.97, "windGust": 4.36, "windBearing": 200, "cloudCover": 0.13, "uvIndex": 0, "visibility": 8.29}, {"time": 1427673600, "summary": "Clear", "icon": "clear-night", "precipIntensity": 0, "precipProbability": 0, "temperature": 41.6, "apparentTemperature": 41.6, "dewPoint": 10.74, "humidity": 0.28, "pressure": 1022.73, "windSpeed": 0.8, "windGust": 2.39, "windBearing": 176, "cloudCover": 0.13, "uvIndex": 0, "visibility": 7.11}, {"time": 1427677200, "summary": "Partly Cloudy", "icon": "partly-cloudy-night", "precipIntensity": 0, "precipProbability": 0, "temperature": 39.47, "apparentTemperature": 39.47, "dewPoint": 12.29, "humidity": 0.32, "pressure": 1022.5, "windSpeed": 0.45, "windGust": 1.67, "windBearing": 167, "cloudCover": 0.31, "uvIndex": 0, "visibility": 7.17}, {"time": 1427680800, "summary": "Partly Cloudy", "icon": "partly-cloudy-night", "precipIntensity": 0, "precipProbability": 0, "temperature": 38.87, "apparentTemperature": 38.87, "dewPoint": 13.65, "humidity": 0.35, "pressure": 1021.44, "windSpeed": 1.04, "windGust": 3.93, "windBearing": 156, "cloudCover": 0.48, "uvIndex": 0, "visibility": 6.18}, {"time": 1427684400, "summary": "Partly Cloudy", "icon": "partly-cloudy-night", "precipIntensity": 0, "precipProbability": 0, "temperature": 39.74, "apparentTemperature": 39.74, "dewPoint": 14.66, "humidity": 0.35, "pressure": 1020.91, "windSpeed": 1.69, "windGust": 5.83, "windBearing": 176, "cloudCover": 0.46, "uvIndex": 0, "visibility": 7.46}]}, "daily": {"data": [{"time": 1427601600, "summary": "Mostly cloudy starting in the evening.", "icon": "partly-cloudy-night", "sunriseTime": 1427626716, "sunsetTime": 1427671761, "moonPhase": 0.32, "precipIntensity": 0, "precipIntensityMax": 0, "precipProbability": 0, "temperatureHigh": 46.13, "temperatureHighTime": 1427666400, "temperatureLow": 38.87, "temperatureLowTime": 1427680800, "apparentTemperatureHigh": 46.13, "apparentTemperatureHighTime": 1427666400, "apparentTemperatureLow": 38.87, "apparentTemperatureLowTime": 1427680800, "dewPoint": 9.67, "humidity": 0.36, "pressure": 1025.88, "windSpeed": 2.04, "windGust": 10.32, "windGustTime": 1427605200, "windBearing": 303, "cloudCover": 0.08, "uvIndex": 7, "uvIndexTime": 1427644800, "visibility": 7.78, "temperatureMin": 24.31, "temperatureMinTime": 1427626800, "temperatureMax": 46.13, "temperatureMaxTime": 1427666400, "apparentTemperatureMin": 21.28, "apparentTemperatureMinTime": 1427623200, "apparentTemperatureMax": 46.13, "apparentTemperatureMaxTime": 1427666400}]}, "flags": {"sources": ["cmc", "gfs", "hrrr", "icon", "isd", "madis", "nam", "sref"], "nearest-station": 0.675, "units": "us"}, "offset": -4}