{"latitude": 38.912659, "longitude": -77.017669, "timezone": "America/New_York", "currently": {"time": 1459915200, "summary": "Clear", "icon": "clear-night", "precipIntensity": 0, "precipProbability": 0, "temperature": 31.76, "apparentTemperature": 31.76, "dewPoint": 20.36, "humidity": 0.62, "pressure": 1028.94, "windSpeed": 0, "windGust": 0.04, "cloudCover": 0, "uvIndex": 0, "visibility": 10}, "hourly": {"summary": "Partly cloudy starting in the evening.", "icon": "partly-cloudy-night", "data": [{"time": 1459915200, "summary": "Clear", "icon": "clear-night", "precipIntensity": 0, "precipProbability": 0, "temperature": 31.76, "apparentTemperature": 31.76, "dewPoint": 20.36, "humidity": 0.62, "pressure": 1028.94, "windSpeed": 0, "windGust": 0.04, "cloudCover": 0, "uvIndex": 0, "visibility": 10}, {"time": 1459918800, "summary": "Clear", "icon": "clear-night", "precipIntensity": 0, "precipProbability": 0, "temperature": 30.63, "apparentTemperature": 30.63, "dewPoint": 20.84, "humidity": 0.67, "pressure": 1028.93, "windSpeed": 0, "windGust": 0.04, "cloudCover": 0, "uvIndex": 0, "visibility": 10}, {"time": 1459922400, "summary": "Clear", "icon": "clear-night", "precipIntensity": 0, "precipProbability": 0, "temperature": 29.72, "apparentTemperature": 29.72, "dewPoint": 20.91, "humidity": 0.69, "pressure": 1028.33, "windSpeed": 0, "windGust": 0.02, "cloudCover": 0, "uvIndex": 0, "visibility": 10}, {"time": 1459926000, "summary": "Clear", "icon": "clear-night", "precipIntensity": 0, "precipProbability": 0, "temperature": 29.08, "apparentTemperature": 29.08, "dewPoint": 21.05, "humidity": 0.72, "pressure": 1028.1, "windSpeed": 0, "windGust": 0.03, "cloudCover": 0.02, "uvIndex": 0, "visibility": 10}, {"time": 1459929600, "summary": "Clear", "icon": "clear-night", "precipIntensity": 0, "precipProbability": 0, "temperature": 28.49, "apparentTemperature": 28.49, "dewPoint": 21.15, "humidity": 0.74, "pressure": 1027.93, "windSpeed": 0, "windGust": 0.09, "cloudCover": 0, "uvIndex": 0, "visibility": 8.49}, {"time": 1459933200, "summary": "Clear", "icon": "clear-night", "precipIntensity": 0, "precipProbability": 0, "temperature": 28.01, "apparentTemperature": 28.01, "dewPoint": 21.2, "humidity": 0.75, "pressure": 1028.15, "windSpeed": 0, "windGust": 0.11, "cloudCover": 0, "uvIndex": 0, "visibility": 9.83}, {"time": 1459936800, "summary": "Clear", "icon": "clear-night", "precipIntensity": 0, "precipProbability": 0, "temperature": 27.9, "apparentTemperature": 27.9, "dewPoint": 21.2, "humidity": 0.76, "pressure": 1027.94, "windSpeed": 0, "windGust": 0.28, "cloudCover": 0.07, "uvIndex": 0, "visibility": 10}, {"time": 1459940400, "summary": "Clear", "icon": "clear-day", "precipIntensity": 0, "precipProbability": 0, "temperature": 28.65, "apparentTemperature": 28.65, "dewPoint": 21.15, "humidity": 0.73, "pressure": 1028.26, "windSpeed": 0.04, "windGust": 0.66, "windBearing": 263, "cloudCover": 0.19, "uvIndex": 0, "visibility": 10}, {"time": 1459944000, "summary": "Clear", "icon": "clear-day", "precipIntensity": 0, "precipProbability": 0, "temperature": 32.6, "apparentTemperature": 32.6, "dewPoint": 22.73, "humidity": 0.67, "pressure": 1029.03, "windSpeed": 0.4, "windGust": 1.96, "windBearing": 206, "cloudCover": 0.23, "uvIndex": 0, "visibility": 10}, {"time": 1459947600, "summary": "Partly Cloudy", "icon": "partly-cloudy-day", "precipIntensity": 0, "precipProbability": 0, "temperature": 39.3, "apparentTemperature": 39.3, "dewPoint": 23.18, "humidity": 0.52, "pressure": 1028.97, "windSpeed": 2.26, "windGust": 7.05, "windBearing": 213, "cloudCover": 0.32, "uvIndex": 2, "visibility": 7.7}, {"time": 1459951200, "summary": "Clear", "icon": "clear-day", "precipIntensity": 0, "precipProbability": 0, "temperature": 43.89, "apparentTemperature": 42.31, "dewPoint": 21.87, "humidity": 0.41, "pressure": 1028.59, "windSpeed": 3.44, "windGust": 10.18, "windBearing": 200, "cloudCover": 0.02, "uvIndex": 3, "visibility": 7.87}, {"time": 1459954800, "summary": "Clear", "icon": "clear-day", "precipIntensity": 0, "precipProbability": 0, "temperature": 46.92, "apparentTemperature": 45.26, "dewPoint": 21.87, "humidity": 0.37, "pressure": 1027.99, "windSpeed": 4.06, "windGust": 12.47, "windBearing": 190, "cloudCover": 0.01, "uvIndex": 6, "visibility": 8.37}, {"time": 1459958400, "summary": "Clear", "icon": "clear-day", "precipIntensity": 0, "precipProbability": 0, "temperature": 49.2, "apparentTemperature": 47.55, "dewPoint": 23.43, "humidity": 0.36, "pressure": 1026.89, "windSpeed": 4.58, "windGust": 12.99, "windBearing": 179, "cloudCover": 0.01, "uvIndex": 7, "visibility": 8.37}, {"time": 1459962000, "summary": "Clear", "icon": "clear-day", "precipIntensity": 0, "precipProbability": 0, "temperature": 51.45, "apparentTemperature": 51.45, "dewPoint": 24.8, "humidity": 0.35, "pressure": 1025.22, "windSpeed": 4.43, "windGust": 13.05, "windBearing": 179, "cloudCover": 0.04, "uvIndex": 8, "visibility": 9.03}, {"time": 1459965600, "summary": "Clear", "icon": "clear-day", "precipIntensity": 0, "precipProbability": 0, "temperature": 53.21, "apparentTemperature": 53.21, "dewPoint": 25.79, "humidity": 0.34, "pressure": 1023.63, "windSpeed": 4.46, "windGust": 13.43, "windBearing": 177, "cloudCover": 0.18, "uvIndex": 7, "visibility": 9.15}, {"time": 1459969200, "summary": "Clear", "icon": "clear-day", "precipIntensity": 0, "precipProbability": 0, "temperature": 54.56, "apparentTemperature": 54.56, "dewPoint": 26.49, "humidity": 0.34, "pressure": 1021.89, "windSpeed": 4.76, "windGust": 14.87, "windBearing": 175, "cloudCover": 0.1, "uvIndex": 6, "visibility": 9.14}, {"time": 1459972800, "summary": "Clear", "icon": "clear-day", "precipIntensity": 0, "precipProbability": 0, "temperature": 55.75, "apparentTemperature": 55.75, "dewPoint": 26.5, "humidity": 0.32, "pressure": 1019.84, "windSpeed": 5.33, "windGust": 14.23, "windBearing": 179, "cloudCover": 0.22, "uvIndex": 4, "visibility": 9.47}, {"time": 1459976400, "summary": "Partly Cloudy", "icon": "partly-cloudy-day", "precipIntensity": 0, "precipProbability": 0, "temperature": 55.54, "apparentTemperature": 55.54, "dewPoint": 26.52, "humidity": 0.32, "pressure": 1018.37, "windSpeed": 4.64, "windGust": 14.35, "windBearing": 183, "cloudCover": 0.29, "uvIndex": 2, "visibility": 8.75}, {"time": 1459980000, "summary": "Clear", "icon": "clear-day", "precipIntensity": 0, "precipProbability": 0, "temperature": 55.07, "apparentTemperature": 55.07, "dewPoint": 26.51, "humidity": 0.33, "pressure": 1017.24, "windSpeed": 4.47, "windGust": 13.95, "windBearing": 178, "cloudCover": 0.21, "uvIndex": 1, "visibility": 8.37}, {"time": 1459983600, "summary": "Clear", "icon": "clear-day", "precipIntensity": 0, "precipProbability": 0, "temperature": 54.71, "apparentTemperature": 54.71, "dewPoint": 26.63, "humidity": 0.34, "pressure": 1016.3, "windSpeed": 4.14, "windGust": 13.02, "windBearing": 178, "cloudCover": 0.22, "uvIndex": 0, "visibility": 7.87}, {"time": 1459987200, "summary": "Clear", "icon": "clear-night", "precipIntensity": 0, "precipProbability": 0, "temperature": 53.44, "apparentTemperature": 53.44, "dewPoint": 27.77, "humidity": 0.37, "pressure": 1015.6, "windSpeed": 4.06, "windGust": 10.52, "windBearing": 170, "cloudCover": 0.23, "uvIndex": 0, "visibility": 8.18}, {"time": 1459990800, "summary": "Partly Cloudy", "icon": "partly-cloudy-night", "precipIntensity": 0, "precipProbability": 0, "temperature": 52.41, "apparentTemperature": 52.41, "dewPoint": 30.61, "humidity": 0.43, "pressure": 1014.88, "windSpeed": 3.18, "windGust": 8.84, "windBearing": 167, "cloudCover": 0.29, "uvIndex": 0, "visibility": 8.31}, {"time": 1459994400, "summary": "Partly Cloudy", "icon": "partly-cloudy-night", "precipIntensity": 0, "precipProbability": 0, "temperature": 51.41, "apparentTemperature": 51.41, "dewPoint": 34.17, "humidity": 0.52, "pressure": 1014.2, "windSpeed": 2.92, "windGust": 7.52, "windBearing": 163, "cloudCover": 0.34, "uvIndex": 0, "visibility": 8}, {"time": 1459998000, "summary": "Partly Cloudy", "icon": "partly-cloudy-night", "precipIntensity": 0, "precipProbability": 0, "temperature": 50.77, "apparentTemperature": 50.77, "dewPoint": 36.19, "humidity": 0.57, "pressure": 1013.41, "windSpeed": 2.83, "windGust": 7.47, "windBearing": 171, "cloudCover": 0.35, "uvIndex": 0, "visibility": 8.25}]}, "daily": {"data": [{"time": 1459915200, "summary": "Partly cloudy starting in the evening.", "icon": "partly-cloudy-night", "sunriseTime": 1459939497, "sunsetTime": 1459985863, "moonPhase": 0.97, "precipIntensity": 0, "precipIntensityMax": 0, "precipProbability": 0, "temperatureHigh": 55.75, "temperatureHighTime": 1459972800, "temperatureLow": 50.77, "temperatureLowTime": 1459998000, "apparentTemperatureHigh": 55.75, "apparentTemperatureHighTime": 1459972800, "apparentTemperatureLow": 50.77, "apparentTemperatureLowTime": 1459998000, "dewPoint": 24.71, "humidity": 0.51, "pressure": 1023.69, "windSpeed": 2.46, "windGust": 14.87, "windGustTime": 1459969200, "windBearing": 180, "cloudCover": 0.14, "uvIndex": 8, "uvIndexTime": 1459962000, "visibility": 8.96, "temperatureMin": 27.9, "temperatureMinTime": 1459936800, "temperatureMax": 55.75, "temperatureMaxTime": 1459972800, "apparentTemperatureMin": 27.9, "apparentTemperatureMinTime": 1459936800, "apparentTemperatureMax": 55.75, "apparentTemperatureMaxTime": 1459972800}]}, "flags": {"sources": ["cmc", "gfs", "hrrr", "icon", "isd", "madis", "nam", "sref"], "nearest-station": 1.106, "units": "us"}, "offset": -4}