{"latitude": 38.912659, "longitude": -77.017669, "timezone": "America/New_York", "currently": {"time": 1454562000, "summary": "Overcast", "icon": "cloudy", "precipIntensity": 0.0004, "precipProbability": 0.13, "precipType": "rain", "temperature": 56.72, "apparentTemperature": 56.72, "dewPoint": 55.29, "humidity": 0.95, "pressure": 1012.29, "windSpeed": 1.45, "windGust": 4.95, "windBearing": 181, "cloudCover": 1, "uvIndex": 0, "visibility": 2.71}, "hourly": {"summary": "Foggy starting overnight, continuing until morning.", "icon": "fog", "data": [{"time": 1454562000, "summary": "Overcast", "icon": "cloudy", "precipIntensity": 0.0004, "precipProbability": 0.13, "precipType": "rain", "temperature": 56.72, "apparentTemperature": 56.72, "dewPoint": 55.29, "humidity": 0.95, "pressure": 1012.29, "windSpeed": 1.45, "windGust": 4.95, "windBearing": 181, "cloudCover": 1, "uvIndex": 0, "visibility": 2.71}, {"time": 1454565600, "summary": "Overcast", "icon": "cloudy", "precipIntensity": 0.0015, "precipProbability": 0.34, "precipType": "rain", "temperature": 57.36, "apparentTemperature": 57.36, "dewPoint": 55.98, "humidity": 0.95, "pressure": 1011.83, "windSpeed": 0.82, "windGust": 3.67, "windBearing": 190, "cloudCover": 1, "uvIndex": 0, "visibility": 3.3}, {"time": 1454569200, "summary": "Foggy", "icon": "fog", "precipIntensity": 0.0018, "precipProbability": 0.41, "precipType": "rain", "temperature": 57.39, "apparentTemperature": 57.39, "dewPoint": 56, "humidity": 0.95, "pressure": 1011.51, "windSpeed": 0.4, "windGust": 2.11, "windBearing": 194, "cloudCover": 1, "uvIndex": 0, "visibility": 1.43}, {"time": 1454572800, "summary": "Foggy", "icon": "fog", "precipIntensity": 0.0007, "precipProbability": 0.2, "precipType": "rain", "temperature": 57.1, "apparentTemperature": 57.1, "dewPoint": 55.69, "humidity": 0.95, "pressure": 1011.85, "windSpeed": 0.42, "windGust": 2.07, "windBearing": 216, "cloudCover": 1, "uvIndex": 0, "visibility": 1.77}, {"time": 1454576400, "summary": "Foggy", "icon": "fog", "precipIntensity": 0.0009, "precipProbability": 0.24, "precipType": "rain", "temperature": 56.48, "apparentTemperature": 56.48, "dewPoint": 55.07, "humidity": 0.95, "pressure": 1011.88, "windSpeed": 0.51, "windGust": 3.27, "windBearing": 252, "cloudCover": 1, "uvIndex": 0, "visibility": 1.71}, {"time": 1454580000, "summary": "Overcast", "icon": "cloudy", "precipIntensity": 0.001, "precipProbability": 0.21, "precipType": "rain", "temperature": 52.88, "apparentTemperature": 52.88, "dewPoint": 51.1, "humidity": 0.94, "pressure": 1013.26, "windSpeed": 2.11, "windGust": 8.08, "windBearing": 305, "cloudCover": 1, "uvIndex": 0, "visibility": 6.52}, {"time": 1454583600, "summary": "Mostly Cloudy", "icon": "partly-cloudy-night", "precipIntensity": 0.0002, "precipProbability": 0.11, "precipType": "rain", "temperature": 50.23, "apparentTemperature": 50.23, "dewPoint": 46.33, "humidity": 0.86, "pressure": 1014.46, "windSpeed": 2.34, "windGust": 7.9, "windBearing": 322, "cloudCover": 0.92, "uvIndex": 0, "visibility": 7.9}, {"time": 1454587200, "summary": "Overcast", "icon": "cloudy", "precipIntensity": 0, "precipProbability": 0, "temperature": 49.33, "apparentTemperature": 48.48, "dewPoint": 44.3, "humidity": 0.83, "pressure": 1015.63, "windSpeed": 3.51, "windGust": 9.16, "windBearing": 329, "cloudCover": 1, "uvIndex": 0, "visibility": 7.98}, {"time": 1454590800, "summary": "Overcast", "icon": "cloudy", "precipIntensity": 0, "precipProbability": 0, "temperature": 48.18, "apparentTemperature": 47.38, "dewPoint": 41.65, "humidity": 0.78, "pressure": 1016.51, "windSpeed": 3.25, "windGust": 9.26, "windBearing": 338, "cloudCover": 1, "uvIndex": 0, "visibility": 7.93}, {"time": 1454594400, "summary": "Overcast", "icon": "cloudy", "precipIntensity": 0, "precipProbability": 0, "temperature": 47.85, "apparentTemperature": 46.7, "dewPoint": 39.23, "humidity": 0.72, "pressure": 1017.95, "windSpeed": 3.61, "windGust": 9.23, "windBearing": 338, "cloudCover": 1, "uvIndex": 1, "visibility": 8.16}, {"time": 1454598000, "summary": "Overcast", "icon": "cloudy", "precipIntensity": 0, "precipProbability": 0, "temperature": 47.64, "apparentTemperature": 46.59, "dewPoint": 37.31, "humidity": 0.67, "pressure": 1018.79, "windSpeed": 3.45, "windGust": 9.99, "windBearing": 336, "cloudCover": 1, "uvIndex": 1, "visibility": 8.25}, {"time": 1454601600, "summary": "Overcast", "icon": "cloudy", "precipIntensity": 0, "precipProbability": 0, "temperature": 47.58, "apparentTemperature": 46.37, "dewPoint": 35.7, "humidity": 0.63, "pressure": 1019.45, "windSpeed": 3.64, "windGust": 9.58, "windBearing": 334, "cloudCover": 1, "uvIndex": 2, "visibility": 8.16}, {"time": 1454605200, "summary": "Overcast", "icon": "cloudy", "precipIntensity": 0, "precipProbability": 0, "temperature": 47.43, "apparentTemperature": 46.12, "dewPoint": 34.68, "humidity": 0.61, "pressure": 1018.77, "windSpeed": 3.72, "windGust": 10.17, "windBearing": 338, "cloudCover": 1, "uvIndex": 2, "visibility": 7.64}, {"time": 1454608800, "summary": "Overcast", "icon": "cloudy", "precipIntensity": 0, "precipProbability": 0, "temperature": 47.76, "apparentTemperature": 46.45, "dewPoint": 34.25, "humidity": 0.59, "pressure": 1017.99, "windSpeed": 3.78, "windGust": 10.75, "windBearing": 341, "cloudCover": 1, "uvIndex": 2, "visibility": 8.37}, {"time": 1454612400, "summary": "Overcast", "icon": "cloudy", "precipIntensity": 0, "precipProbability": 0, "temperature": 48.1, "apparentTemperature": 47.08, "dewPoint": 33.65, "humidity": 0.57, "pressure": 1017.4, "windSpeed": 3.5, "windGust": 10.06, "windBearing": 353, "cloudCover": 1, "uvIndex": 2, "visibility": 8.16}, {"time": 1454616000, "summary": "Overcast", "icon": "cloudy", "precipIntensity": 0, "precipProbability": 0, "temperature": 48.17, "apparentTemperature": 47.54, "dewPoint": 33.15, "humidity": 0.56, "pressure": 1018, "windSpeed": 3.07, "windGust": 8.81, "windBearing": 350, "cloudCover": 1, "uvIndex": 1, "visibility": 8.01}, {"time": 1454619600, "summary": "Overcast", "icon": "cloudy", "precipIntensity": 0, "precipProbability": 0, "temperature": 47.75, "apparentTemperature": 47.75, "dewPoint": 32.53, "humidity": 0.55, "pressure": 1018.18, "windSpeed": 2.42, "windGust": 6.88, "windBearing": 357, "cloudCover": 1, "uvIndex": 0, "visibility": 8.24}, {"time": 1454623200, "summary": "Overcast", "icon": "cloudy", "precipIntensity": 0, "precipProbability": 0, "temperature": 47.08, "apparentTemperature": 47.08, "dewPoint": 32.34, "humidity": 0.56, "pressure": 1018.66, "windSpeed": 1.39, "windGust": 4.71, "windBearing": 352, "cloudCover": 1, "uvIndex": 0, "visibility": 7.88}, {"time": 1454626800, "summary": "Overcast", "icon": "cloudy", "precipIntensity": 0, "precipProbability": 0, "temperature": 46.08, "apparentTemperature": 46.08, "dewPoint": 31.91, "humidity": 0.57, "pressure": 1019.01, "windSpeed": 1.24, "windGust": 4.26, "windBearing": 357, "cloudCover": 1, "uvIndex": 0, "visibility": 7.92}, {"time": 1454630400, "summary": "Overcast", "icon": "cloudy", "precipIntensity": 0, "precipProbability": 0, "temperature": 45.17, "apparentTemperature": 45.17, "dewPoint": 31.61, "humidity": 0.59, "pressure": 1019.44, "windSpeed": 1.65, "windGust": 4.75, "windBearing": 346, "cloudCover": 0.97, "uvIndex": 0, "visibility": 8.37}, {"time": 1454634000, "summary": "Overcast", "icon": "cloudy", "precipIntensity": 0, "precipProbability": 0, "temperature": 44.35, "apparentTemperature": 44.35, "dewPoint": 31.19, "humidity": 0.6, "pressure": 1019.48, "windSpeed": 2.16, "windGust": 5.89, "windBearing": 339, "cloudCover": 0.99, "uvIndex": 0, "visibility": 7.88}, {"time": 1454637600, "summary": "Overcast", "icon": "cloudy", "precipIntensity": 0, "precipProbability": 0, "temperature": 43.43, "apparentTemperature": 42.23, "dewPoint": 30.51, "humidity": 0.6, "pressure": 1019.58, "windSpeed": 3.02, "windGust": 6.93, "windBearing": 341, "cloudCover": 0.99, "uvIndex": 0, "visibility": 7.97}, {"time": 1454641200, "summary": "Overcast", "icon": "cloudy", "precipIntensity": 0, "precipProbability": 0, "temperature": 42.74, "apparentTemperature": 41.3, "dewPoint": 29.64, "humidity": 0.6, "pressure": 1019.9, "windSpeed": 3.15, "windGust": 8.31, "windBearing": 334, "cloudCover": 1, "uvIndex": 0, "visibility": 7.97}, {"time": 1454644800, "summary": "Overcast", "icon": "cloudy", "precipIntensity": 0, "precipProbability": 0, "temperature": 41.91, "apparentTemperature": 40.44, "dewPoint": 28.97, "humidity": 0.6, "pressure": 1019.67, "windSpeed": 3.09, "windGust": 8.63, "windBearing": 330, "cloudCover": 1, "uvIndex": 0, "visibility": 8.27}]}, "daily": {"data": [{"time": 1454562000, "summary": "Overcast throughout the day.", "icon": "cloudy", "sunriseTime": 1454587984, "sunsetTime": 1454625204, "moonPhase": 0.86, "precipIntensity": 0.0003, "precipIntensityMax": 0.0018, "precipIntensityMaxTime": 1454569200, "precipProbability": 0.41, "precipType": "rain", "temperatureHigh": 49.33, "temperatureHighTime": 1454587200, "temperatureLow": 36.26, "temperatureLowTime": 1454677200, "apparentTemperatureHigh": 48.48, "apparentTemperatureHighTime": 1454587200, "apparentTemperatureLow": 33.54, "apparentTemperatureLowTime": 1454673600, "dewPoint": 39.92, "humidity": 0.72, "pressure": 1016.73, "windSpeed": 2.11, "windGust": 10.75, "windGustTime": 1454608800, "windBearing": 336, "cloudCover": 0.99, "uvIndex": 2, "uvIndexTime": 1454601600, "visibility": 6.77, "temperatureMin": 41.91, "temperatureMinTime": 1454644800, "temperatureMax": 57.39, "temperatureMaxTime": 1454569200, "apparentTemperatureMin": 40.44, "apparentTemperatureMinTime": 1454644800, "apparentTemperatureMax": 57.39, "apparentTemperatureMaxTime": 1454569200}]}, "flags": {"sources": ["cmc", "gfs", "hrrr", "icon", "isd", "madis", "nam", "sref"], "nearest-station": 1.106, "units": "us"}, "offset": -5}