{"latitude": 38.912659, "longitude": -77.017669, "timezone": "America/New_York", "currently": {"time": 1444017600, "summary": "Mostly Cloudy", "icon": "partly-cloudy-night", "precipIntensity": 0, "precipProbability": 0, "temperature": 53.38, "apparentTemperature": 53.38, "dewPoint": 48.37, "humidity": 0.83, "pressure": 1021.74, "windSpeed": 1.11, "windGust": 2.27, "windBearing": 18, "cloudCover": 0.79, "uvIndex": 0, "visibility": 7.39}, "hourly": {"summary": "Mostly cloudy until afternoon.", "icon": "partly-cloudy-day", "data": [{"time": 1444017600, "summary": "Mostly Cloudy", "icon": "partly-cloudy-night", "precipIntensity": 0, "precipProbability": 0, "temperature": 53.38, "apparentTemperature": 53.38, "dewPoint": 48.37, "humidity": 0.83, "pressure": 1021.74, "windSpeed": 1.11, "windGust": 2.27, "windBearing": 18, "cloudCover": 0.79, "uvIndex": 0, "visibility": 7.39}, {"time": 1444021200, "summary": "Mostly Cloudy", "icon": "partly-cloudy-night", "precipIntensity": 0, "precipProbability": 0, "temperature": 53.36, "apparentTemperature": 53.36, "dewPoint": 48.39, "humidity": 0.83, "pressure": 1021.39, "windSpeed": 0.93, "windGust": 2.16, "windBearing": 27, "cloudCover": 0.8, "uvIndex": 0, "visibility": 7.65}, {"time": 1444024800, "summary": "Mostly Cloudy", "icon": "partly-cloudy-night", "precipIntensity": 0, "precipProbability": 0, "temperature": 53.29, "apparentTemperature": 53.29, "dewPoint": 48.37, "humidity": 0.83, "pressure": 1021.21, "windSpeed": 0.95, "windGust": 2.4, "windBearing": 20, "cloudCover": 0.78, "uvIndex": 0, "visibility": 7.63}, {"time": 1444028400, "summary": "Mostly Cloudy", "icon": "partly-cloudy-night", "precipIntensity": 0, "precipProbability": 0, "temperature": 53.09, "apparentTemperature": 53.09, "dewPoint": 48.23, "humidity": 0.84, "pressure": 1021.15, "windSpeed": 1.05, "windGust": 3.26, "windBearing": 14, "cloudCover": 0.8, "uvIndex": 0, "visibility": 7.27}, {"time": 1444032000, "summary": "Mostly Cloudy", "icon": "partly-cloudy-night", "precipIntensity": 0, "precipProbability": 0, "temperature": 53.04, "apparentTemperature": 53.04, "dewPoint": 48.01, "humidity": 0.83, "pressure": 1020.93, "windSpeed": 1.18, "windGust": 3.23, "windBearing": 18, "cloudCover": 0.93, "uvIndex": 0, "visibility": 7.4}, {"time": 1444035600, "summary": "Overcast", "icon": "cloudy", "precipIntensity": 0, "precipProbability": 0, "temperature": 52.72, "apparentTemperature": 52.72, "dewPoint": 47.71, "humidity": 0.83, "pressure": 1021.04, "windSpeed": 1.33, "windGust": 3.68, "windBearing": 14, "cloudCover": 0.95, "uvIndex": 0, "visibility": 8.92}, {"time": 1444039200, "summary": "Mostly Cloudy", "icon": "partly-cloudy-night", "precipIntensity": 0, "precipProbability": 0, "temperature": 52.05, "apparentTemperature": 52.05, "dewPoint": 47.09, "humidity": 0.83, "pressure": 1021.21, "windSpeed": 1.41, "windGust": 3.65, "windBearing": 14, "cloudCover": 0.78, "uvIndex": 0, "visibility": 8.23}, {"time": 1444042800, "summary": "Partly Cloudy", "icon": "partly-cloudy-night", "precipIntensity": 0, "precipProbability": 0, "temperature": 51, "apparentTemperature": 51, "dewPoint": 46.47, "humidity": 0.84, "pressure": 1021.34, "windSpeed": 1.35, "windGust": 3.48, "windBearing": 12, "cloudCover": 0.47, "uvIndex": 0, "visibility": 8.33}, {"time": 1444046400, "summary": "Clear", "icon": "clear-day", "precipIntensity": 0, "precipProbability": 0, "temperature": 50.73, "apparentTemperature": 50.73, "dewPoint": 46.39, "humidity": 0.85, "pressure": 1021.68, "windSpeed": 1.48, "windGust": 4.21, "windBearing": 16, "cloudCover": 0.19, "uvIndex": 0, "visibility": 8.03}, {"time": 1444050000, "summary": "Clear", "icon": "clear-day", "precipIntensity": 0, "precipProbability": 0, "temperature": 52.76, "apparentTemperature": 52.76, "dewPoint": 47.38, "humidity": 0.82, "pressure": 1021.77, "windSpeed": 1.91, "windGust": 5.93, "windBearing": 28, "cloudCover": 0.14, "uvIndex": 1, "visibility": 7.98}, {"time": 1444053600, "summary": "Partly Cloudy", "icon": "partly-cloudy-day", "precipIntensity": 0, "precipProbability": 0, "temperature": 55.57, "apparentTemperature": 55.57, "dewPoint": 48.91, "humidity": 0.78, "pressure": 1021.93, "windSpeed": 1.73, "windGust": 6.41, "windBearing": 40, "cloudCover": 0.25, "uvIndex": 2, "visibility": 8.72}, {"time": 1444057200, "summary": "Mostly Cloudy", "icon": "partly-cloudy-day", "precipIntensity": 0, "precipProbability": 0, "temperature": 58.29, "apparentTemperature": 58.29, "dewPoint": 50.1, "humidity": 0.74, "pressure": 1021.82, "windSpeed": 1.65, "windGust": 5.87, "windBearing": 46, "cloudCover": 0.61, "uvIndex": 3, "visibility": 8.6}, {"time": 1444060800, "summary": "Mostly Cloudy", "icon": "partly-cloudy-day", "precipIntensity": 0, "precipProbability": 0, "temperature": 60.36, "apparentTemperature": 60.36, "dewPoint": 50.59, "humidity": 0.7, "pressure": 1021.36, "windSpeed": 2.54, "windGust": 6.55, "windBearing": 36, "cloudCover": 0.6, "uvIndex": 4, "visibility": 9.48}, {"time": 1444064400, "summary": "Partly Cloudy", "icon": "partly-cloudy-day", "precipIntensity": 0, "precipProbability": 0, "temperature": 62.75, "apparentTemperature": 62.75, "dewPoint": 50.84, "humidity": 0.65, "pressure": 1020.64, "windSpeed": 2.9, "windGust": 8.14, "windBearing": 37, "cloudCover": 0.41, "uvIndex": 5, "visibility": 8.63}, {"time": 1444068000, "summary": "Partly Cloudy", "icon": "partly-cloudy-day", "precipIntensity": 0, "precipProbability": 0, "temperature": 64.55, "apparentTemperature": 64.55, "dewPoint": 50.78, "humidity": 0.61, "pressure": 1020.11, "windSpeed": 1.92, "windGust": 7.12, "windBearing": 32, "cloudCover": 0.38, "uvIndex": 4, "visibility": 7.9}, {"time": 1444071600, "summary": "Partly Cloudy", "icon": "partly-cloudy-day", "precipIntensity": 0, "precipProbability": 0, "temperature": 65.68, "apparentTemperature": 65.68, "dewPoint": 50.77, "humidity": 0.59, "pressure": 1019.42, "windSpeed": 1.67, "windGust": 6.05, "windBearing": 33, "cloudCover": 0.3, "uvIndex": 3, "visibility": 8.59}, {"time": 1444075200, "summary": "Clear", "icon": "clear-day", "precipIntensity": 0, "precipProbability": 0, "temperature": 66.31, "apparentTemperature": 66.31, "dewPoint": 50.66, "humidity": 0.57, "pressure": 1019.09, "windSpeed": 1.33, "windGust": 5.78, "windBearing": 39, "cloudCover": 0.16, "uvIndex": 2, "visibility": 7.99}, {"time": 1444078800, "summary": "Clear", "icon": "clear-day", "precipIntensity": 0, "precipProbability": 0, "temperature": 65.93, "apparentTemperature": 65.93, "dewPoint": 50.52, "humidity": 0.58, "pressure": 1018.7, "windSpeed": 1.34, "windGust": 4.89, "windBearing": 48, "cloudCover": 0.12, "uvIndex": 1, "visibility": 8}, {"time": 1444082400, "summary": "Clear", "icon": "clear-day", "precipIntensity": 0, "precipProbability": 0, "temperature": 64.45, "apparentTemperature": 64.45, "dewPoint": 50.81, "humidity": 0.61, "pressure": 1018.69, "windSpeed": 0.71, "windGust": 2.79, "windBearing": 24, "cloudCover": 0.12, "uvIndex": 0, "visibility": 8.63}, {"time": 1444086000, "summary": "Clear", "icon": "clear-night", "precipIntensity": 0, "precipProbability": 0, "temperature": 61.26, "apparentTemperature": 61.26, "dewPoint": 51.21, "humidity": 0.7, "pressure": 1018.8, "windSpeed": 0.08, "windGust": 0.44, "windBearing": 8, "cloudCover": 0.15, "uvIndex": 0, "visibility": 7.41}, {"time": 1444089600, "summary": "Clear", "icon": "clear-night", "precipIntensity": 0, "precipProbability": 0, "temperature": 57.49, "apparentTemperature": 57.49, "dewPoint": 50.92, "humidity": 0.79, "pressure": 1019.05, "windSpeed": 0.03, "windGust": 0.19, "windBearing": 0, "cloudCover": 0.21, "uvIndex": 0, "visibility": 9.33}, {"time": 1444093200, "summary": "Clear", "icon": "clear-night", "precipIntensity": 0, "precipProbability": 0, "temperature": 55.04, "apparentTemperature": 55.04, "dewPoint": 50.2, "humidity": 0.84, "pressure": 1019.42, "windSpeed": 0, "windGust": 0.04, "cloudCover": 0.15, "uvIndex": 0, "visibility": 10}, {"time": 1444096800, "summary": "Clear", "icon": "clear-night", "precipIntensity": 0, "precipProbability": 0, "temperature": 53.53, "apparentTemperature": 53.53, "dewPoint": 49.38, "humidity": 0.86, "pressure": 1019.51, "windSpeed": 0, "windGust": 0.01, "cloudCover": 0, "uvIndex": 0, "visibility": 10}, {"time": 1444100400, "summary": "Clear", "icon": "clear-night", "precipIntensity": 0, "precipProbability": 0, "temperature": 52.34, "apparentTemperature": 52.34, "dewPoint": 48.76, "humidity": 0.88, "pressure": 1019.45, "windSpeed": 0, "windGust": 0.04, "cloudCover": 0, "uvIndex": 0, "visibility": 10}]}, "daily": {"data": [{"time": 1444017600, "summary": "Partly cloudy until afternoon.", "icon": "partly-cloudy-day", "sunriseTime": 1444043329, "sunsetTime": 1444085188, "moonPhase": 0.77, "precipIntensity": 0, "precipIntensityMax": 0, "precipProbability": 0, "temperatureHigh": 66.31, "temperatureHighTime": 1444075200, "temperatureLow": 46.85, "temperatureLowTime": 1444129200, "apparentTemperatureHigh": 66.31, "apparentTemperatureHighTime": 1444075200, "apparentTemperatureLow": 46.85, "apparentTemperatureLowTime": 1444129200, "dewPoint": 49.2, "humidity": 0.76, "pressure": 1020.48, "windSpeed": 1.17, "windGust": 8.14, "windGustTime": 1444064400, "windBearing": 29, "cloudCover": 0.42, "uvIndex": 5, "uvIndexTime": 1444064400, "visibility": 8.42, "temperatureMin": 50.73, "temperatureMinTime": 1444046400, "temperatureMax": 66.31, "temperatureMaxTime": 1444075200, "apparentTemperatureMin": 50.73, "apparentTemperatureMinTime": 1444046400, "apparentTemperatureMax": 66.31, "apparentTemperatureMaxTime": 1444075200}]}, "flags": {"sources": ["cmc", "gfs", "hrrr", "icon", "isd", "madis", "nam", "sref"], "nearest-station": 1.106, "units": "us"}, "offset": -4}