{"latitude": 38.912659, "longitude": -77.017669, "timezone": "America/New_York", "currently": {"time": 1458619200, "summary": "Clear", "icon": "clear-night", "precipIntensity": 0, "precipProbability": 0, "temperature": 36.68, "apparentTemperature": 36.68, "dewPoint": 22.76, "humidity": 0.57, "pressure": 1020.75, "windSpeed": 0, "windGust": 0.06, "cloudCover": 0.07, "uvIndex": 0, "visibility": 8.11}, "hourly": {"summary": "Partly cloudy in the morning.", "icon": "partly-cloudy-night", "data": [{"time": 1458619200, "summary": "Clear", "icon": "clear-night", "precipIntensity": 0, "precipProbability": 0, "temperature": 36.68, "apparentTemperature": 36.68, "dewPoint": 22.76, "humidity": 0.57, "pressure": 1020.75, "windSpeed": 0, "windGust": 0.06, "cloudCover": 0.07, "uvIndex": 0, "visibility": 8.11}, {"time": 1458622800, "summary": "Clear", "icon": "clear-night", "precipIntensity": 0, "precipProbability": 0, "temperature": 34.6, "apparentTemperature": 34.6, "dewPoint": 23.11, "humidity": 0.62, "pressure": 1020.88, "windSpeed": 0, "windGust": 0.03, "cloudCover": 0.1, "uvIndex": 0, "visibility": 10}, {"time": 1458626400, "summary": "Clear", "icon": "clear-night", "precipIntensity": 0, "precipProbability": 0, "temperature": 33.07, "apparentTemperature": 33.07, "dewPoint": 23.28, "humidity": 0.67, "pressure": 1021.24, "windSpeed": 0, "windGust": 0.01, "cloudCover": 0.06, "uvIndex": 0, "visibility": 10}, {"time": 1458630000, "summary": "Clear", "icon": "clear-night", "precipIntensity": 0, "precipProbability": 0, "temperature": 31.92, "apparentTemperature": 31.92, "dewPoint": 23.54, "humidity": 0.71, "pressure": 1021.48, "windSpeed": 0, "windGust": 0.11, "cloudCover": 0.1, "uvIndex": 0, "visibility": 10}, {"time": 1458633600, "summary": "Partly Cloudy", "icon": "partly-cloudy-night", "precipIntensity": 0, "precipProbability": 0, "temperature": 31.32, "apparentTemperature": 31.32, "dewPoint": 23.96, "humidity": 0.74, "pressure": 1021.75, "windSpeed": 0, "windGust": 0.18, "cloudCover": 0.44, "uvIndex": 0, "visibility": 10}, {"time": 1458637200, "summary": "Partly Cloudy", "icon": "partly-cloudy-night", "precipIntensity": 0, "precipProbability": 0, "temperature": 30.95, "apparentTemperature": 30.95, "dewPoint": 24.14, "humidity": 0.76, "pressure": 1022.45, "windSpeed": 0, "windGust": 0.24, "cloudCover": 0.45, "uvIndex": 0, "visibility": 10}, {"time": 1458640800, "summary": "Partly Cloudy", "icon": "partly-cloudy-night", "precipIntensity": 0, "precipProbability": 0, "temperature": 30.68, "apparentTemperature": 30.68, "dewPoint": 24.27, "humidity": 0.77, "pressure": 1022.9, "windSpeed": 0, "windGust": 0.07, "cloudCover": 0.49, "uvIndex": 0, "visibility": 10}, {"time": 1458644400, "summary": "Partly Cloudy", "icon": "partly-cloudy-night", "precipIntensity": 0, "precipProbability": 0, "temperature": 30.49, "apparentTemperature": 30.49, "dewPoint": 24.64, "humidity": 0.79, "pressure": 1023.19, "windSpeed": 0, "windGust": 0.06, "cloudCover": 0.35, "uvIndex": 0, "visibility": 10}, {"time": 1458648000, "summary": "Mostly Cloudy", "icon": "partly-cloudy-day", "precipIntensity": 0, "precipProbability": 0, "temperature": 31.36, "apparentTemperature": 31.36, "dewPoint": 25.91, "humidity": 0.8, "pressure": 1023.62, "windSpeed": 0, "windGust": 0.05, "cloudCover": 0.62, "uvIndex": 0, "visibility": 10}, {"time": 1458651600, "summary": "Mostly Cloudy", "icon": "partly-cloudy-day", "precipIntensity": 0, "precipProbability": 0, "temperature": 37.97, "apparentTemperature": 37.97, "dewPoint": 28.94, "humidity": 0.7, "pressure": 1024.27, "windSpeed": 0.03, "windGust": 0.67, "windBearing": 203, "cloudCover": 0.61, "uvIndex": 1, "visibility": 10}, {"time": 1458655200, "summary": "Partly Cloudy", "icon": "partly-cloudy-day", "precipIntensity": 0, "precipProbability": 0, "temperature": 44.46, "apparentTemperature": 44.46, "dewPoint": 28.41, "humidity": 0.53, "pressure": 1024.34, "windSpeed": 1.18, "windGust": 4.1, "windBearing": 201, "cloudCover": 0.41, "uvIndex": 2, "visibility": 7.71}, {"time": 1458658800, "summary": "Clear", "icon": "clear-day", "precipIntensity": 0, "precipProbability": 0, "temperature": 48.92, "apparentTemperature": 48.92, "dewPoint": 28.64, "humidity": 0.45, "pressure": 1024.19, "windSpeed": 2.32, "windGust": 6.87, "windBearing": 212, "cloudCover": 0.17, "uvIndex": 4, "visibility": 7.98}, {"time": 1458662400, "summary": "Clear", "icon": "clear-day", "precipIntensity": 0, "precipProbability": 0, "temperature": 51.86, "apparentTemperature": 51.86, "dewPoint": 29.31, "humidity": 0.42, "pressure": 1023.33, "windSpeed": 3.14, "windGust": 9.17, "windBearing": 215, "cloudCover": 0.12, "uvIndex": 6, "visibility": 7.87}, {"time": 1458666000, "summary": "Partly Cloudy", "icon": "partly-cloudy-day", "precipIntensity": 0, "precipProbability": 0, "temperature": 54.93, "apparentTemperature": 54.93, "dewPoint": 29.74, "humidity": 0.38, "pressure": 1022.66, "windSpeed": 2.95, "windGust": 10.01, "windBearing": 226, "cloudCover": 0.26, "uvIndex": 6, "visibility": 8.7}, {"time": 1458669600, "summary": "Clear", "icon": "clear-day", "precipIntensity": 0, "precipProbability": 0, "temperature": 57.4, "apparentTemperature": 57.4, "dewPoint": 30.03, "humidity": 0.35, "pressure": 1021.17, "windSpeed": 3.24, "windGust": 10.31, "windBearing": 218, "cloudCover": 0.11, "uvIndex": 6, "visibility": 8.57}, {"time": 1458673200, "summary": "Clear", "icon": "clear-day", "precipIntensity": 0, "precipProbability": 0, "temperature": 59.32, "apparentTemperature": 59.32, "dewPoint": 29.98, "humidity": 0.33, "pressure": 1019.75, "windSpeed": 3.44, "windGust": 11.51, "windBearing": 207, "cloudCover": 0.13, "uvIndex": 5, "visibility": 8.33}, {"time": 1458676800, "summary": "Clear", "icon": "clear-day", "precipIntensity": 0, "precipProbability": 0, "temperature": 60.89, "apparentTemperature": 60.89, "dewPoint": 29.46, "humidity": 0.3, "pressure": 1019.06, "windSpeed": 3.41, "windGust": 10.88, "windBearing": 206, "cloudCover": 0.05, "uvIndex": 3, "visibility": 7.84}, {"time": 1458680400, "summary": "Clear", "icon": "clear-day", "precipIntensity": 0, "precipProbability": 0, "temperature": 61.71, "apparentTemperature": 61.71, "dewPoint": 29.34, "humidity": 0.29, "pressure": 1018.17, "windSpeed": 3.61, "windGust": 11.53, "windBearing": 197, "cloudCover": 0.04, "uvIndex": 2, "visibility": 8.24}, {"time": 1458684000, "summary": "Clear", "icon": "clear-day", "precipIntensity": 0, "precipProbability": 0, "temperature": 61.67, "apparentTemperature": 61.67, "dewPoint": 29.44, "humidity": 0.29, "pressure": 1017.61, "windSpeed": 3.74, "windGust": 11.25, "windBearing": 199, "cloudCover": 0.11, "uvIndex": 0, "visibility": 9.05}, {"time": 1458687600, "summary": "Clear", "icon": "clear-day", "precipIntensity": 0, "precipProbability": 0, "temperature": 60.64, "apparentTemperature": 60.64, "dewPoint": 29.65, "humidity": 0.31, "pressure": 1017.07, "windSpeed": 3.2, "windGust": 9.75, "windBearing": 188, "cloudCover": 0.14, "uvIndex": 0, "visibility": 8.22}, {"time": 1458691200, "summary": "Clear", "icon": "clear-night", "precipIntensity": 0, "precipProbability": 0, "temperature": 58.16, "apparentTemperature": 58.16, "dewPoint": 30.13, "humidity": 0.34, "pressure": 1016.9, "windSpeed": 1.04, "windGust": 4.13, "windBearing": 178, "cloudCover": 0.16, "uvIndex": 0, "visibility": 8.17}, {"time": 1458694800, "summary": "Clear", "icon": "clear-night", "precipIntensity": 0, "precipProbability": 0, "temperature": 55.98, "apparentTemperature": 55.98, "dewPoint": 30.8, "humidity": 0.38, "pressure": 1016.59, "windSpeed": 1.45, "windGust": 5.21, "windBearing": 174, "cloudCover": 0.07, "uvIndex": 0, "visibility": 7.59}, {"time": 1458698400, "summary": "Clear", "icon": "clear-night", "precipIntensity": 0, "precipProbability": 0, "temperature": 55.64, "apparentTemperature": 55.64, "dewPoint": 30.83, "humidity": 0.39, "pressure": 1016.37, "windSpeed": 1.86, "windGust": 7.01, "windBearing": 187, "cloudCover": 0.07, "uvIndex": 0, "visibility": 8.79}, {"time": 1458702000, "summary": "Clear", "icon": "clear-night", "precipIntensity": 0, "precipProbability": 0, "temperature": 55.4, "apparentTemperature": 55.4, "dewPoint": 30.89, "humidity": 0.39, "pressure": 1016.26, "windSpeed": 1.79, "windGust": 6.28, "windBearing": 197, "cloudCover": 0.08, "uvIndex": 0, "visibility": 7.48}]}, "daily": {"data": [{"time": 1458619200, "summary": "Partly cloudy in the morning.", "icon": "partly-cloudy-night", "sunriseTime": 1458644910, "sunsetTime": 1458689003, "moonPhase": 0.48, "precipIntensity": 0, "precipIntensityMax": 0, "precipProbability": 0, "temperatureHigh": 61.71, "temperatureHighTime": 1458680400, "temperatureLow": 52.9, "temperatureLowTime": 1458734400, "apparentTemperatureHigh": 61.71, "apparentTemperatureHighTime": 1458680400, "apparentTemperatureLow": 52.9, "apparentTemperatureLowTime": 1458734400, "dewPoint": 27.55, "humidity": 0.51, "pressure": 1020.67, "windSpeed": 1.48, "windGust": 11.53, "windGustTime": 1458680400, "windBearing": 203, "cloudCover": 0.22, "uvIndex": 6, "uvIndexTime": 1458662400, "visibility": 8.86, "temperatureMin": 30.49, "temperatureMinTime": 1458644400, "temperatureMax": 61.71, "temperatureMaxTime": 1458680400, "apparentTemperatureMin": 30.49, "apparentTemperatureMinTime": 1458644400, "apparentTemperatureMax": 61.71, "apparentTemperatureMaxTime": 1458680400}]}, "flags": {"sources": ["cmc", "gfs", "hrrr", "icon", "isd", "madis", "nam", "sref"], "nearest-station": 1.106, "units": "us"}, "offset": -4}