{"latitude": 38.912659, "longitude": -77.017669, "timezone": "America/New_York", "currently": {"time": 1442289600, "summary": "Clear", "icon": "clear-night", "precipIntensity": 0, "precipProbability": 0, "temperature": 59.16, "apparentTemperature": 59.16, "dewPoint": 52.31, "humidity": 0.78, "pressure": 1024.34, "windSpeed": 0, "windGust": 0.27, "cloudCover": 0, "uvIndex": 0, "visibility": 9.15}, "hourly": {"summary": "Partly cloudy in the evening.", "icon": "partly-cloudy-night", "data": [{"time": 1442289600, "summary": "Clear", "icon": "clear-night", "precipIntensity": 0, "precipProbability": 0, "temperature": 59.16, "apparentTemperature": 59.16, "dewPoint": 52.31, "humidity": 0.78, "pressure": 1024.34, "windSpeed": 0, "windGust": 0.27, "cloudCover": 0, "uvIndex": 0, "visibility": 9.15}, {"time": 1442293200, "summary": "Clear", "icon": "clear-night", "precipIntensity": 0, "precipProbability": 0, "temperature": 58, "apparentTemperature": 58, "dewPoint": 51.94, "humidity": 0.8, "pressure": 1024.69, "windSpeed": 0, "windGust": 0.2, "cloudCover": 0, "uvIndex": 0, "visibility": 10}, {"time": 1442296800, "summary": "Clear", "icon": "clear-night", "precipIntensity": 0, "precipProbability": 0, "temperature": 57.05, "apparentTemperature": 57.05, "dewPoint": 51.74, "humidity": 0.82, "pressure": 1024.91, "windSpeed": 0, "windGust": 0.16, "cloudCover": 0, "uvIndex": 0, "visibility": 8.23}, {"time": 1442300400, "summary": "Clear", "icon": "clear-night", "precipIntensity": 0, "precipProbability": 0, "temperature": 55.99, "apparentTemperature": 55.99, "dewPoint": 51.34, "humidity": 0.84, "pressure": 1025.37, "windSpeed": 0, "windGust": 0.05, "cloudCover": 0, "uvIndex": 0, "visibility": 10}, {"time": 1442304000, "summary": "Clear", "icon": "clear-night", "precipIntensity": 0, "precipProbability": 0, "temperature": 55.28, "apparentTemperature": 55.28, "dewPoint": 50.95, "humidity": 0.85, "pressure": 1025.66, "windSpeed": 0.05, "windGust": 0.09, "windBearing": 280, "cloudCover": 0, "uvIndex": 0, "visibility": 8.37}, {"time": 1442307600, "summary": "Clear", "icon": "clear-night", "precipIntensity": 0, "precipProbability": 0, "temperature": 54.63, "apparentTemperature": 54.63, "dewPoint": 50.53, "humidity": 0.86, "pressure": 1026, "windSpeed": 0.1, "windGust": 0.19, "windBearing": 332, "cloudCover": 0, "uvIndex": 0, "visibility": 7.78}, {"time": 1442311200, "summary": "Clear", "icon": "clear-night", "precipIntensity": 0, "precipProbability": 0, "temperature": 53.89, "apparentTemperature": 53.89, "dewPoint": 50.08, "humidity": 0.87, "pressure": 1026.51, "windSpeed": 0.02, "windGust": 0.08, "windBearing": 311, "cloudCover": 0, "uvIndex": 0, "visibility": 10}, {"time": 1442314800, "summary": "Clear", "icon": "clear-day", "precipIntensity": 0, "precipProbability": 0, "temperature": 53.65, "apparentTemperature": 53.65, "dewPoint": 49.8, "humidity": 0.87, "pressure": 1027.02, "windSpeed": 0.01, "windGust": 0.12, "windBearing": 270, "cloudCover": 0.21, "uvIndex": 0, "visibility": 7.69}, {"time": 1442318400, "summary": "Clear", "icon": "clear-day", "precipIntensity": 0, "precipProbability": 0, "temperature": 55.16, "apparentTemperature": 55.16, "dewPoint": 51.36, "humidity": 0.87, "pressure": 1027.82, "windSpeed": 0, "windGust": 0.13, "cloudCover": 0.16, "uvIndex": 0, "visibility": 10}, {"time": 1442322000, "summary": "Clear", "icon": "clear-day", "precipIntensity": 0, "precipProbability": 0, "temperature": 63.55, "apparentTemperature": 63.55, "dewPoint": 54.35, "humidity": 0.72, "pressure": 1028.17, "windSpeed": 0.54, "windGust": 1.71, "windBearing": 341, "cloudCover": 0.12, "uvIndex": 1, "visibility": 10}, {"time": 1442325600, "summary": "Clear", "icon": "clear-day", "precipIntensity": 0, "precipProbability": 0, "temperature": 69.91, "apparentTemperature": 69.91, "dewPoint": 55.48, "humidity": 0.6, "pressure": 1028.69, "windSpeed": 0.39, "windGust": 2.61, "windBearing": 346, "cloudCover": 0.02, "uvIndex": 3, "visibility": 8.96}, {"time": 1442329200, "summary": "Clear", "icon": "clear-day", "precipIntensity": 0, "precipProbability": 0, "temperature": 74.93, "apparentTemperature": 74.93, "dewPoint": 55.04, "humidity": 0.5, "pressure": 1028.78, "windSpeed": 0.42, "windGust": 3.59, "windBearing": 20, "cloudCover": 0.03, "uvIndex": 5, "visibility": 8.99}, {"time": 1442332800, "summary": "Clear", "icon": "clear-day", "precipIntensity": 0, "precipProbability": 0, "temperature": 77.75, "apparentTemperature": 77.75, "dewPoint": 53.36, "humidity": 0.43, "pressure": 1028.36, "windSpeed": 0.53, "windGust": 3.82, "windBearing": 24, "cloudCover": 0.03, "uvIndex": 6, "visibility": 9.45}, {"time": 1442336400, "summary": "Clear", "icon": "clear-day", "precipIntensity": 0, "precipProbability": 0, "temperature": 79.78, "apparentTemperature": 79.78, "dewPoint": 52.33, "humidity": 0.39, "pressure": 1028.02, "windSpeed": 0.12, "windGust": 3.53, "windBearing": 289, "cloudCover": 0.02, "uvIndex": 7, "visibility": 9.14}, {"time": 1442340000, "summary": "Clear", "icon": "clear-day", "precipIntensity": 0, "precipProbability": 0, "temperature": 80.91, "apparentTemperature": 80.91, "dewPoint": 52.27, "humidity": 0.37, "pressure": 1027.6, "windSpeed": 0.2, "windGust": 3.72, "windBearing": 206, "cloudCover": 0.11, "uvIndex": 6, "visibility": 9.05}, {"time": 1442343600, "summary": "Clear", "icon": "clear-day", "precipIntensity": 0, "precipProbability": 0, "temperature": 81.62, "apparentTemperature": 81.62, "dewPoint": 52.05, "humidity": 0.36, "pressure": 1026.81, "windSpeed": 0.25, "windGust": 3.94, "windBearing": 168, "cloudCover": 0.14, "uvIndex": 5, "visibility": 8.16}, {"time": 1442347200, "summary": "Clear", "icon": "clear-day", "precipIntensity": 0, "precipProbability": 0, "temperature": 82.13, "apparentTemperature": 82.13, "dewPoint": 52.27, "humidity": 0.36, "pressure": 1026.34, "windSpeed": 0.38, "windGust": 4.35, "windBearing": 198, "cloudCover": 0.07, "uvIndex": 3, "visibility": 7.98}, {"time": 1442350800, "summary": "Clear", "icon": "clear-day", "precipIntensity": 0, "precipProbability": 0, "temperature": 81.68, "apparentTemperature": 81.68, "dewPoint": 52.44, "humidity": 0.36, "pressure": 1026.3, "windSpeed": 0.49, "windGust": 3.71, "windBearing": 180, "cloudCover": 0.08, "uvIndex": 2, "visibility": 8}, {"time": 1442354400, "summary": "Clear", "icon": "clear-day", "precipIntensity": 0, "precipProbability": 0, "temperature": 80.34, "apparentTemperature": 80.34, "dewPoint": 53.56, "humidity": 0.4, "pressure": 1026.25, "windSpeed": 0.47, "windGust": 2.52, "windBearing": 185, "cloudCover": 0.21, "uvIndex": 0, "visibility": 8.59}, {"time": 1442358000, "summary": "Partly Cloudy", "icon": "partly-cloudy-day", "precipIntensity": 0, "precipProbability": 0, "temperature": 76.88, "apparentTemperature": 76.88, "dewPoint": 55.34, "humidity": 0.47, "pressure": 1026.17, "windSpeed": 0.15, "windGust": 0.98, "windBearing": 207, "cloudCover": 0.26, "uvIndex": 0, "visibility": 10}, {"time": 1442361600, "summary": "Partly Cloudy", "icon": "partly-cloudy-night", "precipIntensity": 0, "precipProbability": 0, "temperature": 71.13, "apparentTemperature": 71.13, "dewPoint": 56.29, "humidity": 0.59, "pressure": 1026.1, "windSpeed": 0, "windGust": 0.13, "cloudCover": 0.3, "uvIndex": 0, "visibility": 10}, {"time": 1442365200, "summary": "Partly Cloudy", "icon": "partly-cloudy-night", "precipIntensity": 0, "precipProbability": 0, "temperature": 67.18, "apparentTemperature": 67.18, "dewPoint": 56.4, "humidity": 0.68, "pressure": 1026.64, "windSpeed": 0, "windGust": 0.01, "cloudCover": 0.32, "uvIndex": 0, "visibility": 10}, {"time": 1442368800, "summary": "Clear", "icon": "clear-night", "precipIntensity": 0, "precipProbability": 0, "temperature": 64.38, "apparentTemperature": 64.38, "dewPoint": 56.19, "humidity": 0.75, "pressure": 1026.83, "windSpeed": 0, "windGust": 0.01, "cloudCover": 0.2, "uvIndex": 0, "visibility": 10}, {"time": 1442372400, "summary": "Partly Cloudy", "icon": "partly-cloudy-night", "precipIntensity": 0, "precipProbability": 0, "temperature": 62.17, "apparentTemperature": 62.17, "dewPoint": 55.87, "humidity": 0.8, "pressure": 1026.98, "windSpeed": 0, "windGust": 0, "cloudCover": 0.37, "uvIndex": 0, "visibility": 10}]}, "daily": {"data": [{"time": 1442289600, "summary": "Partly cloudy starting in the evening.", "icon": "partly-cloudy-night", "sunriseTime": 1442314246, "sunsetTime": 1442359117, "moonPhase": 0.07, "precipIntensity": 0, "precipIntensityMax": 0, "precipProbability": 0, "temperatureHigh": 82.13, "temperatureHighTime": 1442347200, "temperatureLow": 55.43, "temperatureLowTime": 1442401200, "apparentTemperatureHigh": 82.13, "apparentTemperatureHighTime": 1442347200, "apparentTemperatureLow": 55.43, "apparentTemperatureLowTime": 1442401200, "dewPoint": 53.05, "humidity": 0.64, "pressure": 1026.68, "windSpeed": 0.02, "windGust": 4.35, "windGustTime": 1442347200, "windBearing": 275, "cloudCover": 0.11, "uvIndex": 7, "uvIndexTime": 1442336400, "visibility": 9.15, "temperatureMin": 53.65, "temperatureMinTime": 1442314800, "temperatureMax": 82.13, "temperatureMaxTime": 1442347200, "apparentTemperatureMin": 53.65, "apparentTemperatureMinTime": 1442314800, "apparentTemperatureMax": 82.13, "apparentTemperatureMaxTime": 1442347200}]}, "flags": {"sources": ["cmc", "gfs", "hrrr", "icon", "isd", "madis", "nam", "sref"], "nearest-station": 1.106, "units": "us"}, "offset": -4}