{"latitude": 38.912659, "longitude": -77.017669, "timezone": "America/New_York", "currently": {"time": 1422334800, "summary": "Overcast", "icon": "cloudy", "precipIntensity": 0, "precipProbability": 0, "temperature": 26.85, "apparentTemperature": 22.45, "dewPoint": 23.58, "humidity": 0.87, "pressure": 1007.32, "windSpeed": 3.74, "windGust": 8.96, "windBearing": 338, "cloudCover": 1, "uvIndex": 0, "visibility": 4.47}, "hourly": {"summary": "Mostly cloudy until evening.", "icon": "partly-cloudy-day", "data": [{"time": 1422334800, "summary": "Overcast", "icon": "cloudy", "precipIntensity": 0, "precipProbability": 0, "temperature": 26.85, "apparentTemperature": 22.45, "dewPoint": 23.58, "humidity": 0.87, "pressure": 1007.32, "windSpeed": 3.74, "windGust": 8.96, "windBearing": 338, "cloudCover": 1, "uvIndex": 0, "visibility": 4.47}, {"time": 1422338400, "summary": "Overcast", "icon": "cloudy", "precipIntensity": 0, "precipProbability": 0, "temperature": 26.88, "apparentTemperature": 22.85, "dewPoint": 23.52, "humidity": 0.87, "pressure": 1007.35, "windSpeed": 3.46, "windGust": 8.63, "windBearing": 332, "cloudCover": 1, "uvIndex": 0, "visibility": 3.92}, {"time": 1422342000, "summary": "Overcast", "icon": "cloudy", "precipIntensity": 0, "precipProbability": 0, "temperature": 26.95, "apparentTemperature": 22.48, "dewPoint": 23.6, "humidity": 0.87, "pressure": 1007.23, "windSpeed": 3.81, "windGust": 8.78, "windBearing": 333, "cloudCover": 1, "uvIndex": 0, "visibility": 3.96}, {"time": 1422345600, "summary": "Overcast", "icon": "cloudy", "precipIntensity": 0, "precipProbability": 0, "temperature": 28.17, "apparentTemperature": 19.13, "dewPoint": 23.92, "humidity": 0.84, "pressure": 1007.21, "windSpeed": 9.72, "windGust": 16.1, "windBearing": 338, "cloudCover": 1, "uvIndex": 0, "visibility": 7.3}, {"time": 1422349200, "summary": "Overcast", "icon": "cloudy", "precipIntensity": 0.0003, "precipProbability": 0.65, "precipAccumulation": 0, "precipType": "snow", "temperature": 28.49, "apparentTemperature": 19.56, "dewPoint": 23.68, "humidity": 0.82, "pressure": 1007.23, "windSpeed": 9.66, "windGust": 20.73, "windBearing": 340, "cloudCover": 1, "uvIndex": 0, "visibility": 7.89}, {"time": 1422352800, "summary": "Overcast", "icon": "cloudy", "precipIntensity": 0, "precipProbability": 0, "temperature": 28.57, "apparentTemperature": 20.78, "dewPoint": 23.68, "humidity": 0.82, "pressure": 1007.36, "windSpeed": 7.84, "windGust": 19.76, "windBearing": 340, "cloudCover": 1, "uvIndex": 0, "visibility": 6.66}, {"time": 1422356400, "summary": "Overcast", "icon": "cloudy", "precipIntensity": 0, "precipProbability": 0, "temperature": 28.32, "apparentTemperature": 24.01, "dewPoint": 23.9, "humidity": 0.83, "pressure": 1007.86, "windSpeed": 3.84, "windGust": 9.42, "windBearing": 339, "cloudCover": 1, "uvIndex": 0, "visibility": 5.88}, {"time": 1422360000, "summary": "Overcast", "icon": "cloudy", "precipIntensity": 0, "precipProbability": 0, "temperature": 28.37, "apparentTemperature": 23.91, "dewPoint": 23.76, "humidity": 0.83, "pressure": 1008.56, "windSpeed": 3.98, "windGust": 9.84, "windBearing": 335, "cloudCover": 1, "uvIndex": 0, "visibility": 7.46}, {"time": 1422363600, "summary": "Overcast", "icon": "cloudy", "precipIntensity": 0, "precipProbability": 0, "temperature": 28.32, "apparentTemperature": 24.09, "dewPoint": 23.5, "humidity": 0.82, "pressure": 1009.12, "windSpeed": 3.78, "windGust": 9.48, "windBearing": 335, "cloudCover": 0.99, "uvIndex": 0, "visibility": 7.17}, {"time": 1422367200, "summary": "Overcast", "icon": "cloudy", "precipIntensity": 0, "precipProbability": 0, "temperature": 28.78, "apparentTemperature": 24.71, "dewPoint": 23.43, "humidity": 0.8, "pressure": 1009.51, "windSpeed": 3.71, "windGust": 10.22, "windBearing": 325, "cloudCover": 0.98, "uvIndex": 1, "visibility": 8.04}, {"time": 1422370800, "summary": "Overcast", "icon": "cloudy", "precipIntensity": 0, "precipProbability": 0, "temperature": 29.62, "apparentTemperature": 24.95, "dewPoint": 23.41, "humidity": 0.77, "pressure": 1009.88, "windSpeed": 4.34, "windGust": 11.05, "windBearing": 324, "cloudCover": 0.96, "uvIndex": 1, "visibility": 7.55}, {"time": 1422374400, "summary": "Mostly Cloudy", "icon": "partly-cloudy-day", "precipIntensity": 0, "precipProbability": 0, "temperature": 30.95, "apparentTemperature": 26.27, "dewPoint": 23.44, "humidity": 0.73, "pressure": 1009.89, "windSpeed": 4.55, "windGust": 11.39, "windBearing": 324, "cloudCover": 0.86, "uvIndex": 2, "visibility": 8.26}, {"time": 1422378000, "summary": "Mostly Cloudy", "icon": "partly-cloudy-day", "precipIntensity": 0.0002, "precipProbability": 0.07, "precipAccumulation": 0, "precipType": "snow", "temperature": 32.2, "apparentTemperature": 27.9, "dewPoint": 23.72, "humidity": 0.71, "pressure": 1009.48, "windSpeed": 4.38, "windGust": 12.06, "windBearing": 323, "cloudCover": 0.86, "uvIndex": 2, "visibility": 8.28}, {"time": 1422381600, "summary": "Mostly Cloudy", "icon": "partly-cloudy-day", "precipIntensity": 0.0025, "precipProbability": 0.26, "precipType": "rain", "temperature": 33.15, "apparentTemperature": 28.36, "dewPoint": 24.32, "humidity": 0.7, "pressure": 1008.99, "windSpeed": 5.07, "windGust": 12.5, "windBearing": 328, "cloudCover": 0.89, "uvIndex": 2, "visibility": 7.9}, {"time": 1422385200, "summary": "Mostly Cloudy", "icon": "partly-cloudy-day", "precipIntensity": 0.0058, "precipProbability": 0.35, "precipAccumulation": 0.044, "precipType": "snow", "temperature": 33.75, "apparentTemperature": 29.17, "dewPoint": 24.31, "humidity": 0.68, "pressure": 1008.86, "windSpeed": 4.96, "windGust": 12.76, "windBearing": 321, "cloudCover": 0.9, "uvIndex": 2, "visibility": 7.9}, {"time": 1422388800, "summary": "Mostly Cloudy", "icon": "partly-cloudy-day", "precipIntensity": 0.0055, "precipProbability": 0.37, "precipAccumulation": 0.042, "precipType": "snow", "temperature": 34.05, "apparentTemperature": 29.53, "dewPoint": 24, "humidity": 0.66, "pressure": 1009.09, "windSpeed": 4.95, "windGust": 13.45, "windBearing": 322, "cloudCover": 0.71, "uvIndex": 1, "visibility": 8.27}, {"time": 1422392400, "summary": "Mostly Cloudy", "icon": "partly-cloudy-day", "precipIntensity": 0.003, "precipProbability": 0.37, "precipAccumulation": 0.023, "precipType": "snow", "temperature": 33.19, "apparentTemperature": 28, "dewPoint": 23.61, "humidity": 0.67, "pressure": 1009.67, "windSpeed": 5.55, "windGust": 13.57, "windBearing": 317, "cloudCover": 0.78, "uvIndex": 0, "visibility": 8.01}, {"time": 1422396000, "summary": "Mostly Cloudy", "icon": "partly-cloudy-day", "precipIntensity": 0.0007, "precipProbability": 0.17, "precipAccumulation": 0.005, "precipType": "snow", "temperature": 32.21, "apparentTemperature": 26.74, "dewPoint": 23.58, "humidity": 0.7, "pressure": 1010.13, "windSpeed": 5.68, "windGust": 13.58, "windBearing": 311, "cloudCover": 0.84, "uvIndex": 0, "visibility": 8.4}, {"time": 1422399600, "summary": "Partly Cloudy", "icon": "partly-cloudy-night", "precipIntensity": 0, "precipProbability": 0, "temperature": 31.46, "apparentTemperature": 25.7, "dewPoint": 23.11, "humidity": 0.71, "pressure": 1010.79, "windSpeed": 5.85, "windGust": 13.98, "windBearing": 309, "cloudCover": 0.57, "uvIndex": 0, "visibility": 7.89}, {"time": 1422403200, "summary": "Partly Cloudy", "icon": "partly-cloudy-night", "precipIntensity": 0, "precipProbability": 0, "temperature": 30.72, "apparentTemperature": 25.09, "dewPoint": 21.96, "humidity": 0.7, "pressure": 1011.54, "windSpeed": 5.54, "windGust": 14.37, "windBearing": 309, "cloudCover": 0.34, "uvIndex": 0, "visibility": 8.02}, {"time": 1422406800, "summary": "Clear", "icon": "clear-night", "precipIntensity": 0, "precipProbability": 0, "temperature": 29.84, "apparentTemperature": 24.12, "dewPoint": 20.48, "humidity": 0.68, "pressure": 1012.14, "windSpeed": 5.46, "windGust": 14.26, "windBearing": 314, "cloudCover": 0.05, "uvIndex": 0, "visibility": 7.76}, {"time": 1422410400, "summary": "Clear", "icon": "clear-night", "precipIntensity": 0, "precipProbability": 0, "temperature": 29.05, "apparentTemperature": 23.11, "dewPoint": 18.98, "humidity": 0.66, "pressure": 1012.83, "windSpeed": 5.55, "windGust": 13.95, "windBearing": 312, "cloudCover": 0.1, "uvIndex": 0, "visibility": 8}, {"time": 1422414000, "summary": "Clear", "icon": "clear-night", "precipIntensity": 0, "precipProbability": 0, "temperature": 28.33, "apparentTemperature": 23.55, "dewPoint": 17.79, "humidity": 0.64, "pressure": 1013.56, "windSpeed": 4.25, "windGust": 12.63, "windBearing": 319, "cloudCover": 0.06, "uvIndex": 0, "visibility": 8.01}, {"time": 1422417600, "summary": "Clear", "icon": "clear-night", "precipIntensity": 0, "precipProbability": 0, "temperature": 27.68, "apparentTemperature": 22.17, "dewPoint": 16.95, "humidity": 0.64, "pressure": 1014.46, "windSpeed": 4.83, "windGust": 12.71, "windBearing": 324, "cloudCover": 0.05, "uvIndex": 0, "visibility": 8.21}]}, "daily": {"data": [{"time": 1422334800, "summary": "Mostly cloudy until evening.", "icon": "partly-cloudy-day", "sunriseTime": 1422361180, "sunsetTime": 1422397459, "moonPhase": 0.27, "precipIntensity": 0.0008, "precipIntensityMax": 0.0058, "precipIntensityMaxTime": 1422385200, "precipProbability": 0.65, "precipAccumulation": 0.122, "precipType": "snow", "temperatureHigh": 34.05, "temperatureHighTime": 1422388800, "temperatureLow": 21.19, "temperatureLowTime": 1422446400, "apparentTemperatureHigh": 29.53, "apparentTemperatureHighTime": 1422388800, "apparentTemperatureLow": 15.5, "apparentTemperatureLowTime": 1422446400, "dewPoint": 22.76, "humidity": 0.75, "pressure": 1009.59, "windSpeed": 5.1, "windGust": 20.73, "windGustTime": 1422349200, "windBearing": 326, "cloudCover": 0.75, "uvIndex": 2, "uvIndexTime": 1422374400, "visibility": 7.3, "temperatureMin": 26.85, "temperatureMinTime": 1422334800, "temperatureMax": 34.05, "temperatureMaxTime": 1422388800, "apparentTemperatureMin": 19.13, "apparentTemperatureMinTime": 1422345600, "apparentTemperatureMax": 29.53, "apparentTemperatureMaxTime": 1422388800}]}, "flags": {"sources": ["cmc", "gfs", "hrrr", "icon", "isd", "madis", "nam", "sref"], "nearest-station": 0.675, "units": "us"}, "offset": -5}