{"latitude": 38.912659, "longitude": -77.017669, "timezone": "America/New_York", "currently": {"time": 1452920400, "summary": "Light Rain", "icon": "rain", "precipIntensity": 0.0363, "precipProbability": 0.96, "precipType": "rain", "temperature": 42.22, "apparentTemperature": 42.22, "dewPoint": 40.14, "humidity": 0.92, "pressure": 996.87, "windSpeed": 0.78, "windGust": 2.89, "windBearing": 22, "cloudCover": 1, "uvIndex": 0, "visibility": 4.7}, "hourly": {"summary": "Light rain overnight.", "icon": "rain", "data": [{"time": 1452920400, "summary": "Light Rain", "icon": "rain", "precipIntensity": 0.0363, "precipProbability": 0.96, "precipType": "rain", "temperature": 42.22, "apparentTemperature": 42.22, "dewPoint": 40.14, "humidity": 0.92, "pressure": 996.87, "windSpeed": 0.78, "windGust": 2.89, "windBearing": 22, "cloudCover": 1, "uvIndex": 0, "visibility": 4.7}, {"time": 1452924000, "summary": "Light Rain", "icon": "rain", "precipIntensity": 0.0145, "precipProbability": 0.86, "precipType": "rain", "temperature": 42.22, "apparentTemperature": 42.22, "dewPoint": 40.25, "humidity": 0.93, "pressure": 996.15, "windSpeed": 1, "windGust": 3.34, "windBearing": 347, "cloudCover": 1, "uvIndex": 0, "visibility": 5.89}, {"time": 1452927600, "summary": "Overcast", "icon": "cloudy", "precipIntensity": 0.0034, "precipProbability": 0.64, "precipType": "rain", "temperature": 42.12, "apparentTemperature": 42.12, "dewPoint": 40.2, "humidity": 0.93, "pressure": 996.66, "windSpeed": 0.68, "windGust": 2.62, "windBearing": 326, "cloudCover": 1, "uvIndex": 0, "visibility": 4.9}, {"time": 1452931200, "summary": "Overcast", "icon": "cloudy", "precipIntensity": 0.0019, "precipProbability": 0.39, "precipType": "rain", "temperature": 42.17, "apparentTemperature": 42.17, "dewPoint": 40.16, "humidity": 0.93, "pressure": 997.24, "windSpeed": 0.34, "windGust": 1.14, "windBearing": 312, "cloudCover": 1, "uvIndex": 0, "visibility": 3.78}, {"time": 1452934800, "summary": "Overcast", "icon": "cloudy", "precipIntensity": 0.0027, "precipProbability": 0.32, "precipType": "rain", "temperature": 42.04, "apparentTemperature": 42.04, "dewPoint": 40.17, "humidity": 0.93, "pressure": 997.65, "windSpeed": 0.1, "windGust": 0.64, "windBearing": 283, "cloudCover": 1, "uvIndex": 0, "visibility": 3.37}, {"time": 1452938400, "summary": "Overcast", "icon": "cloudy", "precipIntensity": 0.0004, "precipProbability": 0.08, "precipType": "rain", "temperature": 41.68, "apparentTemperature": 41.68, "dewPoint": 39.93, "humidity": 0.93, "pressure": 998.36, "windSpeed": 0.41, "windGust": 1.46, "windBearing": 278, "cloudCover": 1, "uvIndex": 0, "visibility": 2.83}, {"time": 1452942000, "summary": "Overcast", "icon": "cloudy", "precipIntensity": 0, "precipProbability": 0, "temperature": 41.58, "apparentTemperature": 41.58, "dewPoint": 39.7, "humidity": 0.93, "pressure": 999.45, "windSpeed": 0.7, "windGust": 2.34, "windBearing": 264, "cloudCover": 1, "uvIndex": 0, "visibility": 3.02}, {"time": 1452945600, "summary": "Overcast", "icon": "cloudy", "precipIntensity": 0, "precipProbability": 0, "temperature": 41.59, "apparentTemperature": 41.59, "dewPoint": 39.75, "humidity": 0.93, "pressure": 1000.62, "windSpeed": 0.75, "windGust": 2.77, "windBearing": 255, "cloudCover": 0.99, "uvIndex": 0, "visibility": 3.1}, {"time": 1452949200, "summary": "Mostly Cloudy", "icon": "partly-cloudy-day", "precipIntensity": 0, "precipProbability": 0, "temperature": 41.32, "apparentTemperature": 41.32, "dewPoint": 39.36, "humidity": 0.93, "pressure": 1001.27, "windSpeed": 0.7, "windGust": 2.25, "windBearing": 271, "cloudCover": 0.83, "uvIndex": 0, "visibility": 2.31}, {"time": 1452952800, "summary": "Mostly Cloudy", "icon": "partly-cloudy-day", "precipIntensity": 0, "precipProbability": 0, "temperature": 42.54, "apparentTemperature": 42.54, "dewPoint": 40.8, "humidity": 0.94, "pressure": 1001.88, "windSpeed": 0.83, "windGust": 3.1, "windBearing": 258, "cloudCover": 0.92, "uvIndex": 0, "visibility": 2.14}, {"time": 1452956400, "summary": "Mostly Cloudy", "icon": "partly-cloudy-day", "precipIntensity": 0, "precipProbability": 0, "temperature": 44.5, "apparentTemperature": 44.5, "dewPoint": 42.51, "humidity": 0.93, "pressure": 1003.41, "windSpeed": 1.39, "windGust": 5.52, "windBearing": 238, "cloudCover": 0.85, "uvIndex": 1, "visibility": 5}, {"time": 1452960000, "summary": "Mostly Cloudy", "icon": "partly-cloudy-day", "precipIntensity": 0, "precipProbability": 0, "temperature": 47.26, "apparentTemperature": 47.26, "dewPoint": 43.44, "humidity": 0.87, "pressure": 1003.87, "windSpeed": 1.5, "windGust": 6.2, "windBearing": 244, "cloudCover": 0.85, "uvIndex": 2, "visibility": 6.37}, {"time": 1452963600, "summary": "Mostly Cloudy", "icon": "partly-cloudy-day", "precipIntensity": 0, "precipProbability": 0, "temperature": 50.31, "apparentTemperature": 50.31, "dewPoint": 43.85, "humidity": 0.78, "pressure": 1003.44, "windSpeed": 1.85, "windGust": 6.9, "windBearing": 253, "cloudCover": 0.63, "uvIndex": 2, "visibility": 8.25}, {"time": 1452967200, "summary": "Mostly Cloudy", "icon": "partly-cloudy-day", "precipIntensity": 0, "precipProbability": 0, "temperature": 52.21, "apparentTemperature": 52.21, "dewPoint": 42.29, "humidity": 0.69, "pressure": 1002.95, "windSpeed": 2.43, "windGust": 8.47, "windBearing": 277, "cloudCover": 0.66, "uvIndex": 2, "visibility": 7.89}, {"time": 1452970800, "summary": "Overcast", "icon": "cloudy", "precipIntensity": 0, "precipProbability": 0, "temperature": 52.22, "apparentTemperature": 52.22, "dewPoint": 40.41, "humidity": 0.64, "pressure": 1003.36, "windSpeed": 3.27, "windGust": 10.29, "windBearing": 287, "cloudCover": 0.95, "uvIndex": 1, "visibility": 8.55}, {"time": 1452974400, "summary": "Overcast", "icon": "cloudy", "precipIntensity": 0, "precipProbability": 0, "temperature": 51.05, "apparentTemperature": 51.05, "dewPoint": 37.64, "humidity": 0.6, "pressure": 1004.26, "windSpeed": 4.41, "windGust": 12.74, "windBearing": 305, "cloudCover": 0.99, "uvIndex": 1, "visibility": 9.05}, {"time": 1452978000, "summary": "Mostly Cloudy", "icon": "partly-cloudy-day", "precipIntensity": 0, "precipProbability": 0, "temperature": 49.58, "apparentTemperature": 47.94, "dewPoint": 35.81, "humidity": 0.59, "pressure": 1005.57, "windSpeed": 4.65, "windGust": 12.31, "windBearing": 314, "cloudCover": 0.91, "uvIndex": 0, "visibility": 8.3}, {"time": 1452981600, "summary": "Mostly Cloudy", "icon": "partly-cloudy-day", "precipIntensity": 0, "precipProbability": 0, "temperature": 47.15, "apparentTemperature": 44.75, "dewPoint": 33.64, "humidity": 0.59, "pressure": 1006.6, "windSpeed": 5.19, "windGust": 13.5, "windBearing": 313, "cloudCover": 0.93, "uvIndex": 0, "visibility": 7.98}, {"time": 1452985200, "summary": "Mostly Cloudy", "icon": "partly-cloudy-night", "precipIntensity": 0, "precipProbability": 0, "temperature": 44.53, "apparentTemperature": 42.77, "dewPoint": 32.59, "humidity": 0.63, "pressure": 1008.27, "windSpeed": 3.75, "windGust": 11.26, "windBearing": 313, "cloudCover": 0.81, "uvIndex": 0, "visibility": 8.25}, {"time": 1452988800, "summary": "Partly Cloudy", "icon": "partly-cloudy-night", "precipIntensity": 0, "precipProbability": 0, "temperature": 42.58, "apparentTemperature": 40.41, "dewPoint": 31.56, "humidity": 0.65, "pressure": 1009.51, "windSpeed": 3.87, "windGust": 9.86, "windBearing": 313, "cloudCover": 0.34, "uvIndex": 0, "visibility": 8.22}, {"time": 1452992400, "summary": "Partly Cloudy", "icon": "partly-cloudy-night", "precipIntensity": 0, "precipProbability": 0, "temperature": 41.32, "apparentTemperature": 39.73, "dewPoint": 30.81, "humidity": 0.66, "pressure": 1010.63, "windSpeed": 3.12, "windGust": 8.27, "windBearing": 310, "cloudCover": 0.39, "uvIndex": 0, "visibility": 8.24}, {"time": 1452996000, "summary": "Partly Cloudy", "icon": "partly-cloudy-night", "precipIntensity": 0, "precipProbability": 0, "temperature": 40.39, "apparentTemperature": 40.39, "dewPoint": 29.96, "humidity": 0.66, "pressure": 1010.8, "windSpeed": 1.5, "windGust": 4.98, "windBearing": 307, "cloudCover": 0.57, "uvIndex": 0, "visibility": 8.05}, {"time": 1452999600, "summary": "Mostly Cloudy", "icon": "partly-cloudy-night", "precipIntensity": 0, "precipProbability": 0, "temperature": 39.47, "apparentTemperature": 39.47, "dewPoint": 29.41, "humidity": 0.67, "pressure": 1010.96, "windSpeed": 1.24, "windGust": 3.96, "windBearing": 309, "cloudCover": 0.68, "uvIndex": 0, "visibility": 8.34}, {"time": 1453003200, "summary": "Partly Cloudy", "icon": "partly-cloudy-night", "precipIntensity": 0, "precipProbability": 0, "temperature": 38.81, "apparentTemperature": 38.81, "dewPoint": 29.25, "humidity": 0.68, "pressure": 1011.51, "windSpeed": 1.21, "windGust": 3.69, "windBearing": 307, "cloudCover": 0.47, "uvIndex": 0, "visibility": 8.17}]}, "daily": {"data": [{"time": 1452920400, "summary": "Mostly cloudy throughout the day.", "icon": "partly-cloudy-day", "sunriseTime": 1452947161, "sunsetTime": 1452982297, "moonPhase": 0.24, "precipIntensity": 0.0025, "precipIntensityMax": 0.0363, "precipIntensityMaxTime": 1452920400, "precipProbability": 0.96, "precipType": "rain", "temperatureHigh": 52.22, "temperatureHighTime": 1452970800, "temperatureLow": 33.05, "temperatureLowTime": 1453021200, "apparentTemperatureHigh": 52.22, "apparentTemperatureHighTime": 1452970800, "apparentTemperatureLow": 33.05, "apparentTemperatureLowTime": 1453021200, "dewPoint": 37.65, "humidity": 0.79, "pressure": 1003.39, "windSpeed": 1.71, "windGust": 13.5, "windGustTime": 1452981600, "windBearing": 300, "cloudCover": 0.82, "uvIndex": 2, "uvIndexTime": 1452960000, "visibility": 6.11, "temperatureMin": 38.81, "temperatureMinTime": 1453003200, "temperatureMax": 52.22, "temperatureMaxTime": 1452970800, "apparentTemperatureMin": 38.81, "apparentTemperatureMinTime": 1453003200, "apparentTemperatureMax": 52.22, "apparentTemperatureMaxTime": 1452970800}]}, "flags": {"sources": ["cmc", "gfs", "hrrr", "icon", "isd", "madis", "nam", "sref"], "nearest-station": 1.106, "units": "us"}, "offset": -5}