{"latitude": 38.912659, "longitude": -77.017669, "timezone": "America/New_York", "currently": {"time": 1460088000, "summary": "Clear", "icon": "clear-night", "precipIntensity": 0, "precipProbability": 0, "temperature": 47.07, "apparentTemperature": 45.49, "dewPoint": 35.61, "humidity": 0.64, "pressure": 1002.94, "windSpeed": 3.99, "windGust": 10.46, "windBearing": 286, "cloudCover": 0.18, "uvIndex": 0, "visibility": 7.66}, "hourly": {"summary": "Mostly cloudy starting overnight, continuing until afternoon.", "icon": "partly-cloudy-day", "data": [{"time": 1460088000, "summary": "Clear", "icon": "clear-night", "precipIntensity": 0, "precipProbability": 0, "temperature": 47.07, "apparentTemperature": 45.49, "dewPoint": 35.61, "humidity": 0.64, "pressure": 1002.94, "windSpeed": 3.99, "windGust": 10.46, "windBearing": 286, "cloudCover": 0.18, "uvIndex": 0, "visibility": 7.66}, {"time": 1460091600, "summary": "Clear", "icon": "clear-night", "precipIntensity": 0, "precipProbability": 0, "temperature": 45.67, "apparentTemperature": 45.67, "dewPoint": 33.79, "humidity": 0.63, "pressure": 1003.52, "windSpeed": 2.49, "windGust": 8.13, "windBearing": 288, "cloudCover": 0.19, "uvIndex": 0, "visibility": 7.87}, {"time": 1460095200, "summary": "Partly Cloudy", "icon": "partly-cloudy-night", "precipIntensity": 0, "precipProbability": 0, "temperature": 44.26, "apparentTemperature": 44.26, "dewPoint": 32.77, "humidity": 0.64, "pressure": 1003.74, "windSpeed": 2.08, "windGust": 5.76, "windBearing": 277, "cloudCover": 0.28, "uvIndex": 0, "visibility": 8.25}, {"time": 1460098800, "summary": "Partly Cloudy", "icon": "partly-cloudy-night", "precipIntensity": 0, "precipProbability": 0, "temperature": 43.29, "apparentTemperature": 43.29, "dewPoint": 31.98, "humidity": 0.64, "pressure": 1004.05, "windSpeed": 1.38, "windGust": 5.2, "windBearing": 281, "cloudCover": 0.32, "uvIndex": 0, "visibility": 8.59}, {"time": 1460102400, "summary": "Partly Cloudy", "icon": "partly-cloudy-night", "precipIntensity": 0, "precipProbability": 0, "temperature": 42.92, "apparentTemperature": 42.92, "dewPoint": 31.13, "humidity": 0.63, "pressure": 1004, "windSpeed": 1.98, "windGust": 5.85, "windBearing": 280, "cloudCover": 0.37, "uvIndex": 0, "visibility": 7.61}, {"time": 1460106000, "summary": "Partly Cloudy", "icon": "partly-cloudy-night", "precipIntensity": 0, "precipProbability": 0, "temperature": 42.2, "apparentTemperature": 42.2, "dewPoint": 30.04, "humidity": 0.62, "pressure": 1003.99, "windSpeed": 1.23, "windGust": 4.19, "windBearing": 270, "cloudCover": 0.28, "uvIndex": 0, "visibility": 7.37}, {"time": 1460109600, "summary": "Mostly Cloudy", "icon": "partly-cloudy-night", "precipIntensity": 0, "precipProbability": 0, "temperature": 42.17, "apparentTemperature": 42.17, "dewPoint": 30.28, "humidity": 0.62, "pressure": 1004.4, "windSpeed": 1.41, "windGust": 5.06, "windBearing": 269, "cloudCover": 0.65, "uvIndex": 0, "visibility": 7.24}, {"time": 1460113200, "summary": "Overcast", "icon": "cloudy", "precipIntensity": 0, "precipProbability": 0, "temperature": 42.58, "apparentTemperature": 40.88, "dewPoint": 29.71, "humidity": 0.6, "pressure": 1005.28, "windSpeed": 3.39, "windGust": 9.62, "windBearing": 276, "cloudCover": 0.94, "uvIndex": 0, "visibility": 8.17}, {"time": 1460116800, "summary": "Mostly Cloudy", "icon": "partly-cloudy-day", "precipIntensity": 0, "precipProbability": 0, "temperature": 43.09, "apparentTemperature": 40.48, "dewPoint": 28.64, "humidity": 0.56, "pressure": 1006.33, "windSpeed": 4.51, "windGust": 12.98, "windBearing": 278, "cloudCover": 0.85, "uvIndex": 0, "visibility": 8.25}, {"time": 1460120400, "summary": "Partly Cloudy", "icon": "partly-cloudy-day", "precipIntensity": 0, "precipProbability": 0, "temperature": 44.33, "apparentTemperature": 41.47, "dewPoint": 28.44, "humidity": 0.53, "pressure": 1006.98, "windSpeed": 5.13, "windGust": 14.7, "windBearing": 285, "cloudCover": 0.59, "uvIndex": 2, "visibility": 8}, {"time": 1460124000, "summary": "Partly Cloudy", "icon": "partly-cloudy-day", "precipIntensity": 0, "precipProbability": 0, "temperature": 45.41, "apparentTemperature": 42.49, "dewPoint": 27.95, "humidity": 0.5, "pressure": 1007.2, "windSpeed": 5.52, "windGust": 16.2, "windBearing": 289, "cloudCover": 0.51, "uvIndex": 3, "visibility": 7.87}, {"time": 1460127600, "summary": "Mostly Cloudy", "icon": "partly-cloudy-day", "precipIntensity": 0, "precipProbability": 0, "temperature": 45.89, "apparentTemperature": 42.82, "dewPoint": 28.05, "humidity": 0.49, "pressure": 1007.82, "windSpeed": 5.91, "windGust": 15.82, "windBearing": 291, "cloudCover": 0.78, "uvIndex": 4, "visibility": 8.37}, {"time": 1460131200, "summary": "Mostly Cloudy", "icon": "partly-cloudy-day", "precipIntensity": 0, "precipProbability": 0, "temperature": 46.58, "apparentTemperature": 43.82, "dewPoint": 28.58, "humidity": 0.49, "pressure": 1008.21, "windSpeed": 5.61, "windGust": 14.81, "windBearing": 290, "cloudCover": 0.82, "uvIndex": 5, "visibility": 7.87}, {"time": 1460134800, "summary": "Mostly Cloudy", "icon": "partly-cloudy-day", "precipIntensity": 0, "precipProbability": 0, "temperature": 47.18, "apparentTemperature": 44.92, "dewPoint": 28.82, "humidity": 0.49, "pressure": 1008.22, "windSpeed": 4.98, "windGust": 14.74, "windBearing": 291, "cloudCover": 0.82, "uvIndex": 5, "visibility": 7.87}, {"time": 1460138400, "summary": "Mostly Cloudy", "icon": "partly-cloudy-day", "precipIntensity": 0, "precipProbability": 0, "temperature": 48.9, "apparentTemperature": 46.91, "dewPoint": 28.86, "humidity": 0.46, "pressure": 1008.26, "windSpeed": 5.01, "windGust": 14.28, "windBearing": 289, "cloudCover": 0.74, "uvIndex": 5, "visibility": 9.03}, {"time": 1460142000, "summary": "Mostly Cloudy", "icon": "partly-cloudy-day", "precipIntensity": 0, "precipProbability": 0, "temperature": 50.29, "apparentTemperature": 50.29, "dewPoint": 28.13, "humidity": 0.42, "pressure": 1007.92, "windSpeed": 4.83, "windGust": 14.01, "windBearing": 287, "cloudCover": 0.75, "uvIndex": 4, "visibility": 8.01}, {"time": 1460145600, "summary": "Partly Cloudy", "icon": "partly-cloudy-day", "precipIntensity": 0, "precipProbability": 0, "temperature": 51.47, "apparentTemperature": 51.47, "dewPoint": 27.15, "humidity": 0.39, "pressure": 1007.94, "windSpeed": 4.42, "windGust": 13.1, "windBearing": 287, "cloudCover": 0.55, "uvIndex": 4, "visibility": 8.75}, {"time": 1460149200, "summary": "Clear", "icon": "clear-day", "precipIntensity": 0, "precipProbability": 0, "temperature": 52.27, "apparentTemperature": 52.27, "dewPoint": 26.25, "humidity": 0.36, "pressure": 1008.01, "windSpeed": 4.61, "windGust": 12.94, "windBearing": 290, "cloudCover": 0.12, "uvIndex": 2, "visibility": 8.75}, {"time": 1460152800, "summary": "Partly Cloudy", "icon": "partly-cloudy-day", "precipIntensity": 0, "precipProbability": 0, "temperature": 52.08, "apparentTemperature": 52.08, "dewPoint": 25.81, "humidity": 0.36, "pressure": 1008.4, "windSpeed": 4.34, "windGust": 12.25, "windBearing": 296, "cloudCover": 0.25, "uvIndex": 1, "visibility": 9.05}, {"time": 1460156400, "summary": "Clear", "icon": "clear-day", "precipIntensity": 0, "precipProbability": 0, "temperature": 50.44, "apparentTemperature": 50.44, "dewPoint": 25.13, "humidity": 0.37, "pressure": 1008.91, "windSpeed": 3.84, "windGust": 10.54, "windBearing": 307, "cloudCover": 0.12, "uvIndex": 0, "visibility": 8.24}, {"time": 1460160000, "summary": "Clear", "icon": "clear-night", "precipIntensity": 0, "precipProbability": 0, "temperature": 47.66, "apparentTemperature": 47.66, "dewPoint": 25.36, "humidity": 0.41, "pressure": 1009.34, "windSpeed": 1.23, "windGust": 4.33, "windBearing": 318, "cloudCover": 0.05, "uvIndex": 0, "visibility": 7.8}, {"time": 1460163600, "summary": "Clear", "icon": "clear-night", "precipIntensity": 0, "precipProbability": 0, "temperature": 44.57, "apparentTemperature": 44.57, "dewPoint": 26, "humidity": 0.48, "pressure": 1009.45, "windSpeed": 0.15, "windGust": 0.32, "windBearing": 0, "cloudCover": 0.05, "uvIndex": 0, "visibility": 10}, {"time": 1460167200, "summary": "Partly Cloudy", "icon": "partly-cloudy-night", "precipIntensity": 0, "precipProbability": 0, "temperature": 42.13, "apparentTemperature": 42.13, "dewPoint": 27.27, "humidity": 0.55, "pressure": 1009.41, "windSpeed": 0, "windGust": 0.07, "cloudCover": 0.46, "uvIndex": 0, "visibility": 10}, {"time": 1460170800, "summary": "Mostly Cloudy", "icon": "partly-cloudy-night", "precipIntensity": 0, "precipProbability": 0, "temperature": 40.96, "apparentTemperature": 40.96, "dewPoint": 28.65, "humidity": 0.61, "pressure": 1008.99, "windSpeed": 0, "windGust": 0.13, "cloudCover": 0.84, "uvIndex": 0, "visibility": 7.97}]}, "daily": {"data": [{"time": 1460088000, "summary": "Mostly cloudy throughout the day.", "icon": "partly-cloudy-day", "sunriseTime": 1460112115, "sunsetTime": 1460158778, "moonPhase": 0.05, "precipIntensity": 0, "precipIntensityMax": 0, "precipProbability": 0, "temperatureHigh": 52.27, "temperatureHighTime": 1460149200, "temperatureLow": 38.14, "temperatureLowTime": 1460178000, "apparentTemperatureHigh": 52.27, "apparentTemperatureHighTime": 1460149200, "apparentTemperatureLow": 38.14, "apparentTemperatureLowTime": 1460178000, "dewPoint": 28.93, "humidity": 0.52, "pressure": 1006.81, "windSpeed": 3.21, "windGust": 16.2, "windGustTime": 1460124000, "windBearing": 288, "cloudCover": 0.48, "uvIndex": 5, "uvIndexTime": 1460131200, "visibility": 8.27, "temperatureMin": 40.96, "temperatureMinTime": 1460170800, "temperatureMax": 52.27, "temperatureMaxTime": 1460149200, "apparentTemperatureMin": 40.48, "apparentTemperatureMinTime": 1460116800, "apparentTemperatureMax": 52.27, "apparentTemperatureMaxTime": 1460149200}]}, "flags": {"sources": ["cmc", "gfs", "hrrr", "icon", "isd", "madis", "nam", "sref"], "nearest-station": 1.106, "units": "us"}, "offset": -4}