{"latitude": 38.912659, "longitude": -77.017669, "timezone": "America/New_York", "currently": {"time": 1426651200, "summary": "Clear", "icon": "clear-night", "precipIntensity": 0, "precipProbability": 0, "temperature": 39.35, "apparentTemperature": 34.89, "dewPoint": 12.05, "humidity": 0.32, "pressure": 1018.95, "windSpeed": 6.14, "windGust": 18.08, "windBearing": 323, "cloudCover": 0, "uvIndex": 0, "visibility": 7.88}, "hourly": {"summary": "Clear throughout the day.", "icon": "clear-day", "data": [{"time": 1426651200, "summary": "Clear", "icon": "clear-night", "precipIntensity": 0, "precipProbability": 0, "temperature": 39.35, "apparentTemperature": 34.89, "dewPoint": 12.05, "humidity": 0.32, "pressure": 1018.95, "windSpeed": 6.14, "windGust": 18.08, "windBearing": 323, "cloudCover": 0, "uvIndex": 0, "visibility": 7.88}, {"time": 1426654800, "summary": "Clear", "icon": "clear-night", "precipIntensity": 0, "precipProbability": 0, "temperature": 37.09, "apparentTemperature": 33.05, "dewPoint": 11.37, "humidity": 0.34, "pressure": 1019.88, "windSpeed": 5, "windGust": 13.72, "windBearing": 329, "cloudCover": 0, "uvIndex": 0, "visibility": 7.88}, {"time": 1426658400, "summary": "Clear", "icon": "clear-night", "precipIntensity": 0, "precipProbability": 0, "temperature": 35.78, "apparentTemperature": 32.92, "dewPoint": 12.54, "humidity": 0.38, "pressure": 1020.21, "windSpeed": 3.55, "windGust": 8.67, "windBearing": 322, "cloudCover": 0, "uvIndex": 0, "visibility": 7.77}, {"time": 1426662000, "summary": "Clear", "icon": "clear-night", "precipIntensity": 0, "precipProbability": 0, "temperature": 34.85, "apparentTemperature": 34.85, "dewPoint": 13.28, "humidity": 0.4, "pressure": 1020.2, "windSpeed": 2, "windGust": 6.08, "windBearing": 313, "cloudCover": 0, "uvIndex": 0, "visibility": 8.16}, {"time": 1426665600, "summary": "Clear", "icon": "clear-night", "precipIntensity": 0, "precipProbability": 0, "temperature": 33.95, "apparentTemperature": 33.95, "dewPoint": 13.66, "humidity": 0.43, "pressure": 1019.9, "windSpeed": 1.47, "windGust": 4.44, "windBearing": 311, "cloudCover": 0, "uvIndex": 0, "visibility": 8.17}, {"time": 1426669200, "summary": "Clear", "icon": "clear-night", "precipIntensity": 0, "precipProbability": 0, "temperature": 33.15, "apparentTemperature": 33.15, "dewPoint": 14.23, "humidity": 0.45, "pressure": 1020.24, "windSpeed": 1.43, "windGust": 4.25, "windBearing": 303, "cloudCover": 0, "uvIndex": 0, "visibility": 7.78}, {"time": 1426672800, "summary": "Clear", "icon": "clear-night", "precipIntensity": 0, "precipProbability": 0, "temperature": 32.59, "apparentTemperature": 32.59, "dewPoint": 14.52, "humidity": 0.47, "pressure": 1020.63, "windSpeed": 1.17, "windGust": 3.5, "windBearing": 302, "cloudCover": 0.05, "uvIndex": 0, "visibility": 7.65}, {"time": 1426676400, "summary": "Clear", "icon": "clear-night", "precipIntensity": 0, "precipProbability": 0, "temperature": 32.28, "apparentTemperature": 32.28, "dewPoint": 14.75, "humidity": 0.48, "pressure": 1021.28, "windSpeed": 1.12, "windGust": 3.56, "windBearing": 303, "cloudCover": 0.02, "uvIndex": 0, "visibility": 7.25}, {"time": 1426680000, "summary": "Partly Cloudy", "icon": "partly-cloudy-day", "precipIntensity": 0, "precipProbability": 0, "temperature": 33.12, "apparentTemperature": 29.94, "dewPoint": 13.76, "humidity": 0.44, "pressure": 1022.43, "windSpeed": 3.49, "windGust": 8.97, "windBearing": 309, "cloudCover": 0.25, "uvIndex": 0, "visibility": 8.13}, {"time": 1426683600, "summary": "Clear", "icon": "clear-day", "precipIntensity": 0, "precipProbability": 0, "temperature": 35.1, "apparentTemperature": 31.06, "dewPoint": 12.29, "humidity": 0.38, "pressure": 1022.63, "windSpeed": 4.62, "windGust": 12.95, "windBearing": 315, "cloudCover": 0.23, "uvIndex": 1, "visibility": 7.76}, {"time": 1426687200, "summary": "Clear", "icon": "clear-day", "precipIntensity": 0, "precipProbability": 0, "temperature": 36.62, "apparentTemperature": 32.1, "dewPoint": 11.44, "humidity": 0.35, "pressure": 1023.04, "windSpeed": 5.51, "windGust": 15.18, "windBearing": 320, "cloudCover": 0.23, "uvIndex": 2, "visibility": 7.76}, {"time": 1426690800, "summary": "Clear", "icon": "clear-day", "precipIntensity": 0, "precipProbability": 0, "temperature": 38.51, "apparentTemperature": 34.14, "dewPoint": 10.98, "humidity": 0.32, "pressure": 1023.34, "windSpeed": 5.78, "windGust": 15.65, "windBearing": 310, "cloudCover": 0.09, "uvIndex": 4, "visibility": 7.32}, {"time": 1426694400, "summary": "Clear", "icon": "clear-day", "precipIntensity": 0, "precipProbability": 0, "temperature": 40.63, "apparentTemperature": 36.67, "dewPoint": 10.84, "humidity": 0.29, "pressure": 1023.01, "windSpeed": 5.76, "windGust": 15.42, "windBearing": 307, "cloudCover": 0.12, "uvIndex": 5, "visibility": 7.49}, {"time": 1426698000, "summary": "Clear", "icon": "clear-day", "precipIntensity": 0, "precipProbability": 0, "temperature": 42.76, "apparentTemperature": 39.15, "dewPoint": 10.68, "humidity": 0.26, "pressure": 1022.34, "windSpeed": 5.82, "windGust": 15.89, "windBearing": 312, "cloudCover": 0.07, "uvIndex": 6, "visibility": 7.1}, {"time": 1426701600, "summary": "Clear", "icon": "clear-day", "precipIntensity": 0, "precipProbability": 0, "temperature": 44.76, "apparentTemperature": 41.4, "dewPoint": 10.84, "humidity": 0.25, "pressure": 1021.39, "windSpeed": 6.05, "windGust": 16.08, "windBearing": 314, "cloudCover": 0, "uvIndex": 6, "visibility": 7.5}, {"time": 1426705200, "summary": "Clear", "icon": "clear-day", "precipIntensity": 0, "precipProbability": 0, "temperature": 46.65, "apparentTemperature": 43.58, "dewPoint": 10.52, "humidity": 0.23, "pressure": 1020.37, "windSpeed": 6.16, "windGust": 16.39, "windBearing": 314, "cloudCover": 0.04, "uvIndex": 5, "visibility": 7.36}, {"time": 1426708800, "summary": "Clear", "icon": "clear-day", "precipIntensity": 0, "precipProbability": 0, "temperature": 48.25, "apparentTemperature": 45.58, "dewPoint": 11.34, "humidity": 0.22, "pressure": 1019.84, "windSpeed": 6.01, "windGust": 15.7, "windBearing": 307, "cloudCover": 0.2, "uvIndex": 3, "visibility": 8.12}, {"time": 1426712400, "summary": "Clear", "icon": "clear-day", "precipIntensity": 0, "precipProbability": 0, "temperature": 48.68, "apparentTemperature": 46.59, "dewPoint": 11.56, "humidity": 0.22, "pressure": 1019.59, "windSpeed": 5.12, "windGust": 14.42, "windBearing": 309, "cloudCover": 0.12, "uvIndex": 2, "visibility": 7.9}, {"time": 1426716000, "summary": "Clear", "icon": "clear-day", "precipIntensity": 0, "precipProbability": 0, "temperature": 48.73, "apparentTemperature": 47, "dewPoint": 11.9, "humidity": 0.22, "pressure": 1019.78, "windSpeed": 4.56, "windGust": 12.5, "windBearing": 307, "cloudCover": 0.06, "uvIndex": 0, "visibility": 8.28}, {"time": 1426719600, "summary": "Clear", "icon": "clear-day", "precipIntensity": 0, "precipProbability": 0, "temperature": 47.24, "apparentTemperature": 46.42, "dewPoint": 12.03, "humidity": 0.24, "pressure": 1020.17, "windSpeed": 3.13, "windGust": 9.72, "windBearing": 297, "cloudCover": 0.22, "uvIndex": 0, "visibility": 8.36}, {"time": 1426723200, "summary": "Clear", "icon": "clear-night", "precipIntensity": 0, "precipProbability": 0, "temperature": 44.89, "apparentTemperature": 44.89, "dewPoint": 13.09, "humidity": 0.27, "pressure": 1020.92, "windSpeed": 0.65, "windGust": 2.38, "windBearing": 300, "cloudCover": 0.11, "uvIndex": 0, "visibility": 8.75}, {"time": 1426726800, "summary": "Clear", "icon": "clear-night", "precipIntensity": 0, "precipProbability": 0, "temperature": 41.74, "apparentTemperature": 41.74, "dewPoint": 14.58, "humidity": 0.33, "pressure": 1021.73, "windSpeed": 0.27, "windGust": 0.74, "windBearing": 279, "cloudCover": 0.09, "uvIndex": 0, "visibility": 10}, {"time": 1426730400, "summary": "Clear", "icon": "clear-night", "precipIntensity": 0, "precipProbability": 0, "temperature": 39.25, "apparentTemperature": 39.25, "dewPoint": 16.04, "humidity": 0.38, "pressure": 1022.44, "windSpeed": 0.09, "windGust": 0.62, "windBearing": 291, "cloudCover": 0.13, "uvIndex": 0, "visibility": 10}, {"time": 1426734000, "summary": "Clear", "icon": "clear-night", "precipIntensity": 0, "precipProbability": 0, "temperature": 37.45, "apparentTemperature": 37.45, "dewPoint": 16.54, "humidity": 0.42, "pressure": 1022.99, "windSpeed": 0.13, "windGust": 0.65, "windBearing": 294, "cloudCover": 0.02, "uvIndex": 0, "visibility": 10}]}, "daily": {"data": [{"time": 1426651200, "summary": "Clear throughout the day.", "icon": "clear-day", "sunriseTime": 1426677363, "sunsetTime": 1426720727, "moonPhase": 0.94, "precipIntensity": 0, "precipIntensityMax": 0, "precipProbability": 0, "temperatureHigh": 48.73, "temperatureHighTime": 1426716000, "temperatureLow": 31.46, "temperatureLowTime": 1426762800, "apparentTemperatureHigh": 47, "apparentTemperatureHighTime": 1426716000, "apparentTemperatureLow": 31.46, "apparentTemperatureLowTime": 1426762800, "dewPoint": 12.7, "humidity": 0.34, "pressure": 1021.14, "windSpeed": 3.51, "windGust": 18.08, "windGustTime": 1426651200, "windBearing": 313, "cloudCover": 0.08, "uvIndex": 6, "uvIndexTime": 1426698000, "visibility": 8.1, "temperatureMin": 32.28, "temperatureMinTime": 1426676400, "temperatureMax": 48.73, "temperatureMaxTime": 1426716000, "apparentTemperatureMin": 29.94, "apparentTemperatureMinTime": 1426680000, "apparentTemperatureMax": 47, "apparentTemperatureMaxTime": 1426716000}]}, "flags": {"sources": ["cmc", "gfs", "hrrr", "icon", "isd", "madis", "nam", "sref"], "nearest-station": 0.675, "units": "us"}, "offset": -4}