{"latitude": 38.912659, "longitude": -77.017669, "timezone": "America/New_York", "currently": {"time": 1446786000, "summary": "Foggy", "icon": "fog", "precipIntensity": 0, "precipProbability": 0, "temperature": 63.99, "apparentTemperature": 64.54, "dewPoint": 62.41, "humidity": 0.95, "pressure": 1019.92, "windSpeed": 0.31, "windGust": 1.92, "windBearing": 186, "cloudCover": 0.63, "uvIndex": 0, "visibility": 1.84}, "hourly": {"summary": "Foggy overnight.", "icon": "fog", "data": [{"time": 1446786000, "summary": "Foggy", "icon": "fog", "precipIntensity": 0, "precipProbability": 0, "temperature": 63.99, "apparentTemperature": 64.54, "dewPoint": 62.41, "humidity": 0.95, "pressure": 1019.92, "windSpeed": 0.31, "windGust": 1.92, "windBearing": 186, "cloudCover": 0.63, "uvIndex": 0, "visibility": 1.84}, {"time": 1446789600, "summary": "Foggy", "icon": "fog", "precipIntensity": 0, "precipProbability": 0, "temperature": 63.93, "apparentTemperature": 64.47, "dewPoint": 62.33, "humidity": 0.95, "pressure": 1019.31, "windSpeed": 0.24, "windGust": 1.83, "windBearing": 185, "cloudCover": 0.86, "uvIndex": 0, "visibility": 1.23}, {"time": 1446793200, "summary": "Mostly Cloudy", "icon": "partly-cloudy-night", "precipIntensity": 0, "precipProbability": 0, "temperature": 64.02, "apparentTemperature": 64.56, "dewPoint": 62.42, "humidity": 0.95, "pressure": 1018.93, "windSpeed": 0.46, "windGust": 2.52, "windBearing": 185, "cloudCover": 0.92, "uvIndex": 0, "visibility": 2.1}, {"time": 1446796800, "summary": "Foggy", "icon": "fog", "precipIntensity": 0, "precipProbability": 0, "temperature": 64.21, "apparentTemperature": 64.79, "dewPoint": 62.66, "humidity": 0.95, "pressure": 1018.56, "windSpeed": 0.56, "windGust": 2.88, "windBearing": 192, "cloudCover": 1, "uvIndex": 0, "visibility": 1.85}, {"time": 1446800400, "summary": "Overcast", "icon": "cloudy", "precipIntensity": 0, "precipProbability": 0, "temperature": 64.14, "apparentTemperature": 64.72, "dewPoint": 62.68, "humidity": 0.95, "pressure": 1018.44, "windSpeed": 0.61, "windGust": 3.11, "windBearing": 203, "cloudCover": 1, "uvIndex": 0, "visibility": 4.33}, {"time": 1446804000, "summary": "Overcast", "icon": "cloudy", "precipIntensity": 0, "precipProbability": 0, "temperature": 64, "apparentTemperature": 64.57, "dewPoint": 62.55, "humidity": 0.95, "pressure": 1018.51, "windSpeed": 0.92, "windGust": 3.31, "windBearing": 187, "cloudCover": 1, "uvIndex": 0, "visibility": 3.63}, {"time": 1446807600, "summary": "Overcast", "icon": "cloudy", "precipIntensity": 0, "precipProbability": 0, "temperature": 63.9, "apparentTemperature": 64.45, "dewPoint": 62.35, "humidity": 0.95, "pressure": 1017.92, "windSpeed": 0.87, "windGust": 4.13, "windBearing": 194, "cloudCover": 1, "uvIndex": 0, "visibility": 5.09}, {"time": 1446811200, "summary": "Overcast", "icon": "cloudy", "precipIntensity": 0, "precipProbability": 0, "temperature": 64.03, "apparentTemperature": 64.57, "dewPoint": 62.38, "humidity": 0.94, "pressure": 1017.66, "windSpeed": 1.47, "windGust": 5.55, "windBearing": 192, "cloudCover": 1, "uvIndex": 0, "visibility": 6.7}, {"time": 1446814800, "summary": "Overcast", "icon": "cloudy", "precipIntensity": 0, "precipProbability": 0, "temperature": 64.59, "apparentTemperature": 65.16, "dewPoint": 62.78, "humidity": 0.94, "pressure": 1017.97, "windSpeed": 1.88, "windGust": 6.13, "windBearing": 209, "cloudCover": 1, "uvIndex": 0, "visibility": 6.45}, {"time": 1446818400, "summary": "Overcast", "icon": "cloudy", "precipIntensity": 0, "precipProbability": 0, "temperature": 65.88, "apparentTemperature": 66.5, "dewPoint": 63.55, "humidity": 0.92, "pressure": 1017.72, "windSpeed": 2.17, "windGust": 7.37, "windBearing": 211, "cloudCover": 1, "uvIndex": 1, "visibility": 7.37}, {"time": 1446822000, "summary": "Overcast", "icon": "cloudy", "precipIntensity": 0, "precipProbability": 0, "temperature": 68.68, "apparentTemperature": 69.33, "dewPoint": 64.63, "humidity": 0.87, "pressure": 1017.21, "windSpeed": 3.33, "windGust": 9.34, "windBearing": 212, "cloudCover": 0.99, "uvIndex": 2, "visibility": 7.77}, {"time": 1446825600, "summary": "Partly Cloudy", "icon": "partly-cloudy-day", "precipIntensity": 0, "precipProbability": 0, "temperature": 73.26, "apparentTemperature": 73.93, "dewPoint": 65.84, "humidity": 0.78, "pressure": 1016.49, "windSpeed": 3.34, "windGust": 9.99, "windBearing": 212, "cloudCover": 0.44, "uvIndex": 3, "visibility": 8.29}, {"time": 1446829200, "summary": "Partly Cloudy", "icon": "partly-cloudy-day", "precipIntensity": 0, "precipProbability": 0, "temperature": 76.41, "apparentTemperature": 77.06, "dewPoint": 66.01, "humidity": 0.7, "pressure": 1014.98, "windSpeed": 3.63, "windGust": 10.89, "windBearing": 206, "cloudCover": 0.47, "uvIndex": 3, "visibility": 8.72}, {"time": 1446832800, "summary": "Clear", "icon": "clear-day", "precipIntensity": 0, "precipProbability": 0, "temperature": 78.39, "apparentTemperature": 79.04, "dewPoint": 66.09, "humidity": 0.66, "pressure": 1013.72, "windSpeed": 3.54, "windGust": 11.38, "windBearing": 202, "cloudCover": 0.18, "uvIndex": 3, "visibility": 7.67}, {"time": 1446836400, "summary": "Clear", "icon": "clear-day", "precipIntensity": 0, "precipProbability": 0, "temperature": 79.05, "apparentTemperature": 79.65, "dewPoint": 65.76, "humidity": 0.64, "pressure": 1012.52, "windSpeed": 3.43, "windGust": 11.85, "windBearing": 206, "cloudCover": 0.1, "uvIndex": 2, "visibility": 8.32}, {"time": 1446840000, "summary": "Clear", "icon": "clear-day", "precipIntensity": 0, "precipProbability": 0, "temperature": 79.56, "apparentTemperature": 81.51, "dewPoint": 65.53, "humidity": 0.62, "pressure": 1012.9, "windSpeed": 3.93, "windGust": 11.61, "windBearing": 220, "cloudCover": 0.14, "uvIndex": 1, "visibility": 9.47}, {"time": 1446843600, "summary": "Clear", "icon": "clear-day", "precipIntensity": 0, "precipProbability": 0, "temperature": 78.53, "apparentTemperature": 79.1, "dewPoint": 65.38, "humidity": 0.64, "pressure": 1013.01, "windSpeed": 3.08, "windGust": 9.42, "windBearing": 217, "cloudCover": 0.15, "uvIndex": 0, "visibility": 7.87}, {"time": 1446847200, "summary": "Partly Cloudy", "icon": "partly-cloudy-night", "precipIntensity": 0, "precipProbability": 0, "temperature": 77.33, "apparentTemperature": 77.88, "dewPoint": 65.24, "humidity": 0.66, "pressure": 1013.31, "windSpeed": 1.12, "windGust": 4.34, "windBearing": 215, "cloudCover": 0.56, "uvIndex": 0, "visibility": 8.21}, {"time": 1446850800, "summary": "Mostly Cloudy", "icon": "partly-cloudy-night", "precipIntensity": 0, "precipProbability": 0, "temperature": 75.9, "apparentTemperature": 76.45, "dewPoint": 65.13, "humidity": 0.69, "pressure": 1014.02, "windSpeed": 0.5, "windGust": 2.84, "windBearing": 211, "cloudCover": 0.66, "uvIndex": 0, "visibility": 8.24}, {"time": 1446854400, "summary": "Mostly Cloudy", "icon": "partly-cloudy-night", "precipIntensity": 0, "precipProbability": 0, "temperature": 74.56, "apparentTemperature": 75.12, "dewPoint": 65.03, "humidity": 0.72, "pressure": 1014.33, "windSpeed": 0.46, "windGust": 2.13, "windBearing": 210, "cloudCover": 0.78, "uvIndex": 0, "visibility": 7.83}, {"time": 1446858000, "summary": "Mostly Cloudy", "icon": "partly-cloudy-night", "precipIntensity": 0, "precipProbability": 0, "temperature": 73.63, "apparentTemperature": 74.14, "dewPoint": 64.56, "humidity": 0.73, "pressure": 1015.11, "windSpeed": 0.96, "windGust": 5.11, "windBearing": 270, "cloudCover": 0.76, "uvIndex": 0, "visibility": 8.04}, {"time": 1446861600, "summary": "Overcast", "icon": "cloudy", "precipIntensity": 0.0029, "precipProbability": 0.27, "precipType": "rain", "temperature": 71.59, "apparentTemperature": 71.84, "dewPoint": 62.12, "humidity": 0.72, "pressure": 1015.94, "windSpeed": 0.71, "windGust": 2.96, "windBearing": 280, "cloudCover": 1, "uvIndex": 0, "visibility": 8.63}, {"time": 1446865200, "summary": "Overcast", "icon": "cloudy", "precipIntensity": 0, "precipProbability": 0, "temperature": 69.81, "apparentTemperature": 69.91, "dewPoint": 60.68, "humidity": 0.73, "pressure": 1016.2, "windSpeed": 0.15, "windGust": 1.06, "windBearing": 263, "cloudCover": 1, "uvIndex": 0, "visibility": 7.95}, {"time": 1446868800, "summary": "Overcast", "icon": "cloudy", "precipIntensity": 0, "precipProbability": 0, "temperature": 68.71, "apparentTemperature": 68.71, "dewPoint": 59.62, "humidity": 0.73, "pressure": 1016.29, "windSpeed": 0.17, "windGust": 0.91, "windBearing": 261, "cloudCover": 1, "uvIndex": 0, "visibility": 8.99}]}, "daily": {"data": [{"time": 1446786000, "summary": "Mostly cloudy throughout the day.", "icon": "partly-cloudy-day", "sunriseTime": 1446810123, "sunsetTime": 1446847435, "moonPhase": 0.85, "precipIntensity": 0.0001, "precipIntensityMax": 0.0029, "precipIntensityMaxTime": 1446861600, "precipProbability": 0.27, "precipType": "rain", "temperatureHigh": 79.56, "temperatureHighTime": 1446840000, "temperatureLow": 61.06, "temperatureLowTime": 1446886800, "apparentTemperatureHigh": 81.51, "apparentTemperatureHighTime": 1446840000, "apparentTemperatureLow": 61.06, "apparentTemperatureLowTime": 1446886800, "dewPoint": 63.66, "humidity": 0.81, "pressure": 1016.29, "windSpeed": 1.51, "windGust": 11.85, "windGustTime": 1446836400, "windBearing": 211, "cloudCover": 0.73, "uvIndex": 3, "uvIndexTime": 1446825600, "visibility": 6.53, "temperatureMin": 63.9, "temperatureMinTime": 1446807600, "temperatureMax": 79.56, "temperatureMaxTime": 1446840000, "apparentTemperatureMin": 64.45, "apparentTemperatureMinTime": 1446807600, "apparentTemperatureMax": 81.51, "apparentTemperatureMaxTime": 1446840000}]}, "flags": {"sources": ["cmc", "gfs", "hrrr", "icon", "isd", "madis", "nam", "sref"], "nearest-station": 1.106, "units": "us"}, "offset": -5}