{"latitude": 38.912659, "longitude": -77.017669, "timezone": "America/New_York", "currently": {"time": 1441598400, "summary": "Clear", "icon": "clear-night", "precipIntensity": 0, "precipProbability": 0, "temperature": 65.92, "apparentTemperature": 65.92, "dewPoint": 58.22, "humidity": 0.76, "pressure": 1020.61, "windSpeed": 0, "windGust": 0.04, "cloudCover": 0.13, "uvIndex": 0, "visibility": 8.21}, "hourly": {"summary": "Clear throughout the day.", "icon": "clear-day", "data": [{"time": 1441598400, "summary": "Clear", "icon": "clear-night", "precipIntensity": 0, "precipProbability": 0, "temperature": 65.92, "apparentTemperature": 65.92, "dewPoint": 58.22, "humidity": 0.76, "pressure": 1020.61, "windSpeed": 0, "windGust": 0.04, "cloudCover": 0.13, "uvIndex": 0, "visibility": 8.21}, {"time": 1441602000, "summary": "Clear", "icon": "clear-night", "precipIntensity": 0, "precipProbability": 0, "temperature": 64.94, "apparentTemperature": 64.94, "dewPoint": 58.55, "humidity": 0.8, "pressure": 1020.65, "windSpeed": 0, "windGust": 0, "cloudCover": 0.03, "uvIndex": 0, "visibility": 9}, {"time": 1441605600, "summary": "Clear", "icon": "clear-night", "precipIntensity": 0, "precipProbability": 0, "temperature": 64.39, "apparentTemperature": 64.39, "dewPoint": 58.7, "humidity": 0.82, "pressure": 1020.29, "windSpeed": 0, "windGust": 0.02, "cloudCover": 0.02, "uvIndex": 0, "visibility": 9.22}, {"time": 1441609200, "summary": "Clear", "icon": "clear-night", "precipIntensity": 0, "precipProbability": 0, "temperature": 63.86, "apparentTemperature": 63.87, "dewPoint": 58.79, "humidity": 0.84, "pressure": 1019.91, "windSpeed": 0, "windGust": 0, "cloudCover": 0.09, "uvIndex": 0, "visibility": 10}, {"time": 1441612800, "summary": "Clear", "icon": "clear-night", "precipIntensity": 0, "precipProbability": 0, "temperature": 63.29, "apparentTemperature": 63.33, "dewPoint": 58.79, "humidity": 0.85, "pressure": 1019.83, "windSpeed": 0, "windGust": 0, "cloudCover": 0.07, "uvIndex": 0, "visibility": 10}, {"time": 1441616400, "summary": "Clear", "icon": "clear-night", "precipIntensity": 0, "precipProbability": 0, "temperature": 62.79, "apparentTemperature": 62.84, "dewPoint": 58.73, "humidity": 0.87, "pressure": 1019.97, "windSpeed": 0, "windGust": 0, "cloudCover": 0.07, "uvIndex": 0, "visibility": 10}, {"time": 1441620000, "summary": "Partly Cloudy", "icon": "partly-cloudy-night", "precipIntensity": 0, "precipProbability": 0, "temperature": 62.7, "apparentTemperature": 62.8, "dewPoint": 58.99, "humidity": 0.88, "pressure": 1020.27, "windSpeed": 0, "windGust": 0.02, "cloudCover": 0.42, "uvIndex": 0, "visibility": 9.13}, {"time": 1441623600, "summary": "Clear", "icon": "clear-day", "precipIntensity": 0, "precipProbability": 0, "temperature": 62.35, "apparentTemperature": 62.43, "dewPoint": 58.82, "humidity": 0.88, "pressure": 1020.67, "windSpeed": 0, "windGust": 0, "cloudCover": 0.2, "uvIndex": 0, "visibility": 6.98}, {"time": 1441627200, "summary": "Clear", "icon": "clear-day", "precipIntensity": 0, "precipProbability": 0, "temperature": 63.9, "apparentTemperature": 64.2, "dewPoint": 60.76, "humidity": 0.9, "pressure": 1021.14, "windSpeed": 0, "windGust": 0.01, "cloudCover": 0.02, "uvIndex": 0, "visibility": 10}, {"time": 1441630800, "summary": "Clear", "icon": "clear-day", "precipIntensity": 0, "precipProbability": 0, "temperature": 72.03, "apparentTemperature": 72.76, "dewPoint": 66.01, "humidity": 0.81, "pressure": 1021.1, "windSpeed": 0.14, "windGust": 1.26, "windBearing": 199, "cloudCover": 0.06, "uvIndex": 2, "visibility": 10}, {"time": 1441634400, "summary": "Clear", "icon": "clear-day", "precipIntensity": 0, "precipProbability": 0, "temperature": 77.48, "apparentTemperature": 78.4, "dewPoint": 68.51, "humidity": 0.74, "pressure": 1020.99, "windSpeed": 0.6, "windGust": 3.37, "windBearing": 209, "cloudCover": 0.08, "uvIndex": 3, "visibility": 8.81}, {"time": 1441638000, "summary": "Clear", "icon": "clear-day", "precipIntensity": 0, "precipProbability": 0, "temperature": 81.04, "apparentTemperature": 84.05, "dewPoint": 68.63, "humidity": 0.66, "pressure": 1020.83, "windSpeed": 0.92, "windGust": 5.2, "windBearing": 214, "cloudCover": 0.04, "uvIndex": 5, "visibility": 9}, {"time": 1441641600, "summary": "Partly Cloudy", "icon": "partly-cloudy-day", "precipIntensity": 0, "precipProbability": 0, "temperature": 83.75, "apparentTemperature": 86.54, "dewPoint": 67.24, "humidity": 0.58, "pressure": 1020.58, "windSpeed": 0.51, "windGust": 4.3, "windBearing": 206, "cloudCover": 0.37, "uvIndex": 6, "visibility": 7.89}, {"time": 1441645200, "summary": "Clear", "icon": "clear-day", "precipIntensity": 0, "precipProbability": 0, "temperature": 86.38, "apparentTemperature": 88.85, "dewPoint": 66.24, "humidity": 0.51, "pressure": 1019.99, "windSpeed": 0.42, "windGust": 4.74, "windBearing": 189, "cloudCover": 0.1, "uvIndex": 7, "visibility": 7.92}, {"time": 1441648800, "summary": "Clear", "icon": "clear-day", "precipIntensity": 0, "precipProbability": 0, "temperature": 87.69, "apparentTemperature": 89.93, "dewPoint": 65.69, "humidity": 0.48, "pressure": 1019.3, "windSpeed": 0.87, "windGust": 5.53, "windBearing": 168, "cloudCover": 0.2, "uvIndex": 7, "visibility": 7.87}, {"time": 1441652400, "summary": "Clear", "icon": "clear-day", "precipIntensity": 0, "precipProbability": 0, "temperature": 88.83, "apparentTemperature": 91.06, "dewPoint": 65.51, "humidity": 0.46, "pressure": 1018.42, "windSpeed": 0.81, "windGust": 5.38, "windBearing": 168, "cloudCover": 0, "uvIndex": 6, "visibility": 7.81}, {"time": 1441656000, "summary": "Clear", "icon": "clear-day", "precipIntensity": 0, "precipProbability": 0, "temperature": 89.08, "apparentTemperature": 91.75, "dewPoint": 66.21, "humidity": 0.47, "pressure": 1017.63, "windSpeed": 1.13, "windGust": 5.01, "windBearing": 176, "cloudCover": 0.03, "uvIndex": 4, "visibility": 6.97}, {"time": 1441659600, "summary": "Clear", "icon": "clear-day", "precipIntensity": 0, "precipProbability": 0, "temperature": 88.51, "apparentTemperature": 91.58, "dewPoint": 66.96, "humidity": 0.49, "pressure": 1017.13, "windSpeed": 1.22, "windGust": 4.75, "windBearing": 179, "cloudCover": 0.09, "uvIndex": 2, "visibility": 7.14}, {"time": 1441663200, "summary": "Clear", "icon": "clear-day", "precipIntensity": 0, "precipProbability": 0, "temperature": 87.21, "apparentTemperature": 90.78, "dewPoint": 67.96, "humidity": 0.53, "pressure": 1016.94, "windSpeed": 0.81, "windGust": 3.31, "windBearing": 169, "cloudCover": 0.06, "uvIndex": 1, "visibility": 7.36}, {"time": 1441666800, "summary": "Clear", "icon": "clear-day", "precipIntensity": 0, "precipProbability": 0, "temperature": 84.95, "apparentTemperature": 89.02, "dewPoint": 69.27, "humidity": 0.6, "pressure": 1017.04, "windSpeed": 0.66, "windGust": 1.96, "windBearing": 177, "cloudCover": 0.07, "uvIndex": 0, "visibility": 8.23}, {"time": 1441670400, "summary": "Clear", "icon": "clear-night", "precipIntensity": 0, "precipProbability": 0, "temperature": 81.6, "apparentTemperature": 85.12, "dewPoint": 69.57, "humidity": 0.67, "pressure": 1017.24, "windSpeed": 0.4, "windGust": 0.83, "windBearing": 179, "cloudCover": 0.09, "uvIndex": 0, "visibility": 7.33}, {"time": 1441674000, "summary": "Clear", "icon": "clear-night", "precipIntensity": 0, "precipProbability": 0, "temperature": 79.45, "apparentTemperature": 82.31, "dewPoint": 69.73, "humidity": 0.72, "pressure": 1017.69, "windSpeed": 0.39, "windGust": 0.96, "windBearing": 180, "cloudCover": 0, "uvIndex": 0, "visibility": 7.63}, {"time": 1441677600, "summary": "Clear", "icon": "clear-night", "precipIntensity": 0, "precipProbability": 0, "temperature": 77.93, "apparentTemperature": 78.98, "dewPoint": 69.62, "humidity": 0.76, "pressure": 1017.98, "windSpeed": 0.49, "windGust": 1.51, "windBearing": 178, "cloudCover": 0, "uvIndex": 0, "visibility": 7.48}, {"time": 1441681200, "summary": "Clear", "icon": "clear-night", "precipIntensity": 0, "precipProbability": 0, "temperature": 76.57, "apparentTemperature": 77.59, "dewPoint": 69.16, "humidity": 0.78, "pressure": 1017.93, "windSpeed": 0.44, "windGust": 1.53, "windBearing": 188, "cloudCover": 0, "uvIndex": 0, "visibility": 7.8}]}, "daily": {"data": [{"time": 1441598400, "summary": "Clear throughout the day.", "icon": "clear-day", "sunriseTime": 1441622624, "sunsetTime": 1441668686, "moonPhase": 0.82, "precipIntensity": 0, "precipIntensityMax": 0, "precipProbability": 0, "temperatureHigh": 89.08, "temperatureHighTime": 1441656000, "temperatureLow": 68.96, "temperatureLowTime": 1441710000, "apparentTemperatureHigh": 91.75, "apparentTemperatureHighTime": 1441656000, "apparentTemperatureLow": 69.79, "apparentTemperatureLowTime": 1441710000, "dewPoint": 64.44, "humidity": 0.7, "pressure": 1019.34, "windSpeed": 0.4, "windGust": 5.53, "windGustTime": 1441648800, "windBearing": 183, "cloudCover": 0.09, "uvIndex": 7, "uvIndexTime": 1441645200, "visibility": 8.41, "temperatureMin": 62.35, "temperatureMinTime": 1441623600, "temperatureMax": 89.08, "temperatureMaxTime": 1441656000, "apparentTemperatureMin": 62.43, "apparentTemperatureMinTime": 1441623600, "apparentTemperatureMax": 91.75, "apparentTemperatureMaxTime": 1441656000}]}, "flags": {"sources": ["cmc", "gfs", "hrrr", "icon", "isd", "madis", "nam", "sref"], "nearest-station": 1.106, "units": "us"}, "offset": -4}