{"latitude": 38.912659, "longitude": -77.017669, "timezone": "America/New_York", "currently": {"time": 1423544400, "summary": "Drizzle", "icon": "rain", "precipIntensity": 0.006, "precipProbability": 0.61, "precipType": "rain", "temperature": 32.12, "apparentTemperature": 32.12, "dewPoint": 29.46, "humidity": 0.9, "pressure": 1015.01, "windSpeed": 1.97, "windGust": 5.07, "windBearing": 29, "cloudCover": 1, "uvIndex": 0, "visibility": 4.29}, "hourly": {"summary": "Overcast until evening.", "icon": "cloudy", "data": [{"time": 1423544400, "summary": "Overcast", "icon": "cloudy", "precipIntensity": 0.006, "precipProbability": 0.61, "precipType": "rain", "temperature": 32.12, "apparentTemperature": 32.12, "dewPoint": 29.46, "humidity": 0.9, "pressure": 1015.01, "windSpeed": 1.97, "windGust": 5.07, "windBearing": 29, "cloudCover": 1, "uvIndex": 0, "visibility": 4.29}, {"time": 1423548000, "summary": "Overcast", "icon": "cloudy", "precipIntensity": 0.0042, "precipProbability": 0.6, "precipAccumulation": 0.032, "precipType": "snow", "temperature": 31.88, "apparentTemperature": 31.88, "dewPoint": 29.26, "humidity": 0.9, "pressure": 1014.92, "windSpeed": 2.13, "windGust": 5.78, "windBearing": 27, "cloudCover": 1, "uvIndex": 0, "visibility": 4.77}, {"time": 1423551600, "summary": "Overcast", "icon": "cloudy", "precipIntensity": 0.0025, "precipProbability": 0.39, "precipAccumulation": 0.019, "precipType": "snow", "temperature": 31.74, "apparentTemperature": 31.74, "dewPoint": 29, "humidity": 0.89, "pressure": 1014.93, "windSpeed": 2.41, "windGust": 6.18, "windBearing": 19, "cloudCover": 1, "uvIndex": 0, "visibility": 5.79}, {"time": 1423555200, "summary": "Overcast", "icon": "cloudy", "precipIntensity": 0.0003, "precipProbability": 0.1, "precipAccumulation": 0, "precipType": "snow", "temperature": 31.32, "apparentTemperature": 31.32, "dewPoint": 28.46, "humidity": 0.89, "pressure": 1014.46, "windSpeed": 2.67, "windGust": 6.76, "windBearing": 19, "cloudCover": 1, "uvIndex": 0, "visibility": 6.05}, {"time": 1423558800, "summary": "Overcast", "icon": "cloudy", "precipIntensity": 0, "precipProbability": 0, "temperature": 30.76, "apparentTemperature": 30.76, "dewPoint": 27.62, "humidity": 0.88, "pressure": 1014.62, "windSpeed": 2.73, "windGust": 7.79, "windBearing": 15, "cloudCover": 1, "uvIndex": 0, "visibility": 6.77}, {"time": 1423562400, "summary": "Overcast", "icon": "cloudy", "precipIntensity": 0, "precipProbability": 0, "temperature": 30.35, "apparentTemperature": 30.35, "dewPoint": 26.99, "humidity": 0.87, "pressure": 1015.24, "windSpeed": 2.51, "windGust": 6.72, "windBearing": 12, "cloudCover": 1, "uvIndex": 0, "visibility": 7.08}, {"time": 1423566000, "summary": "Overcast", "icon": "cloudy", "precipIntensity": 0, "precipProbability": 0, "temperature": 29.97, "apparentTemperature": 29.97, "dewPoint": 26.56, "humidity": 0.87, "pressure": 1015.54, "windSpeed": 2.64, "windGust": 6.96, "windBearing": 10, "cloudCover": 1, "uvIndex": 0, "visibility": 7.62}, {"time": 1423569600, "summary": "Overcast", "icon": "cloudy", "precipIntensity": 0, "precipProbability": 0, "temperature": 29.75, "apparentTemperature": 29.75, "dewPoint": 26.19, "humidity": 0.86, "pressure": 1016.31, "windSpeed": 2.75, "windGust": 7.43, "windBearing": 11, "cloudCover": 1, "uvIndex": 0, "visibility": 8.27}, {"time": 1423573200, "summary": "Overcast", "icon": "cloudy", "precipIntensity": 0, "precipProbability": 0, "temperature": 29.78, "apparentTemperature": 26.34, "dewPoint": 25.97, "humidity": 0.85, "pressure": 1016.69, "windSpeed": 3.33, "windGust": 8.08, "windBearing": 12, "cloudCover": 1, "uvIndex": 0, "visibility": 7.9}, {"time": 1423576800, "summary": "Overcast", "icon": "cloudy", "precipIntensity": 0, "precipProbability": 0, "temperature": 30.4, "apparentTemperature": 26.97, "dewPoint": 26.51, "humidity": 0.85, "pressure": 1017.3, "windSpeed": 3.39, "windGust": 9.15, "windBearing": 12, "cloudCover": 1, "uvIndex": 1, "visibility": 7.91}, {"time": 1423580400, "summary": "Overcast", "icon": "cloudy", "precipIntensity": 0, "precipProbability": 0, "temperature": 31.35, "apparentTemperature": 27.91, "dewPoint": 27.27, "humidity": 0.85, "pressure": 1017.17, "windSpeed": 3.5, "windGust": 8.75, "windBearing": 12, "cloudCover": 1, "uvIndex": 2, "visibility": 8.28}, {"time": 1423584000, "summary": "Overcast", "icon": "cloudy", "precipIntensity": 0, "precipProbability": 0, "temperature": 32.26, "apparentTemperature": 28.86, "dewPoint": 27.93, "humidity": 0.84, "pressure": 1017.19, "windSpeed": 3.58, "windGust": 9.33, "windBearing": 6, "cloudCover": 1, "uvIndex": 2, "visibility": 8.28}, {"time": 1423587600, "summary": "Overcast", "icon": "cloudy", "precipIntensity": 0, "precipProbability": 0, "temperature": 33.16, "apparentTemperature": 29.75, "dewPoint": 28.52, "humidity": 0.83, "pressure": 1016.96, "windSpeed": 3.7, "windGust": 9.49, "windBearing": 355, "cloudCover": 1, "uvIndex": 3, "visibility": 7.9}, {"time": 1423591200, "summary": "Overcast", "icon": "cloudy", "precipIntensity": 0.0008, "precipProbability": 0.23, "precipType": "rain", "temperature": 34.54, "apparentTemperature": 31.39, "dewPoint": 29.23, "humidity": 0.81, "pressure": 1016.22, "windSpeed": 3.65, "windGust": 10.51, "windBearing": 347, "cloudCover": 1, "uvIndex": 2, "visibility": 8}, {"time": 1423594800, "summary": "Overcast", "icon": "cloudy", "precipIntensity": 0.0017, "precipProbability": 0.28, "precipType": "rain", "temperature": 36.57, "apparentTemperature": 33.18, "dewPoint": 30.58, "humidity": 0.79, "pressure": 1015.59, "windSpeed": 4.18, "windGust": 10.2, "windBearing": 353, "cloudCover": 0.99, "uvIndex": 2, "visibility": 8.28}, {"time": 1423598400, "summary": "Overcast", "icon": "cloudy", "precipIntensity": 0.0006, "precipProbability": 0.14, "precipType": "rain", "temperature": 37.4, "apparentTemperature": 34.22, "dewPoint": 30.55, "humidity": 0.76, "pressure": 1015.66, "windSpeed": 4.09, "windGust": 10.26, "windBearing": 356, "cloudCover": 1, "uvIndex": 1, "visibility": 7.9}, {"time": 1423602000, "summary": "Overcast", "icon": "cloudy", "precipIntensity": 0, "precipProbability": 0, "temperature": 37.62, "apparentTemperature": 34.69, "dewPoint": 29.89, "humidity": 0.73, "pressure": 1016.01, "windSpeed": 3.89, "windGust": 10.53, "windBearing": 354, "cloudCover": 0.99, "uvIndex": 1, "visibility": 8}, {"time": 1423605600, "summary": "Mostly Cloudy", "icon": "partly-cloudy-day", "precipIntensity": 0, "precipProbability": 0, "temperature": 37.53, "apparentTemperature": 34.39, "dewPoint": 29.21, "humidity": 0.72, "pressure": 1016.35, "windSpeed": 4.07, "windGust": 10.25, "windBearing": 357, "cloudCover": 0.7, "uvIndex": 0, "visibility": 8.28}, {"time": 1423609200, "summary": "Partly Cloudy", "icon": "partly-cloudy-night", "precipIntensity": 0, "precipProbability": 0, "temperature": 36.36, "apparentTemperature": 33.67, "dewPoint": 28.1, "humidity": 0.72, "pressure": 1016.93, "windSpeed": 3.48, "windGust": 9.58, "windBearing": 357, "cloudCover": 0.31, "uvIndex": 0, "visibility": 8}, {"time": 1423612800, "summary": "Clear", "icon": "clear-night", "precipIntensity": 0, "precipProbability": 0, "temperature": 35.16, "apparentTemperature": 31.99, "dewPoint": 26.79, "humidity": 0.71, "pressure": 1017.49, "windSpeed": 3.74, "windGust": 9.78, "windBearing": 7, "cloudCover": 0.14, "uvIndex": 0, "visibility": 7.99}, {"time": 1423616400, "summary": "Clear", "icon": "clear-night", "precipIntensity": 0, "precipProbability": 0, "temperature": 34.01, "apparentTemperature": 30.7, "dewPoint": 26.01, "humidity": 0.72, "pressure": 1017.94, "windSpeed": 3.72, "windGust": 9.29, "windBearing": 0, "cloudCover": 0.06, "uvIndex": 0, "visibility": 7.68}, {"time": 1423620000, "summary": "Clear", "icon": "clear-night", "precipIntensity": 0, "precipProbability": 0, "temperature": 33.03, "apparentTemperature": 29.3, "dewPoint": 25.17, "humidity": 0.72, "pressure": 1018.11, "windSpeed": 3.97, "windGust": 9.38, "windBearing": 356, "cloudCover": 0, "uvIndex": 0, "visibility": 8}, {"time": 1423623600, "summary": "Clear", "icon": "clear-night", "precipIntensity": 0, "precipProbability": 0, "temperature": 32.13, "apparentTemperature": 28.79, "dewPoint": 24.43, "humidity": 0.73, "pressure": 1018.01, "windSpeed": 3.51, "windGust": 8.71, "windBearing": 353, "cloudCover": 0, "uvIndex": 0, "visibility": 7.91}, {"time": 1423627200, "summary": "Clear", "icon": "clear-night", "precipIntensity": 0, "precipProbability": 0, "temperature": 31.24, "apparentTemperature": 28.09, "dewPoint": 23.74, "humidity": 0.73, "pressure": 1017.84, "windSpeed": 3.27, "windGust": 7.44, "windBearing": 348, "cloudCover": 0, "uvIndex": 0, "visibility": 7.9}]}, "daily": {"data": [{"time": 1423544400, "summary": "Mostly cloudy until evening.", "icon": "partly-cloudy-day", "sunriseTime": 1423569997, "sunsetTime": 1423608041, "moonPhase": 0.71, "precipIntensity": 0.0007, "precipIntensityMax": 0.006, "precipIntensityMaxTime": 1423544400, "precipProbability": 0.61, "precipAccumulation": 0.055, "precipType": "snow", "temperatureHigh": 37.62, "temperatureHighTime": 1423602000, "temperatureLow": 26.42, "temperatureLowTime": 1423656000, "apparentTemperatureHigh": 34.69, "apparentTemperatureHighTime": 1423602000, "apparentTemperatureLow": 25.62, "apparentTemperatureLowTime": 1423641600, "dewPoint": 27.64, "humidity": 0.81, "pressure": 1016.35, "windSpeed": 3.23, "windGust": 10.53, "windGustTime": 1423602000, "windBearing": 3, "cloudCover": 0.76, "uvIndex": 3, "uvIndexTime": 1423587600, "visibility": 7.45, "temperatureMin": 29.75, "temperatureMinTime": 1423569600, "temperatureMax": 37.62, "temperatureMaxTime": 1423602000, "apparentTemperatureMin": 26.34, "apparentTemperatureMinTime": 1423573200, "apparentTemperatureMax": 34.69, "apparentTemperatureMaxTime": 1423602000}]}, "flags": {"sources": ["cmc", "gfs", "hrrr", "icon", "isd", "madis", "nam", "sref"], "nearest-station": 0.675, "units": "us"}, "offset": -5}