{"latitude": 38.912659, "longitude": -77.017669, "timezone": "America/New_York", "currently": {"time": 1451278800, "summary": "Overcast", "icon": "cloudy", "precipIntensity": 0, "precipProbability": 0, "temperature": 57.67, "apparentTemperature": 57.67, "dewPoint": 51.83, "humidity": 0.81, "pressure": 1019.34, "windSpeed": 3.14, "windGust": 9.4, "windBearing": 354, "cloudCover": 0.97, "uvIndex": 0, "visibility": 9}, "hourly": {"summary": "Light rain overnight.", "icon": "rain", "data": [{"time": 1451278800, "summary": "Overcast", "icon": "cloudy", "precipIntensity": 0, "precipProbability": 0, "temperature": 57.67, "apparentTemperature": 57.67, "dewPoint": 51.83, "humidity": 0.81, "pressure": 1019.34, "windSpeed": 3.14, "windGust": 9.4, "windBearing": 354, "cloudCover": 0.97, "uvIndex": 0, "visibility": 9}, {"time": 1451282400, "summary": "Overcast", "icon": "cloudy", "precipIntensity": 0, "precipProbability": 0, "temperature": 54.71, "apparentTemperature": 54.71, "dewPoint": 48.16, "humidity": 0.79, "pressure": 1019.93, "windSpeed": 3.82, "windGust": 10.41, "windBearing": 356, "cloudCover": 1, "uvIndex": 0, "visibility": 8.36}, {"time": 1451286000, "summary": "Overcast", "icon": "cloudy", "precipIntensity": 0, "precipProbability": 0, "temperature": 51.8, "apparentTemperature": 51.8, "dewPoint": 44.95, "humidity": 0.77, "pressure": 1021.25, "windSpeed": 3.86, "windGust": 11.15, "windBearing": 3, "cloudCover": 1, "uvIndex": 0, "visibility": 8.52}, {"time": 1451289600, "summary": "Overcast", "icon": "cloudy", "precipIntensity": 0, "precipProbability": 0, "temperature": 49.68, "apparentTemperature": 45.57, "dewPoint": 41.46, "humidity": 0.73, "pressure": 1022.89, "windSpeed": 10.22, "windGust": 10.22, "windBearing": 6, "cloudCover": 1, "uvIndex": 0, "visibility": 7.79}, {"time": 1451293200, "summary": "Overcast", "icon": "cloudy", "precipIntensity": 0, "precipProbability": 0, "temperature": 47.79, "apparentTemperature": 46.15, "dewPoint": 38.1, "humidity": 0.69, "pressure": 1023.91, "windSpeed": 4.22, "windGust": 10.96, "windBearing": 9, "cloudCover": 1, "uvIndex": 0, "visibility": 8.25}, {"time": 1451296800, "summary": "Overcast", "icon": "cloudy", "precipIntensity": 0, "precipProbability": 0, "temperature": 46.06, "apparentTemperature": 44.28, "dewPoint": 35.84, "humidity": 0.67, "pressure": 1024.64, "windSpeed": 4.04, "windGust": 10.33, "windBearing": 17, "cloudCover": 1, "uvIndex": 0, "visibility": 7.37}, {"time": 1451300400, "summary": "Mostly Cloudy", "icon": "partly-cloudy-night", "precipIntensity": 0, "precipProbability": 0, "temperature": 44.65, "apparentTemperature": 42.57, "dewPoint": 34.26, "humidity": 0.67, "pressure": 1025.71, "windSpeed": 4.15, "windGust": 10.29, "windBearing": 14, "cloudCover": 0.78, "uvIndex": 0, "visibility": 8}, {"time": 1451304000, "summary": "Mostly Cloudy", "icon": "partly-cloudy-night", "precipIntensity": 0, "precipProbability": 0, "temperature": 43.32, "apparentTemperature": 43.32, "dewPoint": 33.4, "humidity": 0.68, "pressure": 1026.96, "windSpeed": 2.9, "windGust": 7.98, "windBearing": 17, "cloudCover": 0.83, "uvIndex": 0, "visibility": 8}, {"time": 1451307600, "summary": "Mostly Cloudy", "icon": "partly-cloudy-day", "precipIntensity": 0, "precipProbability": 0, "temperature": 42.79, "apparentTemperature": 42.79, "dewPoint": 33.04, "humidity": 0.68, "pressure": 1028.09, "windSpeed": 2.82, "windGust": 7.19, "windBearing": 28, "cloudCover": 0.88, "uvIndex": 0, "visibility": 7.91}, {"time": 1451311200, "summary": "Overcast", "icon": "cloudy", "precipIntensity": 0, "precipProbability": 0, "temperature": 43.01, "apparentTemperature": 41.56, "dewPoint": 33.16, "humidity": 0.68, "pressure": 1028.93, "windSpeed": 3.2, "windGust": 8.62, "windBearing": 38, "cloudCover": 1, "uvIndex": 0, "visibility": 7.8}, {"time": 1451314800, "summary": "Overcast", "icon": "cloudy", "precipIntensity": 0, "precipProbability": 0, "temperature": 43.25, "apparentTemperature": 43.25, "dewPoint": 32.75, "humidity": 0.66, "pressure": 1029.86, "windSpeed": 2.82, "windGust": 9.17, "windBearing": 54, "cloudCover": 1, "uvIndex": 1, "visibility": 8.25}, {"time": 1451318400, "summary": "Overcast", "icon": "cloudy", "precipIntensity": 0, "precipProbability": 0, "temperature": 43.49, "apparentTemperature": 41.83, "dewPoint": 32.6, "humidity": 0.65, "pressure": 1029.57, "windSpeed": 3.47, "windGust": 8.83, "windBearing": 58, "cloudCover": 1, "uvIndex": 1, "visibility": 7.91}, {"time": 1451322000, "summary": "Overcast", "icon": "cloudy", "precipIntensity": 0, "precipProbability": 0, "temperature": 43.71, "apparentTemperature": 43.71, "dewPoint": 32.62, "humidity": 0.65, "pressure": 1028.93, "windSpeed": 2.45, "windGust": 8.01, "windBearing": 58, "cloudCover": 1, "uvIndex": 2, "visibility": 7.98}, {"time": 1451325600, "summary": "Overcast", "icon": "cloudy", "precipIntensity": 0, "precipProbability": 0, "temperature": 43.74, "apparentTemperature": 42.58, "dewPoint": 32.7, "humidity": 0.65, "pressure": 1028.77, "windSpeed": 3.01, "windGust": 8.06, "windBearing": 61, "cloudCover": 1, "uvIndex": 1, "visibility": 7.9}, {"time": 1451329200, "summary": "Overcast", "icon": "cloudy", "precipIntensity": 0, "precipProbability": 0, "temperature": 43.69, "apparentTemperature": 43.69, "dewPoint": 32.73, "humidity": 0.65, "pressure": 1028.48, "windSpeed": 2.61, "windGust": 7.61, "windBearing": 77, "cloudCover": 1, "uvIndex": 1, "visibility": 8.25}, {"time": 1451332800, "summary": "Overcast", "icon": "cloudy", "precipIntensity": 0, "precipProbability": 0, "temperature": 43.48, "apparentTemperature": 43.48, "dewPoint": 33.04, "humidity": 0.66, "pressure": 1028.11, "windSpeed": 2.81, "windGust": 8.4, "windBearing": 82, "cloudCover": 1, "uvIndex": 1, "visibility": 8.25}, {"time": 1451336400, "summary": "Overcast", "icon": "cloudy", "precipIntensity": 0, "precipProbability": 0, "temperature": 43.28, "apparentTemperature": 43.28, "dewPoint": 33.7, "humidity": 0.69, "pressure": 1028.59, "windSpeed": 2.16, "windGust": 7.08, "windBearing": 83, "cloudCover": 1, "uvIndex": 0, "visibility": 7.67}, {"time": 1451340000, "summary": "Overcast", "icon": "cloudy", "precipIntensity": 0, "precipProbability": 0, "temperature": 43.15, "apparentTemperature": 41.53, "dewPoint": 33.83, "humidity": 0.69, "pressure": 1028.25, "windSpeed": 3.39, "windGust": 8.67, "windBearing": 91, "cloudCover": 1, "uvIndex": 0, "visibility": 8.25}, {"time": 1451343600, "summary": "Overcast", "icon": "cloudy", "precipIntensity": 0, "precipProbability": 0, "temperature": 43.26, "apparentTemperature": 43.26, "dewPoint": 34.86, "humidity": 0.72, "pressure": 1027.91, "windSpeed": 2.72, "windGust": 8.38, "windBearing": 89, "cloudCover": 1, "uvIndex": 0, "visibility": 7.65}, {"time": 1451347200, "summary": "Overcast", "icon": "cloudy", "precipIntensity": 0, "precipProbability": 0, "temperature": 42.29, "apparentTemperature": 40.71, "dewPoint": 36.16, "humidity": 0.79, "pressure": 1027.35, "windSpeed": 3.23, "windGust": 8.99, "windBearing": 86, "cloudCover": 1, "uvIndex": 0, "visibility": 7.74}, {"time": 1451350800, "summary": "Overcast", "icon": "cloudy", "precipIntensity": 0.0006, "precipProbability": 0.14, "precipType": "rain", "temperature": 41.53, "apparentTemperature": 41.53, "dewPoint": 36.68, "humidity": 0.83, "pressure": 1026.69, "windSpeed": 2.71, "windGust": 8.31, "windBearing": 71, "cloudCover": 1, "uvIndex": 0, "visibility": 7.61}, {"time": 1451354400, "summary": "Overcast", "icon": "cloudy", "precipIntensity": 0.0012, "precipProbability": 0.3, "precipType": "rain", "temperature": 40.85, "apparentTemperature": 40.85, "dewPoint": 37.6, "humidity": 0.88, "pressure": 1026.3, "windSpeed": 1.35, "windGust": 5.09, "windBearing": 52, "cloudCover": 1, "uvIndex": 0, "visibility": 3.24}, {"time": 1451358000, "summary": "Light Rain", "icon": "rain", "precipIntensity": 0.0104, "precipProbability": 0.84, "precipType": "rain", "temperature": 40.65, "apparentTemperature": 40.65, "dewPoint": 38.28, "humidity": 0.91, "pressure": 1025.2, "windSpeed": 1.72, "windGust": 6.28, "windBearing": 70, "cloudCover": 1, "uvIndex": 0, "visibility": 2.7}, {"time": 1451361600, "summary": "Light Rain", "icon": "rain", "precipIntensity": 0.0202, "precipProbability": 0.92, "precipType": "rain", "temperature": 41.51, "apparentTemperature": 41.51, "dewPoint": 39.47, "humidity": 0.92, "pressure": 1023.71, "windSpeed": 2.09, "windGust": 7.13, "windBearing": 73, "cloudCover": 1, "uvIndex": 0, "visibility": 3.21}]}, "daily": {"data": [{"time": 1451278800, "summary": "Rain overnight.", "icon": "rain", "sunriseTime": 1451305626, "sunsetTime": 1451339669, "moonPhase": 0.61, "precipIntensity": 0.0014, "precipIntensityMax": 0.0202, "precipIntensityMaxTime": 1451361600, "precipProbability": 0.92, "precipType": "rain", "temperatureHigh": 43.74, "temperatureHighTime": 1451325600, "temperatureLow": 40.65, "temperatureLowTime": 1451358000, "apparentTemperatureHigh": 43.71, "apparentTemperatureHighTime": 1451322000, "apparentTemperatureLow": 40.65, "apparentTemperatureLowTime": 1451358000, "dewPoint": 36.72, "humidity": 0.73, "pressure": 1026.22, "windSpeed": 2.76, "windGust": 11.15, "windGustTime": 1451286000, "windBearing": 39, "cloudCover": 0.98, "uvIndex": 2, "uvIndexTime": 1451322000, "visibility": 7.4, "temperatureMin": 40.65, "temperatureMinTime": 1451358000, "temperatureMax": 57.67, "temperatureMaxTime": 1451278800, "apparentTemperatureMin": 40.65, "apparentTemperatureMinTime": 1451358000, "apparentTemperatureMax": 57.67, "apparentTemperatureMaxTime": 1451278800}]}, "flags": {"sources": ["cmc", "gfs", "hrrr", "icon", "isd", "madis", "nam", "sref"], "nearest-station": 1.106, "units": "us"}, "offset": -5}