{"latitude": 38.912659, "longitude": -77.017669, "timezone": "America/New_York", "currently": {"time": 1455253200, "summary": "Clear", "icon": "clear-night", "precipIntensity": 0, "precipProbability": 0, "temperature": 20.04, "apparentTemperature": 20.04, "dewPoint": 3.38, "humidity": 0.48, "pressure": 1027.17, "windSpeed": 1.24, "windGust": 3.73, "windBearing": 288, "cloudCover": 0, "uvIndex": 0, "visibility": 9}, "hourly": {"summary": "Mostly cloudy starting in the morning, continuing until night.", "icon": "partly-cloudy-day", "data": [{"time": 1455253200, "summary": "Clear", "icon": "clear-night", "precipIntensity": 0, "precipProbability": 0, "temperature": 20.04, "apparentTemperature": 20.04, "dewPoint": 3.38, "humidity": 0.48, "pressure": 1027.17, "windSpeed": 1.24, "windGust": 3.73, "windBearing": 288, "cloudCover": 0, "uvIndex": 0, "visibility": 9}, {"time": 1455256800, "summary": "Clear", "icon": "clear-night", "precipIntensity": 0, "precipProbability": 0, "temperature": 19.18, "apparentTemperature": 19.18, "dewPoint": 4.07, "humidity": 0.51, "pressure": 1027.49, "windSpeed": 0.78, "windGust": 2.57, "windBearing": 293, "cloudCover": 0, "uvIndex": 0, "visibility": 9.48}, {"time": 1455260400, "summary": "Clear", "icon": "clear-night", "precipIntensity": 0, "precipProbability": 0, "temperature": 18.41, "apparentTemperature": 18.41, "dewPoint": 4.53, "humidity": 0.54, "pressure": 1027.32, "windSpeed": 0.43, "windGust": 1.78, "windBearing": 285, "cloudCover": 0.23, "uvIndex": 0, "visibility": 9.45}, {"time": 1455264000, "summary": "Clear", "icon": "clear-night", "precipIntensity": 0, "precipProbability": 0, "temperature": 18.23, "apparentTemperature": 18.23, "dewPoint": 5.09, "humidity": 0.56, "pressure": 1026.94, "windSpeed": 0.44, "windGust": 1.6, "windBearing": 314, "cloudCover": 0.2, "uvIndex": 0, "visibility": 9.39}, {"time": 1455267600, "summary": "Clear", "icon": "clear-night", "precipIntensity": 0, "precipProbability": 0, "temperature": 17.76, "apparentTemperature": 17.76, "dewPoint": 5.32, "humidity": 0.57, "pressure": 1026.77, "windSpeed": 0.28, "windGust": 0.97, "windBearing": 311, "cloudCover": 0.04, "uvIndex": 0, "visibility": 9.15}, {"time": 1455271200, "summary": "Clear", "icon": "clear-night", "precipIntensity": 0, "precipProbability": 0, "temperature": 16.75, "apparentTemperature": 16.75, "dewPoint": 5.58, "humidity": 0.61, "pressure": 1026.81, "windSpeed": 0.03, "windGust": 0.26, "windBearing": 270, "cloudCover": 0.1, "uvIndex": 0, "visibility": 8.63}, {"time": 1455274800, "summary": "Clear", "icon": "clear-night", "precipIntensity": 0, "precipProbability": 0, "temperature": 16.21, "apparentTemperature": 16.21, "dewPoint": 6.74, "humidity": 0.66, "pressure": 1026.81, "windSpeed": 0.01, "windGust": 0.24, "windBearing": 351, "cloudCover": 0.08, "uvIndex": 0, "visibility": 8.43}, {"time": 1455278400, "summary": "Clear", "icon": "clear-night", "precipIntensity": 0, "precipProbability": 0, "temperature": 16.01, "apparentTemperature": 16.01, "dewPoint": 7.24, "humidity": 0.68, "pressure": 1026.8, "windSpeed": 0, "windGust": 0.11, "cloudCover": 0.23, "uvIndex": 0, "visibility": 10}, {"time": 1455282000, "summary": "Partly Cloudy", "icon": "partly-cloudy-day", "precipIntensity": 0, "precipProbability": 0, "temperature": 18.23, "apparentTemperature": 18.23, "dewPoint": 8.77, "humidity": 0.66, "pressure": 1026.95, "windSpeed": 0.06, "windGust": 0.63, "windBearing": 270, "cloudCover": 0.47, "uvIndex": 0, "visibility": 9}, {"time": 1455285600, "summary": "Partly Cloudy", "icon": "partly-cloudy-day", "precipIntensity": 0, "precipProbability": 0, "temperature": 21.77, "apparentTemperature": 21.77, "dewPoint": 6.7, "humidity": 0.52, "pressure": 1026.53, "windSpeed": 0.25, "windGust": 2.14, "windBearing": 284, "cloudCover": 0.46, "uvIndex": 1, "visibility": 9}, {"time": 1455289200, "summary": "Clear", "icon": "clear-day", "precipIntensity": 0, "precipProbability": 0, "temperature": 23.86, "apparentTemperature": 23.86, "dewPoint": 6.02, "humidity": 0.46, "pressure": 1025.88, "windSpeed": 0.49, "windGust": 3.89, "windBearing": 212, "cloudCover": 0.18, "uvIndex": 2, "visibility": 7.9}, {"time": 1455292800, "summary": "Partly Cloudy", "icon": "partly-cloudy-day", "precipIntensity": 0, "precipProbability": 0, "temperature": 25.8, "apparentTemperature": 25.8, "dewPoint": 6.15, "humidity": 0.42, "pressure": 1024.58, "windSpeed": 1.26, "windGust": 6.27, "windBearing": 190, "cloudCover": 0.44, "uvIndex": 3, "visibility": 8.24}, {"time": 1455296400, "summary": "Mostly Cloudy", "icon": "partly-cloudy-day", "precipIntensity": 0, "precipProbability": 0, "temperature": 27.48, "apparentTemperature": 27.48, "dewPoint": 7.1, "humidity": 0.41, "pressure": 1023.31, "windSpeed": 1.61, "windGust": 7.18, "windBearing": 189, "cloudCover": 0.6, "uvIndex": 3, "visibility": 7.87}, {"time": 1455300000, "summary": "Mostly Cloudy", "icon": "partly-cloudy-day", "precipIntensity": 0, "precipProbability": 0, "temperature": 28.92, "apparentTemperature": 28.92, "dewPoint": 7.97, "humidity": 0.41, "pressure": 1021.47, "windSpeed": 1.84, "windGust": 7.17, "windBearing": 182, "cloudCover": 0.85, "uvIndex": 3, "visibility": 8.21}, {"time": 1455303600, "summary": "Mostly Cloudy", "icon": "partly-cloudy-day", "precipIntensity": 0, "precipProbability": 0, "temperature": 29.9, "apparentTemperature": 29.9, "dewPoint": 8.6, "humidity": 0.4, "pressure": 1019.74, "windSpeed": 2.42, "windGust": 8.15, "windBearing": 190, "cloudCover": 0.77, "uvIndex": 2, "visibility": 8}, {"time": 1455307200, "summary": "Mostly Cloudy", "icon": "partly-cloudy-day", "precipIntensity": 0, "precipProbability": 0, "temperature": 29.88, "apparentTemperature": 29.88, "dewPoint": 9.1, "humidity": 0.41, "pressure": 1018.16, "windSpeed": 1.82, "windGust": 6.66, "windBearing": 184, "cloudCover": 0.92, "uvIndex": 1, "visibility": 7.98}, {"time": 1455310800, "summary": "Overcast", "icon": "cloudy", "precipIntensity": 0, "precipProbability": 0, "temperature": 29.34, "apparentTemperature": 29.34, "dewPoint": 10.42, "humidity": 0.45, "pressure": 1017.5, "windSpeed": 1.2, "windGust": 4.63, "windBearing": 161, "cloudCover": 0.98, "uvIndex": 1, "visibility": 8.25}, {"time": 1455314400, "summary": "Mostly Cloudy", "icon": "partly-cloudy-day", "precipIntensity": 0, "precipProbability": 0, "temperature": 28.86, "apparentTemperature": 28.86, "dewPoint": 11.25, "humidity": 0.47, "pressure": 1017.2, "windSpeed": 0.72, "windGust": 3.46, "windBearing": 158, "cloudCover": 0.85, "uvIndex": 0, "visibility": 7.4}, {"time": 1455318000, "summary": "Mostly Cloudy", "icon": "partly-cloudy-night", "precipIntensity": 0, "precipProbability": 0, "temperature": 28.24, "apparentTemperature": 28.24, "dewPoint": 12.28, "humidity": 0.51, "pressure": 1016.43, "windSpeed": 0.57, "windGust": 2.95, "windBearing": 153, "cloudCover": 0.92, "uvIndex": 0, "visibility": 8.25}, {"time": 1455321600, "summary": "Mostly Cloudy", "icon": "partly-cloudy-night", "precipIntensity": 0, "precipProbability": 0, "temperature": 27.52, "apparentTemperature": 27.52, "dewPoint": 12.72, "humidity": 0.53, "pressure": 1016.52, "windSpeed": 0.16, "windGust": 1, "windBearing": 115, "cloudCover": 0.87, "uvIndex": 0, "visibility": 8.19}, {"time": 1455325200, "summary": "Mostly Cloudy", "icon": "partly-cloudy-night", "precipIntensity": 0, "precipProbability": 0, "temperature": 26.65, "apparentTemperature": 26.65, "dewPoint": 13.54, "humidity": 0.57, "pressure": 1016.36, "windSpeed": 0.12, "windGust": 0.76, "windBearing": 133, "cloudCover": 0.72, "uvIndex": 0, "visibility": 8.21}, {"time": 1455328800, "summary": "Overcast", "icon": "cloudy", "precipIntensity": 0, "precipProbability": 0, "temperature": 26.59, "apparentTemperature": 26.59, "dewPoint": 14.43, "humidity": 0.6, "pressure": 1016.21, "windSpeed": 0.06, "windGust": 0.53, "windBearing": 189, "cloudCover": 1, "uvIndex": 0, "visibility": 8.24}, {"time": 1455332400, "summary": "Overcast", "icon": "cloudy", "precipIntensity": 0, "precipProbability": 0, "temperature": 26.78, "apparentTemperature": 26.78, "dewPoint": 15.91, "humidity": 0.63, "pressure": 1016.49, "windSpeed": 0.54, "windGust": 2.69, "windBearing": 288, "cloudCover": 1, "uvIndex": 0, "visibility": 7.37}, {"time": 1455336000, "summary": "Mostly Cloudy", "icon": "partly-cloudy-night", "precipIntensity": 0, "precipProbability": 0, "temperature": 26.23, "apparentTemperature": 26.23, "dewPoint": 17.94, "humidity": 0.7, "pressure": 1016.45, "windSpeed": 0.67, "windGust": 1.79, "windBearing": 299, "cloudCover": 0.93, "uvIndex": 0, "visibility": 7.76}]}, "daily": {"data": [{"time": 1455253200, "summary": "Mostly cloudy throughout the day.", "icon": "partly-cloudy-day", "sunriseTime": 1455278678, "sunsetTime": 1455316962, "moonPhase": 0.15, "precipIntensity": 0, "precipIntensityMax": 0, "precipProbability": 0, "temperatureHigh": 29.9, "temperatureHighTime": 1455303600, "temperatureLow": 20.22, "temperatureLowTime": 1455368400, "apparentTemperatureHigh": 29.9, "apparentTemperatureHighTime": 1455303600, "apparentTemperatureLow": 13.92, "apparentTemperatureLowTime": 1455361200, "dewPoint": 8.79, "humidity": 0.53, "pressure": 1022.33, "windSpeed": 0.45, "windGust": 8.15, "windGustTime": 1455303600, "windBearing": 204, "cloudCover": 0.53, "uvIndex": 3, "uvIndexTime": 1455292800, "visibility": 8.48, "temperatureMin": 16.01, "temperatureMinTime": 1455278400, "temperatureMax": 29.9, "temperatureMaxTime": 1455303600, "apparentTemperatureMin": 16.01, "apparentTemperatureMinTime": 1455278400, "apparentTemperatureMax": 29.9, "apparentTemperatureMaxTime": 1455303600}]}, "flags": {"sources": ["cmc", "gfs", "hrrr", "icon", "isd", "madis", "nam", "sref"], "nearest-station": 1.106, "units": "us"}, "offset": -5}