{"latitude": 38.912659, "longitude": -77.017669, "timezone": "America/New_York", "currently": {"time": 1462507200, "summary": "Overcast", "icon": "cloudy", "precipIntensity": 0.0007, "precipProbability": 0.2, "precipType": "rain", "temperature": 52.61, "apparentTemperature": 52.61, "dewPoint": 49.87, "humidity": 0.9, "pressure": 1004.47, "windSpeed": 0.66, "windGust": 1.61, "windBearing": 349, "cloudCover": 1, "uvIndex": 0, "visibility": 6.55}, "hourly": {"summary": "Rain starting in the morning, continuing until evening.", "icon": "rain", "data": [{"time": 1462507200, "summary": "Overcast", "icon": "cloudy", "precipIntensity": 0.0007, "precipProbability": 0.2, "precipType": "rain", "temperature": 52.61, "apparentTemperature": 52.61, "dewPoint": 49.87, "humidity": 0.9, "pressure": 1004.47, "windSpeed": 0.66, "windGust": 1.61, "windBearing": 349, "cloudCover": 1, "uvIndex": 0, "visibility": 6.55}, {"time": 1462510800, "summary": "Overcast", "icon": "cloudy", "precipIntensity": 0.0007, "precipProbability": 0.19, "precipType": "rain", "temperature": 52.37, "apparentTemperature": 52.37, "dewPoint": 49.84, "humidity": 0.91, "pressure": 1004.54, "windSpeed": 0.43, "windGust": 1.42, "windBearing": 346, "cloudCover": 1, "uvIndex": 0, "visibility": 7.93}, {"time": 1462514400, "summary": "Overcast", "icon": "cloudy", "precipIntensity": 0, "precipProbability": 0, "temperature": 52.34, "apparentTemperature": 52.34, "dewPoint": 49.79, "humidity": 0.91, "pressure": 1004.3, "windSpeed": 0.44, "windGust": 1.27, "windBearing": 350, "cloudCover": 1, "uvIndex": 0, "visibility": 7.96}, {"time": 1462518000, "summary": "Overcast", "icon": "cloudy", "precipIntensity": 0, "precipProbability": 0, "temperature": 52.3, "apparentTemperature": 52.3, "dewPoint": 49.65, "humidity": 0.91, "pressure": 1003.96, "windSpeed": 0.64, "windGust": 1.85, "windBearing": 356, "cloudCover": 1, "uvIndex": 0, "visibility": 7.88}, {"time": 1462521600, "summary": "Overcast", "icon": "cloudy", "precipIntensity": 0, "precipProbability": 0, "temperature": 52.25, "apparentTemperature": 52.25, "dewPoint": 49.46, "humidity": 0.9, "pressure": 1003.56, "windSpeed": 0.65, "windGust": 1.88, "windBearing": 6, "cloudCover": 1, "uvIndex": 0, "visibility": 7.94}, {"time": 1462525200, "summary": "Overcast", "icon": "cloudy", "precipIntensity": 0, "precipProbability": 0, "temperature": 52.15, "apparentTemperature": 52.15, "dewPoint": 49.31, "humidity": 0.9, "pressure": 1003.76, "windSpeed": 0.76, "windGust": 1.9, "windBearing": 354, "cloudCover": 1, "uvIndex": 0, "visibility": 8.15}, {"time": 1462528800, "summary": "Overcast", "icon": "cloudy", "precipIntensity": 0.0004, "precipProbability": 0.11, "precipType": "rain", "temperature": 52.17, "apparentTemperature": 52.17, "dewPoint": 49.33, "humidity": 0.9, "pressure": 1004.02, "windSpeed": 0.8, "windGust": 2.17, "windBearing": 0, "cloudCover": 1, "uvIndex": 0, "visibility": 6.69}, {"time": 1462532400, "summary": "Overcast", "icon": "cloudy", "precipIntensity": 0.0029, "precipProbability": 0.41, "precipType": "rain", "temperature": 52.09, "apparentTemperature": 52.09, "dewPoint": 49.54, "humidity": 0.91, "pressure": 1004.39, "windSpeed": 0.73, "windGust": 1.75, "windBearing": 1, "cloudCover": 1, "uvIndex": 0, "visibility": 4.35}, {"time": 1462536000, "summary": "Overcast", "icon": "cloudy", "precipIntensity": 0.0121, "precipProbability": 0.64, "precipType": "rain", "temperature": 52.03, "apparentTemperature": 52.03, "dewPoint": 49.57, "humidity": 0.91, "pressure": 1004.74, "windSpeed": 0.99, "windGust": 2.64, "windBearing": 3, "cloudCover": 1, "uvIndex": 1, "visibility": 6.07}, {"time": 1462539600, "summary": "Light Rain", "icon": "rain", "precipIntensity": 0.0192, "precipProbability": 0.85, "precipType": "rain", "temperature": 52.23, "apparentTemperature": 52.23, "dewPoint": 49.94, "humidity": 0.92, "pressure": 1004.89, "windSpeed": 0.69, "windGust": 2.09, "windBearing": 7, "cloudCover": 1, "uvIndex": 2, "visibility": 5.57}, {"time": 1462543200, "summary": "Light Rain", "icon": "rain", "precipIntensity": 0.0305, "precipProbability": 0.92, "precipType": "rain", "temperature": 52.58, "apparentTemperature": 52.58, "dewPoint": 50.39, "humidity": 0.92, "pressure": 1005.03, "windSpeed": 0.57, "windGust": 2.21, "windBearing": 349, "cloudCover": 1, "uvIndex": 3, "visibility": 4.6}, {"time": 1462546800, "summary": "Light Rain", "icon": "rain", "precipIntensity": 0.0381, "precipProbability": 0.93, "precipType": "rain", "temperature": 53.09, "apparentTemperature": 53.09, "dewPoint": 50.8, "humidity": 0.92, "pressure": 1005.09, "windSpeed": 0.61, "windGust": 2.6, "windBearing": 354, "cloudCover": 1, "uvIndex": 4, "visibility": 4.62}, {"time": 1462550400, "summary": "Light Rain", "icon": "rain", "precipIntensity": 0.0493, "precipProbability": 0.9, "precipType": "rain", "temperature": 52.92, "apparentTemperature": 52.92, "dewPoint": 50.64, "humidity": 0.92, "pressure": 1005.03, "windSpeed": 0.92, "windGust": 3.68, "windBearing": 3, "cloudCover": 0.89, "uvIndex": 5, "visibility": 4.73}, {"time": 1462554000, "summary": "Rain", "icon": "rain", "precipIntensity": 0.0775, "precipProbability": 0.93, "precipType": "rain", "temperature": 51.97, "apparentTemperature": 51.97, "dewPoint": 49.59, "humidity": 0.92, "pressure": 1005.04, "windSpeed": 0.84, "windGust": 4.64, "windBearing": 19, "cloudCover": 0.98, "uvIndex": 5, "visibility": 4.59}, {"time": 1462557600, "summary": "Rain", "icon": "rain", "precipIntensity": 0.0794, "precipProbability": 0.91, "precipType": "rain", "temperature": 51.47, "apparentTemperature": 51.47, "dewPoint": 49.14, "humidity": 0.92, "pressure": 1004.98, "windSpeed": 0.48, "windGust": 2.42, "windBearing": 348, "cloudCover": 0.91, "uvIndex": 5, "visibility": 5.13}, {"time": 1462561200, "summary": "Rain", "icon": "rain", "precipIntensity": 0.0566, "precipProbability": 0.92, "precipType": "rain", "temperature": 52.04, "apparentTemperature": 52.04, "dewPoint": 49.57, "humidity": 0.91, "pressure": 1004.82, "windSpeed": 0.7, "windGust": 2.3, "windBearing": 300, "cloudCover": 1, "uvIndex": 4, "visibility": 4.78}, {"time": 1462564800, "summary": "Light Rain", "icon": "rain", "precipIntensity": 0.0407, "precipProbability": 0.9, "precipType": "rain", "temperature": 52.42, "apparentTemperature": 52.42, "dewPoint": 49.95, "humidity": 0.91, "pressure": 1004.42, "windSpeed": 0.78, "windGust": 3.6, "windBearing": 296, "cloudCover": 1, "uvIndex": 3, "visibility": 6.4}, {"time": 1462568400, "summary": "Light Rain", "icon": "rain", "precipIntensity": 0.0328, "precipProbability": 0.94, "precipType": "rain", "temperature": 52.45, "apparentTemperature": 52.45, "dewPoint": 50.01, "humidity": 0.91, "pressure": 1004.2, "windSpeed": 0.83, "windGust": 3.35, "windBearing": 304, "cloudCover": 0.96, "uvIndex": 2, "visibility": 6.93}, {"time": 1462572000, "summary": "Light Rain", "icon": "rain", "precipIntensity": 0.0296, "precipProbability": 0.87, "precipType": "rain", "temperature": 52.01, "apparentTemperature": 52.01, "dewPoint": 49.49, "humidity": 0.91, "pressure": 1004.47, "windSpeed": 0.48, "windGust": 2.24, "windBearing": 333, "cloudCover": 0.91, "uvIndex": 1, "visibility": 6.98}, {"time": 1462575600, "summary": "Overcast", "icon": "cloudy", "precipIntensity": 0.0151, "precipProbability": 0.79, "precipType": "rain", "temperature": 51.88, "apparentTemperature": 51.88, "dewPoint": 49.52, "humidity": 0.92, "pressure": 1004.68, "windSpeed": 0.31, "windGust": 1.14, "windBearing": 328, "cloudCover": 0.95, "uvIndex": 0, "visibility": 7.8}, {"time": 1462579200, "summary": "Overcast", "icon": "cloudy", "precipIntensity": 0.0057, "precipProbability": 0.59, "precipType": "rain", "temperature": 51.68, "apparentTemperature": 51.68, "dewPoint": 49.33, "humidity": 0.92, "pressure": 1005.02, "windSpeed": 0.26, "windGust": 1.04, "windBearing": 302, "cloudCover": 0.97, "uvIndex": 0, "visibility": 7.65}, {"time": 1462582800, "summary": "Overcast", "icon": "cloudy", "precipIntensity": 0.0029, "precipProbability": 0.36, "precipType": "rain", "temperature": 51.37, "apparentTemperature": 51.37, "dewPoint": 49.3, "humidity": 0.93, "pressure": 1005.39, "windSpeed": 0.43, "windGust": 1.48, "windBearing": 307, "cloudCover": 0.95, "uvIndex": 0, "visibility": 6.74}, {"time": 1462586400, "summary": "Overcast", "icon": "cloudy", "precipIntensity": 0.0051, "precipProbability": 0.51, "precipType": "rain", "temperature": 51.39, "apparentTemperature": 51.39, "dewPoint": 49.43, "humidity": 0.93, "pressure": 1006.01, "windSpeed": 0.19, "windGust": 1.18, "windBearing": 273, "cloudCover": 1, "uvIndex": 0, "visibility": 6.19}, {"time": 1462590000, "summary": "Overcast", "icon": "cloudy", "precipIntensity": 0.0129, "precipProbability": 0.77, "precipType": "rain", "temperature": 51.38, "apparentTemperature": 51.38, "dewPoint": 49.51, "humidity": 0.93, "pressure": 1006.21, "windSpeed": 0.43, "windGust": 1.65, "windBearing": 283, "cloudCover": 1, "uvIndex": 0, "visibility": 5.53}]}, "daily": {"data": [{"time": 1462507200, "summary": "Rain until evening.", "icon": "rain", "sunriseTime": 1462529096, "sunsetTime": 1462579615, "moonPhase": 0.01, "precipIntensity": 0.0213, "precipIntensityMax": 0.0794, "precipIntensityMaxTime": 1462557600, "precipProbability": 0.94, "precipType": "rain", "temperatureHigh": 53.09, "temperatureHighTime": 1462546800, "temperatureLow": 49.79, "temperatureLowTime": 1462618800, "apparentTemperatureHigh": 53.09, "apparentTemperatureHighTime": 1462546800, "apparentTemperatureLow": 49.79, "apparentTemperatureLowTime": 1462618800, "dewPoint": 49.71, "humidity": 0.91, "pressure": 1004.71, "windSpeed": 0.54, "windGust": 4.64, "windGustTime": 1462554000, "windBearing": 343, "cloudCover": 0.98, "uvIndex": 5, "uvIndexTime": 1462550400, "visibility": 6.32, "temperatureMin": 51.37, "temperatureMinTime": 1462582800, "temperatureMax": 53.09, "temperatureMaxTime": 1462546800, "apparentTemperatureMin": 51.37, "apparentTemperatureMinTime": 1462582800, "apparentTemperatureMax": 53.09, "apparentTemperatureMaxTime": 1462546800}]}, "flags": {"sources": ["cmc", "gfs", "hrrr", "icon", "isd", "madis", "nam", "sref"], "nearest-station": 1.106, "units": "us"}, "offset": -4}