{"latitude": 38.912659, "longitude": -77.017669, "timezone": "America/New_York", "currently": {"time": 1437105600, "summary": "Clear", "icon": "clear-night", "precipIntensity": 0, "precipProbability": 0, "temperature": 67.31, "apparentTemperature": 67.54, "dewPoint": 61.22, "humidity": 0.81, "pressure": 1017.7, "windSpeed": 0, "windGust": 0, "cloudCover": 0.13, "uvIndex": 0, "visibility": 8.63}, "hourly": {"summary": "Mostly cloudy starting overnight.", "icon": "partly-cloudy-day", "data": [{"time": 1437105600, "summary": "Clear", "icon": "clear-night", "precipIntensity": 0, "precipProbability": 0, "temperature": 67.31, "apparentTemperature": 67.54, "dewPoint": 61.22, "humidity": 0.81, "pressure": 1017.7, "windSpeed": 0, "windGust": 0, "cloudCover": 0.13, "uvIndex": 0, "visibility": 8.63}, {"time": 1437109200, "summary": "Partly Cloudy", "icon": "partly-cloudy-night", "precipIntensity": 0, "precipProbability": 0, "temperature": 66.29, "apparentTemperature": 66.51, "dewPoint": 60.93, "humidity": 0.83, "pressure": 1017.75, "windSpeed": 0.02, "windGust": 0.1, "windBearing": 180, "cloudCover": 0.34, "uvIndex": 0, "visibility": 8.75}, {"time": 1437112800, "summary": "Partly Cloudy", "icon": "partly-cloudy-night", "precipIntensity": 0, "precipProbability": 0, "temperature": 65.71, "apparentTemperature": 65.95, "dewPoint": 60.84, "humidity": 0.84, "pressure": 1017.86, "windSpeed": 0, "windGust": 0.01, "cloudCover": 0.39, "uvIndex": 0, "visibility": 8.45}, {"time": 1437116400, "summary": "Partly Cloudy", "icon": "partly-cloudy-night", "precipIntensity": 0, "precipProbability": 0, "temperature": 65.36, "apparentTemperature": 65.66, "dewPoint": 61.2, "humidity": 0.86, "pressure": 1018.23, "windSpeed": 0.01, "windGust": 0.11, "windBearing": 180, "cloudCover": 0.49, "uvIndex": 0, "visibility": 8.48}, {"time": 1437120000, "summary": "Partly Cloudy", "icon": "partly-cloudy-night", "precipIntensity": 0, "precipProbability": 0, "temperature": 65.24, "apparentTemperature": 65.59, "dewPoint": 61.54, "humidity": 0.88, "pressure": 1018.07, "windSpeed": 0.01, "windGust": 0.12, "windBearing": 180, "cloudCover": 0.43, "uvIndex": 0, "visibility": 7.44}, {"time": 1437123600, "summary": "Partly Cloudy", "icon": "partly-cloudy-night", "precipIntensity": 0, "precipProbability": 0, "temperature": 64.54, "apparentTemperature": 64.89, "dewPoint": 61.36, "humidity": 0.89, "pressure": 1018.02, "windSpeed": 0, "windGust": 0.1, "cloudCover": 0.44, "uvIndex": 0, "visibility": 9.91}, {"time": 1437127200, "summary": "Partly Cloudy", "icon": "partly-cloudy-night", "precipIntensity": 0, "precipProbability": 0, "temperature": 65.03, "apparentTemperature": 65.46, "dewPoint": 62.03, "humidity": 0.9, "pressure": 1018.4, "windSpeed": 0.04, "windGust": 0.33, "windBearing": 189, "cloudCover": 0.44, "uvIndex": 0, "visibility": 7.88}, {"time": 1437130800, "summary": "Mostly Cloudy", "icon": "partly-cloudy-day", "precipIntensity": 0, "precipProbability": 0, "temperature": 66.6, "apparentTemperature": 67.26, "dewPoint": 64.01, "humidity": 0.91, "pressure": 1018.68, "windSpeed": 0.03, "windGust": 0.38, "windBearing": 186, "cloudCover": 0.61, "uvIndex": 0, "visibility": 9.28}, {"time": 1437134400, "summary": "Mostly Cloudy", "icon": "partly-cloudy-day", "precipIntensity": 0, "precipProbability": 0, "temperature": 70.05, "apparentTemperature": 70.94, "dewPoint": 66.64, "humidity": 0.89, "pressure": 1018.9, "windSpeed": 0.33, "windGust": 2.16, "windBearing": 190, "cloudCover": 0.7, "uvIndex": 1, "visibility": 8.93}, {"time": 1437138000, "summary": "Mostly Cloudy", "icon": "partly-cloudy-day", "precipIntensity": 0, "precipProbability": 0, "temperature": 72.67, "apparentTemperature": 73.64, "dewPoint": 67.92, "humidity": 0.85, "pressure": 1019.13, "windSpeed": 0.94, "windGust": 4.2, "windBearing": 190, "cloudCover": 0.75, "uvIndex": 2, "visibility": 7.69}, {"time": 1437141600, "summary": "Mostly Cloudy", "icon": "partly-cloudy-day", "precipIntensity": 0, "precipProbability": 0, "temperature": 75.27, "apparentTemperature": 76.19, "dewPoint": 68.1, "humidity": 0.78, "pressure": 1018.81, "windSpeed": 1.61, "windGust": 6.62, "windBearing": 185, "cloudCover": 0.75, "uvIndex": 4, "visibility": 7.79}, {"time": 1437145200, "summary": "Overcast", "icon": "cloudy", "precipIntensity": 0, "precipProbability": 0, "temperature": 76.35, "apparentTemperature": 77.15, "dewPoint": 67.36, "humidity": 0.74, "pressure": 1018.94, "windSpeed": 1.64, "windGust": 4.68, "windBearing": 180, "cloudCover": 0.95, "uvIndex": 4, "visibility": 8.27}, {"time": 1437148800, "summary": "Overcast", "icon": "cloudy", "precipIntensity": 0, "precipProbability": 0, "temperature": 77.31, "apparentTemperature": 78.07, "dewPoint": 67.06, "humidity": 0.71, "pressure": 1018.72, "windSpeed": 1.97, "windGust": 6.23, "windBearing": 169, "cloudCover": 1, "uvIndex": 4, "visibility": 7.86}, {"time": 1437152400, "summary": "Overcast", "icon": "cloudy", "precipIntensity": 0, "precipProbability": 0, "temperature": 78.09, "apparentTemperature": 78.87, "dewPoint": 67.25, "humidity": 0.69, "pressure": 1018.26, "windSpeed": 1.73, "windGust": 5.62, "windBearing": 170, "cloudCover": 1, "uvIndex": 5, "visibility": 8.14}, {"time": 1437156000, "summary": "Overcast", "icon": "cloudy", "precipIntensity": 0, "precipProbability": 0, "temperature": 79.36, "apparentTemperature": 81.78, "dewPoint": 67.91, "humidity": 0.68, "pressure": 1017.74, "windSpeed": 1.99, "windGust": 6.85, "windBearing": 178, "cloudCover": 1, "uvIndex": 4, "visibility": 8.59}, {"time": 1437159600, "summary": "Overcast", "icon": "cloudy", "precipIntensity": 0, "precipProbability": 0, "temperature": 79.96, "apparentTemperature": 82.61, "dewPoint": 68.26, "humidity": 0.68, "pressure": 1017.34, "windSpeed": 1.62, "windGust": 5.56, "windBearing": 175, "cloudCover": 1, "uvIndex": 4, "visibility": 8.33}, {"time": 1437163200, "summary": "Overcast", "icon": "cloudy", "precipIntensity": 0, "precipProbability": 0, "temperature": 80.64, "apparentTemperature": 83.65, "dewPoint": 68.89, "humidity": 0.68, "pressure": 1016.82, "windSpeed": 1.44, "windGust": 5.13, "windBearing": 179, "cloudCover": 1, "uvIndex": 4, "visibility": 8.69}, {"time": 1437166800, "summary": "Overcast", "icon": "cloudy", "precipIntensity": 0, "precipProbability": 0, "temperature": 80.71, "apparentTemperature": 83.88, "dewPoint": 69.32, "humidity": 0.68, "pressure": 1016.17, "windSpeed": 1.76, "windGust": 5.97, "windBearing": 168, "cloudCover": 0.96, "uvIndex": 3, "visibility": 8.18}, {"time": 1437170400, "summary": "Overcast", "icon": "cloudy", "precipIntensity": 0, "precipProbability": 0, "temperature": 80.61, "apparentTemperature": 83.89, "dewPoint": 69.73, "humidity": 0.7, "pressure": 1015.64, "windSpeed": 1.55, "windGust": 5.4, "windBearing": 164, "cloudCover": 1, "uvIndex": 1, "visibility": 8.59}, {"time": 1437174000, "summary": "Mostly Cloudy", "icon": "partly-cloudy-day", "precipIntensity": 0, "precipProbability": 0, "temperature": 79.76, "apparentTemperature": 82.78, "dewPoint": 69.85, "humidity": 0.72, "pressure": 1015.12, "windSpeed": 1.23, "windGust": 4.62, "windBearing": 155, "cloudCover": 0.93, "uvIndex": 0, "visibility": 8.53}, {"time": 1437177600, "summary": "Mostly Cloudy", "icon": "partly-cloudy-day", "precipIntensity": 0, "precipProbability": 0, "temperature": 79.02, "apparentTemperature": 81.75, "dewPoint": 69.98, "humidity": 0.74, "pressure": 1014.94, "windSpeed": 1.33, "windGust": 4.72, "windBearing": 161, "cloudCover": 0.64, "uvIndex": 0, "visibility": 8.52}, {"time": 1437181200, "summary": "Mostly Cloudy", "icon": "partly-cloudy-night", "precipIntensity": 0, "precipProbability": 0, "temperature": 77.66, "apparentTemperature": 78.76, "dewPoint": 70, "humidity": 0.77, "pressure": 1015.27, "windSpeed": 0.7, "windGust": 2.73, "windBearing": 159, "cloudCover": 0.6, "uvIndex": 0, "visibility": 7.69}, {"time": 1437184800, "summary": "Mostly Cloudy", "icon": "partly-cloudy-night", "precipIntensity": 0, "precipProbability": 0, "temperature": 77, "apparentTemperature": 78.12, "dewPoint": 70.07, "humidity": 0.79, "pressure": 1015.87, "windSpeed": 0.56, "windGust": 1.94, "windBearing": 153, "cloudCover": 0.92, "uvIndex": 0, "visibility": 8.21}, {"time": 1437188400, "summary": "Mostly Cloudy", "icon": "partly-cloudy-night", "precipIntensity": 0, "precipProbability": 0, "temperature": 76.55, "apparentTemperature": 77.69, "dewPoint": 70.07, "humidity": 0.8, "pressure": 1016.02, "windSpeed": 0.57, "windGust": 2.47, "windBearing": 154, "cloudCover": 0.82, "uvIndex": 0, "visibility": 8.41}]}, "daily": {"data": [{"time": 1437105600, "summary": "Mostly cloudy throughout the day.", "icon": "partly-cloudy-day", "sunriseTime": 1437127057, "sunsetTime": 1437179584, "moonPhase": 0.06, "precipIntensity": 0, "precipIntensityMax": 0, "precipProbability": 0, "temperatureHigh": 80.71, "temperatureHighTime": 1437166800, "temperatureLow": 73.26, "temperatureLowTime": 1437213600, "apparentTemperatureHigh": 83.89, "apparentTemperatureHighTime": 1437170400, "apparentTemperatureLow": 74.4, "apparentTemperatureLowTime": 1437213600, "dewPoint": 66.31, "humidity": 0.78, "pressure": 1017.43, "windSpeed": 0.86, "windGust": 6.85, "windGustTime": 1437156000, "windBearing": 172, "cloudCover": 0.72, "uvIndex": 5, "uvIndexTime": 1437152400, "visibility": 8.38, "temperatureMin": 64.54, "temperatureMinTime": 1437123600, "temperatureMax": 80.71, "temperatureMaxTime": 1437166800, "apparentTemperatureMin": 64.89, "apparentTemperatureMinTime": 1437123600, "apparentTemperatureMax": 83.89, "apparentTemperatureMaxTime": 1437170400}]}, "flags": {"sources": ["cmc", "gfs", "hrrr", "icon", "isd", "madis", "nam", "sref"], "nearest-station": 0.675, "units": "us"}, "offset": -4}