{"latitude": 38.912659, "longitude": -77.017669, "timezone": "America/New_York", "currently": {"time": 1458705600, "summary": "Clear", "icon": "clear-night", "precipIntensity": 0, "precipProbability": 0, "temperature": 55.28, "apparentTemperature": 55.28, "dewPoint": 31.2, "humidity": 0.4, "pressure": 1015.94, "windSpeed": 2.29, "windGust": 7.8, "windBearing": 198, "cloudCover": 0.1, "uvIndex": 0, "visibility": 8.27}, "hourly": {"summary": "Partly cloudy starting overnight, continuing until morning.", "icon": "partly-cloudy-night", "data": [{"time": 1458705600, "summary": "Clear", "icon": "clear-night", "precipIntensity": 0, "precipProbability": 0, "temperature": 55.28, "apparentTemperature": 55.28, "dewPoint": 31.2, "humidity": 0.4, "pressure": 1015.94, "windSpeed": 2.29, "windGust": 7.8, "windBearing": 198, "cloudCover": 0.1, "uvIndex": 0, "visibility": 8.27}, {"time": 1458709200, "summary": "Clear", "icon": "clear-night", "precipIntensity": 0, "precipProbability": 0, "temperature": 55.29, "apparentTemperature": 55.29, "dewPoint": 31.19, "humidity": 0.4, "pressure": 1015.28, "windSpeed": 2.61, "windGust": 9.11, "windBearing": 204, "cloudCover": 0.09, "uvIndex": 0, "visibility": 7.81}, {"time": 1458712800, "summary": "Partly Cloudy", "icon": "partly-cloudy-night", "precipIntensity": 0, "precipProbability": 0, "temperature": 55.78, "apparentTemperature": 55.78, "dewPoint": 30.96, "humidity": 0.39, "pressure": 1015.37, "windSpeed": 2.26, "windGust": 8.09, "windBearing": 210, "cloudCover": 0.43, "uvIndex": 0, "visibility": 7.59}, {"time": 1458716400, "summary": "Partly Cloudy", "icon": "partly-cloudy-night", "precipIntensity": 0, "precipProbability": 0, "temperature": 55.75, "apparentTemperature": 55.75, "dewPoint": 30.96, "humidity": 0.39, "pressure": 1014.83, "windSpeed": 2.36, "windGust": 7.15, "windBearing": 207, "cloudCover": 0.33, "uvIndex": 0, "visibility": 7.5}, {"time": 1458720000, "summary": "Partly Cloudy", "icon": "partly-cloudy-night", "precipIntensity": 0, "precipProbability": 0, "temperature": 55.19, "apparentTemperature": 55.19, "dewPoint": 31.02, "humidity": 0.4, "pressure": 1014.86, "windSpeed": 1.08, "windGust": 4.47, "windBearing": 219, "cloudCover": 0.33, "uvIndex": 0, "visibility": 7.91}, {"time": 1458723600, "summary": "Clear", "icon": "clear-night", "precipIntensity": 0, "precipProbability": 0, "temperature": 54.66, "apparentTemperature": 54.66, "dewPoint": 31.09, "humidity": 0.4, "pressure": 1015.08, "windSpeed": 1.06, "windGust": 4.08, "windBearing": 216, "cloudCover": 0.22, "uvIndex": 0, "visibility": 8.17}, {"time": 1458727200, "summary": "Partly Cloudy", "icon": "partly-cloudy-night", "precipIntensity": 0, "precipProbability": 0, "temperature": 53.94, "apparentTemperature": 53.94, "dewPoint": 31.48, "humidity": 0.42, "pressure": 1015.31, "windSpeed": 1.09, "windGust": 3.8, "windBearing": 210, "cloudCover": 0.34, "uvIndex": 0, "visibility": 7.02}, {"time": 1458730800, "summary": "Partly Cloudy", "icon": "partly-cloudy-night", "precipIntensity": 0, "precipProbability": 0, "temperature": 52.96, "apparentTemperature": 52.96, "dewPoint": 31.95, "humidity": 0.45, "pressure": 1015.98, "windSpeed": 0.8, "windGust": 3.02, "windBearing": 216, "cloudCover": 0.36, "uvIndex": 0, "visibility": 9.42}, {"time": 1458734400, "summary": "Partly Cloudy", "icon": "partly-cloudy-day", "precipIntensity": 0, "precipProbability": 0, "temperature": 52.9, "apparentTemperature": 52.9, "dewPoint": 32.83, "humidity": 0.46, "pressure": 1016.74, "windSpeed": 1.02, "windGust": 3.88, "windBearing": 224, "cloudCover": 0.31, "uvIndex": 0, "visibility": 9.39}, {"time": 1458738000, "summary": "Clear", "icon": "clear-day", "precipIntensity": 0, "precipProbability": 0, "temperature": 55.29, "apparentTemperature": 55.29, "dewPoint": 33.62, "humidity": 0.44, "pressure": 1017.07, "windSpeed": 1.84, "windGust": 5.79, "windBearing": 214, "cloudCover": 0.23, "uvIndex": 1, "visibility": 8.09}, {"time": 1458741600, "summary": "Partly Cloudy", "icon": "partly-cloudy-day", "precipIntensity": 0, "precipProbability": 0, "temperature": 58.35, "apparentTemperature": 58.35, "dewPoint": 34.46, "humidity": 0.41, "pressure": 1017.13, "windSpeed": 1.53, "windGust": 6.35, "windBearing": 210, "cloudCover": 0.35, "uvIndex": 2, "visibility": 8.67}, {"time": 1458745200, "summary": "Partly Cloudy", "icon": "partly-cloudy-day", "precipIntensity": 0, "precipProbability": 0, "temperature": 62.45, "apparentTemperature": 62.45, "dewPoint": 35.13, "humidity": 0.36, "pressure": 1017.42, "windSpeed": 2.23, "windGust": 6.7, "windBearing": 212, "cloudCover": 0.27, "uvIndex": 4, "visibility": 8.82}, {"time": 1458748800, "summary": "Clear", "icon": "clear-day", "precipIntensity": 0, "precipProbability": 0, "temperature": 67.25, "apparentTemperature": 67.25, "dewPoint": 35.29, "humidity": 0.31, "pressure": 1017.34, "windSpeed": 2.66, "windGust": 8.14, "windBearing": 214, "cloudCover": 0.18, "uvIndex": 6, "visibility": 8.26}, {"time": 1458752400, "summary": "Clear", "icon": "clear-day", "precipIntensity": 0, "precipProbability": 0, "temperature": 70.41, "apparentTemperature": 70.41, "dewPoint": 34.07, "humidity": 0.26, "pressure": 1016.32, "windSpeed": 2.66, "windGust": 8.87, "windBearing": 216, "cloudCover": 0.21, "uvIndex": 6, "visibility": 8.13}, {"time": 1458756000, "summary": "Clear", "icon": "clear-day", "precipIntensity": 0, "precipProbability": 0, "temperature": 72.51, "apparentTemperature": 72.51, "dewPoint": 34.13, "humidity": 0.24, "pressure": 1015.71, "windSpeed": 2.81, "windGust": 10.14, "windBearing": 228, "cloudCover": 0.24, "uvIndex": 6, "visibility": 8.59}, {"time": 1458759600, "summary": "Partly Cloudy", "icon": "partly-cloudy-day", "precipIntensity": 0, "precipProbability": 0, "temperature": 74.13, "apparentTemperature": 74.13, "dewPoint": 33.95, "humidity": 0.23, "pressure": 1014.6, "windSpeed": 2.73, "windGust": 9.73, "windBearing": 212, "cloudCover": 0.29, "uvIndex": 5, "visibility": 8.42}, {"time": 1458763200, "summary": "Clear", "icon": "clear-day", "precipIntensity": 0, "precipProbability": 0, "temperature": 75.42, "apparentTemperature": 75.42, "dewPoint": 33.85, "humidity": 0.22, "pressure": 1014.45, "windSpeed": 3.06, "windGust": 9.81, "windBearing": 204, "cloudCover": 0.12, "uvIndex": 3, "visibility": 8.54}, {"time": 1458766800, "summary": "Clear", "icon": "clear-day", "precipIntensity": 0, "precipProbability": 0, "temperature": 75.41, "apparentTemperature": 75.41, "dewPoint": 34.02, "humidity": 0.22, "pressure": 1013.91, "windSpeed": 3.22, "windGust": 10.49, "windBearing": 206, "cloudCover": 0.18, "uvIndex": 2, "visibility": 8.48}, {"time": 1458770400, "summary": "Clear", "icon": "clear-day", "precipIntensity": 0, "precipProbability": 0, "temperature": 74.78, "apparentTemperature": 74.78, "dewPoint": 34.15, "humidity": 0.23, "pressure": 1014.11, "windSpeed": 2.73, "windGust": 8.84, "windBearing": 209, "cloudCover": 0.05, "uvIndex": 1, "visibility": 8.47}, {"time": 1458774000, "summary": "Clear", "icon": "clear-day", "precipIntensity": 0, "precipProbability": 0, "temperature": 72.78, "apparentTemperature": 72.78, "dewPoint": 34.28, "humidity": 0.24, "pressure": 1014.49, "windSpeed": 1.5, "windGust": 6, "windBearing": 193, "cloudCover": 0.03, "uvIndex": 0, "visibility": 7.49}, {"time": 1458777600, "summary": "Clear", "icon": "clear-night", "precipIntensity": 0, "precipProbability": 0, "temperature": 68, "apparentTemperature": 68, "dewPoint": 34.96, "humidity": 0.29, "pressure": 1014.4, "windSpeed": 0.33, "windGust": 1.14, "windBearing": 171, "cloudCover": 0.05, "uvIndex": 0, "visibility": 8.35}, {"time": 1458781200, "summary": "Clear", "icon": "clear-night", "precipIntensity": 0, "precipProbability": 0, "temperature": 63.04, "apparentTemperature": 63.04, "dewPoint": 35.51, "humidity": 0.36, "pressure": 1014.91, "windSpeed": 0.33, "windGust": 1.22, "windBearing": 171, "cloudCover": 0.04, "uvIndex": 0, "visibility": 10}, {"time": 1458784800, "summary": "Clear", "icon": "clear-night", "precipIntensity": 0, "precipProbability": 0, "temperature": 61.61, "apparentTemperature": 61.61, "dewPoint": 35.41, "humidity": 0.37, "pressure": 1015.22, "windSpeed": 0.36, "windGust": 1.48, "windBearing": 178, "cloudCover": 0.09, "uvIndex": 0, "visibility": 7.43}, {"time": 1458788400, "summary": "Clear", "icon": "clear-night", "precipIntensity": 0, "precipProbability": 0, "temperature": 59.48, "apparentTemperature": 59.48, "dewPoint": 36.11, "humidity": 0.42, "pressure": 1015.24, "windSpeed": 0.44, "windGust": 1.6, "windBearing": 181, "cloudCover": 0.06, "uvIndex": 0, "visibility": 7.5}]}, "daily": {"data": [{"time": 1458705600, "summary": "Partly cloudy in the morning.", "icon": "partly-cloudy-day", "sunriseTime": 1458731214, "sunsetTime": 1458775461, "moonPhase": 0.51, "precipIntensity": 0, "precipIntensityMax": 0, "precipProbability": 0, "temperatureHigh": 75.42, "temperatureHighTime": 1458763200, "temperatureLow": 49.63, "temperatureLowTime": 1458820800, "apparentTemperatureHigh": 75.42, "apparentTemperatureHighTime": 1458763200, "apparentTemperatureLow": 49.63, "apparentTemperatureLowTime": 1458820800, "dewPoint": 33.4, "humidity": 0.35, "pressure": 1015.49, "windSpeed": 1.77, "windGust": 10.49, "windGustTime": 1458766800, "windBearing": 209, "cloudCover": 0.2, "uvIndex": 6, "uvIndexTime": 1458748800, "visibility": 8.26, "temperatureMin": 52.9, "temperatureMinTime": 1458734400, "temperatureMax": 75.42, "temperatureMaxTime": 1458763200, "apparentTemperatureMin": 52.9, "apparentTemperatureMinTime": 1458734400, "apparentTemperatureMax": 75.42, "apparentTemperatureMaxTime": 1458763200}]}, "flags": {"sources": ["cmc", "gfs", "hrrr", "icon", "isd", "madis", "nam", "sref"], "nearest-station": 1.106, "units": "us"}, "offset": -4}