{"latitude": 38.912659, "longitude": -77.017669, "timezone": "America/New_York", "currently": {"time": 1457240400, "summary": "Overcast", "icon": "cloudy", "precipIntensity": 0, "precipProbability": 0, "temperature": 36.44, "apparentTemperature": 36.44, "dewPoint": 28.5, "humidity": 0.73, "pressure": 1022.65, "windSpeed": 0.03, "windGust": 0.51, "windBearing": 164, "cloudCover": 1, "uvIndex": 0, "visibility": 8.22}, "hourly": {"summary": "Mostly cloudy until evening.", "icon": "partly-cloudy-day", "data": [{"time": 1457240400, "summary": "Overcast", "icon": "cloudy", "precipIntensity": 0, "precipProbability": 0, "temperature": 36.44, "apparentTemperature": 36.44, "dewPoint": 28.5, "humidity": 0.73, "pressure": 1022.65, "windSpeed": 0.03, "windGust": 0.51, "windBearing": 164, "cloudCover": 1, "uvIndex": 0, "visibility": 8.22}, {"time": 1457244000, "summary": "Overcast", "icon": "cloudy", "precipIntensity": 0, "precipProbability": 0, "temperature": 36.37, "apparentTemperature": 36.37, "dewPoint": 28.84, "humidity": 0.74, "pressure": 1022.89, "windSpeed": 0.02, "windGust": 0.37, "windBearing": 148, "cloudCover": 1, "uvIndex": 0, "visibility": 7.9}, {"time": 1457247600, "summary": "Overcast", "icon": "cloudy", "precipIntensity": 0, "precipProbability": 0, "temperature": 36.29, "apparentTemperature": 36.29, "dewPoint": 28.99, "humidity": 0.75, "pressure": 1023.06, "windSpeed": 0, "windGust": 0.14, "cloudCover": 0.97, "uvIndex": 0, "visibility": 7.88}, {"time": 1457251200, "summary": "Mostly Cloudy", "icon": "partly-cloudy-night", "precipIntensity": 0, "precipProbability": 0, "temperature": 36.19, "apparentTemperature": 36.19, "dewPoint": 29.43, "humidity": 0.76, "pressure": 1022.71, "windSpeed": 0, "windGust": 0.34, "cloudCover": 0.92, "uvIndex": 0, "visibility": 7.73}, {"time": 1457254800, "summary": "Overcast", "icon": "cloudy", "precipIntensity": 0, "precipProbability": 0, "temperature": 35.57, "apparentTemperature": 35.57, "dewPoint": 30.03, "humidity": 0.8, "pressure": 1022.42, "windSpeed": 0, "windGust": 0.18, "cloudCover": 1, "uvIndex": 0, "visibility": 7.42}, {"time": 1457258400, "summary": "Overcast", "icon": "cloudy", "precipIntensity": 0, "precipProbability": 0, "temperature": 35.3, "apparentTemperature": 35.3, "dewPoint": 30.57, "humidity": 0.83, "pressure": 1022.76, "windSpeed": 0.18, "windGust": 0.57, "windBearing": 359, "cloudCover": 0.97, "uvIndex": 0, "visibility": 7.28}, {"time": 1457262000, "summary": "Overcast", "icon": "cloudy", "precipIntensity": 0, "precipProbability": 0, "temperature": 35.61, "apparentTemperature": 35.61, "dewPoint": 31.09, "humidity": 0.83, "pressure": 1023.81, "windSpeed": 0.25, "windGust": 1.11, "windBearing": 357, "cloudCover": 1, "uvIndex": 0, "visibility": 6.95}, {"time": 1457265600, "summary": "Overcast", "icon": "cloudy", "precipIntensity": 0, "precipProbability": 0, "temperature": 35.83, "apparentTemperature": 35.83, "dewPoint": 31.71, "humidity": 0.85, "pressure": 1024.41, "windSpeed": 0.16, "windGust": 0.79, "windBearing": 354, "cloudCover": 1, "uvIndex": 0, "visibility": 6.29}, {"time": 1457269200, "summary": "Mostly Cloudy", "icon": "partly-cloudy-day", "precipIntensity": 0, "precipProbability": 0, "temperature": 36.96, "apparentTemperature": 36.96, "dewPoint": 32.49, "humidity": 0.84, "pressure": 1025.34, "windSpeed": 0.1, "windGust": 0.86, "windBearing": 355, "cloudCover": 0.92, "uvIndex": 1, "visibility": 6.46}, {"time": 1457272800, "summary": "Overcast", "icon": "cloudy", "precipIntensity": 0, "precipProbability": 0, "temperature": 39.16, "apparentTemperature": 39.16, "dewPoint": 33.57, "humidity": 0.8, "pressure": 1026.05, "windSpeed": 0.09, "windGust": 1.76, "windBearing": 8, "cloudCover": 0.98, "uvIndex": 1, "visibility": 6.69}, {"time": 1457276400, "summary": "Overcast", "icon": "cloudy", "precipIntensity": 0, "precipProbability": 0, "temperature": 42.18, "apparentTemperature": 42.18, "dewPoint": 34.67, "humidity": 0.75, "pressure": 1026.43, "windSpeed": 0.13, "windGust": 2.32, "windBearing": 11, "cloudCover": 1, "uvIndex": 2, "visibility": 7.5}, {"time": 1457280000, "summary": "Mostly Cloudy", "icon": "partly-cloudy-day", "precipIntensity": 0, "precipProbability": 0, "temperature": 44.33, "apparentTemperature": 44.33, "dewPoint": 34.92, "humidity": 0.69, "pressure": 1026.42, "windSpeed": 0.12, "windGust": 3.16, "windBearing": 78, "cloudCover": 0.93, "uvIndex": 3, "visibility": 7.81}, {"time": 1457283600, "summary": "Overcast", "icon": "cloudy", "precipIntensity": 0, "precipProbability": 0, "temperature": 46.21, "apparentTemperature": 46.21, "dewPoint": 34.99, "humidity": 0.65, "pressure": 1026.26, "windSpeed": 0.04, "windGust": 3.72, "windBearing": 14, "cloudCover": 0.99, "uvIndex": 3, "visibility": 7.91}, {"time": 1457287200, "summary": "Overcast", "icon": "cloudy", "precipIntensity": 0, "precipProbability": 0, "temperature": 46.95, "apparentTemperature": 46.95, "dewPoint": 34.19, "humidity": 0.61, "pressure": 1025.77, "windSpeed": 0.21, "windGust": 4.7, "windBearing": 252, "cloudCover": 0.97, "uvIndex": 3, "visibility": 7.61}, {"time": 1457290800, "summary": "Overcast", "icon": "cloudy", "precipIntensity": 0, "precipProbability": 0, "temperature": 47.7, "apparentTemperature": 47.7, "dewPoint": 33.03, "humidity": 0.57, "pressure": 1025.33, "windSpeed": 0.94, "windGust": 5.97, "windBearing": 335, "cloudCover": 1, "uvIndex": 3, "visibility": 7.55}, {"time": 1457294400, "summary": "Mostly Cloudy", "icon": "partly-cloudy-day", "precipIntensity": 0, "precipProbability": 0, "temperature": 48.86, "apparentTemperature": 48.86, "dewPoint": 31.92, "humidity": 0.52, "pressure": 1025.06, "windSpeed": 1.2, "windGust": 6.58, "windBearing": 321, "cloudCover": 0.79, "uvIndex": 2, "visibility": 8.11}, {"time": 1457298000, "summary": "Mostly Cloudy", "icon": "partly-cloudy-day", "precipIntensity": 0, "precipProbability": 0, "temperature": 49.16, "apparentTemperature": 49.16, "dewPoint": 31.18, "humidity": 0.5, "pressure": 1024.99, "windSpeed": 1.15, "windGust": 6.91, "windBearing": 310, "cloudCover": 0.78, "uvIndex": 1, "visibility": 8.53}, {"time": 1457301600, "summary": "Mostly Cloudy", "icon": "partly-cloudy-day", "precipIntensity": 0, "precipProbability": 0, "temperature": 48.73, "apparentTemperature": 48.73, "dewPoint": 30.61, "humidity": 0.49, "pressure": 1024.75, "windSpeed": 0.44, "windGust": 4.88, "windBearing": 345, "cloudCover": 0.77, "uvIndex": 0, "visibility": 7.55}, {"time": 1457305200, "summary": "Partly Cloudy", "icon": "partly-cloudy-day", "precipIntensity": 0, "precipProbability": 0, "temperature": 46.58, "apparentTemperature": 46.58, "dewPoint": 30.59, "humidity": 0.53, "pressure": 1025.2, "windSpeed": 0.14, "windGust": 1.8, "windBearing": 288, "cloudCover": 0.37, "uvIndex": 0, "visibility": 6.97}, {"time": 1457308800, "summary": "Clear", "icon": "clear-night", "precipIntensity": 0, "precipProbability": 0, "temperature": 42.79, "apparentTemperature": 42.79, "dewPoint": 30.27, "humidity": 0.61, "pressure": 1025.79, "windSpeed": 0, "windGust": 0.31, "cloudCover": 0.09, "uvIndex": 0, "visibility": 9.85}, {"time": 1457312400, "summary": "Clear", "icon": "clear-night", "precipIntensity": 0, "precipProbability": 0, "temperature": 39.79, "apparentTemperature": 39.79, "dewPoint": 30.4, "humidity": 0.69, "pressure": 1025.76, "windSpeed": 0.02, "windGust": 0.24, "windBearing": 114, "cloudCover": 0.19, "uvIndex": 0, "visibility": 9.73}, {"time": 1457316000, "summary": "Clear", "icon": "clear-night", "precipIntensity": 0, "precipProbability": 0, "temperature": 37.47, "apparentTemperature": 37.47, "dewPoint": 30.22, "humidity": 0.75, "pressure": 1026.15, "windSpeed": 0, "windGust": 0.46, "cloudCover": 0.02, "uvIndex": 0, "visibility": 9.15}, {"time": 1457319600, "summary": "Clear", "icon": "clear-night", "precipIntensity": 0, "precipProbability": 0, "temperature": 35.97, "apparentTemperature": 35.97, "dewPoint": 30.09, "humidity": 0.79, "pressure": 1026.2, "windSpeed": 0, "windGust": 0.11, "cloudCover": 0.04, "uvIndex": 0, "visibility": 7.3}, {"time": 1457323200, "summary": "Partly Cloudy", "icon": "partly-cloudy-night", "precipIntensity": 0, "precipProbability": 0, "temperature": 34.71, "apparentTemperature": 34.71, "dewPoint": 29.51, "humidity": 0.81, "pressure": 1025.98, "windSpeed": 0, "windGust": 0.15, "cloudCover": 0.39, "uvIndex": 0, "visibility": 4.98}]}, "daily": {"data": [{"time": 1457240400, "summary": "Mostly cloudy until evening.", "icon": "partly-cloudy-day", "sunriseTime": 1457264007, "sunsetTime": 1457305661, "moonPhase": 0.91, "precipIntensity": 0, "precipIntensityMax": 0, "precipProbability": 0, "temperatureHigh": 49.16, "temperatureHighTime": 1457298000, "temperatureLow": 32.71, "temperatureLowTime": 1457330400, "apparentTemperatureHigh": 49.16, "apparentTemperatureHighTime": 1457298000, "apparentTemperatureLow": 32.71, "apparentTemperatureLowTime": 1457330400, "dewPoint": 31.33, "humidity": 0.7, "pressure": 1024.84, "windSpeed": 0.19, "windGust": 6.91, "windGustTime": 1457298000, "windBearing": 329, "cloudCover": 0.75, "uvIndex": 3, "uvIndexTime": 1457280000, "visibility": 7.64, "temperatureMin": 34.71, "temperatureMinTime": 1457323200, "temperatureMax": 49.16, "temperatureMaxTime": 1457298000, "apparentTemperatureMin": 34.71, "apparentTemperatureMinTime": 1457323200, "apparentTemperatureMax": 49.16, "apparentTemperatureMaxTime": 1457298000}]}, "flags": {"sources": ["cmc", "gfs", "hrrr", "icon", "isd", "madis", "nam", "sref"], "nearest-station": 1.106, "units": "us"}, "offset": -5}