{"latitude": 38.912659, "longitude": -77.017669, "timezone": "America/New_York", "currently": {"time": 1444449600, "summary": "Partly Cloudy", "icon": "partly-cloudy-night", "precipIntensity": 0, "precipProbability": 0, "temperature": 64.01, "apparentTemperature": 64.31, "dewPoint": 60.78, "humidity": 0.89, "pressure": 1014.81, "windSpeed": 0.76, "windGust": 2.41, "windBearing": 320, "cloudCover": 0.55, "uvIndex": 0, "visibility": 7.97}, "hourly": {"summary": "Partly cloudy overnight.", "icon": "partly-cloudy-night", "data": [{"time": 1444449600, "summary": "Partly Cloudy", "icon": "partly-cloudy-night", "precipIntensity": 0, "precipProbability": 0, "temperature": 64.01, "apparentTemperature": 64.31, "dewPoint": 60.78, "humidity": 0.89, "pressure": 1014.81, "windSpeed": 0.76, "windGust": 2.41, "windBearing": 320, "cloudCover": 0.55, "uvIndex": 0, "visibility": 7.97}, {"time": 1444453200, "summary": "Partly Cloudy", "icon": "partly-cloudy-night", "precipIntensity": 0, "precipProbability": 0, "temperature": 62.86, "apparentTemperature": 62.92, "dewPoint": 58.89, "humidity": 0.87, "pressure": 1015.34, "windSpeed": 0.75, "windGust": 2.1, "windBearing": 322, "cloudCover": 0.54, "uvIndex": 0, "visibility": 6.71}, {"time": 1444456800, "summary": "Partly Cloudy", "icon": "partly-cloudy-night", "precipIntensity": 0, "precipProbability": 0, "temperature": 61.53, "apparentTemperature": 61.53, "dewPoint": 56.94, "humidity": 0.85, "pressure": 1015.88, "windSpeed": 0.8, "windGust": 1.99, "windBearing": 326, "cloudCover": 0.41, "uvIndex": 0, "visibility": 8.61}, {"time": 1444460400, "summary": "Partly Cloudy", "icon": "partly-cloudy-night", "precipIntensity": 0, "precipProbability": 0, "temperature": 60.25, "apparentTemperature": 60.25, "dewPoint": 55.29, "humidity": 0.84, "pressure": 1016.03, "windSpeed": 0.7, "windGust": 2.21, "windBearing": 330, "cloudCover": 0.36, "uvIndex": 0, "visibility": 8.56}, {"time": 1444464000, "summary": "Clear", "icon": "clear-night", "precipIntensity": 0, "precipProbability": 0, "temperature": 58.84, "apparentTemperature": 58.84, "dewPoint": 53.78, "humidity": 0.83, "pressure": 1016.39, "windSpeed": 1.1, "windGust": 3.29, "windBearing": 340, "cloudCover": 0.16, "uvIndex": 0, "visibility": 8.74}, {"time": 1444467600, "summary": "Clear", "icon": "clear-night", "precipIntensity": 0, "precipProbability": 0, "temperature": 57.43, "apparentTemperature": 57.43, "dewPoint": 51.77, "humidity": 0.81, "pressure": 1017.32, "windSpeed": 1.32, "windGust": 3.99, "windBearing": 6, "cloudCover": 0.1, "uvIndex": 0, "visibility": 8.72}, {"time": 1444471200, "summary": "Clear", "icon": "clear-night", "precipIntensity": 0, "precipProbability": 0, "temperature": 56.05, "apparentTemperature": 56.05, "dewPoint": 49.02, "humidity": 0.77, "pressure": 1018.44, "windSpeed": 1.42, "windGust": 4.22, "windBearing": 9, "cloudCover": 0.12, "uvIndex": 0, "visibility": 9}, {"time": 1444474800, "summary": "Partly Cloudy", "icon": "partly-cloudy-night", "precipIntensity": 0, "precipProbability": 0, "temperature": 54.34, "apparentTemperature": 54.34, "dewPoint": 46.85, "humidity": 0.76, "pressure": 1019.05, "windSpeed": 0.87, "windGust": 3.73, "windBearing": 15, "cloudCover": 0.26, "uvIndex": 0, "visibility": 8.34}, {"time": 1444478400, "summary": "Clear", "icon": "clear-day", "precipIntensity": 0, "precipProbability": 0, "temperature": 53.53, "apparentTemperature": 53.53, "dewPoint": 45.74, "humidity": 0.75, "pressure": 1020.07, "windSpeed": 1.24, "windGust": 3.84, "windBearing": 18, "cloudCover": 0.21, "uvIndex": 0, "visibility": 7.98}, {"time": 1444482000, "summary": "Clear", "icon": "clear-day", "precipIntensity": 0, "precipProbability": 0, "temperature": 54.65, "apparentTemperature": 54.65, "dewPoint": 45.26, "humidity": 0.71, "pressure": 1020.98, "windSpeed": 1.89, "windGust": 6.71, "windBearing": 27, "cloudCover": 0.21, "uvIndex": 1, "visibility": 8.36}, {"time": 1444485600, "summary": "Clear", "icon": "clear-day", "precipIntensity": 0, "precipProbability": 0, "temperature": 55.89, "apparentTemperature": 55.89, "dewPoint": 43.79, "humidity": 0.64, "pressure": 1021.23, "windSpeed": 3.6, "windGust": 9.87, "windBearing": 31, "cloudCover": 0.21, "uvIndex": 2, "visibility": 9.15}, {"time": 1444489200, "summary": "Clear", "icon": "clear-day", "precipIntensity": 0, "precipProbability": 0, "temperature": 57.79, "apparentTemperature": 57.79, "dewPoint": 43.25, "humidity": 0.58, "pressure": 1021.32, "windSpeed": 3.61, "windGust": 9.99, "windBearing": 31, "cloudCover": 0.21, "uvIndex": 3, "visibility": 8.63}, {"time": 1444492800, "summary": "Clear", "icon": "clear-day", "precipIntensity": 0, "precipProbability": 0, "temperature": 59.62, "apparentTemperature": 59.62, "dewPoint": 43.15, "humidity": 0.54, "pressure": 1021.3, "windSpeed": 2.8, "windGust": 8.84, "windBearing": 32, "cloudCover": 0.21, "uvIndex": 4, "visibility": 8.27}, {"time": 1444496400, "summary": "Clear", "icon": "clear-day", "precipIntensity": 0, "precipProbability": 0, "temperature": 61.55, "apparentTemperature": 61.55, "dewPoint": 43.14, "humidity": 0.51, "pressure": 1021.11, "windSpeed": 2.7, "windGust": 8.1, "windBearing": 39, "cloudCover": 0.07, "uvIndex": 5, "visibility": 8.96}, {"time": 1444500000, "summary": "Clear", "icon": "clear-day", "precipIntensity": 0, "precipProbability": 0, "temperature": 62.84, "apparentTemperature": 62.84, "dewPoint": 43.14, "humidity": 0.49, "pressure": 1020.35, "windSpeed": 1.55, "windGust": 6.82, "windBearing": 42, "cloudCover": 0.06, "uvIndex": 5, "visibility": 7.7}, {"time": 1444503600, "summary": "Clear", "icon": "clear-day", "precipIntensity": 0, "precipProbability": 0, "temperature": 63.64, "apparentTemperature": 63.64, "dewPoint": 42.99, "humidity": 0.47, "pressure": 1019.36, "windSpeed": 0.97, "windGust": 5.63, "windBearing": 60, "cloudCover": 0.06, "uvIndex": 3, "visibility": 7.88}, {"time": 1444507200, "summary": "Clear", "icon": "clear-day", "precipIntensity": 0, "precipProbability": 0, "temperature": 64.04, "apparentTemperature": 64.04, "dewPoint": 43.04, "humidity": 0.46, "pressure": 1018.98, "windSpeed": 0.81, "windGust": 4.48, "windBearing": 74, "cloudCover": 0.15, "uvIndex": 2, "visibility": 8.69}, {"time": 1444510800, "summary": "Clear", "icon": "clear-day", "precipIntensity": 0, "precipProbability": 0, "temperature": 63.47, "apparentTemperature": 63.47, "dewPoint": 43.22, "humidity": 0.48, "pressure": 1018.69, "windSpeed": 0.47, "windGust": 2.64, "windBearing": 96, "cloudCover": 0.1, "uvIndex": 1, "visibility": 7.64}, {"time": 1444514400, "summary": "Clear", "icon": "clear-day", "precipIntensity": 0, "precipProbability": 0, "temperature": 61.7, "apparentTemperature": 61.7, "dewPoint": 44.38, "humidity": 0.53, "pressure": 1018.69, "windSpeed": 0.34, "windGust": 1.38, "windBearing": 109, "cloudCover": 0.11, "uvIndex": 0, "visibility": 7.93}, {"time": 1444518000, "summary": "Clear", "icon": "clear-night", "precipIntensity": 0, "precipProbability": 0, "temperature": 57.58, "apparentTemperature": 57.58, "dewPoint": 45.38, "humidity": 0.64, "pressure": 1018.59, "windSpeed": 0.04, "windGust": 0.31, "windBearing": 114, "cloudCover": 0.09, "uvIndex": 0, "visibility": 6.9}, {"time": 1444521600, "summary": "Clear", "icon": "clear-night", "precipIntensity": 0, "precipProbability": 0, "temperature": 53.72, "apparentTemperature": 53.72, "dewPoint": 45.64, "humidity": 0.74, "pressure": 1018.5, "windSpeed": 0, "windGust": 0.14, "cloudCover": 0, "uvIndex": 0, "visibility": 6.83}, {"time": 1444525200, "summary": "Clear", "icon": "clear-night", "precipIntensity": 0, "precipProbability": 0, "temperature": 51.17, "apparentTemperature": 51.17, "dewPoint": 45.15, "humidity": 0.8, "pressure": 1018.8, "windSpeed": 0, "windGust": 0.01, "cloudCover": 0, "uvIndex": 0, "visibility": 9.19}, {"time": 1444528800, "summary": "Clear", "icon": "clear-night", "precipIntensity": 0, "precipProbability": 0, "temperature": 49.24, "apparentTemperature": 49.24, "dewPoint": 44.56, "humidity": 0.84, "pressure": 1018.81, "windSpeed": 0, "windGust": 0, "cloudCover": 0, "uvIndex": 0, "visibility": 9.93}, {"time": 1444532400, "summary": "Clear", "icon": "clear-night", "precipIntensity": 0, "precipProbability": 0, "temperature": 47.99, "apparentTemperature": 47.99, "dewPoint": 44.2, "humidity": 0.87, "pressure": 1019.11, "windSpeed": 0, "windGust": 0, "cloudCover": 0, "uvIndex": 0, "visibility": 8.27}]}, "daily": {"data": [{"time": 1444449600, "summary": "Clear throughout the day.", "icon": "clear-day", "sunriseTime": 1444475615, "sunsetTime": 1444516727, "moonPhase": 0.93, "precipIntensity": 0, "precipIntensityMax": 0, "precipProbability": 0, "temperatureHigh": 64.04, "temperatureHighTime": 1444507200, "temperatureLow": 42.3, "temperatureLowTime": 1444561200, "apparentTemperatureHigh": 64.04, "apparentTemperatureHighTime": 1444507200, "apparentTemperatureLow": 42.3, "apparentTemperatureLowTime": 1444561200, "dewPoint": 47.47, "humidity": 0.69, "pressure": 1018.71, "windSpeed": 1.02, "windGust": 9.99, "windGustTime": 1444489200, "windBearing": 24, "cloudCover": 0.17, "uvIndex": 5, "uvIndexTime": 1444496400, "visibility": 8.29, "temperatureMin": 47.99, "temperatureMinTime": 1444532400, "temperatureMax": 64.04, "temperatureMaxTime": 1444507200, "apparentTemperatureMin": 47.99, "apparentTemperatureMinTime": 1444532400, "apparentTemperatureMax": 64.31, "apparentTemperatureMaxTime": 1444449600}]}, "flags": {"sources": ["cmc", "gfs", "hrrr", "icon", "isd", "madis", "nam", "sref"], "nearest-station": 1.106, "units": "us"}, "offset": -4}