{"latitude": 38.912659, "longitude": -77.017669, "timezone": "America/New_York", "currently": {"time": 1446440400, "summary": "Clear", "icon": "clear-night", "precipIntensity": 0, "precipProbability": 0, "temperature": 55.22, "apparentTemperature": 55.22, "dewPoint": 52.81, "humidity": 0.92, "pressure": 1017.38, "windSpeed": 0, "windGust": 0.21, "cloudCover": 0.24, "uvIndex": 0, "visibility": 4.09}, "hourly": {"summary": "Partly cloudy starting overnight, continuing until morning.", "icon": "partly-cloudy-night", "data": [{"time": 1446440400, "summary": "Clear", "icon": "clear-night", "precipIntensity": 0, "precipProbability": 0, "temperature": 55.22, "apparentTemperature": 55.22, "dewPoint": 52.81, "humidity": 0.92, "pressure": 1017.38, "windSpeed": 0, "windGust": 0.21, "cloudCover": 0.24, "uvIndex": 0, "visibility": 4.09}, {"time": 1446444000, "summary": "Partly Cloudy", "icon": "partly-cloudy-night", "precipIntensity": 0, "precipProbability": 0, "temperature": 54.7, "apparentTemperature": 54.7, "dewPoint": 52.11, "humidity": 0.91, "pressure": 1017.42, "windSpeed": 0.01, "windGust": 0.19, "windBearing": 338, "cloudCover": 0.32, "uvIndex": 0, "visibility": 4.63}, {"time": 1446447600, "summary": "Partly Cloudy", "icon": "partly-cloudy-night", "precipIntensity": 0, "precipProbability": 0, "temperature": 54.37, "apparentTemperature": 54.37, "dewPoint": 51.42, "humidity": 0.9, "pressure": 1017.14, "windSpeed": 0.05, "windGust": 0.33, "windBearing": 347, "cloudCover": 0.41, "uvIndex": 0, "visibility": 5.6}, {"time": 1446451200, "summary": "Clear", "icon": "clear-night", "precipIntensity": 0, "precipProbability": 0, "temperature": 54.15, "apparentTemperature": 54.15, "dewPoint": 50.63, "humidity": 0.88, "pressure": 1017.32, "windSpeed": 0.09, "windGust": 0.31, "windBearing": 352, "cloudCover": 0.24, "uvIndex": 0, "visibility": 6.43}, {"time": 1446454800, "summary": "Partly Cloudy", "icon": "partly-cloudy-night", "precipIntensity": 0, "precipProbability": 0, "temperature": 54.16, "apparentTemperature": 54.16, "dewPoint": 50.27, "humidity": 0.87, "pressure": 1017.29, "windSpeed": 0.04, "windGust": 0.25, "windBearing": 358, "cloudCover": 0.36, "uvIndex": 0, "visibility": 7.35}, {"time": 1446458400, "summary": "Partly Cloudy", "icon": "partly-cloudy-night", "precipIntensity": 0, "precipProbability": 0, "temperature": 53.79, "apparentTemperature": 53.79, "dewPoint": 49.71, "humidity": 0.86, "pressure": 1017.63, "windSpeed": 0, "windGust": 0.14, "cloudCover": 0.37, "uvIndex": 0, "visibility": 8.68}, {"time": 1446462000, "summary": "Partly Cloudy", "icon": "partly-cloudy-night", "precipIntensity": 0, "precipProbability": 0, "temperature": 53.12, "apparentTemperature": 53.12, "dewPoint": 49.47, "humidity": 0.87, "pressure": 1017.98, "windSpeed": 0.01, "windGust": 0.01, "windBearing": 0, "cloudCover": 0.41, "uvIndex": 0, "visibility": 8.54}, {"time": 1446465600, "summary": "Partly Cloudy", "icon": "partly-cloudy-day", "precipIntensity": 0, "precipProbability": 0, "temperature": 52.83, "apparentTemperature": 52.83, "dewPoint": 49.29, "humidity": 0.88, "pressure": 1018.54, "windSpeed": 0, "windGust": 0, "cloudCover": 0.33, "uvIndex": 0, "visibility": 9.24}, {"time": 1446469200, "summary": "Clear", "icon": "clear-day", "precipIntensity": 0, "precipProbability": 0, "temperature": 53.65, "apparentTemperature": 53.65, "dewPoint": 50.32, "humidity": 0.88, "pressure": 1019.3, "windSpeed": 0, "windGust": 0.01, "cloudCover": 0.12, "uvIndex": 0, "visibility": 9.63}, {"time": 1446472800, "summary": "Clear", "icon": "clear-day", "precipIntensity": 0, "precipProbability": 0, "temperature": 56.2, "apparentTemperature": 56.2, "dewPoint": 52.65, "humidity": 0.88, "pressure": 1020.11, "windSpeed": 0, "windGust": 0.12, "cloudCover": 0.14, "uvIndex": 1, "visibility": 9.87}, {"time": 1446476400, "summary": "Clear", "icon": "clear-day", "precipIntensity": 0, "precipProbability": 0, "temperature": 57.63, "apparentTemperature": 57.63, "dewPoint": 53.56, "humidity": 0.86, "pressure": 1020.13, "windSpeed": 0, "windGust": 0.1, "cloudCover": 0.2, "uvIndex": 2, "visibility": 9.87}, {"time": 1446480000, "summary": "Clear", "icon": "clear-day", "precipIntensity": 0, "precipProbability": 0, "temperature": 58.92, "apparentTemperature": 58.92, "dewPoint": 53.78, "humidity": 0.83, "pressure": 1019.55, "windSpeed": 0, "windGust": 0.4, "cloudCover": 0.16, "uvIndex": 3, "visibility": 10}, {"time": 1446483600, "summary": "Clear", "icon": "clear-day", "precipIntensity": 0, "precipProbability": 0, "temperature": 62.37, "apparentTemperature": 62.37, "dewPoint": 52.9, "humidity": 0.71, "pressure": 1019, "windSpeed": 0.08, "windGust": 0.95, "windBearing": 9, "cloudCover": 0.22, "uvIndex": 3, "visibility": 8.75}, {"time": 1446487200, "summary": "Clear", "icon": "clear-day", "precipIntensity": 0, "precipProbability": 0, "temperature": 63.41, "apparentTemperature": 63.41, "dewPoint": 51.77, "humidity": 0.66, "pressure": 1018.97, "windSpeed": 0.13, "windGust": 0.97, "windBearing": 336, "cloudCover": 0.1, "uvIndex": 3, "visibility": 8.75}, {"time": 1446490800, "summary": "Clear", "icon": "clear-day", "precipIntensity": 0, "precipProbability": 0, "temperature": 64.08, "apparentTemperature": 64.08, "dewPoint": 50.96, "humidity": 0.62, "pressure": 1018.57, "windSpeed": 0.05, "windGust": 0.82, "windBearing": 354, "cloudCover": 0.14, "uvIndex": 2, "visibility": 8.37}, {"time": 1446494400, "summary": "Partly Cloudy", "icon": "partly-cloudy-day", "precipIntensity": 0, "precipProbability": 0, "temperature": 63.98, "apparentTemperature": 63.98, "dewPoint": 51.23, "humidity": 0.63, "pressure": 1018.8, "windSpeed": 0, "windGust": 0.26, "cloudCover": 0.26, "uvIndex": 1, "visibility": 8.33}, {"time": 1446498000, "summary": "Partly Cloudy", "icon": "partly-cloudy-day", "precipIntensity": 0, "precipProbability": 0, "temperature": 62.85, "apparentTemperature": 62.85, "dewPoint": 52.14, "humidity": 0.68, "pressure": 1018.66, "windSpeed": 0, "windGust": 0.16, "cloudCover": 0.32, "uvIndex": 0, "visibility": 9.38}, {"time": 1446501600, "summary": "Partly Cloudy", "icon": "partly-cloudy-day", "precipIntensity": 0, "precipProbability": 0, "temperature": 60.38, "apparentTemperature": 60.38, "dewPoint": 52.13, "humidity": 0.74, "pressure": 1019, "windSpeed": 0, "windGust": 0.01, "cloudCover": 0.35, "uvIndex": 0, "visibility": 8.32}, {"time": 1446505200, "summary": "Partly Cloudy", "icon": "partly-cloudy-night", "precipIntensity": 0, "precipProbability": 0, "temperature": 57.27, "apparentTemperature": 57.27, "dewPoint": 51.05, "humidity": 0.8, "pressure": 1019.53, "windSpeed": 0, "windGust": 0, "cloudCover": 0.31, "uvIndex": 0, "visibility": 9.37}, {"time": 1446508800, "summary": "Clear", "icon": "clear-night", "precipIntensity": 0, "precipProbability": 0, "temperature": 54.37, "apparentTemperature": 54.37, "dewPoint": 49.56, "humidity": 0.84, "pressure": 1019.81, "windSpeed": 0, "windGust": 0, "cloudCover": 0.21, "uvIndex": 0, "visibility": 7.41}, {"time": 1446512400, "summary": "Clear", "icon": "clear-night", "precipIntensity": 0, "precipProbability": 0, "temperature": 51.76, "apparentTemperature": 51.76, "dewPoint": 48.28, "humidity": 0.88, "pressure": 1020.66, "windSpeed": 0, "windGust": 0, "cloudCover": 0.2, "uvIndex": 0, "visibility": 8.66}, {"time": 1446516000, "summary": "Clear", "icon": "clear-night", "precipIntensity": 0, "precipProbability": 0, "temperature": 50.73, "apparentTemperature": 50.73, "dewPoint": 47.7, "humidity": 0.89, "pressure": 1020.73, "windSpeed": 0, "windGust": 0.01, "cloudCover": 0.14, "uvIndex": 0, "visibility": 9.11}, {"time": 1446519600, "summary": "Partly Cloudy", "icon": "partly-cloudy-night", "precipIntensity": 0, "precipProbability": 0, "temperature": 49.86, "apparentTemperature": 49.86, "dewPoint": 47.15, "humidity": 0.9, "pressure": 1020.5, "windSpeed": 0, "windGust": 0.05, "cloudCover": 0.36, "uvIndex": 0, "visibility": 9.93}, {"time": 1446523200, "summary": "Partly Cloudy", "icon": "partly-cloudy-night", "precipIntensity": 0, "precipProbability": 0, "temperature": 48.53, "apparentTemperature": 48.53, "dewPoint": 45.78, "humidity": 0.9, "pressure": 1020.25, "windSpeed": 0, "windGust": 0.06, "cloudCover": 0.31, "uvIndex": 0, "visibility": 5.18}]}, "daily": {"data": [{"time": 1446440400, "summary": "Partly cloudy in the morning.", "icon": "partly-cloudy-night", "sunriseTime": 1446464255, "sunsetTime": 1446502089, "moonPhase": 0.72, "precipIntensity": 0, "precipIntensityMax": 0, "precipProbability": 0, "temperatureHigh": 64.08, "temperatureHighTime": 1446490800, "temperatureLow": 41.75, "temperatureLowTime": 1446552000, "apparentTemperatureHigh": 64.08, "apparentTemperatureHighTime": 1446490800, "apparentTemperatureLow": 41.75, "apparentTemperatureLowTime": 1446552000, "dewPoint": 50.69, "humidity": 0.82, "pressure": 1018.93, "windSpeed": 0.02, "windGust": 0.97, "windGustTime": 1446487200, "windBearing": 350, "cloudCover": 0.26, "uvIndex": 3, "uvIndexTime": 1446480000, "visibility": 8.14, "temperatureMin": 48.53, "temperatureMinTime": 1446523200, "temperatureMax": 64.08, "temperatureMaxTime": 1446490800, "apparentTemperatureMin": 48.53, "apparentTemperatureMinTime": 1446523200, "apparentTemperatureMax": 64.08, "apparentTemperatureMaxTime": 1446490800}]}, "flags": {"sources": ["cmc", "gfs", "hrrr", "icon", "isd", "madis", "nam", "sref"], "nearest-station": 1.106, "units": "us"}, "offset": -5}