{"latitude": 38.912659, "longitude": -77.017669, "timezone": "America/New_York", "currently": {"time": 1433908800, "summary": "Clear", "icon": "clear-night", "precipIntensity": 0, "precipProbability": 0, "temperature": 70.32, "apparentTemperature": 70.32, "dewPoint": 58.31, "humidity": 0.66, "pressure": 1009.88, "windSpeed": 0.79, "windGust": 1.18, "windBearing": 297, "cloudCover": 0, "uvIndex": 0, "visibility": 8.49}, "hourly": {"summary": "Partly cloudy in the afternoon.", "icon": "partly-cloudy-day", "data": [{"time": 1433908800, "summary": "Clear", "icon": "clear-night", "precipIntensity": 0, "precipProbability": 0, "temperature": 70.32, "apparentTemperature": 70.32, "dewPoint": 58.31, "humidity": 0.66, "pressure": 1009.88, "windSpeed": 0.79, "windGust": 1.18, "windBearing": 297, "cloudCover": 0, "uvIndex": 0, "visibility": 8.49}, {"time": 1433912400, "summary": "Clear", "icon": "clear-night", "precipIntensity": 0, "precipProbability": 0, "temperature": 69.81, "apparentTemperature": 69.81, "dewPoint": 58.01, "humidity": 0.66, "pressure": 1010.02, "windSpeed": 0.87, "windGust": 1.77, "windBearing": 303, "cloudCover": 0.02, "uvIndex": 0, "visibility": 7.66}, {"time": 1433916000, "summary": "Clear", "icon": "clear-night", "precipIntensity": 0, "precipProbability": 0, "temperature": 68.97, "apparentTemperature": 68.97, "dewPoint": 57.89, "humidity": 0.68, "pressure": 1010.05, "windSpeed": 0.67, "windGust": 1.78, "windBearing": 296, "cloudCover": 0.02, "uvIndex": 0, "visibility": 8.16}, {"time": 1433919600, "summary": "Clear", "icon": "clear-night", "precipIntensity": 0, "precipProbability": 0, "temperature": 67.45, "apparentTemperature": 67.45, "dewPoint": 58.02, "humidity": 0.72, "pressure": 1010.13, "windSpeed": 0.3, "windGust": 0.9, "windBearing": 314, "cloudCover": 0.02, "uvIndex": 0, "visibility": 9.16}, {"time": 1433923200, "summary": "Clear", "icon": "clear-night", "precipIntensity": 0, "precipProbability": 0, "temperature": 65.66, "apparentTemperature": 65.66, "dewPoint": 57.84, "humidity": 0.76, "pressure": 1010.7, "windSpeed": 0.09, "windGust": 0.33, "windBearing": 310, "cloudCover": 0.03, "uvIndex": 0, "visibility": 7.6}, {"time": 1433926800, "summary": "Clear", "icon": "clear-night", "precipIntensity": 0, "precipProbability": 0, "temperature": 63.71, "apparentTemperature": 63.71, "dewPoint": 57.51, "humidity": 0.8, "pressure": 1010.98, "windSpeed": 0, "windGust": 0.18, "cloudCover": 0.24, "uvIndex": 0, "visibility": 8.72}, {"time": 1433930400, "summary": "Clear", "icon": "clear-day", "precipIntensity": 0, "precipProbability": 0, "temperature": 62.36, "apparentTemperature": 62.36, "dewPoint": 57.22, "humidity": 0.83, "pressure": 1011.88, "windSpeed": 0, "windGust": 0.17, "cloudCover": 0.03, "uvIndex": 0, "visibility": 4.97}, {"time": 1433934000, "summary": "Clear", "icon": "clear-day", "precipIntensity": 0, "precipProbability": 0, "temperature": 62.95, "apparentTemperature": 62.95, "dewPoint": 58.12, "humidity": 0.84, "pressure": 1012.44, "windSpeed": 0, "windGust": 0.18, "cloudCover": 0, "uvIndex": 0, "visibility": 7.63}, {"time": 1433937600, "summary": "Clear", "icon": "clear-day", "precipIntensity": 0, "precipProbability": 0, "temperature": 66.41, "apparentTemperature": 66.62, "dewPoint": 60.84, "humidity": 0.82, "pressure": 1013.01, "windSpeed": 0.01, "windGust": 0.34, "windBearing": 270, "cloudCover": 0, "uvIndex": 1, "visibility": 9.9}, {"time": 1433941200, "summary": "Clear", "icon": "clear-day", "precipIntensity": 0, "precipProbability": 0, "temperature": 71.13, "apparentTemperature": 71.32, "dewPoint": 61.61, "humidity": 0.72, "pressure": 1013.75, "windSpeed": 0.15, "windGust": 1.24, "windBearing": 244, "cloudCover": 0.03, "uvIndex": 3, "visibility": 9.84}, {"time": 1433944800, "summary": "Clear", "icon": "clear-day", "precipIntensity": 0, "precipProbability": 0, "temperature": 74.53, "apparentTemperature": 74.73, "dewPoint": 61.89, "humidity": 0.65, "pressure": 1013.99, "windSpeed": 0.36, "windGust": 2.57, "windBearing": 209, "cloudCover": 0, "uvIndex": 6, "visibility": 7.91}, {"time": 1433948400, "summary": "Clear", "icon": "clear-day", "precipIntensity": 0, "precipProbability": 0, "temperature": 77.43, "apparentTemperature": 77.69, "dewPoint": 62.42, "humidity": 0.6, "pressure": 1013.91, "windSpeed": 0.37, "windGust": 2.9, "windBearing": 210, "cloudCover": 0.01, "uvIndex": 8, "visibility": 7.96}, {"time": 1433952000, "summary": "Clear", "icon": "clear-day", "precipIntensity": 0, "precipProbability": 0, "temperature": 79.31, "apparentTemperature": 79.56, "dewPoint": 62.09, "humidity": 0.56, "pressure": 1013.81, "windSpeed": 0.92, "windGust": 4.07, "windBearing": 184, "cloudCover": 0.12, "uvIndex": 9, "visibility": 7.96}, {"time": 1433955600, "summary": "Partly Cloudy", "icon": "partly-cloudy-day", "precipIntensity": 0, "precipProbability": 0, "temperature": 80.83, "apparentTemperature": 81.86, "dewPoint": 61.77, "humidity": 0.52, "pressure": 1013.27, "windSpeed": 1.28, "windGust": 5.32, "windBearing": 175, "cloudCover": 0.34, "uvIndex": 9, "visibility": 7.27}, {"time": 1433959200, "summary": "Partly Cloudy", "icon": "partly-cloudy-day", "precipIntensity": 0, "precipProbability": 0, "temperature": 81.72, "apparentTemperature": 82.5, "dewPoint": 61.37, "humidity": 0.5, "pressure": 1012.69, "windSpeed": 1.56, "windGust": 5.17, "windBearing": 189, "cloudCover": 0.44, "uvIndex": 8, "visibility": 7.92}, {"time": 1433962800, "summary": "Partly Cloudy", "icon": "partly-cloudy-day", "precipIntensity": 0, "precipProbability": 0, "temperature": 82.44, "apparentTemperature": 83.18, "dewPoint": 61.66, "humidity": 0.5, "pressure": 1012.23, "windSpeed": 1.84, "windGust": 6.7, "windBearing": 189, "cloudCover": 0.34, "uvIndex": 7, "visibility": 7.6}, {"time": 1433966400, "summary": "Clear", "icon": "clear-day", "precipIntensity": 0, "precipProbability": 0, "temperature": 82.59, "apparentTemperature": 83.45, "dewPoint": 62.13, "humidity": 0.5, "pressure": 1012.1, "windSpeed": 2.99, "windGust": 7.41, "windBearing": 187, "cloudCover": 0.21, "uvIndex": 6, "visibility": 7.19}, {"time": 1433970000, "summary": "Clear", "icon": "clear-day", "precipIntensity": 0, "precipProbability": 0, "temperature": 82.13, "apparentTemperature": 83.03, "dewPoint": 62.07, "humidity": 0.51, "pressure": 1012.22, "windSpeed": 2.87, "windGust": 7.27, "windBearing": 197, "cloudCover": 0.22, "uvIndex": 4, "visibility": 7.69}, {"time": 1433973600, "summary": "Clear", "icon": "clear-day", "precipIntensity": 0, "precipProbability": 0, "temperature": 81.38, "apparentTemperature": 82.53, "dewPoint": 62.62, "humidity": 0.53, "pressure": 1011.98, "windSpeed": 2.1, "windGust": 5.84, "windBearing": 201, "cloudCover": 0.06, "uvIndex": 2, "visibility": 7.73}, {"time": 1433977200, "summary": "Clear", "icon": "clear-day", "precipIntensity": 0, "precipProbability": 0, "temperature": 80.1, "apparentTemperature": 81.53, "dewPoint": 63.08, "humidity": 0.56, "pressure": 1012.03, "windSpeed": 1.41, "windGust": 4.87, "windBearing": 192, "cloudCover": 0.04, "uvIndex": 1, "visibility": 7.7}, {"time": 1433980800, "summary": "Clear", "icon": "clear-day", "precipIntensity": 0, "precipProbability": 0, "temperature": 78.28, "apparentTemperature": 78.66, "dewPoint": 63.52, "humidity": 0.61, "pressure": 1012.11, "windSpeed": 0.98, "windGust": 2.88, "windBearing": 187, "cloudCover": 0, "uvIndex": 0, "visibility": 7.09}, {"time": 1433984400, "summary": "Clear", "icon": "clear-night", "precipIntensity": 0, "precipProbability": 0, "temperature": 75.84, "apparentTemperature": 76.2, "dewPoint": 63.41, "humidity": 0.65, "pressure": 1011.74, "windSpeed": 0.32, "windGust": 1.75, "windBearing": 190, "cloudCover": 0.09, "uvIndex": 0, "visibility": 6.64}, {"time": 1433988000, "summary": "Clear", "icon": "clear-night", "precipIntensity": 0, "precipProbability": 0, "temperature": 74.11, "apparentTemperature": 74.5, "dewPoint": 63.57, "humidity": 0.7, "pressure": 1012.58, "windSpeed": 0.29, "windGust": 1.25, "windBearing": 207, "cloudCover": 0, "uvIndex": 0, "visibility": 8.41}, {"time": 1433991600, "summary": "Clear", "icon": "clear-night", "precipIntensity": 0, "precipProbability": 0, "temperature": 72.78, "apparentTemperature": 73.21, "dewPoint": 63.81, "humidity": 0.74, "pressure": 1012.7, "windSpeed": 0.38, "windGust": 0.88, "windBearing": 186, "cloudCover": 0, "uvIndex": 0, "visibility": 6.77}]}, "daily": {"data": [{"time": 1433908800, "summary": "Partly cloudy in the afternoon.", "icon": "partly-cloudy-day", "sunriseTime": 1433929425, "sunsetTime": 1433982850, "moonPhase": 0.79, "precipIntensity": 0, "precipIntensityMax": 0, "precipProbability": 0, "temperatureHigh": 82.59, "temperatureHighTime": 1433966400, "temperatureLow": 67.08, "temperatureLowTime": 1434016800, "apparentTemperatureHigh": 83.45, "apparentTemperatureHighTime": 1433966400, "apparentTemperatureLow": 67.61, "apparentTemperatureLowTime": 1434016800, "dewPoint": 60.87, "humidity": 0.65, "pressure": 1012.09, "windSpeed": 0.7, "windGust": 7.41, "windGustTime": 1433966400, "windBearing": 200, "cloudCover": 0.09, "uvIndex": 9, "uvIndexTime": 1433952000, "visibility": 7.83, "temperatureMin": 62.36, "temperatureMinTime": 1433930400, "temperatureMax": 82.59, "temperatureMaxTime": 1433966400, "apparentTemperatureMin": 62.36, "apparentTemperatureMinTime": 1433930400, "apparentTemperatureMax": 83.45, "apparentTemperatureMaxTime": 1433966400}]}, "flags": {"sources": ["cmc", "gfs", "hrrr", "icon", "isd", "madis", "nam", "sref"], "nearest-station": 0.675, "units": "us"}, "offset": -4}