{"latitude": 38.912659, "longitude": -77.017669, "timezone": "America/New_York", "currently": {"time": 1424840400, "summary": "Clear", "icon": "clear-night", "precipIntensity": 0, "precipProbability": 0, "temperature": 20.22, "apparentTemperature": 20.22, "dewPoint": 10.8, "humidity": 0.66, "pressure": 1010.67, "windSpeed": 0.16, "windGust": 0.83, "windBearing": 219, "cloudCover": 0, "uvIndex": 0, "visibility": 8.77}, "hourly": {"summary": "Partly cloudy starting in the evening.", "icon": "partly-cloudy-night", "data": [{"time": 1424840400, "summary": "Clear", "icon": "clear-night", "precipIntensity": 0, "precipProbability": 0, "temperature": 20.22, "apparentTemperature": 20.22, "dewPoint": 10.8, "humidity": 0.66, "pressure": 1010.67, "windSpeed": 0.16, "windGust": 0.83, "windBearing": 219, "cloudCover": 0, "uvIndex": 0, "visibility": 8.77}, {"time": 1424844000, "summary": "Clear", "icon": "clear-night", "precipIntensity": 0, "precipProbability": 0, "temperature": 19.18, "apparentTemperature": 19.18, "dewPoint": 10.54, "humidity": 0.69, "pressure": 1010.11, "windSpeed": 0.09, "windGust": 0.36, "windBearing": 233, "cloudCover": 0, "uvIndex": 0, "visibility": 8.37}, {"time": 1424847600, "summary": "Clear", "icon": "clear-night", "precipIntensity": 0, "precipProbability": 0, "temperature": 17.99, "apparentTemperature": 17.99, "dewPoint": 10.25, "humidity": 0.71, "pressure": 1009.6, "windSpeed": 0.06, "windGust": 0.24, "windBearing": 246, "cloudCover": 0.03, "uvIndex": 0, "visibility": 7.7}, {"time": 1424851200, "summary": "Clear", "icon": "clear-night", "precipIntensity": 0, "precipProbability": 0, "temperature": 17.19, "apparentTemperature": 17.19, "dewPoint": 10.16, "humidity": 0.73, "pressure": 1009.4, "windSpeed": 0.03, "windGust": 0.66, "windBearing": 270, "cloudCover": 0.13, "uvIndex": 0, "visibility": 8.24}, {"time": 1424854800, "summary": "Partly Cloudy", "icon": "partly-cloudy-night", "precipIntensity": 0, "precipProbability": 0, "temperature": 17.84, "apparentTemperature": 17.84, "dewPoint": 10.68, "humidity": 0.73, "pressure": 1009.7, "windSpeed": 0.23, "windGust": 0.86, "windBearing": 286, "cloudCover": 0.55, "uvIndex": 0, "visibility": 8.24}, {"time": 1424858400, "summary": "Clear", "icon": "clear-night", "precipIntensity": 0, "precipProbability": 0, "temperature": 17.79, "apparentTemperature": 17.79, "dewPoint": 10.3, "humidity": 0.72, "pressure": 1010.88, "windSpeed": 0.12, "windGust": 0.85, "windBearing": 299, "cloudCover": 0.12, "uvIndex": 0, "visibility": 9.23}, {"time": 1424862000, "summary": "Clear", "icon": "clear-night", "precipIntensity": 0, "precipProbability": 0, "temperature": 17.37, "apparentTemperature": 17.37, "dewPoint": 10.28, "humidity": 0.73, "pressure": 1011.66, "windSpeed": 0.06, "windGust": 0.5, "windBearing": 292, "cloudCover": 0.05, "uvIndex": 0, "visibility": 8.94}, {"time": 1424865600, "summary": "Clear", "icon": "clear-day", "precipIntensity": 0, "precipProbability": 0, "temperature": 16.86, "apparentTemperature": 16.86, "dewPoint": 9.98, "humidity": 0.74, "pressure": 1012.26, "windSpeed": 0.04, "windGust": 0.42, "windBearing": 260, "cloudCover": 0.11, "uvIndex": 0, "visibility": 8.02}, {"time": 1424869200, "summary": "Partly Cloudy", "icon": "partly-cloudy-day", "precipIntensity": 0, "precipProbability": 0, "temperature": 19.06, "apparentTemperature": 19.06, "dewPoint": 12.1, "humidity": 0.74, "pressure": 1012.93, "windSpeed": 0.03, "windGust": 0.51, "windBearing": 254, "cloudCover": 0.4, "uvIndex": 0, "visibility": 10}, {"time": 1424872800, "summary": "Clear", "icon": "clear-day", "precipIntensity": 0, "precipProbability": 0, "temperature": 23.82, "apparentTemperature": 23.82, "dewPoint": 15.04, "humidity": 0.69, "pressure": 1013.63, "windSpeed": 0.26, "windGust": 1.23, "windBearing": 286, "cloudCover": 0.23, "uvIndex": 1, "visibility": 8.6}, {"time": 1424876400, "summary": "Clear", "icon": "clear-day", "precipIntensity": 0, "precipProbability": 0, "temperature": 28.96, "apparentTemperature": 28.96, "dewPoint": 16.63, "humidity": 0.59, "pressure": 1014.03, "windSpeed": 0.52, "windGust": 2.39, "windBearing": 260, "cloudCover": 0.2, "uvIndex": 3, "visibility": 8.63}, {"time": 1424880000, "summary": "Partly Cloudy", "icon": "partly-cloudy-day", "precipIntensity": 0, "precipProbability": 0, "temperature": 33.46, "apparentTemperature": 33.46, "dewPoint": 17.58, "humidity": 0.52, "pressure": 1014.8, "windSpeed": 1.24, "windGust": 5.42, "windBearing": 271, "cloudCover": 0.27, "uvIndex": 4, "visibility": 7.9}, {"time": 1424883600, "summary": "Clear", "icon": "clear-day", "precipIntensity": 0, "precipProbability": 0, "temperature": 36.04, "apparentTemperature": 36.04, "dewPoint": 17.53, "humidity": 0.46, "pressure": 1015.23, "windSpeed": 2.75, "windGust": 9.31, "windBearing": 274, "cloudCover": 0.24, "uvIndex": 4, "visibility": 7.68}, {"time": 1424887200, "summary": "Clear", "icon": "clear-day", "precipIntensity": 0, "precipProbability": 0, "temperature": 37.41, "apparentTemperature": 37.41, "dewPoint": 17.7, "humidity": 0.44, "pressure": 1014.63, "windSpeed": 2.97, "windGust": 8.64, "windBearing": 271, "cloudCover": 0.19, "uvIndex": 4, "visibility": 7.6}, {"time": 1424890800, "summary": "Partly Cloudy", "icon": "partly-cloudy-day", "precipIntensity": 0, "precipProbability": 0, "temperature": 38.56, "apparentTemperature": 38.56, "dewPoint": 17.56, "humidity": 0.42, "pressure": 1014.03, "windSpeed": 2.48, "windGust": 8.13, "windBearing": 265, "cloudCover": 0.28, "uvIndex": 3, "visibility": 7.71}, {"time": 1424894400, "summary": "Clear", "icon": "clear-day", "precipIntensity": 0, "precipProbability": 0, "temperature": 39.3, "apparentTemperature": 39.3, "dewPoint": 17.3, "humidity": 0.4, "pressure": 1013.83, "windSpeed": 1.68, "windGust": 6.18, "windBearing": 266, "cloudCover": 0.24, "uvIndex": 2, "visibility": 7.94}, {"time": 1424898000, "summary": "Clear", "icon": "clear-day", "precipIntensity": 0, "precipProbability": 0, "temperature": 39.97, "apparentTemperature": 39.97, "dewPoint": 17.2, "humidity": 0.39, "pressure": 1013.33, "windSpeed": 1.13, "windGust": 5.05, "windBearing": 257, "cloudCover": 0.1, "uvIndex": 1, "visibility": 8}, {"time": 1424901600, "summary": "Partly Cloudy", "icon": "partly-cloudy-day", "precipIntensity": 0, "precipProbability": 0, "temperature": 39.29, "apparentTemperature": 39.29, "dewPoint": 17.03, "humidity": 0.4, "pressure": 1013.5, "windSpeed": 0.61, "windGust": 2.91, "windBearing": 265, "cloudCover": 0.26, "uvIndex": 0, "visibility": 8.28}, {"time": 1424905200, "summary": "Partly Cloudy", "icon": "partly-cloudy-night", "precipIntensity": 0, "precipProbability": 0, "temperature": 37.37, "apparentTemperature": 37.37, "dewPoint": 18.09, "humidity": 0.45, "pressure": 1014.12, "windSpeed": 0.02, "windGust": 0.47, "windBearing": 242, "cloudCover": 0.28, "uvIndex": 0, "visibility": 8.62}, {"time": 1424908800, "summary": "Partly Cloudy", "icon": "partly-cloudy-night", "precipIntensity": 0, "precipProbability": 0, "temperature": 34.57, "apparentTemperature": 34.57, "dewPoint": 19.37, "humidity": 0.53, "pressure": 1015.06, "windSpeed": 0, "windGust": 0.22, "cloudCover": 0.35, "uvIndex": 0, "visibility": 10}, {"time": 1424912400, "summary": "Partly Cloudy", "icon": "partly-cloudy-night", "precipIntensity": 0, "precipProbability": 0, "temperature": 33.06, "apparentTemperature": 33.06, "dewPoint": 20.19, "humidity": 0.59, "pressure": 1014.88, "windSpeed": 0.02, "windGust": 0.34, "windBearing": 161, "cloudCover": 0.28, "uvIndex": 0, "visibility": 9.53}, {"time": 1424916000, "summary": "Partly Cloudy", "icon": "partly-cloudy-night", "precipIntensity": 0, "precipProbability": 0, "temperature": 32.25, "apparentTemperature": 32.25, "dewPoint": 20.86, "humidity": 0.62, "pressure": 1015.51, "windSpeed": 0.05, "windGust": 0.42, "windBearing": 128, "cloudCover": 0.32, "uvIndex": 0, "visibility": 10}, {"time": 1424919600, "summary": "Partly Cloudy", "icon": "partly-cloudy-night", "precipIntensity": 0, "precipProbability": 0, "temperature": 32.57, "apparentTemperature": 32.57, "dewPoint": 20.31, "humidity": 0.6, "pressure": 1014.41, "windSpeed": 0.42, "windGust": 1.54, "windBearing": 128, "cloudCover": 0.28, "uvIndex": 0, "visibility": 8.18}, {"time": 1424923200, "summary": "Partly Cloudy", "icon": "partly-cloudy-night", "precipIntensity": 0, "precipProbability": 0, "temperature": 32.72, "apparentTemperature": 32.72, "dewPoint": 20.4, "humidity": 0.6, "pressure": 1016.09, "windSpeed": 0.12, "windGust": 1.06, "windBearing": 198, "cloudCover": 0.48, "uvIndex": 0, "visibility": 8.11}]}, "daily": {"data": [{"time": 1424840400, "summary": "Partly cloudy starting in the evening.", "icon": "partly-cloudy-night", "sunriseTime": 1424864861, "sunsetTime": 1424905048, "moonPhase": 0.25, "precipIntensity": 0, "precipIntensityMax": 0, "precipProbability": 0, "temperatureHigh": 39.97, "temperatureHighTime": 1424898000, "temperatureLow": 29.5, "temperatureLowTime": 1424952000, "apparentTemperatureHigh": 39.97, "apparentTemperatureHighTime": 1424898000, "apparentTemperatureLow": 29.5, "apparentTemperatureLowTime": 1424952000, "dewPoint": 15.33, "humidity": 0.59, "pressure": 1013.09, "windSpeed": 0.58, "windGust": 9.31, "windGustTime": 1424883600, "windBearing": 266, "cloudCover": 0.22, "uvIndex": 4, "uvIndexTime": 1424880000, "visibility": 8.51, "temperatureMin": 16.86, "temperatureMinTime": 1424865600, "temperatureMax": 39.97, "temperatureMaxTime": 1424898000, "apparentTemperatureMin": 16.86, "apparentTemperatureMinTime": 1424865600, "apparentTemperatureMax": 39.97, "apparentTemperatureMaxTime": 1424898000}]}, "flags": {"sources": ["cmc", "gfs", "hrrr", "icon", "isd", "madis", "nam", "sref"], "nearest-station": 0.675, "units": "us"}, "offset": -5}