{"latitude": 38.912659, "longitude": -77.017669, "timezone": "America/New_York", "currently": {"time": 1453957200, "summary": "Clear", "icon": "clear-night", "precipIntensity": 0, "precipProbability": 0, "temperature": 26.08, "apparentTemperature": 26.08, "dewPoint": 20.1, "humidity": 0.78, "pressure": 1021.26, "windSpeed": 0, "windGust": 0.16, "cloudCover": 0.07, "uvIndex": 0, "visibility": 8.67}, "hourly": {"summary": "Partly cloudy starting in the evening.", "icon": "partly-cloudy-night", "data": [{"time": 1453957200, "summary": "Clear", "icon": "clear-night", "precipIntensity": 0, "precipProbability": 0, "temperature": 26.08, "apparentTemperature": 26.08, "dewPoint": 20.1, "humidity": 0.78, "pressure": 1021.26, "windSpeed": 0, "windGust": 0.16, "cloudCover": 0.07, "uvIndex": 0, "visibility": 8.67}, {"time": 1453960800, "summary": "Clear", "icon": "clear-night", "precipIntensity": 0, "precipProbability": 0, "temperature": 24.71, "apparentTemperature": 24.71, "dewPoint": 19.57, "humidity": 0.8, "pressure": 1021.22, "windSpeed": 0, "windGust": 0.14, "cloudCover": 0.17, "uvIndex": 0, "visibility": 9.43}, {"time": 1453964400, "summary": "Clear", "icon": "clear-night", "precipIntensity": 0, "precipProbability": 0, "temperature": 23.74, "apparentTemperature": 23.74, "dewPoint": 19.21, "humidity": 0.82, "pressure": 1020.63, "windSpeed": 0, "windGust": 0, "cloudCover": 0.16, "uvIndex": 0, "visibility": 8.93}, {"time": 1453968000, "summary": "Clear", "icon": "clear-night", "precipIntensity": 0, "precipProbability": 0, "temperature": 22.71, "apparentTemperature": 22.71, "dewPoint": 18.5, "humidity": 0.84, "pressure": 1020.18, "windSpeed": 0, "windGust": 0.05, "cloudCover": 0.14, "uvIndex": 0, "visibility": 8.54}, {"time": 1453971600, "summary": "Clear", "icon": "clear-night", "precipIntensity": 0, "precipProbability": 0, "temperature": 21.87, "apparentTemperature": 21.87, "dewPoint": 17.98, "humidity": 0.85, "pressure": 1018.94, "windSpeed": 0, "windGust": 0.01, "cloudCover": 0.23, "uvIndex": 0, "visibility": 9.02}, {"time": 1453975200, "summary": "Clear", "icon": "clear-night", "precipIntensity": 0, "precipProbability": 0, "temperature": 20.9, "apparentTemperature": 20.9, "dewPoint": 17.24, "humidity": 0.85, "pressure": 1018.12, "windSpeed": 0, "windGust": 0, "cloudCover": 0.17, "uvIndex": 0, "visibility": 8.41}, {"time": 1453978800, "summary": "Clear", "icon": "clear-night", "precipIntensity": 0, "precipProbability": 0, "temperature": 20.11, "apparentTemperature": 20.11, "dewPoint": 16.58, "humidity": 0.86, "pressure": 1017.76, "windSpeed": 0, "windGust": 0, "cloudCover": 0.14, "uvIndex": 0, "visibility": 9.27}, {"time": 1453982400, "summary": "Clear", "icon": "clear-night", "precipIntensity": 0, "precipProbability": 0, "temperature": 19.21, "apparentTemperature": 19.21, "dewPoint": 15.66, "humidity": 0.86, "pressure": 1017.49, "windSpeed": 0, "windGust": 0, "cloudCover": 0.16, "uvIndex": 0, "visibility": 8.82}, {"time": 1453986000, "summary": "Clear", "icon": "clear-day", "precipIntensity": 0, "precipProbability": 0, "temperature": 19.82, "apparentTemperature": 19.82, "dewPoint": 16.3, "humidity": 0.86, "pressure": 1017.21, "windSpeed": 0, "windGust": 0, "cloudCover": 0.17, "uvIndex": 0, "visibility": 9.57}, {"time": 1453989600, "summary": "Clear", "icon": "clear-day", "precipIntensity": 0, "precipProbability": 0, "temperature": 22.79, "apparentTemperature": 22.79, "dewPoint": 19.52, "humidity": 0.87, "pressure": 1017.23, "windSpeed": 0, "windGust": 0.05, "cloudCover": 0.21, "uvIndex": 1, "visibility": 9.27}, {"time": 1453993200, "summary": "Clear", "icon": "clear-day", "precipIntensity": 0, "precipProbability": 0, "temperature": 31.2, "apparentTemperature": 31.2, "dewPoint": 23.78, "humidity": 0.74, "pressure": 1016.81, "windSpeed": 0.2, "windGust": 1.76, "windBearing": 189, "cloudCover": 0.17, "uvIndex": 1, "visibility": 9.91}, {"time": 1453996800, "summary": "Clear", "icon": "clear-day", "precipIntensity": 0, "precipProbability": 0, "temperature": 37.03, "apparentTemperature": 37.03, "dewPoint": 24.5, "humidity": 0.6, "pressure": 1016.09, "windSpeed": 2.13, "windGust": 7.03, "windBearing": 179, "cloudCover": 0.11, "uvIndex": 2, "visibility": 7.87}, {"time": 1454000400, "summary": "Clear", "icon": "clear-day", "precipIntensity": 0, "precipProbability": 0, "temperature": 39.97, "apparentTemperature": 39.97, "dewPoint": 24.71, "humidity": 0.54, "pressure": 1014.21, "windSpeed": 2.61, "windGust": 8.12, "windBearing": 177, "cloudCover": 0.08, "uvIndex": 3, "visibility": 7.84}, {"time": 1454004000, "summary": "Partly Cloudy", "icon": "partly-cloudy-day", "precipIntensity": 0, "precipProbability": 0, "temperature": 42.06, "apparentTemperature": 42.06, "dewPoint": 25.52, "humidity": 0.52, "pressure": 1012.39, "windSpeed": 2.36, "windGust": 7.8, "windBearing": 191, "cloudCover": 0.26, "uvIndex": 3, "visibility": 7.79}, {"time": 1454007600, "summary": "Clear", "icon": "clear-day", "precipIntensity": 0, "precipProbability": 0, "temperature": 42.89, "apparentTemperature": 42.89, "dewPoint": 25.88, "humidity": 0.51, "pressure": 1011.23, "windSpeed": 1.84, "windGust": 6.12, "windBearing": 184, "cloudCover": 0.11, "uvIndex": 2, "visibility": 7.66}, {"time": 1454011200, "summary": "Clear", "icon": "clear-day", "precipIntensity": 0, "precipProbability": 0, "temperature": 42.51, "apparentTemperature": 42.51, "dewPoint": 26.13, "humidity": 0.52, "pressure": 1010.53, "windSpeed": 2.22, "windGust": 6.75, "windBearing": 164, "cloudCover": 0.1, "uvIndex": 1, "visibility": 8.01}, {"time": 1454014800, "summary": "Clear", "icon": "clear-day", "precipIntensity": 0, "precipProbability": 0, "temperature": 41.88, "apparentTemperature": 41.88, "dewPoint": 26.35, "humidity": 0.54, "pressure": 1009.43, "windSpeed": 1.24, "windGust": 4.42, "windBearing": 169, "cloudCover": 0.12, "uvIndex": 0, "visibility": 8.24}, {"time": 1454018400, "summary": "Partly Cloudy", "icon": "partly-cloudy-day", "precipIntensity": 0, "precipProbability": 0, "temperature": 40.63, "apparentTemperature": 40.63, "dewPoint": 26.67, "humidity": 0.57, "pressure": 1009.13, "windSpeed": 0.57, "windGust": 2.59, "windBearing": 164, "cloudCover": 0.33, "uvIndex": 0, "visibility": 7.89}, {"time": 1454022000, "summary": "Partly Cloudy", "icon": "partly-cloudy-night", "precipIntensity": 0, "precipProbability": 0, "temperature": 38.19, "apparentTemperature": 38.19, "dewPoint": 26.47, "humidity": 0.62, "pressure": 1008.59, "windSpeed": 0.23, "windGust": 0.52, "windBearing": 157, "cloudCover": 0.29, "uvIndex": 0, "visibility": 7.98}, {"time": 1454025600, "summary": "Partly Cloudy", "icon": "partly-cloudy-night", "precipIntensity": 0, "precipProbability": 0, "temperature": 36.19, "apparentTemperature": 36.19, "dewPoint": 26.48, "humidity": 0.67, "pressure": 1008.04, "windSpeed": 0.09, "windGust": 0.66, "windBearing": 168, "cloudCover": 0.29, "uvIndex": 0, "visibility": 9.05}, {"time": 1454029200, "summary": "Partly Cloudy", "icon": "partly-cloudy-night", "precipIntensity": 0, "precipProbability": 0, "temperature": 35.59, "apparentTemperature": 35.59, "dewPoint": 26.69, "humidity": 0.7, "pressure": 1007.42, "windSpeed": 0.06, "windGust": 0.61, "windBearing": 163, "cloudCover": 0.42, "uvIndex": 0, "visibility": 8.11}, {"time": 1454032800, "summary": "Mostly Cloudy", "icon": "partly-cloudy-night", "precipIntensity": 0, "precipProbability": 0, "temperature": 35.69, "apparentTemperature": 35.69, "dewPoint": 27.01, "humidity": 0.7, "pressure": 1006.35, "windSpeed": 0.14, "windGust": 0.75, "windBearing": 160, "cloudCover": 0.83, "uvIndex": 0, "visibility": 6.89}, {"time": 1454036400, "summary": "Overcast", "icon": "cloudy", "precipIntensity": 0, "precipProbability": 0, "temperature": 35.89, "apparentTemperature": 35.89, "dewPoint": 27.29, "humidity": 0.71, "pressure": 1005.89, "windSpeed": 0.11, "windGust": 0.74, "windBearing": 174, "cloudCover": 0.96, "uvIndex": 0, "visibility": 6.59}, {"time": 1454040000, "summary": "Mostly Cloudy", "icon": "partly-cloudy-night", "precipIntensity": 0, "precipProbability": 0, "temperature": 35.39, "apparentTemperature": 35.39, "dewPoint": 27.47, "humidity": 0.73, "pressure": 1006.06, "windSpeed": 0.05, "windGust": 0.39, "windBearing": 180, "cloudCover": 0.79, "uvIndex": 0, "visibility": 6.94}]}, "daily": {"data": [{"time": 1453957200, "summary": "Partly cloudy starting in the evening.", "icon": "partly-cloudy-night", "sunriseTime": 1453983546, "sunsetTime": 1454019911, "moonPhase": 0.65, "precipIntensity": 0, "precipIntensityMax": 0, "precipProbability": 0, "temperatureHigh": 42.89, "temperatureHighTime": 1454007600, "temperatureLow": 27.89, "temperatureLowTime": 1454061600, "apparentTemperatureHigh": 42.89, "apparentTemperatureHighTime": 1454007600, "apparentTemperatureLow": 27.89, "apparentTemperatureLowTime": 1454061600, "dewPoint": 22.73, "humidity": 0.71, "pressure": 1013.84, "windSpeed": 0.57, "windGust": 8.12, "windGustTime": 1454000400, "windBearing": 177, "cloudCover": 0.27, "uvIndex": 3, "uvIndexTime": 1454000400, "visibility": 8.36, "temperatureMin": 19.21, "temperatureMinTime": 1453982400, "temperatureMax": 42.89, "temperatureMaxTime": 1454007600, "apparentTemperatureMin": 19.21, "apparentTemperatureMinTime": 1453982400, "apparentTemperatureMax": 42.89, "apparentTemperatureMaxTime": 1454007600}]}, "flags": {"sources": ["cmc", "gfs", "hrrr", "icon", "isd", "madis", "nam", "sref"], "nearest-station": 1.106, "units": "us"}, "offset": -5}