{"latitude": 38.912659, "longitude": -77.017669, "timezone": "America/New_York", "currently": {"time": 1461988800, "summary": "Overcast", "icon": "cloudy", "precipIntensity": 0, "precipProbability": 0, "temperature": 51.74, "apparentTemperature": 51.74, "dewPoint": 49.16, "humidity": 0.91, "pressure": 1019.66, "windSpeed": 0.34, "windGust": 0.93, "windBearing": 69, "cloudCover": 1, "uvIndex": 0, "visibility": 6.05}, "hourly": {"summary": "Overcast throughout the day.", "icon": "cloudy", "data": [{"time": 1461988800, "summary": "Overcast", "icon": "cloudy", "precipIntensity": 0, "precipProbability": 0, "temperature": 51.74, "apparentTemperature": 51.74, "dewPoint": 49.16, "humidity": 0.91, "pressure": 1019.66, "windSpeed": 0.34, "windGust": 0.93, "windBearing": 69, "cloudCover": 1, "uvIndex": 0, "visibility": 6.05}, {"time": 1461992400, "summary": "Overcast", "icon": "cloudy", "precipIntensity": 0, "precipProbability": 0, "temperature": 51.62, "apparentTemperature": 51.62, "dewPoint": 49.07, "humidity": 0.91, "pressure": 1020.07, "windSpeed": 0.25, "windGust": 0.98, "windBearing": 70, "cloudCover": 1, "uvIndex": 0, "visibility": 6.81}, {"time": 1461996000, "summary": "Overcast", "icon": "cloudy", "precipIntensity": 0, "precipProbability": 0, "temperature": 51.4, "apparentTemperature": 51.4, "dewPoint": 48.9, "humidity": 0.91, "pressure": 1019.99, "windSpeed": 0.27, "windGust": 1.02, "windBearing": 76, "cloudCover": 1, "uvIndex": 0, "visibility": 7.26}, {"time": 1461999600, "summary": "Overcast", "icon": "cloudy", "precipIntensity": 0, "precipProbability": 0, "temperature": 51.24, "apparentTemperature": 51.24, "dewPoint": 48.76, "humidity": 0.91, "pressure": 1020.04, "windSpeed": 0.39, "windGust": 0.81, "windBearing": 81, "cloudCover": 1, "uvIndex": 0, "visibility": 5.78}, {"time": 1462003200, "summary": "Overcast", "icon": "cloudy", "precipIntensity": 0, "precipProbability": 0, "temperature": 50.94, "apparentTemperature": 50.94, "dewPoint": 48.56, "humidity": 0.92, "pressure": 1020.14, "windSpeed": 0.25, "windGust": 0.78, "windBearing": 73, "cloudCover": 1, "uvIndex": 0, "visibility": 6.13}, {"time": 1462006800, "summary": "Overcast", "icon": "cloudy", "precipIntensity": 0, "precipProbability": 0, "temperature": 50.8, "apparentTemperature": 50.8, "dewPoint": 48.36, "humidity": 0.91, "pressure": 1020.5, "windSpeed": 0.16, "windGust": 0.76, "windBearing": 70, "cloudCover": 1, "uvIndex": 0, "visibility": 6}, {"time": 1462010400, "summary": "Overcast", "icon": "cloudy", "precipIntensity": 0, "precipProbability": 0, "temperature": 50.64, "apparentTemperature": 50.64, "dewPoint": 48.12, "humidity": 0.91, "pressure": 1020.89, "windSpeed": 0.34, "windGust": 1.12, "windBearing": 74, "cloudCover": 1, "uvIndex": 0, "visibility": 5.34}, {"time": 1462014000, "summary": "Overcast", "icon": "cloudy", "precipIntensity": 0, "precipProbability": 0, "temperature": 50.38, "apparentTemperature": 50.38, "dewPoint": 47.68, "humidity": 0.9, "pressure": 1021.65, "windSpeed": 0.66, "windGust": 2.04, "windBearing": 73, "cloudCover": 1, "uvIndex": 0, "visibility": 5.36}, {"time": 1462017600, "summary": "Overcast", "icon": "cloudy", "precipIntensity": 0, "precipProbability": 0, "temperature": 50.43, "apparentTemperature": 50.43, "dewPoint": 47.47, "humidity": 0.9, "pressure": 1022.26, "windSpeed": 0.8, "windGust": 2.38, "windBearing": 61, "cloudCover": 1, "uvIndex": 1, "visibility": 5.83}, {"time": 1462021200, "summary": "Overcast", "icon": "cloudy", "precipIntensity": 0, "precipProbability": 0, "temperature": 50.84, "apparentTemperature": 50.84, "dewPoint": 47.4, "humidity": 0.88, "pressure": 1022.42, "windSpeed": 0.96, "windGust": 2.69, "windBearing": 68, "cloudCover": 1, "uvIndex": 2, "visibility": 6.3}, {"time": 1462024800, "summary": "Overcast", "icon": "cloudy", "precipIntensity": 0, "precipProbability": 0, "temperature": 51.89, "apparentTemperature": 51.89, "dewPoint": 47.6, "humidity": 0.85, "pressure": 1022.87, "windSpeed": 0.84, "windGust": 2.97, "windBearing": 74, "cloudCover": 1, "uvIndex": 3, "visibility": 7.05}, {"time": 1462028400, "summary": "Overcast", "icon": "cloudy", "precipIntensity": 0, "precipProbability": 0, "temperature": 53.04, "apparentTemperature": 53.04, "dewPoint": 47.9, "humidity": 0.83, "pressure": 1022.57, "windSpeed": 0.89, "windGust": 3.18, "windBearing": 81, "cloudCover": 1, "uvIndex": 4, "visibility": 7.52}, {"time": 1462032000, "summary": "Overcast", "icon": "cloudy", "precipIntensity": 0, "precipProbability": 0, "temperature": 54.22, "apparentTemperature": 54.22, "dewPoint": 48.09, "humidity": 0.8, "pressure": 1022.98, "windSpeed": 0.73, "windGust": 3.02, "windBearing": 88, "cloudCover": 1, "uvIndex": 4, "visibility": 7.82}, {"time": 1462035600, "summary": "Overcast", "icon": "cloudy", "precipIntensity": 0, "precipProbability": 0, "temperature": 55.08, "apparentTemperature": 55.08, "dewPoint": 48.09, "humidity": 0.77, "pressure": 1023.03, "windSpeed": 0.49, "windGust": 2.55, "windBearing": 94, "cloudCover": 1, "uvIndex": 4, "visibility": 7.97}, {"time": 1462039200, "summary": "Overcast", "icon": "cloudy", "precipIntensity": 0, "precipProbability": 0, "temperature": 55.83, "apparentTemperature": 55.83, "dewPoint": 48.12, "humidity": 0.75, "pressure": 1023.06, "windSpeed": 0.37, "windGust": 2.6, "windBearing": 122, "cloudCover": 1, "uvIndex": 4, "visibility": 7.83}, {"time": 1462042800, "summary": "Overcast", "icon": "cloudy", "precipIntensity": 0, "precipProbability": 0, "temperature": 57.13, "apparentTemperature": 57.13, "dewPoint": 48.43, "humidity": 0.73, "pressure": 1022.59, "windSpeed": 0.75, "windGust": 3.13, "windBearing": 119, "cloudCover": 1, "uvIndex": 4, "visibility": 7.87}, {"time": 1462046400, "summary": "Overcast", "icon": "cloudy", "precipIntensity": 0, "precipProbability": 0, "temperature": 57.29, "apparentTemperature": 57.29, "dewPoint": 48.75, "humidity": 0.73, "pressure": 1022.35, "windSpeed": 0.69, "windGust": 2.69, "windBearing": 118, "cloudCover": 1, "uvIndex": 3, "visibility": 7.66}, {"time": 1462050000, "summary": "Overcast", "icon": "cloudy", "precipIntensity": 0, "precipProbability": 0, "temperature": 57.06, "apparentTemperature": 57.06, "dewPoint": 48.75, "humidity": 0.74, "pressure": 1022.47, "windSpeed": 0.65, "windGust": 2.05, "windBearing": 143, "cloudCover": 1, "uvIndex": 2, "visibility": 7.81}, {"time": 1462053600, "summary": "Overcast", "icon": "cloudy", "precipIntensity": 0, "precipProbability": 0, "temperature": 56.58, "apparentTemperature": 56.58, "dewPoint": 48.8, "humidity": 0.75, "pressure": 1023.13, "windSpeed": 0.36, "windGust": 1.31, "windBearing": 151, "cloudCover": 1, "uvIndex": 1, "visibility": 8.01}, {"time": 1462057200, "summary": "Overcast", "icon": "cloudy", "precipIntensity": 0, "precipProbability": 0, "temperature": 56.17, "apparentTemperature": 56.17, "dewPoint": 49.04, "humidity": 0.77, "pressure": 1022.44, "windSpeed": 0.5, "windGust": 1.83, "windBearing": 126, "cloudCover": 1, "uvIndex": 0, "visibility": 8}, {"time": 1462060800, "summary": "Overcast", "icon": "cloudy", "precipIntensity": 0, "precipProbability": 0, "temperature": 55.44, "apparentTemperature": 55.44, "dewPoint": 49.21, "humidity": 0.8, "pressure": 1022.72, "windSpeed": 0.32, "windGust": 1.14, "windBearing": 157, "cloudCover": 0.98, "uvIndex": 0, "visibility": 7.93}, {"time": 1462064400, "summary": "Overcast", "icon": "cloudy", "precipIntensity": 0.0008, "precipProbability": 0.28, "precipType": "rain", "temperature": 54.34, "apparentTemperature": 54.34, "dewPoint": 49.74, "humidity": 0.84, "pressure": 1022.83, "windSpeed": 0.13, "windGust": 0.64, "windBearing": 144, "cloudCover": 1, "uvIndex": 0, "visibility": 8.21}, {"time": 1462068000, "summary": "Overcast", "icon": "cloudy", "precipIntensity": 0.0077, "precipProbability": 0.72, "precipType": "rain", "temperature": 53.58, "apparentTemperature": 53.58, "dewPoint": 50.03, "humidity": 0.88, "pressure": 1023.01, "windSpeed": 0.1, "windGust": 0.41, "windBearing": 119, "cloudCover": 1, "uvIndex": 0, "visibility": 7.08}, {"time": 1462071600, "summary": "Overcast", "icon": "cloudy", "precipIntensity": 0.0075, "precipProbability": 0.8, "precipType": "rain", "temperature": 53.18, "apparentTemperature": 53.18, "dewPoint": 50.13, "humidity": 0.89, "pressure": 1022.78, "windSpeed": 0.51, "windGust": 1.26, "windBearing": 140, "cloudCover": 1, "uvIndex": 0, "visibility": 7.59}]}, "daily": {"data": [{"time": 1461988800, "summary": "Overcast throughout the day.", "icon": "cloudy", "sunriseTime": 1462011104, "sunsetTime": 1462060864, "moonPhase": 0.77, "precipIntensity": 0.0007, "precipIntensityMax": 0.0077, "precipIntensityMaxTime": 1462068000, "precipProbability": 0.8, "precipType": "rain", "temperatureHigh": 57.29, "temperatureHighTime": 1462046400, "temperatureLow": 50.97, "temperatureLowTime": 1462093200, "apparentTemperatureHigh": 57.29, "apparentTemperatureHighTime": 1462046400, "apparentTemperatureLow": 50.97, "apparentTemperatureLowTime": 1462093200, "dewPoint": 48.59, "humidity": 0.84, "pressure": 1021.93, "windSpeed": 0.43, "windGust": 3.18, "windGustTime": 1462028400, "windBearing": 96, "cloudCover": 1, "uvIndex": 4, "uvIndexTime": 1462028400, "visibility": 7.05, "temperatureMin": 50.38, "temperatureMinTime": 1462014000, "temperatureMax": 57.29, "temperatureMaxTime": 1462046400, "apparentTemperatureMin": 50.38, "apparentTemperatureMinTime": 1462014000, "apparentTemperatureMax": 57.29, "apparentTemperatureMaxTime": 1462046400}]}, "flags": {"sources": ["cmc", "gfs", "hrrr", "icon", "isd", "madis", "nam", "sref"], "nearest-station": 1.106, "units": "us"}, "offset": -4}