{"latitude": 38.912659, "longitude": -77.017669, "timezone": "America/New_York", "currently": {"time": 1457758800, "summary": "Clear", "icon": "clear-night", "precipIntensity": 0, "precipProbability": 0, "temperature": 51.94, "apparentTemperature": 51.94, "dewPoint": 35.98, "humidity": 0.54, "pressure": 1027.13, "windSpeed": 0.01, "windGust": 0.25, "windBearing": 90, "cloudCover": 0.14, "uvIndex": 0, "visibility": 9.2}, "hourly": {"summary": "Mostly cloudy starting in the morning.", "icon": "partly-cloudy-day", "data": [{"time": 1457758800, "summary": "Clear", "icon": "clear-night", "precipIntensity": 0, "precipProbability": 0, "temperature": 51.94, "apparentTemperature": 51.94, "dewPoint": 35.98, "humidity": 0.54, "pressure": 1027.13, "windSpeed": 0.01, "windGust": 0.25, "windBearing": 90, "cloudCover": 0.14, "uvIndex": 0, "visibility": 9.2}, {"time": 1457762400, "summary": "Clear", "icon": "clear-night", "precipIntensity": 0, "precipProbability": 0, "temperature": 49.19, "apparentTemperature": 49.19, "dewPoint": 36.12, "humidity": 0.6, "pressure": 1027.27, "windSpeed": 0, "windGust": 0.06, "cloudCover": 0.11, "uvIndex": 0, "visibility": 10}, {"time": 1457766000, "summary": "Clear", "icon": "clear-night", "precipIntensity": 0, "precipProbability": 0, "temperature": 47.2, "apparentTemperature": 47.2, "dewPoint": 36.4, "humidity": 0.66, "pressure": 1027.25, "windSpeed": 0, "windGust": 0.28, "cloudCover": 0.19, "uvIndex": 0, "visibility": 10}, {"time": 1457769600, "summary": "Clear", "icon": "clear-night", "precipIntensity": 0, "precipProbability": 0, "temperature": 47.1, "apparentTemperature": 47.1, "dewPoint": 36.43, "humidity": 0.66, "pressure": 1027.04, "windSpeed": 0.05, "windGust": 0.86, "windBearing": 60, "cloudCover": 0.08, "uvIndex": 0, "visibility": 10}, {"time": 1457773200, "summary": "Mostly Cloudy", "icon": "partly-cloudy-night", "precipIntensity": 0, "precipProbability": 0, "temperature": 46.86, "apparentTemperature": 46.86, "dewPoint": 36.06, "humidity": 0.66, "pressure": 1026.89, "windSpeed": 0.01, "windGust": 0.4, "windBearing": 90, "cloudCover": 0.63, "uvIndex": 0, "visibility": 10}, {"time": 1457776800, "summary": "Mostly Cloudy", "icon": "partly-cloudy-night", "precipIntensity": 0, "precipProbability": 0, "temperature": 46.51, "apparentTemperature": 46.51, "dewPoint": 36.47, "humidity": 0.68, "pressure": 1026.96, "windSpeed": 0, "windGust": 0.4, "cloudCover": 0.62, "uvIndex": 0, "visibility": 8.27}, {"time": 1457780400, "summary": "Partly Cloudy", "icon": "partly-cloudy-night", "precipIntensity": 0, "precipProbability": 0, "temperature": 47.16, "apparentTemperature": 47.16, "dewPoint": 36.72, "humidity": 0.67, "pressure": 1026.88, "windSpeed": 0.04, "windGust": 0.58, "windBearing": 51, "cloudCover": 0.59, "uvIndex": 0, "visibility": 8.78}, {"time": 1457784000, "summary": "Mostly Cloudy", "icon": "partly-cloudy-day", "precipIntensity": 0, "precipProbability": 0, "temperature": 48.41, "apparentTemperature": 48.41, "dewPoint": 37, "humidity": 0.65, "pressure": 1027.09, "windSpeed": 0.21, "windGust": 0.91, "windBearing": 73, "cloudCover": 0.73, "uvIndex": 0, "visibility": 8.59}, {"time": 1457787600, "summary": "Overcast", "icon": "cloudy", "precipIntensity": 0, "precipProbability": 0, "temperature": 50.12, "apparentTemperature": 50.12, "dewPoint": 37.02, "humidity": 0.61, "pressure": 1026.99, "windSpeed": 0.4, "windGust": 1.71, "windBearing": 76, "cloudCover": 0.95, "uvIndex": 1, "visibility": 7.98}, {"time": 1457791200, "summary": "Overcast", "icon": "cloudy", "precipIntensity": 0, "precipProbability": 0, "temperature": 51.49, "apparentTemperature": 51.49, "dewPoint": 36.54, "humidity": 0.56, "pressure": 1026.86, "windSpeed": 0.64, "windGust": 2.99, "windBearing": 109, "cloudCover": 0.95, "uvIndex": 2, "visibility": 7.87}, {"time": 1457794800, "summary": "Overcast", "icon": "cloudy", "precipIntensity": 0, "precipProbability": 0, "temperature": 52.68, "apparentTemperature": 52.68, "dewPoint": 37.43, "humidity": 0.56, "pressure": 1026.18, "windSpeed": 0.8, "windGust": 3.87, "windBearing": 127, "cloudCover": 1, "uvIndex": 3, "visibility": 8.24}, {"time": 1457798400, "summary": "Overcast", "icon": "cloudy", "precipIntensity": 0, "precipProbability": 0, "temperature": 55.18, "apparentTemperature": 55.18, "dewPoint": 40.06, "humidity": 0.57, "pressure": 1025.34, "windSpeed": 1.08, "windGust": 4.59, "windBearing": 146, "cloudCover": 0.95, "uvIndex": 3, "visibility": 8.33}, {"time": 1457802000, "summary": "Overcast", "icon": "cloudy", "precipIntensity": 0, "precipProbability": 0, "temperature": 56.69, "apparentTemperature": 56.69, "dewPoint": 42.33, "humidity": 0.59, "pressure": 1024.68, "windSpeed": 0.53, "windGust": 2.52, "windBearing": 148, "cloudCover": 1, "uvIndex": 4, "visibility": 9.05}, {"time": 1457805600, "summary": "Overcast", "icon": "cloudy", "precipIntensity": 0, "precipProbability": 0, "temperature": 57.96, "apparentTemperature": 57.96, "dewPoint": 44.03, "humidity": 0.6, "pressure": 1023.41, "windSpeed": 0.38, "windGust": 2.37, "windBearing": 129, "cloudCover": 0.95, "uvIndex": 4, "visibility": 8.59}, {"time": 1457809200, "summary": "Overcast", "icon": "cloudy", "precipIntensity": 0, "precipProbability": 0, "temperature": 58.58, "apparentTemperature": 58.58, "dewPoint": 44.72, "humidity": 0.6, "pressure": 1022.24, "windSpeed": 0.53, "windGust": 2.54, "windBearing": 106, "cloudCover": 1, "uvIndex": 3, "visibility": 8.33}, {"time": 1457812800, "summary": "Overcast", "icon": "cloudy", "precipIntensity": 0, "precipProbability": 0, "temperature": 58.89, "apparentTemperature": 58.89, "dewPoint": 45.2, "humidity": 0.6, "pressure": 1021.26, "windSpeed": 0.51, "windGust": 2.73, "windBearing": 118, "cloudCover": 1, "uvIndex": 2, "visibility": 8.33}, {"time": 1457816400, "summary": "Overcast", "icon": "cloudy", "precipIntensity": 0, "precipProbability": 0, "temperature": 58.72, "apparentTemperature": 58.72, "dewPoint": 45.81, "humidity": 0.62, "pressure": 1020.2, "windSpeed": 0.51, "windGust": 2.59, "windBearing": 98, "cloudCover": 0.98, "uvIndex": 1, "visibility": 8.57}, {"time": 1457820000, "summary": "Mostly Cloudy", "icon": "partly-cloudy-day", "precipIntensity": 0, "precipProbability": 0, "temperature": 58.64, "apparentTemperature": 58.64, "dewPoint": 45.9, "humidity": 0.63, "pressure": 1019.78, "windSpeed": 0.58, "windGust": 2.59, "windBearing": 116, "cloudCover": 0.86, "uvIndex": 0, "visibility": 8.33}, {"time": 1457823600, "summary": "Partly Cloudy", "icon": "partly-cloudy-day", "precipIntensity": 0, "precipProbability": 0, "temperature": 57.62, "apparentTemperature": 57.62, "dewPoint": 45.7, "humidity": 0.64, "pressure": 1019.36, "windSpeed": 0.16, "windGust": 1.74, "windBearing": 92, "cloudCover": 0.56, "uvIndex": 0, "visibility": 8.38}, {"time": 1457827200, "summary": "Partly Cloudy", "icon": "partly-cloudy-night", "precipIntensity": 0, "precipProbability": 0, "temperature": 55.7, "apparentTemperature": 55.7, "dewPoint": 45.04, "humidity": 0.67, "pressure": 1019.6, "windSpeed": 0.12, "windGust": 1.19, "windBearing": 75, "cloudCover": 0.57, "uvIndex": 0, "visibility": 9.41}, {"time": 1457830800, "summary": "Mostly Cloudy", "icon": "partly-cloudy-night", "precipIntensity": 0, "precipProbability": 0, "temperature": 54.49, "apparentTemperature": 54.49, "dewPoint": 44.71, "humidity": 0.69, "pressure": 1019.57, "windSpeed": 0.14, "windGust": 0.8, "windBearing": 90, "cloudCover": 0.64, "uvIndex": 0, "visibility": 9.02}, {"time": 1457834400, "summary": "Mostly Cloudy", "icon": "partly-cloudy-night", "precipIntensity": 0, "precipProbability": 0, "temperature": 54, "apparentTemperature": 54, "dewPoint": 44.69, "humidity": 0.71, "pressure": 1019.01, "windSpeed": 0.04, "windGust": 0.58, "windBearing": 90, "cloudCover": 0.87, "uvIndex": 0, "visibility": 8.6}, {"time": 1457838000, "summary": "Mostly Cloudy", "icon": "partly-cloudy-night", "precipIntensity": 0, "precipProbability": 0, "temperature": 53.56, "apparentTemperature": 53.56, "dewPoint": 44.86, "humidity": 0.72, "pressure": 1018.65, "windSpeed": 0.02, "windGust": 0.41, "windBearing": 123, "cloudCover": 0.77, "uvIndex": 0, "visibility": 8.25}, {"time": 1457841600, "summary": "Mostly Cloudy", "icon": "partly-cloudy-night", "precipIntensity": 0, "precipProbability": 0, "temperature": 53.35, "apparentTemperature": 53.35, "dewPoint": 44.98, "humidity": 0.73, "pressure": 1018.25, "windSpeed": 0.02, "windGust": 0.42, "windBearing": 180, "cloudCover": 0.82, "uvIndex": 0, "visibility": 8.24}]}, "daily": {"data": [{"time": 1457758800, "summary": "Mostly cloudy throughout the day.", "icon": "partly-cloudy-day", "sunriseTime": 1457781854, "sunsetTime": 1457824422, "moonPhase": 0.14, "precipIntensity": 0, "precipIntensityMax": 0, "precipProbability": 0, "temperatureHigh": 58.89, "temperatureHighTime": 1457812800, "temperatureLow": 53.25, "temperatureLowTime": 1457845200, "apparentTemperatureHigh": 58.89, "apparentTemperatureHighTime": 1457812800, "apparentTemperatureLow": 53.25, "apparentTemperatureLowTime": 1457845200, "dewPoint": 40.84, "humidity": 0.63, "pressure": 1023.66, "windSpeed": 0.26, "windGust": 4.59, "windGustTime": 1457798400, "windBearing": 116, "cloudCover": 0.71, "uvIndex": 4, "uvIndexTime": 1457802000, "visibility": 8.76, "temperatureMin": 46.51, "temperatureMinTime": 1457776800, "temperatureMax": 58.89, "temperatureMaxTime": 1457812800, "apparentTemperatureMin": 46.51, "apparentTemperatureMinTime": 1457776800, "apparentTemperatureMax": 58.89, "apparentTemperatureMaxTime": 1457812800}]}, "flags": {"sources": ["cmc", "gfs", "hrrr", "icon", "isd", "madis", "nam", "sref"], "nearest-station": 1.106, "units": "us"}, "offset": -5}