{"latitude": 38.912659, "longitude": -77.017669, "timezone": "America/New_York", "currently": {"time": 1435896000, "summary": "Clear", "icon": "clear-night", "precipIntensity": 0, "precipProbability": 0, "temperature": 66.07, "apparentTemperature": 66.67, "dewPoint": 63.43, "humidity": 0.91, "pressure": 1012.81, "windSpeed": 0, "windGust": 0.01, "cloudCover": 0.15, "uvIndex": 0, "visibility": 2.53}, "hourly": {"summary": "Partly cloudy starting in the morning.", "icon": "partly-cloudy-day", "data": [{"time": 1435896000, "summary": "Clear", "icon": "clear-night", "precipIntensity": 0, "precipProbability": 0, "temperature": 66.07, "apparentTemperature": 66.67, "dewPoint": 63.43, "humidity": 0.91, "pressure": 1012.81, "windSpeed": 0, "windGust": 0.01, "cloudCover": 0.15, "uvIndex": 0, "visibility": 2.53}, {"time": 1435899600, "summary": "Clear", "icon": "clear-night", "precipIntensity": 0, "precipProbability": 0, "temperature": 65.14, "apparentTemperature": 65.67, "dewPoint": 62.67, "humidity": 0.92, "pressure": 1012.92, "windSpeed": 0, "windGust": 0, "cloudCover": 0.21, "uvIndex": 0, "visibility": 2.54}, {"time": 1435903200, "summary": "Clear", "icon": "clear-night", "precipIntensity": 0, "precipProbability": 0, "temperature": 64.36, "apparentTemperature": 64.82, "dewPoint": 61.96, "humidity": 0.92, "pressure": 1012.89, "windSpeed": 0, "windGust": 0, "cloudCover": 0.15, "uvIndex": 0, "visibility": 3.09}, {"time": 1435906800, "summary": "Clear", "icon": "clear-night", "precipIntensity": 0, "precipProbability": 0, "temperature": 63.62, "apparentTemperature": 64.02, "dewPoint": 61.36, "humidity": 0.92, "pressure": 1012.79, "windSpeed": 0, "windGust": 0, "cloudCover": 0.08, "uvIndex": 0, "visibility": 2.45}, {"time": 1435910400, "summary": "Clear", "icon": "clear-night", "precipIntensity": 0, "precipProbability": 0, "temperature": 62.91, "apparentTemperature": 63.27, "dewPoint": 60.78, "humidity": 0.93, "pressure": 1012.99, "windSpeed": 0, "windGust": 0.05, "cloudCover": 0.21, "uvIndex": 0, "visibility": 2.15}, {"time": 1435914000, "summary": "Partly Cloudy", "icon": "partly-cloudy-night", "precipIntensity": 0, "precipProbability": 0, "temperature": 62.59, "apparentTemperature": 62.9, "dewPoint": 60.42, "humidity": 0.93, "pressure": 1013.07, "windSpeed": 0, "windGust": 0.01, "cloudCover": 0.28, "uvIndex": 0, "visibility": 2.6}, {"time": 1435917600, "summary": "Foggy", "icon": "fog", "precipIntensity": 0, "precipProbability": 0, "temperature": 62.57, "apparentTemperature": 62.85, "dewPoint": 60.22, "humidity": 0.92, "pressure": 1013.55, "windSpeed": 0, "windGust": 0, "cloudCover": 0.59, "uvIndex": 0, "visibility": 1.64}, {"time": 1435921200, "summary": "Partly Cloudy", "icon": "partly-cloudy-day", "precipIntensity": 0, "precipProbability": 0, "temperature": 63.29, "apparentTemperature": 63.68, "dewPoint": 61.19, "humidity": 0.93, "pressure": 1014.25, "windSpeed": 0, "windGust": 0.02, "cloudCover": 0.4, "uvIndex": 0, "visibility": 2.32}, {"time": 1435924800, "summary": "Partly Cloudy", "icon": "partly-cloudy-day", "precipIntensity": 0, "precipProbability": 0, "temperature": 65.51, "apparentTemperature": 66.13, "dewPoint": 63.44, "humidity": 0.93, "pressure": 1014.73, "windSpeed": 0, "windGust": 0, "cloudCover": 0.3, "uvIndex": 1, "visibility": 3.45}, {"time": 1435928400, "summary": "Partly Cloudy", "icon": "partly-cloudy-day", "precipIntensity": 0, "precipProbability": 0, "temperature": 68.77, "apparentTemperature": 69.65, "dewPoint": 66.25, "humidity": 0.92, "pressure": 1015.03, "windSpeed": 0.03, "windGust": 0.66, "windBearing": 18, "cloudCover": 0.29, "uvIndex": 3, "visibility": 4.9}, {"time": 1435932000, "summary": "Partly Cloudy", "icon": "partly-cloudy-day", "precipIntensity": 0, "precipProbability": 0, "temperature": 72.77, "apparentTemperature": 73.62, "dewPoint": 67.04, "humidity": 0.82, "pressure": 1015.74, "windSpeed": 0.3, "windGust": 1.72, "windBearing": 140, "cloudCover": 0.25, "uvIndex": 5, "visibility": 6.67}, {"time": 1435935600, "summary": "Partly Cloudy", "icon": "partly-cloudy-day", "precipIntensity": 0, "precipProbability": 0, "temperature": 76.19, "apparentTemperature": 76.83, "dewPoint": 65.96, "humidity": 0.71, "pressure": 1015.69, "windSpeed": 1.12, "windGust": 4.79, "windBearing": 169, "cloudCover": 0.25, "uvIndex": 7, "visibility": 7.47}, {"time": 1435939200, "summary": "Partly Cloudy", "icon": "partly-cloudy-day", "precipIntensity": 0, "precipProbability": 0, "temperature": 77.54, "apparentTemperature": 78.07, "dewPoint": 65, "humidity": 0.65, "pressure": 1015.68, "windSpeed": 1.28, "windGust": 4.52, "windBearing": 175, "cloudCover": 0.28, "uvIndex": 8, "visibility": 7.23}, {"time": 1435942800, "summary": "Partly Cloudy", "icon": "partly-cloudy-day", "precipIntensity": 0, "precipProbability": 0, "temperature": 79.08, "apparentTemperature": 79.55, "dewPoint": 64.46, "humidity": 0.61, "pressure": 1015.64, "windSpeed": 1.35, "windGust": 5.07, "windBearing": 178, "cloudCover": 0.49, "uvIndex": 8, "visibility": 8}, {"time": 1435946400, "summary": "Partly Cloudy", "icon": "partly-cloudy-day", "precipIntensity": 0, "precipProbability": 0, "temperature": 79.54, "apparentTemperature": 81.33, "dewPoint": 64.71, "humidity": 0.61, "pressure": 1015.15, "windSpeed": 1.29, "windGust": 4.62, "windBearing": 170, "cloudCover": 0.49, "uvIndex": 7, "visibility": 8.43}, {"time": 1435950000, "summary": "Partly Cloudy", "icon": "partly-cloudy-day", "precipIntensity": 0, "precipProbability": 0, "temperature": 80.08, "apparentTemperature": 81.81, "dewPoint": 64.52, "humidity": 0.59, "pressure": 1014.68, "windSpeed": 1.26, "windGust": 5.36, "windBearing": 160, "cloudCover": 0.49, "uvIndex": 7, "visibility": 8.22}, {"time": 1435953600, "summary": "Partly Cloudy", "icon": "partly-cloudy-day", "precipIntensity": 0, "precipProbability": 0, "temperature": 80.07, "apparentTemperature": 81.71, "dewPoint": 64.1, "humidity": 0.58, "pressure": 1014.07, "windSpeed": 1.11, "windGust": 3.99, "windBearing": 166, "cloudCover": 0.56, "uvIndex": 5, "visibility": 8}, {"time": 1435957200, "summary": "Partly Cloudy", "icon": "partly-cloudy-day", "precipIntensity": 0, "precipProbability": 0, "temperature": 78.87, "apparentTemperature": 79.38, "dewPoint": 64.84, "humidity": 0.62, "pressure": 1013.98, "windSpeed": 1.04, "windGust": 2.42, "windBearing": 158, "cloudCover": 0.55, "uvIndex": 3, "visibility": 8.22}, {"time": 1435960800, "summary": "Mostly Cloudy", "icon": "partly-cloudy-day", "precipIntensity": 0, "precipProbability": 0, "temperature": 77.7, "apparentTemperature": 78.29, "dewPoint": 65.63, "humidity": 0.66, "pressure": 1013.83, "windSpeed": 0.61, "windGust": 2.38, "windBearing": 142, "cloudCover": 0.63, "uvIndex": 2, "visibility": 7.68}, {"time": 1435964400, "summary": "Mostly Cloudy", "icon": "partly-cloudy-day", "precipIntensity": 0.0002, "precipProbability": 0.11, "precipType": "rain", "temperature": 76.04, "apparentTemperature": 76.73, "dewPoint": 66.31, "humidity": 0.72, "pressure": 1013.74, "windSpeed": 0.48, "windGust": 1.65, "windBearing": 151, "cloudCover": 0.86, "uvIndex": 1, "visibility": 7.82}, {"time": 1435968000, "summary": "Mostly Cloudy", "icon": "partly-cloudy-day", "precipIntensity": 0.0006, "precipProbability": 0.17, "precipType": "rain", "temperature": 74.12, "apparentTemperature": 74.79, "dewPoint": 65.94, "humidity": 0.76, "pressure": 1013.59, "windSpeed": 0.47, "windGust": 1.35, "windBearing": 144, "cloudCover": 0.9, "uvIndex": 0, "visibility": 6.77}, {"time": 1435971600, "summary": "Mostly Cloudy", "icon": "partly-cloudy-night", "precipIntensity": 0, "precipProbability": 0, "temperature": 72.69, "apparentTemperature": 73.35, "dewPoint": 65.61, "humidity": 0.79, "pressure": 1013.2, "windSpeed": 0.47, "windGust": 1.16, "windBearing": 155, "cloudCover": 0.64, "uvIndex": 0, "visibility": 7.44}, {"time": 1435975200, "summary": "Mostly Cloudy", "icon": "partly-cloudy-night", "precipIntensity": 0.0012, "precipProbability": 0.23, "precipType": "rain", "temperature": 71.56, "apparentTemperature": 72.23, "dewPoint": 65.51, "humidity": 0.81, "pressure": 1013.34, "windSpeed": 0.22, "windGust": 0.47, "windBearing": 148, "cloudCover": 0.75, "uvIndex": 0, "visibility": 5.88}, {"time": 1435978800, "summary": "Mostly Cloudy", "icon": "partly-cloudy-night", "precipIntensity": 0.0011, "precipProbability": 0.29, "precipType": "rain", "temperature": 70.91, "apparentTemperature": 71.61, "dewPoint": 65.53, "humidity": 0.83, "pressure": 1013.72, "windSpeed": 0.2, "windGust": 0.72, "windBearing": 141, "cloudCover": 0.67, "uvIndex": 0, "visibility": 6.82}]}, "daily": {"data": [{"time": 1435896000, "summary": "Partly cloudy throughout the day.", "icon": "partly-cloudy-day", "sunriseTime": 1435916914, "sunsetTime": 1435970302, "moonPhase": 0.56, "precipIntensity": 0.0001, "precipIntensityMax": 0.0012, "precipIntensityMaxTime": 1435975200, "precipProbability": 0.29, "precipType": "rain", "temperatureHigh": 80.08, "temperatureHighTime": 1435950000, "temperatureLow": 69.26, "temperatureLowTime": 1436004000, "apparentTemperatureHigh": 81.81, "apparentTemperatureHighTime": 1435950000, "apparentTemperatureLow": 70.11, "apparentTemperatureLowTime": 1435993200, "dewPoint": 64.04, "humidity": 0.79, "pressure": 1014.04, "windSpeed": 0.46, "windGust": 5.36, "windGustTime": 1435950000, "windBearing": 163, "cloudCover": 0.44, "uvIndex": 8, "uvIndexTime": 1435939200, "visibility": 5.51, "temperatureMin": 62.57, "temperatureMinTime": 1435917600, "temperatureMax": 80.08, "temperatureMaxTime": 1435950000, "apparentTemperatureMin": 62.85, "apparentTemperatureMinTime": 1435917600, "apparentTemperatureMax": 81.81, "apparentTemperatureMaxTime": 1435950000}]}, "flags": {"sources": ["cmc", "gfs", "hrrr", "icon", "isd", "madis", "nam", "sref"], "nearest-station": 0.675, "units": "us"}, "offset": -4}