{"latitude": 38.912659, "longitude": -77.017669, "timezone": "America/New_York", "currently": {"time": 1462334400, "summary": "Light Rain", "icon": "rain", "precipIntensity": 0.0208, "precipProbability": 0.64, "precipType": "rain", "temperature": 57.42, "apparentTemperature": 57.42, "dewPoint": 54.4, "humidity": 0.9, "pressure": 1008.47, "windSpeed": 0.61, "windGust": 1.89, "windBearing": 55, "cloudCover": 1, "uvIndex": 0, "visibility": 6.15}, "hourly": {"summary": "Light rain overnight.", "icon": "rain", "data": [{"time": 1462334400, "summary": "Overcast", "icon": "cloudy", "precipIntensity": 0.0208, "precipProbability": 0.64, "precipType": "rain", "temperature": 57.42, "apparentTemperature": 57.42, "dewPoint": 54.4, "humidity": 0.9, "pressure": 1008.47, "windSpeed": 0.61, "windGust": 1.89, "windBearing": 55, "cloudCover": 1, "uvIndex": 0, "visibility": 6.15}, {"time": 1462338000, "summary": "Light Rain", "icon": "rain", "precipIntensity": 0.0388, "precipProbability": 0.86, "precipType": "rain", "temperature": 56.58, "apparentTemperature": 56.58, "dewPoint": 54.02, "humidity": 0.91, "pressure": 1008.46, "windSpeed": 0.53, "windGust": 1.53, "windBearing": 73, "cloudCover": 1, "uvIndex": 0, "visibility": 4.61}, {"time": 1462341600, "summary": "Light Rain", "icon": "rain", "precipIntensity": 0.0257, "precipProbability": 0.8, "precipType": "rain", "temperature": 55.81, "apparentTemperature": 55.81, "dewPoint": 53.53, "humidity": 0.92, "pressure": 1007.85, "windSpeed": 0.42, "windGust": 2.06, "windBearing": 72, "cloudCover": 0.97, "uvIndex": 0, "visibility": 6.09}, {"time": 1462345200, "summary": "Overcast", "icon": "cloudy", "precipIntensity": 0.006, "precipProbability": 0.53, "precipType": "rain", "temperature": 55.37, "apparentTemperature": 55.37, "dewPoint": 53.11, "humidity": 0.92, "pressure": 1007, "windSpeed": 0.67, "windGust": 1.73, "windBearing": 70, "cloudCover": 1, "uvIndex": 0, "visibility": 7.59}, {"time": 1462348800, "summary": "Overcast", "icon": "cloudy", "precipIntensity": 0, "precipProbability": 0, "temperature": 54.96, "apparentTemperature": 54.96, "dewPoint": 52.84, "humidity": 0.93, "pressure": 1007.19, "windSpeed": 0.68, "windGust": 1.63, "windBearing": 86, "cloudCover": 1, "uvIndex": 0, "visibility": 7.58}, {"time": 1462352400, "summary": "Overcast", "icon": "cloudy", "precipIntensity": 0, "precipProbability": 0, "temperature": 54.54, "apparentTemperature": 54.54, "dewPoint": 52.45, "humidity": 0.93, "pressure": 1006.94, "windSpeed": 0.5, "windGust": 1.69, "windBearing": 67, "cloudCover": 1, "uvIndex": 0, "visibility": 7.8}, {"time": 1462356000, "summary": "Overcast", "icon": "cloudy", "precipIntensity": 0, "precipProbability": 0, "temperature": 54.08, "apparentTemperature": 54.08, "dewPoint": 52, "humidity": 0.93, "pressure": 1006.81, "windSpeed": 0.43, "windGust": 1.65, "windBearing": 64, "cloudCover": 1, "uvIndex": 0, "visibility": 7.43}, {"time": 1462359600, "summary": "Overcast", "icon": "cloudy", "precipIntensity": 0, "precipProbability": 0, "temperature": 53.65, "apparentTemperature": 53.65, "dewPoint": 51.51, "humidity": 0.92, "pressure": 1006.91, "windSpeed": 0.61, "windGust": 2.09, "windBearing": 66, "cloudCover": 1, "uvIndex": 0, "visibility": 7.24}, {"time": 1462363200, "summary": "Overcast", "icon": "cloudy", "precipIntensity": 0, "precipProbability": 0, "temperature": 53.49, "apparentTemperature": 53.49, "dewPoint": 51.24, "humidity": 0.92, "pressure": 1006.87, "windSpeed": 0.94, "windGust": 2.74, "windBearing": 72, "cloudCover": 1, "uvIndex": 1, "visibility": 6.86}, {"time": 1462366800, "summary": "Overcast", "icon": "cloudy", "precipIntensity": 0, "precipProbability": 0, "temperature": 53.54, "apparentTemperature": 53.54, "dewPoint": 51.07, "humidity": 0.91, "pressure": 1006.77, "windSpeed": 0.81, "windGust": 3.13, "windBearing": 70, "cloudCover": 1, "uvIndex": 2, "visibility": 7.65}, {"time": 1462370400, "summary": "Overcast", "icon": "cloudy", "precipIntensity": 0, "precipProbability": 0, "temperature": 53.94, "apparentTemperature": 53.94, "dewPoint": 51.26, "humidity": 0.91, "pressure": 1006.81, "windSpeed": 0.7, "windGust": 2.69, "windBearing": 88, "cloudCover": 1, "uvIndex": 3, "visibility": 7.83}, {"time": 1462374000, "summary": "Overcast", "icon": "cloudy", "precipIntensity": 0, "precipProbability": 0, "temperature": 54.35, "apparentTemperature": 54.35, "dewPoint": 51.53, "humidity": 0.9, "pressure": 1006.68, "windSpeed": 0.78, "windGust": 2.24, "windBearing": 88, "cloudCover": 1, "uvIndex": 4, "visibility": 7.75}, {"time": 1462377600, "summary": "Overcast", "icon": "cloudy", "precipIntensity": 0, "precipProbability": 0, "temperature": 55.4, "apparentTemperature": 55.4, "dewPoint": 52.04, "humidity": 0.88, "pressure": 1006.08, "windSpeed": 0.63, "windGust": 2, "windBearing": 68, "cloudCover": 1, "uvIndex": 4, "visibility": 7.7}, {"time": 1462381200, "summary": "Overcast", "icon": "cloudy", "precipIntensity": 0, "precipProbability": 0, "temperature": 56.89, "apparentTemperature": 56.89, "dewPoint": 52.68, "humidity": 0.86, "pressure": 1005.77, "windSpeed": 0.63, "windGust": 2.23, "windBearing": 81, "cloudCover": 1, "uvIndex": 5, "visibility": 7.73}, {"time": 1462384800, "summary": "Overcast", "icon": "cloudy", "precipIntensity": 0, "precipProbability": 0, "temperature": 57.98, "apparentTemperature": 57.98, "dewPoint": 53.12, "humidity": 0.84, "pressure": 1005.08, "windSpeed": 0.37, "windGust": 2.55, "windBearing": 62, "cloudCover": 1, "uvIndex": 4, "visibility": 8.08}, {"time": 1462388400, "summary": "Overcast", "icon": "cloudy", "precipIntensity": 0, "precipProbability": 0, "temperature": 58.65, "apparentTemperature": 58.65, "dewPoint": 53.18, "humidity": 0.82, "pressure": 1004.67, "windSpeed": 0.8, "windGust": 2.94, "windBearing": 77, "cloudCover": 1, "uvIndex": 4, "visibility": 7.72}, {"time": 1462392000, "summary": "Overcast", "icon": "cloudy", "precipIntensity": 0, "precipProbability": 0, "temperature": 58.97, "apparentTemperature": 58.97, "dewPoint": 53.33, "humidity": 0.82, "pressure": 1004.03, "windSpeed": 1.23, "windGust": 3.51, "windBearing": 76, "cloudCover": 1, "uvIndex": 3, "visibility": 7.97}, {"time": 1462395600, "summary": "Overcast", "icon": "cloudy", "precipIntensity": 0, "precipProbability": 0, "temperature": 58.45, "apparentTemperature": 58.45, "dewPoint": 53.1, "humidity": 0.82, "pressure": 1003.86, "windSpeed": 1.22, "windGust": 3.35, "windBearing": 67, "cloudCover": 1, "uvIndex": 2, "visibility": 7.49}, {"time": 1462399200, "summary": "Overcast", "icon": "cloudy", "precipIntensity": 0, "precipProbability": 0, "temperature": 57.63, "apparentTemperature": 57.63, "dewPoint": 52.73, "humidity": 0.84, "pressure": 1003.99, "windSpeed": 1.11, "windGust": 3.39, "windBearing": 68, "cloudCover": 1, "uvIndex": 1, "visibility": 7.97}, {"time": 1462402800, "summary": "Overcast", "icon": "cloudy", "precipIntensity": 0, "precipProbability": 0, "temperature": 56.4, "apparentTemperature": 56.4, "dewPoint": 52.33, "humidity": 0.86, "pressure": 1004.3, "windSpeed": 0.88, "windGust": 3.59, "windBearing": 72, "cloudCover": 1, "uvIndex": 0, "visibility": 5.95}, {"time": 1462406400, "summary": "Overcast", "icon": "cloudy", "precipIntensity": 0, "precipProbability": 0, "temperature": 55.16, "apparentTemperature": 55.16, "dewPoint": 51.87, "humidity": 0.89, "pressure": 1004.97, "windSpeed": 0.82, "windGust": 4.04, "windBearing": 68, "cloudCover": 1, "uvIndex": 0, "visibility": 5.32}, {"time": 1462410000, "summary": "Overcast", "icon": "cloudy", "precipIntensity": 0, "precipProbability": 0, "temperature": 54.29, "apparentTemperature": 54.29, "dewPoint": 51.39, "humidity": 0.9, "pressure": 1005.18, "windSpeed": 1.11, "windGust": 4.15, "windBearing": 68, "cloudCover": 1, "uvIndex": 0, "visibility": 7.82}, {"time": 1462413600, "summary": "Overcast", "icon": "cloudy", "precipIntensity": 0, "precipProbability": 0, "temperature": 53.77, "apparentTemperature": 53.77, "dewPoint": 50.85, "humidity": 0.9, "pressure": 1005.32, "windSpeed": 1.47, "windGust": 4.21, "windBearing": 65, "cloudCover": 1, "uvIndex": 0, "visibility": 7.6}, {"time": 1462417200, "summary": "Overcast", "icon": "cloudy", "precipIntensity": 0, "precipProbability": 0, "temperature": 53.2, "apparentTemperature": 53.2, "dewPoint": 50.11, "humidity": 0.89, "pressure": 1005.71, "windSpeed": 1.38, "windGust": 4.17, "windBearing": 67, "cloudCover": 1, "uvIndex": 0, "visibility": 7.42}]}, "daily": {"data": [{"time": 1462334400, "summary": "Overcast throughout the day.", "icon": "cloudy", "sunriseTime": 1462356427, "sunsetTime": 1462406698, "moonPhase": 0.92, "precipIntensity": 0.0038, "precipIntensityMax": 0.0388, "precipIntensityMaxTime": 1462338000, "precipProbability": 0.86, "precipType": "rain", "temperatureHigh": 58.97, "temperatureHighTime": 1462392000, "temperatureLow": 50.08, "temperatureLowTime": 1462442400, "apparentTemperatureHigh": 58.97, "apparentTemperatureHighTime": 1462392000, "apparentTemperatureLow": 50.08, "apparentTemperatureLowTime": 1462442400, "dewPoint": 52.32, "humidity": 0.89, "pressure": 1006.07, "windSpeed": 0.8, "windGust": 4.21, "windGustTime": 1462413600, "windBearing": 71, "cloudCover": 1, "uvIndex": 5, "uvIndexTime": 1462381200, "visibility": 7.22, "temperatureMin": 53.2, "temperatureMinTime": 1462417200, "temperatureMax": 58.97, "temperatureMaxTime": 1462392000, "apparentTemperatureMin": 53.2, "apparentTemperatureMinTime": 1462417200, "apparentTemperatureMax": 58.97, "apparentTemperatureMaxTime": 1462392000}]}, "flags": {"sources": ["cmc", "gfs", "hrrr", "icon", "isd", "madis", "nam", "sref"], "nearest-station": 1.106, "units": "us"}, "offset": -4}