{"latitude": 38.912659, "longitude": -77.017669, "timezone": "America/New_York", "currently": {"time": 1450846800, "summary": "Overcast", "icon": "cloudy", "precipIntensity": 0, "precipProbability": 0, "temperature": 58.04, "apparentTemperature": 58.04, "dewPoint": 55.68, "humidity": 0.92, "pressure": 1019.08, "windSpeed": 0.18, "windGust": 0.93, "windBearing": 194, "cloudCover": 1, "uvIndex": 0, "visibility": 8.31}, "hourly": {"summary": "Rain starting in the morning, continuing until evening.", "icon": "rain", "data": [{"time": 1450846800, "summary": "Overcast", "icon": "cloudy", "precipIntensity": 0, "precipProbability": 0, "temperature": 58.04, "apparentTemperature": 58.04, "dewPoint": 55.68, "humidity": 0.92, "pressure": 1019.08, "windSpeed": 0.18, "windGust": 0.93, "windBearing": 194, "cloudCover": 1, "uvIndex": 0, "visibility": 8.31}, {"time": 1450850400, "summary": "Overcast", "icon": "cloudy", "precipIntensity": 0, "precipProbability": 0, "temperature": 57.72, "apparentTemperature": 57.72, "dewPoint": 55.48, "humidity": 0.92, "pressure": 1019.05, "windSpeed": 0.06, "windGust": 0.46, "windBearing": 180, "cloudCover": 1, "uvIndex": 0, "visibility": 7.55}, {"time": 1450854000, "summary": "Overcast", "icon": "cloudy", "precipIntensity": 0, "precipProbability": 0, "temperature": 57.43, "apparentTemperature": 57.43, "dewPoint": 55.41, "humidity": 0.93, "pressure": 1018.92, "windSpeed": 0.02, "windGust": 0.18, "windBearing": 164, "cloudCover": 1, "uvIndex": 0, "visibility": 6.06}, {"time": 1450857600, "summary": "Overcast", "icon": "cloudy", "precipIntensity": 0, "precipProbability": 0, "temperature": 57.39, "apparentTemperature": 57.39, "dewPoint": 55.46, "humidity": 0.93, "pressure": 1019.08, "windSpeed": 0.08, "windGust": 0.67, "windBearing": 136, "cloudCover": 1, "uvIndex": 0, "visibility": 5.03}, {"time": 1450861200, "summary": "Overcast", "icon": "cloudy", "precipIntensity": 0, "precipProbability": 0, "temperature": 57.37, "apparentTemperature": 57.37, "dewPoint": 55.53, "humidity": 0.94, "pressure": 1018.72, "windSpeed": 0.12, "windGust": 1.32, "windBearing": 114, "cloudCover": 1, "uvIndex": 0, "visibility": 2.33}, {"time": 1450864800, "summary": "Foggy", "icon": "fog", "precipIntensity": 0, "precipProbability": 0, "temperature": 57.3, "apparentTemperature": 57.3, "dewPoint": 55.57, "humidity": 0.94, "pressure": 1018.48, "windSpeed": 0.35, "windGust": 1.41, "windBearing": 113, "cloudCover": 1, "uvIndex": 0, "visibility": 1.42}, {"time": 1450868400, "summary": "Foggy", "icon": "fog", "precipIntensity": 0, "precipProbability": 0, "temperature": 57.37, "apparentTemperature": 57.37, "dewPoint": 55.73, "humidity": 0.94, "pressure": 1018.96, "windSpeed": 0.36, "windGust": 1.52, "windBearing": 124, "cloudCover": 1, "uvIndex": 0, "visibility": 0.95}, {"time": 1450872000, "summary": "Foggy", "icon": "fog", "precipIntensity": 0.0011, "precipProbability": 0.25, "precipType": "rain", "temperature": 57.43, "apparentTemperature": 57.43, "dewPoint": 55.72, "humidity": 0.94, "pressure": 1018.9, "windSpeed": 0.06, "windGust": 0.48, "windBearing": 90, "cloudCover": 1, "uvIndex": 0, "visibility": 0.65}, {"time": 1450875600, "summary": "Foggy", "icon": "fog", "precipIntensity": 0.0009, "precipProbability": 0.21, "precipType": "rain", "temperature": 57.58, "apparentTemperature": 57.58, "dewPoint": 55.83, "humidity": 0.94, "pressure": 1018.7, "windSpeed": 0.31, "windGust": 1.38, "windBearing": 88, "cloudCover": 1, "uvIndex": 0, "visibility": 0.48}, {"time": 1450879200, "summary": "Foggy", "icon": "fog", "precipIntensity": 0.0013, "precipProbability": 0.27, "precipType": "rain", "temperature": 58.19, "apparentTemperature": 58.19, "dewPoint": 56.55, "humidity": 0.94, "pressure": 1019.02, "windSpeed": 0.56, "windGust": 2.29, "windBearing": 96, "cloudCover": 1, "uvIndex": 0, "visibility": 0.72}, {"time": 1450882800, "summary": "Foggy", "icon": "fog", "precipIntensity": 0.0106, "precipProbability": 0.77, "precipType": "rain", "temperature": 59.07, "apparentTemperature": 59.13, "dewPoint": 57.56, "humidity": 0.95, "pressure": 1018.64, "windSpeed": 1.33, "windGust": 3.67, "windBearing": 110, "cloudCover": 1, "uvIndex": 1, "visibility": 1.78}, {"time": 1450886400, "summary": "Light Rain", "icon": "rain", "precipIntensity": 0.0224, "precipProbability": 0.94, "precipType": "rain", "temperature": 60.06, "apparentTemperature": 60.2, "dewPoint": 58.43, "humidity": 0.94, "pressure": 1017.06, "windSpeed": 1.68, "windGust": 5.17, "windBearing": 113, "cloudCover": 1, "uvIndex": 1, "visibility": 2.94}, {"time": 1450890000, "summary": "Rain", "icon": "rain", "precipIntensity": 0.0617, "precipProbability": 0.94, "precipType": "rain", "temperature": 60.64, "apparentTemperature": 60.85, "dewPoint": 59.07, "humidity": 0.95, "pressure": 1015.65, "windSpeed": 1.24, "windGust": 3.56, "windBearing": 124, "cloudCover": 1, "uvIndex": 2, "visibility": 2.44}, {"time": 1450893600, "summary": "Rain", "icon": "rain", "precipIntensity": 0.0749, "precipProbability": 0.95, "precipType": "rain", "temperature": 61.54, "apparentTemperature": 61.84, "dewPoint": 59.97, "humidity": 0.95, "pressure": 1014.57, "windSpeed": 1.28, "windGust": 4.3, "windBearing": 148, "cloudCover": 1, "uvIndex": 1, "visibility": 3.2}, {"time": 1450897200, "summary": "Light Rain", "icon": "rain", "precipIntensity": 0.0439, "precipProbability": 0.87, "precipType": "rain", "temperature": 62.76, "apparentTemperature": 63.19, "dewPoint": 61.25, "humidity": 0.95, "pressure": 1013.61, "windSpeed": 2.22, "windGust": 6.68, "windBearing": 146, "cloudCover": 1, "uvIndex": 1, "visibility": 6.79}, {"time": 1450900800, "summary": "Light Rain", "icon": "rain", "precipIntensity": 0.0214, "precipProbability": 0.88, "precipType": "rain", "temperature": 63.59, "apparentTemperature": 64.08, "dewPoint": 61.96, "humidity": 0.94, "pressure": 1012.71, "windSpeed": 2.54, "windGust": 6.77, "windBearing": 143, "cloudCover": 1, "uvIndex": 1, "visibility": 4.99}, {"time": 1450904400, "summary": "Light Rain", "icon": "rain", "precipIntensity": 0.0259, "precipProbability": 0.87, "precipType": "rain", "temperature": 63.58, "apparentTemperature": 64.08, "dewPoint": 61.95, "humidity": 0.94, "pressure": 1012.19, "windSpeed": 1.51, "windGust": 4.84, "windBearing": 142, "cloudCover": 1, "uvIndex": 0, "visibility": 3.6}, {"time": 1450908000, "summary": "Rain", "icon": "rain", "precipIntensity": 0.063, "precipProbability": 0.92, "precipType": "rain", "temperature": 63.67, "apparentTemperature": 64.17, "dewPoint": 61.99, "humidity": 0.94, "pressure": 1011.36, "windSpeed": 0.53, "windGust": 3.07, "windBearing": 146, "cloudCover": 1, "uvIndex": 0, "visibility": 1.97}, {"time": 1450911600, "summary": "Rain", "icon": "rain", "precipIntensity": 0.0782, "precipProbability": 0.86, "precipType": "rain", "temperature": 63.79, "apparentTemperature": 64.33, "dewPoint": 62.31, "humidity": 0.95, "pressure": 1011.19, "windSpeed": 0.72, "windGust": 2.33, "windBearing": 168, "cloudCover": 0.94, "uvIndex": 0, "visibility": 5.79}, {"time": 1450915200, "summary": "Light Rain", "icon": "rain", "precipIntensity": 0.0194, "precipProbability": 0.77, "precipType": "rain", "temperature": 64.09, "apparentTemperature": 64.65, "dewPoint": 62.51, "humidity": 0.95, "pressure": 1011.08, "windSpeed": 0.72, "windGust": 2.65, "windBearing": 161, "cloudCover": 1, "uvIndex": 0, "visibility": 5.65}, {"time": 1450918800, "summary": "Light Rain", "icon": "rain", "precipIntensity": 0.0296, "precipProbability": 0.9, "precipType": "rain", "temperature": 64.71, "apparentTemperature": 65.33, "dewPoint": 63.13, "humidity": 0.95, "pressure": 1010.34, "windSpeed": 5.05, "windGust": 5.59, "windBearing": 147, "cloudCover": 1, "uvIndex": 0, "visibility": 6.06}, {"time": 1450922400, "summary": "Light Rain", "icon": "rain", "precipIntensity": 0.0166, "precipProbability": 0.69, "precipType": "rain", "temperature": 65.04, "apparentTemperature": 65.7, "dewPoint": 63.49, "humidity": 0.95, "pressure": 1009.94, "windSpeed": 1.86, "windGust": 6.12, "windBearing": 165, "cloudCover": 0.86, "uvIndex": 0, "visibility": 8.05}, {"time": 1450926000, "summary": "Mostly Cloudy", "icon": "partly-cloudy-night", "precipIntensity": 0.0007, "precipProbability": 0.15, "precipType": "rain", "temperature": 65.03, "apparentTemperature": 65.68, "dewPoint": 63.46, "humidity": 0.95, "pressure": 1010.22, "windSpeed": 2.01, "windGust": 5.57, "windBearing": 170, "cloudCover": 0.93, "uvIndex": 0, "visibility": 8.09}, {"time": 1450929600, "summary": "Overcast", "icon": "cloudy", "precipIntensity": 0, "precipProbability": 0, "temperature": 64.98, "apparentTemperature": 65.63, "dewPoint": 63.42, "humidity": 0.95, "pressure": 1010.95, "windSpeed": 1.24, "windGust": 4.74, "windBearing": 202, "cloudCover": 1, "uvIndex": 0, "visibility": 8.68}]}, "daily": {"data": [{"time": 1450846800, "summary": "Rain until evening.", "icon": "rain", "sunriseTime": 1450873520, "sunsetTime": 1450907488, "moonPhase": 0.44, "precipIntensity": 0.0197, "precipIntensityMax": 0.0782, "precipIntensityMaxTime": 1450911600, "precipProbability": 0.95, "precipType": "rain", "temperatureHigh": 64.09, "temperatureHighTime": 1450915200, "temperatureLow": 64.71, "temperatureLowTime": 1450918800, "apparentTemperatureHigh": 64.65, "apparentTemperatureHighTime": 1450915200, "apparentTemperatureLow": 65.33, "apparentTemperatureLowTime": 1450918800, "dewPoint": 59.06, "humidity": 0.94, "pressure": 1015.35, "windSpeed": 1, "windGust": 6.77, "windGustTime": 1450900800, "windBearing": 145, "cloudCover": 0.99, "uvIndex": 2, "uvIndexTime": 1450890000, "visibility": 4.31, "temperatureMin": 57.3, "temperatureMinTime": 1450864800, "temperatureMax": 65.04, "temperatureMaxTime": 1450922400, "apparentTemperatureMin": 57.3, "apparentTemperatureMinTime": 1450864800, "apparentTemperatureMax": 65.7, "apparentTemperatureMaxTime": 1450922400}]}, "flags": {"sources": ["cmc", "gfs", "hrrr", "icon", "isd", "madis", "nam", "sref"], "nearest-station": 1.106, "units": "us"}, "offset": -5}