{"latitude": 38.912659, "longitude": -77.017669, "timezone": "America/New_York", "currently": {"time": 1433649600, "summary": "Mostly Cloudy", "icon": "partly-cloudy-night", "precipIntensity": 0, "precipProbability": 0, "temperature": 67.17, "apparentTemperature": 67.32, "dewPoint": 60.57, "humidity": 0.79, "pressure": 1018.12, "windSpeed": 0.43, "windGust": 0.79, "windBearing": 160, "cloudCover": 0.65, "uvIndex": 0, "visibility": 8.31}, "hourly": {"summary": "Mostly cloudy until evening.", "icon": "partly-cloudy-day", "data": [{"time": 1433649600, "summary": "Mostly Cloudy", "icon": "partly-cloudy-night", "precipIntensity": 0, "precipProbability": 0, "temperature": 67.17, "apparentTemperature": 67.32, "dewPoint": 60.57, "humidity": 0.79, "pressure": 1018.12, "windSpeed": 0.43, "windGust": 0.79, "windBearing": 160, "cloudCover": 0.65, "uvIndex": 0, "visibility": 8.31}, {"time": 1433653200, "summary": "Mostly Cloudy", "icon": "partly-cloudy-night", "precipIntensity": 0, "precipProbability": 0, "temperature": 66.29, "apparentTemperature": 66.49, "dewPoint": 60.74, "humidity": 0.82, "pressure": 1018.67, "windSpeed": 0.46, "windGust": 1.04, "windBearing": 189, "cloudCover": 0.75, "uvIndex": 0, "visibility": 6.78}, {"time": 1433656800, "summary": "Mostly Cloudy", "icon": "partly-cloudy-night", "precipIntensity": 0, "precipProbability": 0, "temperature": 65.84, "apparentTemperature": 66.1, "dewPoint": 61.08, "humidity": 0.85, "pressure": 1018.9, "windSpeed": 0.35, "windGust": 0.81, "windBearing": 181, "cloudCover": 0.92, "uvIndex": 0, "visibility": 8.11}, {"time": 1433660400, "summary": "Mostly Cloudy", "icon": "partly-cloudy-night", "precipIntensity": 0, "precipProbability": 0, "temperature": 65.7, "apparentTemperature": 65.97, "dewPoint": 61.11, "humidity": 0.85, "pressure": 1018.96, "windSpeed": 0.23, "windGust": 0.56, "windBearing": 176, "cloudCover": 0.93, "uvIndex": 0, "visibility": 8.17}, {"time": 1433664000, "summary": "Mostly Cloudy", "icon": "partly-cloudy-night", "precipIntensity": 0, "precipProbability": 0, "temperature": 65.35, "apparentTemperature": 65.62, "dewPoint": 60.99, "humidity": 0.86, "pressure": 1018.97, "windSpeed": 0.13, "windGust": 0.39, "windBearing": 156, "cloudCover": 0.91, "uvIndex": 0, "visibility": 8}, {"time": 1433667600, "summary": "Mostly Cloudy", "icon": "partly-cloudy-night", "precipIntensity": 0, "precipProbability": 0, "temperature": 65.18, "apparentTemperature": 65.46, "dewPoint": 60.98, "humidity": 0.86, "pressure": 1019.37, "windSpeed": 0.05, "windGust": 0.13, "windBearing": 141, "cloudCover": 0.87, "uvIndex": 0, "visibility": 7.21}, {"time": 1433671200, "summary": "Mostly Cloudy", "icon": "partly-cloudy-day", "precipIntensity": 0, "precipProbability": 0, "temperature": 64.71, "apparentTemperature": 64.95, "dewPoint": 60.56, "humidity": 0.86, "pressure": 1020.14, "windSpeed": 0.01, "windGust": 0.07, "windBearing": 114, "cloudCover": 0.93, "uvIndex": 0, "visibility": 8.09}, {"time": 1433674800, "summary": "Mostly Cloudy", "icon": "partly-cloudy-day", "precipIntensity": 0, "precipProbability": 0, "temperature": 64.96, "apparentTemperature": 65.25, "dewPoint": 61.05, "humidity": 0.87, "pressure": 1020.89, "windSpeed": 0.05, "windGust": 0.2, "windBearing": 150, "cloudCover": 0.88, "uvIndex": 0, "visibility": 8.86}, {"time": 1433678400, "summary": "Mostly Cloudy", "icon": "partly-cloudy-day", "precipIntensity": 0, "precipProbability": 0, "temperature": 66.92, "apparentTemperature": 67.2, "dewPoint": 61.51, "humidity": 0.83, "pressure": 1020.99, "windSpeed": 0.38, "windGust": 1.73, "windBearing": 145, "cloudCover": 0.82, "uvIndex": 1, "visibility": 7.56}, {"time": 1433682000, "summary": "Mostly Cloudy", "icon": "partly-cloudy-day", "precipIntensity": 0, "precipProbability": 0, "temperature": 69.42, "apparentTemperature": 69.61, "dewPoint": 61.26, "humidity": 0.75, "pressure": 1021.06, "windSpeed": 1.13, "windGust": 4.06, "windBearing": 149, "cloudCover": 0.64, "uvIndex": 3, "visibility": 7.79}, {"time": 1433685600, "summary": "Mostly Cloudy", "icon": "partly-cloudy-day", "precipIntensity": 0, "precipProbability": 0, "temperature": 71.17, "apparentTemperature": 71.17, "dewPoint": 59.79, "humidity": 0.67, "pressure": 1021.54, "windSpeed": 1.06, "windGust": 4.93, "windBearing": 158, "cloudCover": 0.75, "uvIndex": 4, "visibility": 8.31}, {"time": 1433689200, "summary": "Mostly Cloudy", "icon": "partly-cloudy-day", "precipIntensity": 0, "precipProbability": 0, "temperature": 72.79, "apparentTemperature": 72.79, "dewPoint": 59.12, "humidity": 0.62, "pressure": 1021.39, "windSpeed": 2.44, "windGust": 6.89, "windBearing": 144, "cloudCover": 0.75, "uvIndex": 5, "visibility": 7.56}, {"time": 1433692800, "summary": "Mostly Cloudy", "icon": "partly-cloudy-day", "precipIntensity": 0, "precipProbability": 0, "temperature": 73.88, "apparentTemperature": 73.88, "dewPoint": 59.71, "humidity": 0.61, "pressure": 1021.04, "windSpeed": 2.69, "windGust": 8.29, "windBearing": 163, "cloudCover": 0.81, "uvIndex": 5, "visibility": 8.04}, {"time": 1433696400, "summary": "Overcast", "icon": "cloudy", "precipIntensity": 0, "precipProbability": 0, "temperature": 74.91, "apparentTemperature": 74.91, "dewPoint": 59.72, "humidity": 0.59, "pressure": 1021.01, "windSpeed": 2.61, "windGust": 8.84, "windBearing": 170, "cloudCover": 0.96, "uvIndex": 5, "visibility": 7.66}, {"time": 1433700000, "summary": "Mostly Cloudy", "icon": "partly-cloudy-day", "precipIntensity": 0, "precipProbability": 0, "temperature": 75.36, "apparentTemperature": 75.39, "dewPoint": 60.17, "humidity": 0.59, "pressure": 1020.53, "windSpeed": 2.77, "windGust": 9.02, "windBearing": 167, "cloudCover": 0.86, "uvIndex": 5, "visibility": 7.2}, {"time": 1433703600, "summary": "Mostly Cloudy", "icon": "partly-cloudy-day", "precipIntensity": 0, "precipProbability": 0, "temperature": 75.75, "apparentTemperature": 75.88, "dewPoint": 61.24, "humidity": 0.61, "pressure": 1020, "windSpeed": 3.2, "windGust": 8.69, "windBearing": 173, "cloudCover": 0.82, "uvIndex": 5, "visibility": 7.66}, {"time": 1433707200, "summary": "Overcast", "icon": "cloudy", "precipIntensity": 0, "precipProbability": 0, "temperature": 75.71, "apparentTemperature": 75.89, "dewPoint": 61.78, "humidity": 0.62, "pressure": 1019.64, "windSpeed": 3.31, "windGust": 8.94, "windBearing": 166, "cloudCover": 0.98, "uvIndex": 4, "visibility": 7.97}, {"time": 1433710800, "summary": "Mostly Cloudy", "icon": "partly-cloudy-day", "precipIntensity": 0, "precipProbability": 0, "temperature": 75.68, "apparentTemperature": 75.94, "dewPoint": 62.42, "humidity": 0.64, "pressure": 1019.18, "windSpeed": 2.39, "windGust": 8.01, "windBearing": 166, "cloudCover": 0.88, "uvIndex": 3, "visibility": 8.51}, {"time": 1433714400, "summary": "Mostly Cloudy", "icon": "partly-cloudy-day", "precipIntensity": 0, "precipProbability": 0, "temperature": 75.04, "apparentTemperature": 75.27, "dewPoint": 62.2, "humidity": 0.64, "pressure": 1018.9, "windSpeed": 3.38, "windGust": 9.32, "windBearing": 162, "cloudCover": 0.79, "uvIndex": 1, "visibility": 8.2}, {"time": 1433718000, "summary": "Partly Cloudy", "icon": "partly-cloudy-day", "precipIntensity": 0, "precipProbability": 0, "temperature": 74.17, "apparentTemperature": 74.38, "dewPoint": 61.99, "humidity": 0.66, "pressure": 1018.66, "windSpeed": 3.46, "windGust": 9.38, "windBearing": 153, "cloudCover": 0.58, "uvIndex": 0, "visibility": 8.21}, {"time": 1433721600, "summary": "Partly Cloudy", "icon": "partly-cloudy-day", "precipIntensity": 0, "precipProbability": 0, "temperature": 72.27, "apparentTemperature": 72.44, "dewPoint": 61.51, "humidity": 0.69, "pressure": 1018.35, "windSpeed": 3.17, "windGust": 8.99, "windBearing": 154, "cloudCover": 0.31, "uvIndex": 0, "visibility": 8.72}, {"time": 1433725200, "summary": "Clear", "icon": "clear-night", "precipIntensity": 0, "precipProbability": 0, "temperature": 70.39, "apparentTemperature": 70.49, "dewPoint": 60.73, "humidity": 0.72, "pressure": 1018.35, "windSpeed": 1.86, "windGust": 6.21, "windBearing": 154, "cloudCover": 0.15, "uvIndex": 0, "visibility": 8.15}, {"time": 1433728800, "summary": "Clear", "icon": "clear-night", "precipIntensity": 0, "precipProbability": 0, "temperature": 68.69, "apparentTemperature": 68.73, "dewPoint": 60, "humidity": 0.74, "pressure": 1018.48, "windSpeed": 2.19, "windGust": 7.02, "windBearing": 162, "cloudCover": 0.16, "uvIndex": 0, "visibility": 8.59}, {"time": 1433732400, "summary": "Partly Cloudy", "icon": "partly-cloudy-night", "precipIntensity": 0, "precipProbability": 0, "temperature": 67.7, "apparentTemperature": 67.7, "dewPoint": 59.09, "humidity": 0.74, "pressure": 1018.78, "windSpeed": 1.94, "windGust": 5.92, "windBearing": 164, "cloudCover": 0.36, "uvIndex": 0, "visibility": 8.07}]}, "daily": {"data": [{"time": 1433649600, "summary": "Mostly cloudy throughout the day.", "icon": "partly-cloudy-day", "sunriseTime": 1433670255, "sunsetTime": 1433723553, "moonPhase": 0.68, "precipIntensity": 0, "precipIntensityMax": 0, "precipProbability": 0, "temperatureHigh": 75.75, "temperatureHighTime": 1433703600, "temperatureLow": 62.86, "temperatureLowTime": 1433754000, "apparentTemperatureHigh": 75.94, "apparentTemperatureHighTime": 1433710800, "apparentTemperatureLow": 62.86, "apparentTemperatureLowTime": 1433754000, "dewPoint": 60.8, "humidity": 0.73, "pressure": 1019.66, "windSpeed": 1.64, "windGust": 9.38, "windGustTime": 1433718000, "windBearing": 162, "cloudCover": 0.73, "uvIndex": 5, "uvIndexTime": 1433689200, "visibility": 7.99, "temperatureMin": 64.71, "temperatureMinTime": 1433671200, "temperatureMax": 75.75, "temperatureMaxTime": 1433703600, "apparentTemperatureMin": 64.95, "apparentTemperatureMinTime": 1433671200, "apparentTemperatureMax": 75.94, "apparentTemperatureMaxTime": 1433710800}]}, "flags": {"sources": ["cmc", "gfs", "hrrr", "icon", "isd", "madis", "nam", "sref"], "nearest-station": 0.675, "units": "us"}, "offset": -4}