{"latitude": 38.912659, "longitude": -77.017669, "timezone": "America/New_York", "currently": {"time": 1449378000, "summary": "Clear", "icon": "clear-night", "precipIntensity": 0, "precipProbability": 0, "temperature": 32.9, "apparentTemperature": 32.9, "dewPoint": 29.72, "humidity": 0.88, "pressure": 1037.5, "windSpeed": 0, "windGust": 0.01, "cloudCover": 0, "uvIndex": 0, "visibility": 7.71}, "hourly": {"summary": "Partly cloudy starting in the evening.", "icon": "partly-cloudy-night", "data": [{"time": 1449378000, "summary": "Clear", "icon": "clear-night", "precipIntensity": 0, "precipProbability": 0, "temperature": 32.9, "apparentTemperature": 32.9, "dewPoint": 29.72, "humidity": 0.88, "pressure": 1037.5, "windSpeed": 0, "windGust": 0.01, "cloudCover": 0, "uvIndex": 0, "visibility": 7.71}, {"time": 1449381600, "summary": "Clear", "icon": "clear-night", "precipIntensity": 0, "precipProbability": 0, "temperature": 32.05, "apparentTemperature": 32.05, "dewPoint": 29.16, "humidity": 0.89, "pressure": 1037.02, "windSpeed": 0, "windGust": 0.07, "cloudCover": 0, "uvIndex": 0, "visibility": 4.83}, {"time": 1449385200, "summary": "Clear", "icon": "clear-night", "precipIntensity": 0, "precipProbability": 0, "temperature": 31.16, "apparentTemperature": 31.16, "dewPoint": 28.58, "humidity": 0.9, "pressure": 1036.63, "windSpeed": 0, "windGust": 0.04, "cloudCover": 0, "uvIndex": 0, "visibility": 6.3}, {"time": 1449388800, "summary": "Clear", "icon": "clear-night", "precipIntensity": 0, "precipProbability": 0, "temperature": 30.49, "apparentTemperature": 30.49, "dewPoint": 27.92, "humidity": 0.9, "pressure": 1036.51, "windSpeed": 0, "windGust": 0.05, "cloudCover": 0, "uvIndex": 0, "visibility": 6.09}, {"time": 1449392400, "summary": "Clear", "icon": "clear-night", "precipIntensity": 0, "precipProbability": 0, "temperature": 29.84, "apparentTemperature": 29.84, "dewPoint": 27.3, "humidity": 0.9, "pressure": 1035.74, "windSpeed": 0, "windGust": 0.02, "cloudCover": 0, "uvIndex": 0, "visibility": 4.83}, {"time": 1449396000, "summary": "Clear", "icon": "clear-night", "precipIntensity": 0, "precipProbability": 0, "temperature": 29.4, "apparentTemperature": 29.4, "dewPoint": 26.95, "humidity": 0.9, "pressure": 1035.4, "windSpeed": 0, "windGust": 0, "cloudCover": 0.05, "uvIndex": 0, "visibility": 4.61}, {"time": 1449399600, "summary": "Clear", "icon": "clear-night", "precipIntensity": 0, "precipProbability": 0, "temperature": 28.92, "apparentTemperature": 28.92, "dewPoint": 26.57, "humidity": 0.91, "pressure": 1035.13, "windSpeed": 0, "windGust": 0.01, "cloudCover": 0.08, "uvIndex": 0, "visibility": 4.57}, {"time": 1449403200, "summary": "Clear", "icon": "clear-night", "precipIntensity": 0, "precipProbability": 0, "temperature": 28.57, "apparentTemperature": 28.57, "dewPoint": 26.21, "humidity": 0.91, "pressure": 1035.37, "windSpeed": 0, "windGust": 0.03, "cloudCover": 0.05, "uvIndex": 0, "visibility": 5.7}, {"time": 1449406800, "summary": "Partly Cloudy", "icon": "partly-cloudy-day", "precipIntensity": 0, "precipProbability": 0, "temperature": 29.06, "apparentTemperature": 29.06, "dewPoint": 26.76, "humidity": 0.91, "pressure": 1034.68, "windSpeed": 0, "windGust": 0.01, "cloudCover": 0.28, "uvIndex": 0, "visibility": 3.64}, {"time": 1449410400, "summary": "Partly Cloudy", "icon": "partly-cloudy-day", "precipIntensity": 0, "precipProbability": 0, "temperature": 33.36, "apparentTemperature": 33.36, "dewPoint": 31.04, "humidity": 0.91, "pressure": 1034.98, "windSpeed": 0, "windGust": 0.24, "cloudCover": 0.25, "uvIndex": 1, "visibility": 2.96}, {"time": 1449414000, "summary": "Clear", "icon": "clear-day", "precipIntensity": 0, "precipProbability": 0, "temperature": 41.29, "apparentTemperature": 41.29, "dewPoint": 36.87, "humidity": 0.84, "pressure": 1034.65, "windSpeed": 0.02, "windGust": 0.91, "windBearing": 246, "cloudCover": 0, "uvIndex": 1, "visibility": 5.43}, {"time": 1449417600, "summary": "Clear", "icon": "clear-day", "precipIntensity": 0, "precipProbability": 0, "temperature": 46.81, "apparentTemperature": 46.81, "dewPoint": 38.01, "humidity": 0.71, "pressure": 1033.69, "windSpeed": 0.33, "windGust": 2.67, "windBearing": 205, "cloudCover": 0.14, "uvIndex": 2, "visibility": 7.06}, {"time": 1449421200, "summary": "Clear", "icon": "clear-day", "precipIntensity": 0, "precipProbability": 0, "temperature": 50.48, "apparentTemperature": 50.48, "dewPoint": 37.87, "humidity": 0.62, "pressure": 1032.23, "windSpeed": 1.24, "windGust": 4.93, "windBearing": 195, "cloudCover": 0.15, "uvIndex": 2, "visibility": 7.48}, {"time": 1449424800, "summary": "Clear", "icon": "clear-day", "precipIntensity": 0, "precipProbability": 0, "temperature": 52.56, "apparentTemperature": 52.56, "dewPoint": 37.65, "humidity": 0.57, "pressure": 1031.23, "windSpeed": 1.05, "windGust": 4.88, "windBearing": 183, "cloudCover": 0.14, "uvIndex": 2, "visibility": 8.93}, {"time": 1449428400, "summary": "Clear", "icon": "clear-day", "precipIntensity": 0, "precipProbability": 0, "temperature": 53.82, "apparentTemperature": 53.82, "dewPoint": 37.17, "humidity": 0.53, "pressure": 1030.32, "windSpeed": 1.09, "windGust": 4.82, "windBearing": 200, "cloudCover": 0.21, "uvIndex": 1, "visibility": 8.57}, {"time": 1449432000, "summary": "Clear", "icon": "clear-day", "precipIntensity": 0, "precipProbability": 0, "temperature": 53.71, "apparentTemperature": 53.71, "dewPoint": 36.61, "humidity": 0.52, "pressure": 1029.46, "windSpeed": 0.59, "windGust": 2.79, "windBearing": 182, "cloudCover": 0.23, "uvIndex": 1, "visibility": 8.96}, {"time": 1449435600, "summary": "Clear", "icon": "clear-day", "precipIntensity": 0, "precipProbability": 0, "temperature": 52.08, "apparentTemperature": 52.08, "dewPoint": 36.72, "humidity": 0.56, "pressure": 1029.29, "windSpeed": 0.32, "windGust": 1.49, "windBearing": 172, "cloudCover": 0.23, "uvIndex": 0, "visibility": 8.46}, {"time": 1449439200, "summary": "Clear", "icon": "clear-night", "precipIntensity": 0, "precipProbability": 0, "temperature": 48.96, "apparentTemperature": 48.96, "dewPoint": 36.41, "humidity": 0.62, "pressure": 1028.86, "windSpeed": 0.12, "windGust": 0.58, "windBearing": 167, "cloudCover": 0.21, "uvIndex": 0, "visibility": 7.87}, {"time": 1449442800, "summary": "Partly Cloudy", "icon": "partly-cloudy-night", "precipIntensity": 0, "precipProbability": 0, "temperature": 45.77, "apparentTemperature": 45.77, "dewPoint": 35.85, "humidity": 0.68, "pressure": 1027.81, "windSpeed": 0.14, "windGust": 0.48, "windBearing": 161, "cloudCover": 0.37, "uvIndex": 0, "visibility": 8.14}, {"time": 1449446400, "summary": "Partly Cloudy", "icon": "partly-cloudy-night", "precipIntensity": 0, "precipProbability": 0, "temperature": 42.76, "apparentTemperature": 42.76, "dewPoint": 34.97, "humidity": 0.74, "pressure": 1027.76, "windSpeed": 0, "windGust": 0.01, "cloudCover": 0.49, "uvIndex": 0, "visibility": 8.37}, {"time": 1449450000, "summary": "Mostly Cloudy", "icon": "partly-cloudy-night", "precipIntensity": 0, "precipProbability": 0, "temperature": 40.27, "apparentTemperature": 40.27, "dewPoint": 34.01, "humidity": 0.78, "pressure": 1027.38, "windSpeed": 0, "windGust": 0, "cloudCover": 0.69, "uvIndex": 0, "visibility": 9.63}, {"time": 1449453600, "summary": "Partly Cloudy", "icon": "partly-cloudy-night", "precipIntensity": 0, "precipProbability": 0, "temperature": 37.96, "apparentTemperature": 37.96, "dewPoint": 33.19, "humidity": 0.83, "pressure": 1027.24, "windSpeed": 0, "windGust": 0.06, "cloudCover": 0.41, "uvIndex": 0, "visibility": 7.36}, {"time": 1449457200, "summary": "Partly Cloudy", "icon": "partly-cloudy-night", "precipIntensity": 0, "precipProbability": 0, "temperature": 36.87, "apparentTemperature": 36.87, "dewPoint": 32.48, "humidity": 0.84, "pressure": 1026.88, "windSpeed": 0, "windGust": 0.1, "cloudCover": 0.42, "uvIndex": 0, "visibility": 8.26}, {"time": 1449460800, "summary": "Partly Cloudy", "icon": "partly-cloudy-night", "precipIntensity": 0, "precipProbability": 0, "temperature": 36.58, "apparentTemperature": 36.58, "dewPoint": 32.56, "humidity": 0.85, "pressure": 1026.28, "windSpeed": 0, "windGust": 0.15, "cloudCover": 0.25, "uvIndex": 0, "visibility": 5.65}]}, "daily": {"data": [{"time": 1449378000, "summary": "Partly cloudy starting in the evening.", "icon": "partly-cloudy-night", "sunriseTime": 1449404031, "sunsetTime": 1449438439, "moonPhase": 0.85, "precipIntensity": 0, "precipIntensityMax": 0, "precipProbability": 0, "temperatureHigh": 53.82, "temperatureHighTime": 1449428400, "temperatureLow": 32.23, "temperatureLowTime": 1449489600, "apparentTemperatureHigh": 53.82, "apparentTemperatureHighTime": 1449428400, "apparentTemperatureLow": 32.23, "apparentTemperatureLowTime": 1449489600, "dewPoint": 32.53, "humidity": 0.78, "pressure": 1032.17, "windSpeed": 0.2, "windGust": 4.93, "windGustTime": 1449421200, "windBearing": 190, "cloudCover": 0.19, "uvIndex": 2, "uvIndexTime": 1449417600, "visibility": 6.72, "temperatureMin": 28.57, "temperatureMinTime": 1449403200, "temperatureMax": 53.82, "temperatureMaxTime": 1449428400, "apparentTemperatureMin": 28.57, "apparentTemperatureMinTime": 1449403200, "apparentTemperatureMax": 53.82, "apparentTemperatureMaxTime": 1449428400}]}, "flags": {"sources": ["cmc", "gfs", "hrrr", "icon", "isd", "madis", "nam", "sref"], "nearest-station": 1.106, "units": "us"}, "offset": -5}