{"latitude": 38.912659, "longitude": -77.017669, "timezone": "America/New_York", "currently": {"time": 1455512400, "summary": "Overcast", "icon": "cloudy", "precipIntensity": 0, "precipProbability": 0, "temperature": 20.64, "apparentTemperature": 20.64, "dewPoint": 12.7, "humidity": 0.71, "pressure": 1033.13, "windSpeed": 1.3, "windGust": 4.93, "windBearing": 147, "cloudCover": 1, "uvIndex": 0, "visibility": 3.5}, "hourly": {"summary": "Foggy starting in the morning, continuing until afternoon.", "icon": "fog", "data": [{"time": 1455512400, "summary": "Overcast", "icon": "cloudy", "precipIntensity": 0, "precipProbability": 0, "temperature": 20.64, "apparentTemperature": 20.64, "dewPoint": 12.7, "humidity": 0.71, "pressure": 1033.13, "windSpeed": 1.3, "windGust": 4.93, "windBearing": 147, "cloudCover": 1, "uvIndex": 0, "visibility": 3.5}, {"time": 1455516000, "summary": "Foggy", "icon": "fog", "precipIntensity": 0, "precipProbability": 0, "temperature": 20.12, "apparentTemperature": 20.12, "dewPoint": 15.08, "humidity": 0.8, "pressure": 1033.39, "windSpeed": 1.2, "windGust": 4.86, "windBearing": 150, "cloudCover": 1, "uvIndex": 0, "visibility": 1.38}, {"time": 1455519600, "summary": "Foggy", "icon": "fog", "precipIntensity": 0, "precipProbability": 0, "temperature": 19.95, "apparentTemperature": 19.95, "dewPoint": 16, "humidity": 0.84, "pressure": 1033.26, "windSpeed": 0.73, "windGust": 2.93, "windBearing": 158, "cloudCover": 1, "uvIndex": 0, "visibility": 1.31}, {"time": 1455523200, "summary": "Foggy", "icon": "fog", "precipIntensity": 0, "precipProbability": 0, "temperature": 20.05, "apparentTemperature": 20.05, "dewPoint": 16.33, "humidity": 0.85, "pressure": 1032.76, "windSpeed": 0.86, "windGust": 3.24, "windBearing": 151, "cloudCover": 1, "uvIndex": 0, "visibility": 1.84}, {"time": 1455526800, "summary": "Overcast", "icon": "cloudy", "precipIntensity": 0, "precipProbability": 0, "temperature": 20.28, "apparentTemperature": 20.28, "dewPoint": 16.66, "humidity": 0.86, "pressure": 1032.46, "windSpeed": 1.1, "windGust": 3.23, "windBearing": 152, "cloudCover": 1, "uvIndex": 0, "visibility": 2.16}, {"time": 1455530400, "summary": "Overcast", "icon": "cloudy", "precipIntensity": 0, "precipProbability": 0, "temperature": 20.51, "apparentTemperature": 20.51, "dewPoint": 16.91, "humidity": 0.86, "pressure": 1031.82, "windSpeed": 1.23, "windGust": 4.09, "windBearing": 143, "cloudCover": 1, "uvIndex": 0, "visibility": 5.06}, {"time": 1455534000, "summary": "Overcast", "icon": "cloudy", "precipIntensity": 0, "precipProbability": 0, "temperature": 20.91, "apparentTemperature": 20.91, "dewPoint": 17.23, "humidity": 0.85, "pressure": 1031.49, "windSpeed": 0.96, "windGust": 3.6, "windBearing": 140, "cloudCover": 1, "uvIndex": 0, "visibility": 7.66}, {"time": 1455537600, "summary": "Overcast", "icon": "cloudy", "precipIntensity": 0, "precipProbability": 0, "temperature": 21.15, "apparentTemperature": 21.15, "dewPoint": 17.46, "humidity": 0.85, "pressure": 1031.17, "windSpeed": 0.93, "windGust": 3.12, "windBearing": 138, "cloudCover": 1, "uvIndex": 0, "visibility": 7.53}, {"time": 1455541200, "summary": "Overcast", "icon": "cloudy", "precipIntensity": 0, "precipProbability": 0, "temperature": 21.63, "apparentTemperature": 21.63, "dewPoint": 17.95, "humidity": 0.85, "pressure": 1030.89, "windSpeed": 0.89, "windGust": 3.43, "windBearing": 134, "cloudCover": 1, "uvIndex": 0, "visibility": 4.9}, {"time": 1455544800, "summary": "Overcast", "icon": "cloudy", "precipIntensity": 0, "precipProbability": 0, "temperature": 22.32, "apparentTemperature": 22.32, "dewPoint": 18.68, "humidity": 0.86, "pressure": 1030.87, "windSpeed": 0.92, "windGust": 3.26, "windBearing": 137, "cloudCover": 1, "uvIndex": 1, "visibility": 2.83}, {"time": 1455548400, "summary": "Foggy", "icon": "fog", "precipIntensity": 0, "precipProbability": 0, "temperature": 23.37, "apparentTemperature": 23.37, "dewPoint": 19.87, "humidity": 0.86, "pressure": 1030.7, "windSpeed": 0.86, "windGust": 3.05, "windBearing": 138, "cloudCover": 1, "uvIndex": 2, "visibility": 0.93}, {"time": 1455552000, "summary": "Foggy", "icon": "fog", "precipIntensity": 0, "precipProbability": 0, "temperature": 24.94, "apparentTemperature": 24.94, "dewPoint": 21.37, "humidity": 0.86, "pressure": 1030.03, "windSpeed": 0.73, "windGust": 3.6, "windBearing": 147, "cloudCover": 1, "uvIndex": 2, "visibility": 1.03}, {"time": 1455555600, "summary": "Foggy", "icon": "fog", "precipIntensity": 0.0006, "precipProbability": 0.06, "precipAccumulation": 0.007, "precipType": "snow", "temperature": 26.22, "apparentTemperature": 26.22, "dewPoint": 22.46, "humidity": 0.85, "pressure": 1028.95, "windSpeed": 0.62, "windGust": 2.89, "windBearing": 134, "cloudCover": 1, "uvIndex": 3, "visibility": 1.47}, {"time": 1455559200, "summary": "Foggy", "icon": "fog", "precipIntensity": 0.0002, "precipProbability": 0.05, "precipAccumulation": 0, "precipType": "snow", "temperature": 26.55, "apparentTemperature": 26.55, "dewPoint": 22.82, "humidity": 0.86, "pressure": 1027.79, "windSpeed": 0.63, "windGust": 2.55, "windBearing": 134, "cloudCover": 1, "uvIndex": 3, "visibility": 1.82}, {"time": 1455562800, "summary": "Overcast", "icon": "cloudy", "precipIntensity": 0, "precipProbability": 0, "temperature": 27.1, "apparentTemperature": 27.1, "dewPoint": 23.45, "humidity": 0.86, "pressure": 1026.2, "windSpeed": 0.43, "windGust": 2.08, "windBearing": 117, "cloudCover": 1, "uvIndex": 2, "visibility": 3.67}, {"time": 1455566400, "summary": "Overcast", "icon": "cloudy", "precipIntensity": 0, "precipProbability": 0, "temperature": 27.57, "apparentTemperature": 27.57, "dewPoint": 24.02, "humidity": 0.86, "pressure": 1024.86, "windSpeed": 0.31, "windGust": 1.86, "windBearing": 75, "cloudCover": 1, "uvIndex": 1, "visibility": 6.37}, {"time": 1455570000, "summary": "Overcast", "icon": "cloudy", "precipIntensity": 0, "precipProbability": 0, "temperature": 27.89, "apparentTemperature": 27.89, "dewPoint": 24.55, "humidity": 0.87, "pressure": 1023.95, "windSpeed": 0.2, "windGust": 1.03, "windBearing": 54, "cloudCover": 1, "uvIndex": 1, "visibility": 4.2}, {"time": 1455573600, "summary": "Foggy", "icon": "fog", "precipIntensity": 0, "precipProbability": 0, "temperature": 28.09, "apparentTemperature": 28.09, "dewPoint": 25.2, "humidity": 0.89, "pressure": 1023.24, "windSpeed": 0.35, "windGust": 1.39, "windBearing": 19, "cloudCover": 1, "uvIndex": 0, "visibility": 1.92}, {"time": 1455577200, "summary": "Overcast", "icon": "cloudy", "precipIntensity": 0, "precipProbability": 0, "temperature": 28.11, "apparentTemperature": 28.11, "dewPoint": 25.49, "humidity": 0.9, "pressure": 1022.53, "windSpeed": 0.21, "windGust": 1.3, "windBearing": 20, "cloudCover": 1, "uvIndex": 0, "visibility": 2.3}, {"time": 1455580800, "summary": "Overcast", "icon": "cloudy", "precipIntensity": 0.0003, "precipProbability": 0.04, "precipAccumulation": 0, "precipType": "snow", "temperature": 28.56, "apparentTemperature": 28.56, "dewPoint": 25.98, "humidity": 0.9, "pressure": 1022.48, "windSpeed": 0.28, "windGust": 1.1, "windBearing": 359, "cloudCover": 1, "uvIndex": 0, "visibility": 3.55}, {"time": 1455584400, "summary": "Overcast", "icon": "cloudy", "precipIntensity": 0.0004, "precipProbability": 0.1, "precipAccumulation": 0.004, "precipType": "snow", "temperature": 28.82, "apparentTemperature": 28.82, "dewPoint": 26.29, "humidity": 0.9, "pressure": 1021.4, "windSpeed": 0.27, "windGust": 1.09, "windBearing": 11, "cloudCover": 1, "uvIndex": 0, "visibility": 6.15}, {"time": 1455588000, "summary": "Overcast", "icon": "cloudy", "precipIntensity": 0.0006, "precipProbability": 0.12, "precipAccumulation": 0.006, "precipType": "snow", "temperature": 29.14, "apparentTemperature": 29.14, "dewPoint": 26.64, "humidity": 0.9, "pressure": 1020.64, "windSpeed": 0.08, "windGust": 0.62, "windBearing": 3, "cloudCover": 1, "uvIndex": 0, "visibility": 4.11}, {"time": 1455591600, "summary": "Overcast", "icon": "cloudy", "precipIntensity": 0.0028, "precipProbability": 0.41, "precipAccumulation": 0.025, "precipType": "snow", "temperature": 29.63, "apparentTemperature": 29.63, "dewPoint": 27.29, "humidity": 0.91, "pressure": 1019.22, "windSpeed": 0.06, "windGust": 0.65, "windBearing": 69, "cloudCover": 1, "uvIndex": 0, "visibility": 3.22}, {"time": 1455595200, "summary": "Overcast", "icon": "cloudy", "precipIntensity": 0.0026, "precipProbability": 0.27, "precipAccumulation": 0.023, "precipType": "snow", "temperature": 29.97, "apparentTemperature": 29.97, "dewPoint": 27.71, "humidity": 0.91, "pressure": 1018.13, "windSpeed": 0.06, "windGust": 0.53, "windBearing": 84, "cloudCover": 1, "uvIndex": 0, "visibility": 4.46}]}, "daily": {"data": [{"time": 1455512400, "summary": "Foggy until afternoon.", "icon": "fog", "sunriseTime": 1455537665, "sunsetTime": 1455576368, "moonPhase": 0.26, "precipIntensity": 0.0003, "precipIntensityMax": 0.0028, "precipIntensityMaxTime": 1455591600, "precipProbability": 0.41, "precipAccumulation": 0.076, "precipType": "snow", "temperatureHigh": 28.56, "temperatureHighTime": 1455580800, "temperatureLow": 28.82, "temperatureLowTime": 1455584400, "apparentTemperatureHigh": 28.56, "apparentTemperatureHighTime": 1455580800, "apparentTemperatureLow": 28.82, "apparentTemperatureLowTime": 1455584400, "dewPoint": 21.17, "humidity": 0.86, "pressure": 1027.56, "windSpeed": 0.53, "windGust": 4.93, "windGustTime": 1455512400, "windBearing": 136, "cloudCover": 1, "uvIndex": 3, "uvIndexTime": 1455555600, "visibility": 3.47, "temperatureMin": 19.95, "temperatureMinTime": 1455519600, "temperatureMax": 29.97, "temperatureMaxTime": 1455595200, "apparentTemperatureMin": 19.95, "apparentTemperatureMinTime": 1455519600, "apparentTemperatureMax": 29.97, "apparentTemperatureMaxTime": 1455595200}]}, "flags": {"sources": ["cmc", "gfs", "hrrr", "icon", "isd", "madis", "nam", "sref"], "nearest-station": 1.106, "units": "us"}, "offset": -5}