{"latitude": 38.912659, "longitude": -77.017669, "timezone": "America/New_York", "currently": {"time": 1445486400, "summary": "Clear", "icon": "clear-night", "precipIntensity": 0, "precipProbability": 0, "temperature": 53.55, "apparentTemperature": 53.55, "dewPoint": 48.07, "humidity": 0.82, "pressure": 1024.98, "windSpeed": 0.05, "windGust": 0.36, "windBearing": 183, "cloudCover": 0, "uvIndex": 0, "visibility": 8.32}, "hourly": {"summary": "Partly cloudy starting in the evening.", "icon": "partly-cloudy-night", "data": [{"time": 1445486400, "summary": "Clear", "icon": "clear-night", "precipIntensity": 0, "precipProbability": 0, "temperature": 53.55, "apparentTemperature": 53.55, "dewPoint": 48.07, "humidity": 0.82, "pressure": 1024.98, "windSpeed": 0.05, "windGust": 0.36, "windBearing": 183, "cloudCover": 0, "uvIndex": 0, "visibility": 8.32}, {"time": 1445490000, "summary": "Clear", "icon": "clear-night", "precipIntensity": 0, "precipProbability": 0, "temperature": 52.64, "apparentTemperature": 52.64, "dewPoint": 47.43, "humidity": 0.82, "pressure": 1024.4, "windSpeed": 0.04, "windGust": 0.48, "windBearing": 184, "cloudCover": 0, "uvIndex": 0, "visibility": 8.11}, {"time": 1445493600, "summary": "Clear", "icon": "clear-night", "precipIntensity": 0, "precipProbability": 0, "temperature": 51.25, "apparentTemperature": 51.25, "dewPoint": 46.85, "humidity": 0.85, "pressure": 1024.33, "windSpeed": 0, "windGust": 0.18, "cloudCover": 0, "uvIndex": 0, "visibility": 8.41}, {"time": 1445497200, "summary": "Clear", "icon": "clear-night", "precipIntensity": 0, "precipProbability": 0, "temperature": 50.5, "apparentTemperature": 50.5, "dewPoint": 46.1, "humidity": 0.85, "pressure": 1023.76, "windSpeed": 0, "windGust": 0.15, "cloudCover": 0, "uvIndex": 0, "visibility": 7.05}, {"time": 1445500800, "summary": "Clear", "icon": "clear-night", "precipIntensity": 0, "precipProbability": 0, "temperature": 49.3, "apparentTemperature": 49.3, "dewPoint": 45.51, "humidity": 0.87, "pressure": 1023.39, "windSpeed": 0.02, "windGust": 0.12, "windBearing": 180, "cloudCover": 0, "uvIndex": 0, "visibility": 6.79}, {"time": 1445504400, "summary": "Clear", "icon": "clear-night", "precipIntensity": 0, "precipProbability": 0, "temperature": 48.04, "apparentTemperature": 48.04, "dewPoint": 44.5, "humidity": 0.87, "pressure": 1023.28, "windSpeed": 0, "windGust": 0.12, "cloudCover": 0, "uvIndex": 0, "visibility": 5.79}, {"time": 1445508000, "summary": "Clear", "icon": "clear-night", "precipIntensity": 0, "precipProbability": 0, "temperature": 47.32, "apparentTemperature": 47.32, "dewPoint": 44.11, "humidity": 0.89, "pressure": 1023.81, "windSpeed": 0, "windGust": 0.03, "cloudCover": 0, "uvIndex": 0, "visibility": 7.44}, {"time": 1445511600, "summary": "Clear", "icon": "clear-night", "precipIntensity": 0, "precipProbability": 0, "temperature": 46.15, "apparentTemperature": 46.15, "dewPoint": 43.25, "humidity": 0.9, "pressure": 1024.03, "windSpeed": 0, "windGust": 0, "cloudCover": 0.24, "uvIndex": 0, "visibility": 6.99}, {"time": 1445515200, "summary": "Clear", "icon": "clear-day", "precipIntensity": 0, "precipProbability": 0, "temperature": 45.71, "apparentTemperature": 45.71, "dewPoint": 43.05, "humidity": 0.9, "pressure": 1024.73, "windSpeed": 0, "windGust": 0, "cloudCover": 0.19, "uvIndex": 0, "visibility": 6.8}, {"time": 1445518800, "summary": "Clear", "icon": "clear-day", "precipIntensity": 0, "precipProbability": 0, "temperature": 49.64, "apparentTemperature": 49.64, "dewPoint": 46.51, "humidity": 0.89, "pressure": 1025.08, "windSpeed": 0.15, "windGust": 0.3, "windBearing": 192, "cloudCover": 0.02, "uvIndex": 1, "visibility": 9.42}, {"time": 1445522400, "summary": "Clear", "icon": "clear-day", "precipIntensity": 0, "precipProbability": 0, "temperature": 57.1, "apparentTemperature": 57.1, "dewPoint": 50.99, "humidity": 0.8, "pressure": 1024.94, "windSpeed": 0.22, "windGust": 1.34, "windBearing": 191, "cloudCover": 0.08, "uvIndex": 2, "visibility": 8.3}, {"time": 1445526000, "summary": "Partly Cloudy", "icon": "partly-cloudy-day", "precipIntensity": 0, "precipProbability": 0, "temperature": 64.77, "apparentTemperature": 64.77, "dewPoint": 53.09, "humidity": 0.66, "pressure": 1024.64, "windSpeed": 0.31, "windGust": 1.7, "windBearing": 187, "cloudCover": 0.31, "uvIndex": 3, "visibility": 10}, {"time": 1445529600, "summary": "Partly Cloudy", "icon": "partly-cloudy-day", "precipIntensity": 0, "precipProbability": 0, "temperature": 70.21, "apparentTemperature": 70.21, "dewPoint": 53.15, "humidity": 0.55, "pressure": 1023.83, "windSpeed": 0.66, "windGust": 2.83, "windBearing": 179, "cloudCover": 0.26, "uvIndex": 4, "visibility": 7.21}, {"time": 1445533200, "summary": "Clear", "icon": "clear-day", "precipIntensity": 0, "precipProbability": 0, "temperature": 74.57, "apparentTemperature": 74.57, "dewPoint": 52.04, "humidity": 0.45, "pressure": 1023.28, "windSpeed": 0.63, "windGust": 3.41, "windBearing": 200, "cloudCover": 0.12, "uvIndex": 4, "visibility": 7.42}, {"time": 1445536800, "summary": "Clear", "icon": "clear-day", "precipIntensity": 0, "precipProbability": 0, "temperature": 76.83, "apparentTemperature": 76.83, "dewPoint": 51.67, "humidity": 0.42, "pressure": 1022.32, "windSpeed": 0.81, "windGust": 4.73, "windBearing": 231, "cloudCover": 0.12, "uvIndex": 4, "visibility": 7.75}, {"time": 1445540400, "summary": "Clear", "icon": "clear-day", "precipIntensity": 0, "precipProbability": 0, "temperature": 78.06, "apparentTemperature": 78.06, "dewPoint": 51.62, "humidity": 0.4, "pressure": 1021.62, "windSpeed": 0.83, "windGust": 4.31, "windBearing": 205, "cloudCover": 0.1, "uvIndex": 3, "visibility": 8.07}, {"time": 1445544000, "summary": "Clear", "icon": "clear-day", "precipIntensity": 0, "precipProbability": 0, "temperature": 77.63, "apparentTemperature": 77.63, "dewPoint": 51.52, "humidity": 0.4, "pressure": 1021.04, "windSpeed": 0.83, "windGust": 4.13, "windBearing": 191, "cloudCover": 0.11, "uvIndex": 1, "visibility": 7.71}, {"time": 1445547600, "summary": "Clear", "icon": "clear-day", "precipIntensity": 0, "precipProbability": 0, "temperature": 76.08, "apparentTemperature": 76.08, "dewPoint": 51.8, "humidity": 0.43, "pressure": 1020.35, "windSpeed": 1.05, "windGust": 3.42, "windBearing": 192, "cloudCover": 0.23, "uvIndex": 0, "visibility": 7.79}, {"time": 1445551200, "summary": "Clear", "icon": "clear-day", "precipIntensity": 0, "precipProbability": 0, "temperature": 73.19, "apparentTemperature": 73.19, "dewPoint": 52.54, "humidity": 0.48, "pressure": 1020.44, "windSpeed": 0.33, "windGust": 1.9, "windBearing": 185, "cloudCover": 0.19, "uvIndex": 0, "visibility": 9.43}, {"time": 1445554800, "summary": "Partly Cloudy", "icon": "partly-cloudy-night", "precipIntensity": 0, "precipProbability": 0, "temperature": 69.64, "apparentTemperature": 69.64, "dewPoint": 52.65, "humidity": 0.55, "pressure": 1020.47, "windSpeed": 0.49, "windGust": 1.19, "windBearing": 181, "cloudCover": 0.45, "uvIndex": 0, "visibility": 9.34}, {"time": 1445558400, "summary": "Partly Cloudy", "icon": "partly-cloudy-night", "precipIntensity": 0, "precipProbability": 0, "temperature": 66.4, "apparentTemperature": 66.4, "dewPoint": 52.76, "humidity": 0.62, "pressure": 1020.78, "windSpeed": 0.1, "windGust": 0.37, "windBearing": 182, "cloudCover": 0.52, "uvIndex": 0, "visibility": 10}, {"time": 1445562000, "summary": "Partly Cloudy", "icon": "partly-cloudy-night", "precipIntensity": 0, "precipProbability": 0, "temperature": 63.85, "apparentTemperature": 63.85, "dewPoint": 52.19, "humidity": 0.66, "pressure": 1020.52, "windSpeed": 0.09, "windGust": 0.23, "windBearing": 192, "cloudCover": 0.47, "uvIndex": 0, "visibility": 8.44}, {"time": 1445565600, "summary": "Partly Cloudy", "icon": "partly-cloudy-night", "precipIntensity": 0, "precipProbability": 0, "temperature": 61.96, "apparentTemperature": 61.96, "dewPoint": 52.03, "humidity": 0.7, "pressure": 1020.65, "windSpeed": 0.04, "windGust": 0.1, "windBearing": 180, "cloudCover": 0.47, "uvIndex": 0, "visibility": 7.66}, {"time": 1445569200, "summary": "Partly Cloudy", "icon": "partly-cloudy-night", "precipIntensity": 0, "precipProbability": 0, "temperature": 61.29, "apparentTemperature": 61.29, "dewPoint": 52.18, "humidity": 0.72, "pressure": 1020.65, "windSpeed": 0.08, "windGust": 0.35, "windBearing": 253, "cloudCover": 0.55, "uvIndex": 0, "visibility": 7.41}]}, "daily": {"data": [{"time": 1445486400, "summary": "Partly cloudy starting in the evening.", "icon": "partly-cloudy-night", "sunriseTime": 1445513140, "sunsetTime": 1445552499, "moonPhase": 0.32, "precipIntensity": 0, "precipIntensityMax": 0, "precipProbability": 0, "temperatureHigh": 78.06, "temperatureHighTime": 1445540400, "temperatureLow": 58.5, "temperatureLowTime": 1445583600, "apparentTemperatureHigh": 78.06, "apparentTemperatureHighTime": 1445540400, "apparentTemperatureLow": 58.5, "apparentTemperatureLowTime": 1445583600, "dewPoint": 49.4, "humidity": 0.69, "pressure": 1022.8, "windSpeed": 0.27, "windGust": 4.73, "windGustTime": 1445536800, "windBearing": 196, "cloudCover": 0.19, "uvIndex": 4, "uvIndexTime": 1445529600, "visibility": 7.98, "temperatureMin": 45.71, "temperatureMinTime": 1445515200, "temperatureMax": 78.06, "temperatureMaxTime": 1445540400, "apparentTemperatureMin": 45.71, "apparentTemperatureMinTime": 1445515200, "apparentTemperatureMax": 78.06, "apparentTemperatureMaxTime": 1445540400}]}, "flags": {"sources": ["cmc", "gfs", "hrrr", "icon", "isd", "madis", "nam", "sref"], "nearest-station": 1.106, "units": "us"}, "offset": -4}