{"latitude": 38.912659, "longitude": -77.017669, "timezone": "America/New_York", "currently": {"time": 1434772800, "summary": "Partly Cloudy", "icon": "partly-cloudy-night", "precipIntensity": 0, "precipProbability": 0, "temperature": 74.03, "apparentTemperature": 75.06, "dewPoint": 68.72, "humidity": 0.84, "pressure": 1015.82, "windSpeed": 0.16, "windGust": 0.48, "windBearing": 274, "cloudCover": 0.37, "uvIndex": 0, "visibility": 8.3}, "hourly": {"summary": "Heavy rain starting in the evening.", "icon": "rain", "data": [{"time": 1434772800, "summary": "Partly Cloudy", "icon": "partly-cloudy-night", "precipIntensity": 0, "precipProbability": 0, "temperature": 74.03, "apparentTemperature": 75.06, "dewPoint": 68.72, "humidity": 0.84, "pressure": 1015.82, "windSpeed": 0.16, "windGust": 0.48, "windBearing": 274, "cloudCover": 0.37, "uvIndex": 0, "visibility": 8.3}, {"time": 1434776400, "summary": "Mostly Cloudy", "icon": "partly-cloudy-night", "precipIntensity": 0, "precipProbability": 0, "temperature": 73.48, "apparentTemperature": 74.53, "dewPoint": 68.74, "humidity": 0.85, "pressure": 1015.63, "windSpeed": 0.18, "windGust": 0.66, "windBearing": 278, "cloudCover": 0.64, "uvIndex": 0, "visibility": 6.8}, {"time": 1434780000, "summary": "Partly Cloudy", "icon": "partly-cloudy-night", "precipIntensity": 0, "precipProbability": 0, "temperature": 72.98, "apparentTemperature": 74.03, "dewPoint": 68.61, "humidity": 0.86, "pressure": 1015.27, "windSpeed": 0.15, "windGust": 0.49, "windBearing": 273, "cloudCover": 0.31, "uvIndex": 0, "visibility": 6.83}, {"time": 1434783600, "summary": "Partly Cloudy", "icon": "partly-cloudy-night", "precipIntensity": 0, "precipProbability": 0, "temperature": 72.58, "apparentTemperature": 73.62, "dewPoint": 68.49, "humidity": 0.87, "pressure": 1015.45, "windSpeed": 0.11, "windGust": 0.19, "windBearing": 272, "cloudCover": 0.54, "uvIndex": 0, "visibility": 6.68}, {"time": 1434787200, "summary": "Partly Cloudy", "icon": "partly-cloudy-night", "precipIntensity": 0, "precipProbability": 0, "temperature": 72.16, "apparentTemperature": 73.21, "dewPoint": 68.37, "humidity": 0.88, "pressure": 1015.21, "windSpeed": 0.05, "windGust": 0.08, "windBearing": 270, "cloudCover": 0.45, "uvIndex": 0, "visibility": 7.21}, {"time": 1434790800, "summary": "Mostly Cloudy", "icon": "partly-cloudy-night", "precipIntensity": 0, "precipProbability": 0, "temperature": 71.86, "apparentTemperature": 72.91, "dewPoint": 68.3, "humidity": 0.89, "pressure": 1015.39, "windSpeed": 0.01, "windGust": 0.04, "windBearing": 270, "cloudCover": 0.75, "uvIndex": 0, "visibility": 7.95}, {"time": 1434794400, "summary": "Mostly Cloudy", "icon": "partly-cloudy-day", "precipIntensity": 0, "precipProbability": 0, "temperature": 71.64, "apparentTemperature": 72.71, "dewPoint": 68.39, "humidity": 0.9, "pressure": 1015.75, "windSpeed": 0, "windGust": 0.01, "cloudCover": 0.8, "uvIndex": 0, "visibility": 7.36}, {"time": 1434798000, "summary": "Mostly Cloudy", "icon": "partly-cloudy-day", "precipIntensity": 0, "precipProbability": 0, "temperature": 72.04, "apparentTemperature": 73.15, "dewPoint": 68.82, "humidity": 0.9, "pressure": 1015.89, "windSpeed": 0, "windGust": 0, "cloudCover": 0.7, "uvIndex": 0, "visibility": 7.71}, {"time": 1434801600, "summary": "Mostly Cloudy", "icon": "partly-cloudy-day", "precipIntensity": 0, "precipProbability": 0, "temperature": 73.49, "apparentTemperature": 74.68, "dewPoint": 69.74, "humidity": 0.88, "pressure": 1015.91, "windSpeed": 0.01, "windGust": 0.08, "windBearing": 28, "cloudCover": 0.7, "uvIndex": 1, "visibility": 6.86}, {"time": 1434805200, "summary": "Partly Cloudy", "icon": "partly-cloudy-day", "precipIntensity": 0, "precipProbability": 0, "temperature": 75.22, "apparentTemperature": 76.43, "dewPoint": 70.32, "humidity": 0.85, "pressure": 1015.9, "windSpeed": 0.06, "windGust": 0.42, "windBearing": 90, "cloudCover": 0.27, "uvIndex": 3, "visibility": 6.82}, {"time": 1434808800, "summary": "Partly Cloudy", "icon": "partly-cloudy-day", "precipIntensity": 0, "precipProbability": 0, "temperature": 77.63, "apparentTemperature": 78.86, "dewPoint": 71.01, "humidity": 0.8, "pressure": 1015.96, "windSpeed": 0.05, "windGust": 0.83, "windBearing": 141, "cloudCover": 0.55, "uvIndex": 4, "visibility": 7.63}, {"time": 1434812400, "summary": "Partly Cloudy", "icon": "partly-cloudy-day", "precipIntensity": 0, "precipProbability": 0, "temperature": 79.95, "apparentTemperature": 83.55, "dewPoint": 71.53, "humidity": 0.76, "pressure": 1015.65, "windSpeed": 0.45, "windGust": 2.07, "windBearing": 163, "cloudCover": 0.53, "uvIndex": 6, "visibility": 7.41}, {"time": 1434816000, "summary": "Humid and Partly Cloudy", "icon": "partly-cloudy-day", "precipIntensity": 0, "precipProbability": 0, "temperature": 82.03, "apparentTemperature": 86.94, "dewPoint": 72.1, "humidity": 0.72, "pressure": 1015.26, "windSpeed": 0.7, "windGust": 3.57, "windBearing": 166, "cloudCover": 0.43, "uvIndex": 8, "visibility": 7.7}, {"time": 1434819600, "summary": "Humid and Partly Cloudy", "icon": "partly-cloudy-day", "precipIntensity": 0, "precipProbability": 0, "temperature": 84.85, "apparentTemperature": 91.9, "dewPoint": 73.41, "humidity": 0.69, "pressure": 1014.51, "windSpeed": 0.71, "windGust": 4.47, "windBearing": 149, "cloudCover": 0.25, "uvIndex": 9, "visibility": 8.04}, {"time": 1434823200, "summary": "Humid and Partly Cloudy", "icon": "partly-cloudy-day", "precipIntensity": 0, "precipProbability": 0, "temperature": 87.23, "apparentTemperature": 96.15, "dewPoint": 74.4, "humidity": 0.66, "pressure": 1014.01, "windSpeed": 1.37, "windGust": 5.8, "windBearing": 154, "cloudCover": 0.58, "uvIndex": 7, "visibility": 7.76}, {"time": 1434826800, "summary": "Humid and Mostly Cloudy", "icon": "partly-cloudy-day", "precipIntensity": 0, "precipProbability": 0, "temperature": 87.7, "apparentTemperature": 97.35, "dewPoint": 74.92, "humidity": 0.66, "pressure": 1013.38, "windSpeed": 2.26, "windGust": 8.52, "windBearing": 154, "cloudCover": 0.68, "uvIndex": 6, "visibility": 7.79}, {"time": 1434830400, "summary": "Humid and Mostly Cloudy", "icon": "partly-cloudy-day", "precipIntensity": 0, "precipProbability": 0, "temperature": 87.35, "apparentTemperature": 97.44, "dewPoint": 75.44, "humidity": 0.68, "pressure": 1012.41, "windSpeed": 1.68, "windGust": 6.6, "windBearing": 150, "cloudCover": 0.7, "uvIndex": 4, "visibility": 7.92}, {"time": 1434834000, "summary": "Humid and Partly Cloudy", "icon": "partly-cloudy-day", "precipIntensity": 0.0005, "precipProbability": 0.05, "precipType": "rain", "temperature": 86.64, "apparentTemperature": 96.28, "dewPoint": 75.31, "humidity": 0.69, "pressure": 1011.52, "windSpeed": 1.85, "windGust": 7.6, "windBearing": 137, "cloudCover": 0.49, "uvIndex": 3, "visibility": 6.63}, {"time": 1434837600, "summary": "Humid and Partly Cloudy", "icon": "partly-cloudy-day", "precipIntensity": 0, "precipProbability": 0, "temperature": 85.21, "apparentTemperature": 94.24, "dewPoint": 75.41, "humidity": 0.73, "pressure": 1010.13, "windSpeed": 2.39, "windGust": 7.69, "windBearing": 141, "cloudCover": 0.56, "uvIndex": 2, "visibility": 7.55}, {"time": 1434841200, "summary": "Humid and Partly Cloudy", "icon": "partly-cloudy-day", "precipIntensity": 0.0022, "precipProbability": 0.23, "precipType": "rain", "temperature": 82.6, "apparentTemperature": 89.59, "dewPoint": 74.85, "humidity": 0.78, "pressure": 1010, "windSpeed": 2.09, "windGust": 7.51, "windBearing": 148, "cloudCover": 0.47, "uvIndex": 1, "visibility": 8.33}, {"time": 1434844800, "summary": "Light Rain", "icon": "rain", "precipIntensity": 0.0296, "precipProbability": 0.59, "precipType": "rain", "temperature": 79.05, "apparentTemperature": 82.58, "dewPoint": 73.65, "humidity": 0.84, "pressure": 1009.52, "windSpeed": 1.69, "windGust": 7.26, "windBearing": 147, "cloudCover": 0.79, "uvIndex": 0, "visibility": 7.54}, {"time": 1434848400, "summary": "Heavy Rain", "icon": "rain", "precipIntensity": 0.2971, "precipProbability": 0.9, "precipType": "rain", "temperature": 74.01, "apparentTemperature": 75.3, "dewPoint": 70.6, "humidity": 0.89, "pressure": 1010.09, "windSpeed": 0.91, "windGust": 6.02, "windBearing": 187, "cloudCover": 0.89, "uvIndex": 0, "visibility": 1.16}, {"time": 1434852000, "summary": "Heavy Rain", "icon": "rain", "precipIntensity": 0.3509, "precipProbability": 0.97, "precipType": "rain", "temperature": 72.36, "apparentTemperature": 73.64, "dewPoint": 70.02, "humidity": 0.92, "pressure": 1009.82, "windSpeed": 0.62, "windGust": 4.3, "windBearing": 163, "cloudCover": 1, "uvIndex": 0, "visibility": 2.85}, {"time": 1434855600, "summary": "Heavy Rain", "icon": "rain", "precipIntensity": 0.2275, "precipProbability": 0.9, "precipType": "rain", "temperature": 72.27, "apparentTemperature": 73.57, "dewPoint": 70.18, "humidity": 0.93, "pressure": 1009.03, "windSpeed": 0.75, "windGust": 2.25, "windBearing": 171, "cloudCover": 0.98, "uvIndex": 0, "visibility": 5.48}]}, "daily": {"data": [{"time": 1434772800, "summary": "Heavy rain starting in the evening.", "icon": "rain", "sunriseTime": 1434793442, "sunsetTime": 1434847073, "moonPhase": 0.14, "precipIntensity": 0.0378, "precipIntensityMax": 0.3509, "precipIntensityMaxTime": 1434852000, "precipProbability": 0.97, "precipType": "rain", "temperatureHigh": 87.7, "temperatureHighTime": 1434826800, "temperatureLow": 72.27, "temperatureLowTime": 1434855600, "apparentTemperatureHigh": 97.44, "apparentTemperatureHighTime": 1434830400, "apparentTemperatureLow": 73.57, "apparentTemperatureLowTime": 1434855600, "dewPoint": 71.31, "humidity": 0.81, "pressure": 1013.65, "windSpeed": 0.7, "windGust": 8.52, "windGustTime": 1434826800, "windBearing": 154, "cloudCover": 0.6, "uvIndex": 9, "uvIndexTime": 1434819600, "visibility": 6.93, "temperatureMin": 71.64, "temperatureMinTime": 1434794400, "temperatureMax": 87.7, "temperatureMaxTime": 1434826800, "apparentTemperatureMin": 72.71, "apparentTemperatureMinTime": 1434794400, "apparentTemperatureMax": 97.44, "apparentTemperatureMaxTime": 1434830400}]}, "flags": {"sources": ["cmc", "gfs", "hrrr", "icon", "isd", "madis", "nam", "sref"], "nearest-station": 0.675, "units": "us"}, "offset": -4}