{"latitude": 38.912659, "longitude": -77.017669, "timezone": "America/New_York", "currently": {"time": 1455771600, "summary": "Clear", "icon": "clear-night", "precipIntensity": 0, "precipProbability": 0, "temperature": 32.83, "apparentTemperature": 32.83, "dewPoint": 23.63, "humidity": 0.69, "pressure": 1026.03, "windSpeed": 0.17, "windGust": 0.82, "windBearing": 298, "cloudCover": 0.18, "uvIndex": 0, "visibility": 10}, "hourly": {"summary": "Mostly cloudy starting overnight, continuing until morning.", "icon": "partly-cloudy-night", "data": [{"time": 1455771600, "summary": "Clear", "icon": "clear-night", "precipIntensity": 0, "precipProbability": 0, "temperature": 32.83, "apparentTemperature": 32.83, "dewPoint": 23.63, "humidity": 0.69, "pressure": 1026.03, "windSpeed": 0.17, "windGust": 0.82, "windBearing": 298, "cloudCover": 0.18, "uvIndex": 0, "visibility": 10}, {"time": 1455775200, "summary": "Mostly Cloudy", "icon": "partly-cloudy-night", "precipIntensity": 0, "precipProbability": 0, "temperature": 32.06, "apparentTemperature": 32.06, "dewPoint": 24.12, "humidity": 0.72, "pressure": 1026.41, "windSpeed": 0.18, "windGust": 1.11, "windBearing": 297, "cloudCover": 0.85, "uvIndex": 0, "visibility": 10}, {"time": 1455778800, "summary": "Overcast", "icon": "cloudy", "precipIntensity": 0, "precipProbability": 0, "temperature": 32.43, "apparentTemperature": 32.43, "dewPoint": 24.61, "humidity": 0.73, "pressure": 1026.77, "windSpeed": 0.05, "windGust": 0.54, "windBearing": 308, "cloudCover": 0.97, "uvIndex": 0, "visibility": 9.41}, {"time": 1455782400, "summary": "Mostly Cloudy", "icon": "partly-cloudy-night", "precipIntensity": 0, "precipProbability": 0, "temperature": 32.86, "apparentTemperature": 32.86, "dewPoint": 24.81, "humidity": 0.72, "pressure": 1027.09, "windSpeed": 0.34, "windGust": 0.97, "windBearing": 309, "cloudCover": 0.85, "uvIndex": 0, "visibility": 8.16}, {"time": 1455786000, "summary": "Mostly Cloudy", "icon": "partly-cloudy-night", "precipIntensity": 0, "precipProbability": 0, "temperature": 33.3, "apparentTemperature": 33.3, "dewPoint": 24.98, "humidity": 0.71, "pressure": 1027.77, "windSpeed": 0.66, "windGust": 2.23, "windBearing": 322, "cloudCover": 0.89, "uvIndex": 0, "visibility": 8.66}, {"time": 1455789600, "summary": "Mostly Cloudy", "icon": "partly-cloudy-night", "precipIntensity": 0, "precipProbability": 0, "temperature": 33.26, "apparentTemperature": 33.26, "dewPoint": 23.67, "humidity": 0.67, "pressure": 1028.79, "windSpeed": 1.17, "windGust": 4.41, "windBearing": 337, "cloudCover": 0.67, "uvIndex": 0, "visibility": 7.78}, {"time": 1455793200, "summary": "Partly Cloudy", "icon": "partly-cloudy-night", "precipIntensity": 0, "precipProbability": 0, "temperature": 32.22, "apparentTemperature": 32.22, "dewPoint": 20.43, "humidity": 0.61, "pressure": 1029.15, "windSpeed": 2.38, "windGust": 6.34, "windBearing": 340, "cloudCover": 0.47, "uvIndex": 0, "visibility": 7.9}, {"time": 1455796800, "summary": "Clear", "icon": "clear-night", "precipIntensity": 0, "precipProbability": 0, "temperature": 30.91, "apparentTemperature": 30.91, "dewPoint": 17.93, "humidity": 0.58, "pressure": 1030.13, "windSpeed": 2.92, "windGust": 7.05, "windBearing": 333, "cloudCover": 0.14, "uvIndex": 0, "visibility": 7.84}, {"time": 1455800400, "summary": "Clear", "icon": "clear-day", "precipIntensity": 0, "precipProbability": 0, "temperature": 30.76, "apparentTemperature": 26.95, "dewPoint": 16.46, "humidity": 0.55, "pressure": 1031.29, "windSpeed": 3.74, "windGust": 9.76, "windBearing": 332, "cloudCover": 0.05, "uvIndex": 0, "visibility": 7.87}, {"time": 1455804000, "summary": "Clear", "icon": "clear-day", "precipIntensity": 0, "precipProbability": 0, "temperature": 31.72, "apparentTemperature": 26.97, "dewPoint": 15.34, "humidity": 0.5, "pressure": 1032.35, "windSpeed": 4.76, "windGust": 12.77, "windBearing": 331, "cloudCover": 0.04, "uvIndex": 1, "visibility": 8.24}, {"time": 1455807600, "summary": "Clear", "icon": "clear-day", "precipIntensity": 0, "precipProbability": 0, "temperature": 32.99, "apparentTemperature": 28.6, "dewPoint": 13.86, "humidity": 0.45, "pressure": 1033.08, "windSpeed": 4.61, "windGust": 11.57, "windBearing": 331, "cloudCover": 0.01, "uvIndex": 2, "visibility": 7.69}, {"time": 1455811200, "summary": "Clear", "icon": "clear-day", "precipIntensity": 0, "precipProbability": 0, "temperature": 34.6, "apparentTemperature": 30.36, "dewPoint": 13.25, "humidity": 0.41, "pressure": 1033.64, "windSpeed": 4.74, "windGust": 13.15, "windBearing": 320, "cloudCover": 0, "uvIndex": 3, "visibility": 7.98}, {"time": 1455814800, "summary": "Clear", "icon": "clear-day", "precipIntensity": 0, "precipProbability": 0, "temperature": 36, "apparentTemperature": 32.15, "dewPoint": 12.84, "humidity": 0.38, "pressure": 1033.43, "windSpeed": 4.56, "windGust": 12.85, "windBearing": 321, "cloudCover": 0.04, "uvIndex": 4, "visibility": 7.98}, {"time": 1455818400, "summary": "Clear", "icon": "clear-day", "precipIntensity": 0, "precipProbability": 0, "temperature": 36.95, "apparentTemperature": 32.89, "dewPoint": 12.08, "humidity": 0.35, "pressure": 1033.06, "windSpeed": 4.99, "windGust": 12.45, "windBearing": 330, "cloudCover": 0, "uvIndex": 4, "visibility": 7.77}, {"time": 1455822000, "summary": "Clear", "icon": "clear-day", "precipIntensity": 0, "precipProbability": 0, "temperature": 37.8, "apparentTemperature": 34.28, "dewPoint": 11.66, "humidity": 0.34, "pressure": 1032.52, "windSpeed": 4.54, "windGust": 12.77, "windBearing": 336, "cloudCover": 0, "uvIndex": 3, "visibility": 7.98}, {"time": 1455825600, "summary": "Clear", "icon": "clear-day", "precipIntensity": 0, "precipProbability": 0, "temperature": 38.13, "apparentTemperature": 35.33, "dewPoint": 11.11, "humidity": 0.32, "pressure": 1032.8, "windSpeed": 3.83, "windGust": 11.24, "windBearing": 335, "cloudCover": 0.01, "uvIndex": 2, "visibility": 7.87}, {"time": 1455829200, "summary": "Clear", "icon": "clear-day", "precipIntensity": 0, "precipProbability": 0, "temperature": 37.97, "apparentTemperature": 35.23, "dewPoint": 11.05, "humidity": 0.32, "pressure": 1032.95, "windSpeed": 3.75, "windGust": 10.62, "windBearing": 339, "cloudCover": 0.04, "uvIndex": 1, "visibility": 8.01}, {"time": 1455832800, "summary": "Clear", "icon": "clear-day", "precipIntensity": 0, "precipProbability": 0, "temperature": 36.83, "apparentTemperature": 34.4, "dewPoint": 10.61, "humidity": 0.33, "pressure": 1033.43, "windSpeed": 3.31, "windGust": 8.66, "windBearing": 340, "cloudCover": 0.05, "uvIndex": 0, "visibility": 8.37}, {"time": 1455836400, "summary": "Clear", "icon": "clear-night", "precipIntensity": 0, "precipProbability": 0, "temperature": 34.44, "apparentTemperature": 34.44, "dewPoint": 10.67, "humidity": 0.37, "pressure": 1034.06, "windSpeed": 1.41, "windGust": 4.37, "windBearing": 336, "cloudCover": 0.01, "uvIndex": 0, "visibility": 7.98}, {"time": 1455840000, "summary": "Clear", "icon": "clear-night", "precipIntensity": 0, "precipProbability": 0, "temperature": 32.39, "apparentTemperature": 32.39, "dewPoint": 11.49, "humidity": 0.41, "pressure": 1034.48, "windSpeed": 0.75, "windGust": 2.26, "windBearing": 353, "cloudCover": 0.02, "uvIndex": 0, "visibility": 8.54}, {"time": 1455843600, "summary": "Clear", "icon": "clear-night", "precipIntensity": 0, "precipProbability": 0, "temperature": 30.77, "apparentTemperature": 30.77, "dewPoint": 12.01, "humidity": 0.45, "pressure": 1034.97, "windSpeed": 0.31, "windGust": 1.43, "windBearing": 5, "cloudCover": 0.13, "uvIndex": 0, "visibility": 10}, {"time": 1455847200, "summary": "Clear", "icon": "clear-night", "precipIntensity": 0, "precipProbability": 0, "temperature": 28.88, "apparentTemperature": 28.88, "dewPoint": 12.56, "humidity": 0.5, "pressure": 1035.04, "windSpeed": 0.04, "windGust": 0.49, "windBearing": 0, "cloudCover": 0.02, "uvIndex": 0, "visibility": 10}, {"time": 1455850800, "summary": "Clear", "icon": "clear-night", "precipIntensity": 0, "precipProbability": 0, "temperature": 27.09, "apparentTemperature": 27.09, "dewPoint": 13.3, "humidity": 0.55, "pressure": 1035.33, "windSpeed": 0.01, "windGust": 0.21, "windBearing": 0, "cloudCover": 0.06, "uvIndex": 0, "visibility": 10}, {"time": 1455854400, "summary": "Clear", "icon": "clear-night", "precipIntensity": 0, "precipProbability": 0, "temperature": 25.77, "apparentTemperature": 25.77, "dewPoint": 13.78, "humidity": 0.6, "pressure": 1035.17, "windSpeed": 0.1, "windGust": 0.42, "windBearing": 347, "cloudCover": 0.01, "uvIndex": 0, "visibility": 10}]}, "daily": {"data": [{"time": 1455771600, "summary": "Mostly cloudy in the morning.", "icon": "partly-cloudy-night", "sunriseTime": 1455796642, "sunsetTime": 1455835771, "moonPhase": 0.37, "precipIntensity": 0, "precipIntensityMax": 0, "precipProbability": 0, "temperatureHigh": 38.13, "temperatureHighTime": 1455825600, "temperatureLow": 20.43, "temperatureLowTime": 1455879600, "apparentTemperatureHigh": 35.33, "apparentTemperatureHighTime": 1455825600, "apparentTemperatureLow": 20.43, "apparentTemperatureLowTime": 1455879600, "dewPoint": 16.09, "humidity": 0.51, "pressure": 1031.66, "windSpeed": 2.2, "windGust": 13.15, "windGustTime": 1455811200, "windBearing": 332, "cloudCover": 0.23, "uvIndex": 4, "uvIndexTime": 1455814800, "visibility": 8.58, "temperatureMin": 25.77, "temperatureMinTime": 1455854400, "temperatureMax": 38.13, "temperatureMaxTime": 1455825600, "apparentTemperatureMin": 25.77, "apparentTemperatureMinTime": 1455854400, "apparentTemperatureMax": 35.33, "apparentTemperatureMaxTime": 1455825600}]}, "flags": {"sources": ["cmc", "gfs", "hrrr", "icon", "isd", "madis", "nam", "sref"], "nearest-station": 1.106, "units": "us"}, "offset": -5}