{"latitude": 38.912659, "longitude": -77.017669, "timezone": "America/New_York", "currently": {"time": 1440388800, "summary": "Mostly Cloudy", "icon": "partly-cloudy-night", "precipIntensity": 0, "precipProbability": 0, "temperature": 71.75, "apparentTemperature": 72.16, "dewPoint": 63.46, "humidity": 0.75, "pressure": 1013.15, "windSpeed": 0.07, "windGust": 0.65, "windBearing": 176, "cloudCover": 0.71, "uvIndex": 0, "visibility": 8.46}, "hourly": {"summary": "Rain starting in the evening, continuing until night.", "icon": "rain", "data": [{"time": 1440388800, "summary": "Mostly Cloudy", "icon": "partly-cloudy-night", "precipIntensity": 0, "precipProbability": 0, "temperature": 71.75, "apparentTemperature": 72.16, "dewPoint": 63.46, "humidity": 0.75, "pressure": 1013.15, "windSpeed": 0.07, "windGust": 0.65, "windBearing": 176, "cloudCover": 0.71, "uvIndex": 0, "visibility": 8.46}, {"time": 1440392400, "summary": "Overcast", "icon": "cloudy", "precipIntensity": 0, "precipProbability": 0, "temperature": 71.4, "apparentTemperature": 71.85, "dewPoint": 63.77, "humidity": 0.77, "pressure": 1013.3, "windSpeed": 0.15, "windGust": 0.97, "windBearing": 189, "cloudCover": 0.95, "uvIndex": 0, "visibility": 6.98}, {"time": 1440396000, "summary": "Partly Cloudy", "icon": "partly-cloudy-night", "precipIntensity": 0, "precipProbability": 0, "temperature": 70.62, "apparentTemperature": 71.07, "dewPoint": 63.58, "humidity": 0.78, "pressure": 1012.8, "windSpeed": 0, "windGust": 0.37, "cloudCover": 0.51, "uvIndex": 0, "visibility": 7.65}, {"time": 1440399600, "summary": "Partly Cloudy", "icon": "partly-cloudy-night", "precipIntensity": 0, "precipProbability": 0, "temperature": 69.86, "apparentTemperature": 70.31, "dewPoint": 63.48, "humidity": 0.8, "pressure": 1012.46, "windSpeed": 0.02, "windGust": 0.58, "windBearing": 175, "cloudCover": 0.32, "uvIndex": 0, "visibility": 7.44}, {"time": 1440403200, "summary": "Partly Cloudy", "icon": "partly-cloudy-night", "precipIntensity": 0, "precipProbability": 0, "temperature": 69.45, "apparentTemperature": 69.89, "dewPoint": 63.3, "humidity": 0.81, "pressure": 1012.09, "windSpeed": 0.03, "windGust": 0.23, "windBearing": 180, "cloudCover": 0.38, "uvIndex": 0, "visibility": 8}, {"time": 1440406800, "summary": "Partly Cloudy", "icon": "partly-cloudy-night", "precipIntensity": 0, "precipProbability": 0, "temperature": 68.6, "apparentTemperature": 69.04, "dewPoint": 63.09, "humidity": 0.83, "pressure": 1011.88, "windSpeed": 0, "windGust": 0.42, "cloudCover": 0.3, "uvIndex": 0, "visibility": 7.76}, {"time": 1440410400, "summary": "Mostly Cloudy", "icon": "partly-cloudy-night", "precipIntensity": 0, "precipProbability": 0, "temperature": 67.68, "apparentTemperature": 68.12, "dewPoint": 62.89, "humidity": 0.85, "pressure": 1012.24, "windSpeed": 0, "windGust": 0.09, "cloudCover": 0.68, "uvIndex": 0, "visibility": 10}, {"time": 1440414000, "summary": "Mostly Cloudy", "icon": "partly-cloudy-day", "precipIntensity": 0, "precipProbability": 0, "temperature": 67.75, "apparentTemperature": 68.23, "dewPoint": 63.16, "humidity": 0.85, "pressure": 1012.54, "windSpeed": 0, "windGust": 0.08, "cloudCover": 0.77, "uvIndex": 0, "visibility": 7.98}, {"time": 1440417600, "summary": "Partly Cloudy", "icon": "partly-cloudy-day", "precipIntensity": 0, "precipProbability": 0, "temperature": 69.73, "apparentTemperature": 70.36, "dewPoint": 64.74, "humidity": 0.84, "pressure": 1012.62, "windSpeed": 0.12, "windGust": 0.39, "windBearing": 176, "cloudCover": 0.54, "uvIndex": 1, "visibility": 10}, {"time": 1440421200, "summary": "Partly Cloudy", "icon": "partly-cloudy-day", "precipIntensity": 0, "precipProbability": 0, "temperature": 72.95, "apparentTemperature": 73.66, "dewPoint": 65.99, "humidity": 0.79, "pressure": 1012.79, "windSpeed": 0.39, "windGust": 1.88, "windBearing": 178, "cloudCover": 0.35, "uvIndex": 2, "visibility": 9.41}, {"time": 1440424800, "summary": "Clear", "icon": "clear-day", "precipIntensity": 0, "precipProbability": 0, "temperature": 77.38, "apparentTemperature": 78.17, "dewPoint": 67.38, "humidity": 0.71, "pressure": 1012.65, "windSpeed": 0.52, "windGust": 2.74, "windBearing": 171, "cloudCover": 0.06, "uvIndex": 4, "visibility": 9.49}, {"time": 1440428400, "summary": "Clear", "icon": "clear-day", "precipIntensity": 0, "precipProbability": 0, "temperature": 81.49, "apparentTemperature": 84.69, "dewPoint": 68.87, "humidity": 0.66, "pressure": 1012.67, "windSpeed": 0.54, "windGust": 2.83, "windBearing": 184, "cloudCover": 0.11, "uvIndex": 6, "visibility": 8.58}, {"time": 1440432000, "summary": "Clear", "icon": "clear-day", "precipIntensity": 0, "precipProbability": 0, "temperature": 85.09, "apparentTemperature": 89.58, "dewPoint": 69.88, "humidity": 0.61, "pressure": 1012.17, "windSpeed": 0.43, "windGust": 3.47, "windBearing": 177, "cloudCover": 0.04, "uvIndex": 8, "visibility": 7.85}, {"time": 1440435600, "summary": "Clear", "icon": "clear-day", "precipIntensity": 0, "precipProbability": 0, "temperature": 87.48, "apparentTemperature": 92.31, "dewPoint": 69.71, "humidity": 0.56, "pressure": 1011.76, "windSpeed": 0.39, "windGust": 3.2, "windBearing": 163, "cloudCover": 0.14, "uvIndex": 8, "visibility": 7.88}, {"time": 1440439200, "summary": "Partly Cloudy", "icon": "partly-cloudy-day", "precipIntensity": 0, "precipProbability": 0, "temperature": 88.24, "apparentTemperature": 93.1, "dewPoint": 69.57, "humidity": 0.54, "pressure": 1011.12, "windSpeed": 0.61, "windGust": 3.49, "windBearing": 175, "cloudCover": 0.46, "uvIndex": 6, "visibility": 7.9}, {"time": 1440442800, "summary": "Partly Cloudy", "icon": "partly-cloudy-day", "precipIntensity": 0, "precipProbability": 0, "temperature": 88.5, "apparentTemperature": 93.65, "dewPoint": 69.87, "humidity": 0.54, "pressure": 1010.47, "windSpeed": 1.67, "windGust": 5.31, "windBearing": 163, "cloudCover": 0.56, "uvIndex": 5, "visibility": 7.66}, {"time": 1440446400, "summary": "Partly Cloudy", "icon": "partly-cloudy-day", "precipIntensity": 0, "precipProbability": 0, "temperature": 89.08, "apparentTemperature": 94.91, "dewPoint": 70.55, "humidity": 0.55, "pressure": 1009.7, "windSpeed": 2.32, "windGust": 7.22, "windBearing": 158, "cloudCover": 0.36, "uvIndex": 4, "visibility": 7.55}, {"time": 1440450000, "summary": "Partly Cloudy", "icon": "partly-cloudy-day", "precipIntensity": 0, "precipProbability": 0, "temperature": 87.46, "apparentTemperature": 93.27, "dewPoint": 70.96, "humidity": 0.58, "pressure": 1009.46, "windSpeed": 1.56, "windGust": 5.29, "windBearing": 169, "cloudCover": 0.47, "uvIndex": 2, "visibility": 8.59}, {"time": 1440453600, "summary": "Partly Cloudy", "icon": "partly-cloudy-day", "precipIntensity": 0, "precipProbability": 0, "temperature": 84.89, "apparentTemperature": 90.4, "dewPoint": 71.42, "humidity": 0.64, "pressure": 1009.19, "windSpeed": 1.28, "windGust": 5.01, "windBearing": 176, "cloudCover": 0.49, "uvIndex": 1, "visibility": 8.57}, {"time": 1440457200, "summary": "Partly Cloudy", "icon": "partly-cloudy-day", "precipIntensity": 0.0096, "precipProbability": 0.23, "precipType": "rain", "temperature": 80.39, "apparentTemperature": 84.1, "dewPoint": 71.16, "humidity": 0.74, "pressure": 1009.42, "windSpeed": 0.98, "windGust": 4.79, "windBearing": 196, "cloudCover": 0.49, "uvIndex": 0, "visibility": 8.09}, {"time": 1440460800, "summary": "Rain", "icon": "rain", "precipIntensity": 0.0705, "precipProbability": 0.78, "precipType": "rain", "temperature": 76.13, "apparentTemperature": 77.44, "dewPoint": 71.29, "humidity": 0.85, "pressure": 1010.22, "windSpeed": 0.29, "windGust": 3.3, "windBearing": 197, "cloudCover": 0.88, "uvIndex": 0, "visibility": 5.26}, {"time": 1440464400, "summary": "Rain", "icon": "rain", "precipIntensity": 0.119, "precipProbability": 0.78, "precipType": "rain", "temperature": 74.16, "apparentTemperature": 75.5, "dewPoint": 71, "humidity": 0.9, "pressure": 1010.59, "windSpeed": 0.09, "windGust": 1.54, "windBearing": 69, "cloudCover": 0.84, "uvIndex": 0, "visibility": 5.83}, {"time": 1440468000, "summary": "Light Rain", "icon": "rain", "precipIntensity": 0.0396, "precipProbability": 0.4, "precipType": "rain", "temperature": 73.65, "apparentTemperature": 75, "dewPoint": 70.87, "humidity": 0.91, "pressure": 1011.16, "windSpeed": 0.1, "windGust": 0.46, "windBearing": 88, "cloudCover": 0.75, "uvIndex": 0, "visibility": 6.98}, {"time": 1440471600, "summary": "Mostly Cloudy", "icon": "partly-cloudy-night", "precipIntensity": 0.0009, "precipProbability": 0.17, "precipType": "rain", "temperature": 73.53, "apparentTemperature": 74.9, "dewPoint": 71.04, "humidity": 0.92, "pressure": 1011.33, "windSpeed": 0.09, "windGust": 0.74, "windBearing": 104, "cloudCover": 0.75, "uvIndex": 0, "visibility": 7}]}, "daily": {"data": [{"time": 1440388800, "summary": "Rain starting in the evening.", "icon": "rain", "sunriseTime": 1440412273, "sunsetTime": 1440460360, "moonPhase": 0.31, "precipIntensity": 0.01, "precipIntensityMax": 0.119, "precipIntensityMaxTime": 1440464400, "precipProbability": 0.78, "precipType": "rain", "temperatureHigh": 89.08, "temperatureHighTime": 1440446400, "temperatureLow": 64.2, "temperatureLowTime": 1440500400, "apparentTemperatureHigh": 94.91, "apparentTemperatureHighTime": 1440446400, "apparentTemperatureLow": 64.55, "apparentTemperatureLowTime": 1440500400, "dewPoint": 67.54, "humidity": 0.74, "pressure": 1011.57, "windSpeed": 0.47, "windGust": 7.22, "windGustTime": 1440446400, "windBearing": 170, "cloudCover": 0.5, "uvIndex": 8, "uvIndexTime": 1440432000, "visibility": 7.95, "temperatureMin": 67.68, "temperatureMinTime": 1440410400, "temperatureMax": 89.08, "temperatureMaxTime": 1440446400, "apparentTemperatureMin": 68.12, "apparentTemperatureMinTime": 1440410400, "apparentTemperatureMax": 94.91, "apparentTemperatureMaxTime": 1440446400}]}, "flags": {"sources": ["cmc", "gfs", "hrrr", "icon", "isd", "madis", "nam", "sref"], "nearest-station": 1.106, "units": "us"}, "offset": -4}