{"latitude": 38.912659, "longitude": -77.017669, "timezone": "America/New_York", "currently": {"time": 1459310400, "summary": "Clear", "icon": "clear-night", "precipIntensity": 0, "precipProbability": 0, "temperature": 44.63, "apparentTemperature": 44.63, "dewPoint": 26.81, "humidity": 0.49, "pressure": 1024.45, "windSpeed": 0.11, "windGust": 0.6, "windBearing": 327, "cloudCover": 0, "uvIndex": 0, "visibility": 7.34}, "hourly": {"summary": "Clear throughout the day.", "icon": "clear-day", "data": [{"time": 1459310400, "summary": "Clear", "icon": "clear-night", "precipIntensity": 0, "precipProbability": 0, "temperature": 44.63, "apparentTemperature": 44.63, "dewPoint": 26.81, "humidity": 0.49, "pressure": 1024.45, "windSpeed": 0.11, "windGust": 0.6, "windBearing": 327, "cloudCover": 0, "uvIndex": 0, "visibility": 7.34}, {"time": 1459314000, "summary": "Clear", "icon": "clear-night", "precipIntensity": 0, "precipProbability": 0, "temperature": 42.23, "apparentTemperature": 42.23, "dewPoint": 26.82, "humidity": 0.54, "pressure": 1025.17, "windSpeed": 0, "windGust": 0.25, "cloudCover": 0, "uvIndex": 0, "visibility": 10}, {"time": 1459317600, "summary": "Clear", "icon": "clear-night", "precipIntensity": 0, "precipProbability": 0, "temperature": 39.45, "apparentTemperature": 39.45, "dewPoint": 26.93, "humidity": 0.6, "pressure": 1025.88, "windSpeed": 0.01, "windGust": 0.14, "windBearing": 359, "cloudCover": 0, "uvIndex": 0, "visibility": 10}, {"time": 1459321200, "summary": "Clear", "icon": "clear-night", "precipIntensity": 0, "precipProbability": 0, "temperature": 37.41, "apparentTemperature": 37.41, "dewPoint": 27.05, "humidity": 0.66, "pressure": 1026.09, "windSpeed": 0, "windGust": 0.15, "cloudCover": 0, "uvIndex": 0, "visibility": 10}, {"time": 1459324800, "summary": "Clear", "icon": "clear-night", "precipIntensity": 0, "precipProbability": 0, "temperature": 36.22, "apparentTemperature": 36.22, "dewPoint": 26.23, "humidity": 0.67, "pressure": 1026.46, "windSpeed": 0.03, "windGust": 0.33, "windBearing": 0, "cloudCover": 0, "uvIndex": 0, "visibility": 10}, {"time": 1459328400, "summary": "Clear", "icon": "clear-night", "precipIntensity": 0, "precipProbability": 0, "temperature": 35.68, "apparentTemperature": 35.68, "dewPoint": 25.3, "humidity": 0.66, "pressure": 1026.9, "windSpeed": 0.03, "windGust": 0.13, "windBearing": 68, "cloudCover": 0.02, "uvIndex": 0, "visibility": 8.42}, {"time": 1459332000, "summary": "Clear", "icon": "clear-night", "precipIntensity": 0, "precipProbability": 0, "temperature": 34.1, "apparentTemperature": 34.1, "dewPoint": 24.6, "humidity": 0.68, "pressure": 1027.7, "windSpeed": 0.03, "windGust": 0.09, "windBearing": 11, "cloudCover": 0.12, "uvIndex": 0, "visibility": 9.15}, {"time": 1459335600, "summary": "Clear", "icon": "clear-night", "precipIntensity": 0, "precipProbability": 0, "temperature": 33.08, "apparentTemperature": 33.08, "dewPoint": 24.07, "humidity": 0.69, "pressure": 1028.52, "windSpeed": 0, "windGust": 0.08, "cloudCover": 0.11, "uvIndex": 0, "visibility": 10}, {"time": 1459339200, "summary": "Clear", "icon": "clear-day", "precipIntensity": 0, "precipProbability": 0, "temperature": 35.44, "apparentTemperature": 35.44, "dewPoint": 25.72, "humidity": 0.67, "pressure": 1029.39, "windSpeed": 0, "windGust": 0.07, "cloudCover": 0.11, "uvIndex": 0, "visibility": 10}, {"time": 1459342800, "summary": "Clear", "icon": "clear-day", "precipIntensity": 0, "precipProbability": 0, "temperature": 44.27, "apparentTemperature": 44.27, "dewPoint": 25.11, "humidity": 0.47, "pressure": 1029.81, "windSpeed": 1.02, "windGust": 4.53, "windBearing": 134, "cloudCover": 0.06, "uvIndex": 1, "visibility": 7.97}, {"time": 1459346400, "summary": "Clear", "icon": "clear-day", "precipIntensity": 0, "precipProbability": 0, "temperature": 48.23, "apparentTemperature": 48.23, "dewPoint": 22.41, "humidity": 0.36, "pressure": 1029.45, "windSpeed": 2.36, "windGust": 6.76, "windBearing": 137, "cloudCover": 0.01, "uvIndex": 3, "visibility": 7.89}, {"time": 1459350000, "summary": "Clear", "icon": "clear-day", "precipIntensity": 0, "precipProbability": 0, "temperature": 51.14, "apparentTemperature": 51.14, "dewPoint": 22.49, "humidity": 0.32, "pressure": 1028.97, "windSpeed": 2.04, "windGust": 7.17, "windBearing": 144, "cloudCover": 0, "uvIndex": 5, "visibility": 7.9}, {"time": 1459353600, "summary": "Clear", "icon": "clear-day", "precipIntensity": 0, "precipProbability": 0, "temperature": 54.17, "apparentTemperature": 54.17, "dewPoint": 23.39, "humidity": 0.3, "pressure": 1028.47, "windSpeed": 2.5, "windGust": 7.87, "windBearing": 163, "cloudCover": 0.01, "uvIndex": 7, "visibility": 9.14}, {"time": 1459357200, "summary": "Clear", "icon": "clear-day", "precipIntensity": 0, "precipProbability": 0, "temperature": 57, "apparentTemperature": 57, "dewPoint": 24.72, "humidity": 0.29, "pressure": 1027.16, "windSpeed": 2.68, "windGust": 8.96, "windBearing": 182, "cloudCover": 0.13, "uvIndex": 7, "visibility": 9.48}, {"time": 1459360800, "summary": "Clear", "icon": "clear-day", "precipIntensity": 0, "precipProbability": 0, "temperature": 59.24, "apparentTemperature": 59.24, "dewPoint": 26.26, "humidity": 0.28, "pressure": 1026.39, "windSpeed": 3.3, "windGust": 10.39, "windBearing": 173, "cloudCover": 0.16, "uvIndex": 7, "visibility": 9}, {"time": 1459364400, "summary": "Clear", "icon": "clear-day", "precipIntensity": 0, "precipProbability": 0, "temperature": 61.08, "apparentTemperature": 61.08, "dewPoint": 28.54, "humidity": 0.29, "pressure": 1025.57, "windSpeed": 3.45, "windGust": 10.7, "windBearing": 177, "cloudCover": 0.2, "uvIndex": 5, "visibility": 9}, {"time": 1459368000, "summary": "Clear", "icon": "clear-day", "precipIntensity": 0, "precipProbability": 0, "temperature": 62.26, "apparentTemperature": 62.26, "dewPoint": 30.02, "humidity": 0.29, "pressure": 1024.24, "windSpeed": 3.61, "windGust": 12.34, "windBearing": 178, "cloudCover": 0.03, "uvIndex": 4, "visibility": 8.59}, {"time": 1459371600, "summary": "Clear", "icon": "clear-day", "precipIntensity": 0, "precipProbability": 0, "temperature": 62.78, "apparentTemperature": 62.78, "dewPoint": 30.87, "humidity": 0.3, "pressure": 1023.24, "windSpeed": 4.24, "windGust": 12.59, "windBearing": 167, "cloudCover": 0.15, "uvIndex": 2, "visibility": 9.48}, {"time": 1459375200, "summary": "Clear", "icon": "clear-day", "precipIntensity": 0, "precipProbability": 0, "temperature": 61.45, "apparentTemperature": 61.45, "dewPoint": 32.91, "humidity": 0.34, "pressure": 1022.45, "windSpeed": 3.63, "windGust": 12.08, "windBearing": 161, "cloudCover": 0.03, "uvIndex": 1, "visibility": 9}, {"time": 1459378800, "summary": "Clear", "icon": "clear-day", "precipIntensity": 0, "precipProbability": 0, "temperature": 58.48, "apparentTemperature": 58.48, "dewPoint": 34.91, "humidity": 0.41, "pressure": 1021.66, "windSpeed": 3.46, "windGust": 10.68, "windBearing": 154, "cloudCover": 0.18, "uvIndex": 0, "visibility": 8.72}, {"time": 1459382400, "summary": "Partly Cloudy", "icon": "partly-cloudy-night", "precipIntensity": 0, "precipProbability": 0, "temperature": 55.97, "apparentTemperature": 55.97, "dewPoint": 36.15, "humidity": 0.47, "pressure": 1021.74, "windSpeed": 2.27, "windGust": 7.9, "windBearing": 149, "cloudCover": 0.32, "uvIndex": 0, "visibility": 8.7}, {"time": 1459386000, "summary": "Clear", "icon": "clear-night", "precipIntensity": 0, "precipProbability": 0, "temperature": 54.2, "apparentTemperature": 54.2, "dewPoint": 36.41, "humidity": 0.51, "pressure": 1022.44, "windSpeed": 2.5, "windGust": 8.3, "windBearing": 156, "cloudCover": 0.17, "uvIndex": 0, "visibility": 9.05}, {"time": 1459389600, "summary": "Partly Cloudy", "icon": "partly-cloudy-night", "precipIntensity": 0, "precipProbability": 0, "temperature": 53.26, "apparentTemperature": 53.26, "dewPoint": 36.14, "humidity": 0.52, "pressure": 1022.39, "windSpeed": 2.56, "windGust": 8.11, "windBearing": 160, "cloudCover": 0.26, "uvIndex": 0, "visibility": 7.98}, {"time": 1459393200, "summary": "Clear", "icon": "clear-night", "precipIntensity": 0, "precipProbability": 0, "temperature": 52.66, "apparentTemperature": 52.66, "dewPoint": 36.51, "humidity": 0.54, "pressure": 1021.42, "windSpeed": 1.85, "windGust": 6.72, "windBearing": 166, "cloudCover": 0.18, "uvIndex": 0, "visibility": 7.89}]}, "daily": {"data": [{"time": 1459310400, "summary": "Clear throughout the day.", "icon": "clear-day", "sunriseTime": 1459335349, "sunsetTime": 1459380662, "moonPhase": 0.72, "precipIntensity": 0, "precipIntensityMax": 0, "precipProbability": 0, "temperatureHigh": 62.78, "temperatureHighTime": 1459371600, "temperatureLow": 52.43, "temperatureLowTime": 1459396800, "apparentTemperatureHigh": 62.78, "apparentTemperatureHighTime": 1459371600, "apparentTemperatureLow": 52.43, "apparentTemperatureLowTime": 1459396800, "dewPoint": 28.35, "humidity": 0.47, "pressure": 1025.66, "windSpeed": 1.68, "windGust": 12.59, "windGustTime": 1459371600, "windBearing": 163, "cloudCover": 0.1, "uvIndex": 7, "uvIndexTime": 1459353600, "visibility": 8.95, "temperatureMin": 33.08, "temperatureMinTime": 1459335600, "temperatureMax": 62.78, "temperatureMaxTime": 1459371600, "apparentTemperatureMin": 33.08, "apparentTemperatureMinTime": 1459335600, "apparentTemperatureMax": 62.78, "apparentTemperatureMaxTime": 1459371600}]}, "flags": {"sources": ["cmc", "gfs", "hrrr", "icon", "isd", "madis", "nam", "sref"], "nearest-station": 1.106, "units": "us"}, "offset": -4}