{"latitude": 38.912659, "longitude": -77.017669, "timezone": "America/New_York", "currently": {"time": 1457413200, "summary": "Partly Cloudy", "icon": "partly-cloudy-night", "precipIntensity": 0, "precipProbability": 0, "temperature": 54.54, "apparentTemperature": 54.54, "dewPoint": 38.6, "humidity": 0.55, "pressure": 1020, "windSpeed": 0.27, "windGust": 1.32, "windBearing": 213, "cloudCover": 0.51, "uvIndex": 0, "visibility": 8.71}, "hourly": {"summary": "Mostly cloudy until morning.", "icon": "partly-cloudy-night", "data": [{"time": 1457413200, "summary": "Partly Cloudy", "icon": "partly-cloudy-night", "precipIntensity": 0, "precipProbability": 0, "temperature": 54.54, "apparentTemperature": 54.54, "dewPoint": 38.6, "humidity": 0.55, "pressure": 1020, "windSpeed": 0.27, "windGust": 1.32, "windBearing": 213, "cloudCover": 0.51, "uvIndex": 0, "visibility": 8.71}, {"time": 1457416800, "summary": "Overcast", "icon": "cloudy", "precipIntensity": 0, "precipProbability": 0, "temperature": 53.33, "apparentTemperature": 53.33, "dewPoint": 39, "humidity": 0.58, "pressure": 1020.31, "windSpeed": 0.04, "windGust": 0.38, "windBearing": 202, "cloudCover": 1, "uvIndex": 0, "visibility": 8.08}, {"time": 1457420400, "summary": "Overcast", "icon": "cloudy", "precipIntensity": 0, "precipProbability": 0, "temperature": 52.68, "apparentTemperature": 52.68, "dewPoint": 39.39, "humidity": 0.6, "pressure": 1020.5, "windSpeed": 0, "windGust": 0.42, "cloudCover": 1, "uvIndex": 0, "visibility": 7.93}, {"time": 1457424000, "summary": "Overcast", "icon": "cloudy", "precipIntensity": 0, "precipProbability": 0, "temperature": 51.74, "apparentTemperature": 51.74, "dewPoint": 39.79, "humidity": 0.64, "pressure": 1020.05, "windSpeed": 0.02, "windGust": 0.33, "windBearing": 248, "cloudCover": 0.97, "uvIndex": 0, "visibility": 8.09}, {"time": 1457427600, "summary": "Overcast", "icon": "cloudy", "precipIntensity": 0, "precipProbability": 0, "temperature": 51.27, "apparentTemperature": 51.27, "dewPoint": 40.25, "humidity": 0.66, "pressure": 1020.35, "windSpeed": 0, "windGust": 0.73, "cloudCover": 0.94, "uvIndex": 0, "visibility": 7.76}, {"time": 1457431200, "summary": "Partly Cloudy", "icon": "partly-cloudy-night", "precipIntensity": 0, "precipProbability": 0, "temperature": 50.03, "apparentTemperature": 50.03, "dewPoint": 39.43, "humidity": 0.67, "pressure": 1020.58, "windSpeed": 0, "windGust": 0.35, "cloudCover": 0.51, "uvIndex": 0, "visibility": 10}, {"time": 1457434800, "summary": "Partly Cloudy", "icon": "partly-cloudy-night", "precipIntensity": 0, "precipProbability": 0, "temperature": 47.66, "apparentTemperature": 47.66, "dewPoint": 38.67, "humidity": 0.71, "pressure": 1020.97, "windSpeed": 0.01, "windGust": 0.18, "windBearing": 270, "cloudCover": 0.49, "uvIndex": 0, "visibility": 8.54}, {"time": 1457438400, "summary": "Partly Cloudy", "icon": "partly-cloudy-day", "precipIntensity": 0, "precipProbability": 0, "temperature": 46.89, "apparentTemperature": 46.89, "dewPoint": 38.73, "humidity": 0.73, "pressure": 1021.75, "windSpeed": 0, "windGust": 0.09, "cloudCover": 0.46, "uvIndex": 0, "visibility": 10}, {"time": 1457442000, "summary": "Partly Cloudy", "icon": "partly-cloudy-day", "precipIntensity": 0, "precipProbability": 0, "temperature": 52.17, "apparentTemperature": 52.17, "dewPoint": 41.06, "humidity": 0.66, "pressure": 1022.03, "windSpeed": 0.06, "windGust": 0.68, "windBearing": 254, "cloudCover": 0.44, "uvIndex": 1, "visibility": 8.6}, {"time": 1457445600, "summary": "Partly Cloudy", "icon": "partly-cloudy-day", "precipIntensity": 0, "precipProbability": 0, "temperature": 57.51, "apparentTemperature": 57.51, "dewPoint": 42.31, "humidity": 0.57, "pressure": 1022.28, "windSpeed": 0.06, "windGust": 0.97, "windBearing": 258, "cloudCover": 0.45, "uvIndex": 2, "visibility": 9.44}, {"time": 1457449200, "summary": "Partly Cloudy", "icon": "partly-cloudy-day", "precipIntensity": 0, "precipProbability": 0, "temperature": 62.47, "apparentTemperature": 62.47, "dewPoint": 40.82, "humidity": 0.45, "pressure": 1022.31, "windSpeed": 0.28, "windGust": 1.56, "windBearing": 270, "cloudCover": 0.26, "uvIndex": 3, "visibility": 8.21}, {"time": 1457452800, "summary": "Clear", "icon": "clear-day", "precipIntensity": 0, "precipProbability": 0, "temperature": 68.62, "apparentTemperature": 68.62, "dewPoint": 37.9, "humidity": 0.32, "pressure": 1022.31, "windSpeed": 0.92, "windGust": 4.39, "windBearing": 283, "cloudCover": 0.13, "uvIndex": 5, "visibility": 6.89}, {"time": 1457456400, "summary": "Partly Cloudy", "icon": "partly-cloudy-day", "precipIntensity": 0, "precipProbability": 0, "temperature": 72.81, "apparentTemperature": 72.81, "dewPoint": 38.08, "humidity": 0.28, "pressure": 1021.87, "windSpeed": 2.73, "windGust": 8.63, "windBearing": 300, "cloudCover": 0.25, "uvIndex": 5, "visibility": 8.67}, {"time": 1457460000, "summary": "Clear", "icon": "clear-day", "precipIntensity": 0, "precipProbability": 0, "temperature": 74.99, "apparentTemperature": 74.99, "dewPoint": 38.53, "humidity": 0.27, "pressure": 1020.82, "windSpeed": 1.96, "windGust": 7.55, "windBearing": 299, "cloudCover": 0.1, "uvIndex": 5, "visibility": 8.15}, {"time": 1457463600, "summary": "Partly Cloudy", "icon": "partly-cloudy-day", "precipIntensity": 0, "precipProbability": 0, "temperature": 76.75, "apparentTemperature": 76.75, "dewPoint": 39.05, "humidity": 0.26, "pressure": 1020.05, "windSpeed": 2.5, "windGust": 8.06, "windBearing": 278, "cloudCover": 0.25, "uvIndex": 4, "visibility": 8.26}, {"time": 1457467200, "summary": "Clear", "icon": "clear-day", "precipIntensity": 0, "precipProbability": 0, "temperature": 77.67, "apparentTemperature": 77.67, "dewPoint": 39.31, "humidity": 0.25, "pressure": 1019.66, "windSpeed": 1.51, "windGust": 7.79, "windBearing": 249, "cloudCover": 0.11, "uvIndex": 3, "visibility": 7.17}, {"time": 1457470800, "summary": "Clear", "icon": "clear-day", "precipIntensity": 0, "precipProbability": 0, "temperature": 77.86, "apparentTemperature": 77.86, "dewPoint": 39.07, "humidity": 0.25, "pressure": 1019.11, "windSpeed": 2.14, "windGust": 7.52, "windBearing": 239, "cloudCover": 0.17, "uvIndex": 1, "visibility": 7.49}, {"time": 1457474400, "summary": "Clear", "icon": "clear-day", "precipIntensity": 0, "precipProbability": 0, "temperature": 76.6, "apparentTemperature": 76.6, "dewPoint": 38.8, "humidity": 0.26, "pressure": 1019.12, "windSpeed": 1.48, "windGust": 6.31, "windBearing": 219, "cloudCover": 0.11, "uvIndex": 0, "visibility": 9.45}, {"time": 1457478000, "summary": "Clear", "icon": "clear-day", "precipIntensity": 0, "precipProbability": 0, "temperature": 73.35, "apparentTemperature": 73.35, "dewPoint": 38.83, "humidity": 0.29, "pressure": 1019.31, "windSpeed": 0.55, "windGust": 2.91, "windBearing": 185, "cloudCover": 0.06, "uvIndex": 0, "visibility": 8.59}, {"time": 1457481600, "summary": "Partly Cloudy", "icon": "partly-cloudy-night", "precipIntensity": 0, "precipProbability": 0, "temperature": 67.29, "apparentTemperature": 67.29, "dewPoint": 39.07, "humidity": 0.36, "pressure": 1019.62, "windSpeed": 0.27, "windGust": 0.53, "windBearing": 160, "cloudCover": 0.25, "uvIndex": 0, "visibility": 10}, {"time": 1457485200, "summary": "Clear", "icon": "clear-night", "precipIntensity": 0, "precipProbability": 0, "temperature": 63.55, "apparentTemperature": 63.55, "dewPoint": 39.16, "humidity": 0.41, "pressure": 1019.72, "windSpeed": 0.4, "windGust": 1.13, "windBearing": 172, "cloudCover": 0.14, "uvIndex": 0, "visibility": 10}, {"time": 1457488800, "summary": "Clear", "icon": "clear-night", "precipIntensity": 0, "precipProbability": 0, "temperature": 62.49, "apparentTemperature": 62.49, "dewPoint": 38.87, "humidity": 0.42, "pressure": 1019.87, "windSpeed": 0.38, "windGust": 1.59, "windBearing": 172, "cloudCover": 0.23, "uvIndex": 0, "visibility": 10}, {"time": 1457492400, "summary": "Clear", "icon": "clear-night", "precipIntensity": 0, "precipProbability": 0, "temperature": 60.72, "apparentTemperature": 60.72, "dewPoint": 38.7, "humidity": 0.44, "pressure": 1019.71, "windSpeed": 0.26, "windGust": 2.05, "windBearing": 172, "cloudCover": 0.08, "uvIndex": 0, "visibility": 7.89}, {"time": 1457496000, "summary": "Partly Cloudy", "icon": "partly-cloudy-night", "precipIntensity": 0, "precipProbability": 0, "temperature": 58.73, "apparentTemperature": 58.73, "dewPoint": 38.7, "humidity": 0.47, "pressure": 1019.16, "windSpeed": 0.4, "windGust": 1.69, "windBearing": 167, "cloudCover": 0.35, "uvIndex": 0, "visibility": 9.26}]}, "daily": {"data": [{"time": 1457413200, "summary": "Partly cloudy in the morning.", "icon": "partly-cloudy-day", "sunriseTime": 1457436625, "sunsetTime": 1457478582, "moonPhase": 0.99, "precipIntensity": 0, "precipIntensityMax": 0, "precipProbability": 0, "temperatureHigh": 77.86, "temperatureHighTime": 1457470800, "temperatureLow": 44.04, "temperatureLowTime": 1457524800, "apparentTemperatureHigh": 77.86, "apparentTemperatureHighTime": 1457470800, "apparentTemperatureLow": 44.04, "apparentTemperatureLowTime": 1457524800, "dewPoint": 39.25, "humidity": 0.46, "pressure": 1020.48, "windSpeed": 0.51, "windGust": 8.63, "windGustTime": 1457456400, "windBearing": 258, "cloudCover": 0.39, "uvIndex": 5, "uvIndexTime": 1457452800, "visibility": 8.63, "temperatureMin": 46.89, "temperatureMinTime": 1457438400, "temperatureMax": 77.86, "temperatureMaxTime": 1457470800, "apparentTemperatureMin": 46.89, "apparentTemperatureMinTime": 1457438400, "apparentTemperatureMax": 77.86, "apparentTemperatureMaxTime": 1457470800}]}, "flags": {"sources": ["cmc", "gfs", "hrrr", "icon", "isd", "madis", "nam", "sref"], "nearest-station": 1.106, "units": "us"}, "offset": -5}