{"latitude": 38.912659, "longitude": -77.017669, "timezone": "America/New_York", "currently": {"time": 1420088400, "summary": "Clear", "icon": "clear-night", "precipIntensity": 0, "precipProbability": 0, "temperature": 23.89, "apparentTemperature": 23.89, "dewPoint": 14.97, "humidity": 0.68, "pressure": 1024.41, "windSpeed": 0.01, "windGust": 0.35, "windBearing": 257, "cloudCover": 0, "uvIndex": 0, "visibility": 8.3}, "hourly": {"summary": "Clear throughout the day.", "icon": "clear-day", "data": [{"time": 1420088400, "summary": "Clear", "icon": "clear-night", "precipIntensity": 0, "precipProbability": 0, "temperature": 23.89, "apparentTemperature": 23.89, "dewPoint": 14.97, "humidity": 0.68, "pressure": 1024.41, "windSpeed": 0.01, "windGust": 0.35, "windBearing": 257, "cloudCover": 0, "uvIndex": 0, "visibility": 8.3}, {"time": 1420092000, "summary": "Clear", "icon": "clear-night", "precipIntensity": 0, "precipProbability": 0, "temperature": 23.39, "apparentTemperature": 23.39, "dewPoint": 15.02, "humidity": 0.7, "pressure": 1024.07, "windSpeed": 0.01, "windGust": 0.76, "windBearing": 270, "cloudCover": 0.07, "uvIndex": 0, "visibility": 8.18}, {"time": 1420095600, "summary": "Clear", "icon": "clear-night", "precipIntensity": 0, "precipProbability": 0, "temperature": 23.37, "apparentTemperature": 23.37, "dewPoint": 14.85, "humidity": 0.69, "pressure": 1023.88, "windSpeed": 0.05, "windGust": 0.35, "windBearing": 215, "cloudCover": 0, "uvIndex": 0, "visibility": 8.33}, {"time": 1420099200, "summary": "Clear", "icon": "clear-night", "precipIntensity": 0, "precipProbability": 0, "temperature": 23.45, "apparentTemperature": 23.45, "dewPoint": 14.25, "humidity": 0.67, "pressure": 1023.52, "windSpeed": 0.11, "windGust": 0.63, "windBearing": 229, "cloudCover": 0, "uvIndex": 0, "visibility": 9.2}, {"time": 1420102800, "summary": "Clear", "icon": "clear-night", "precipIntensity": 0, "precipProbability": 0, "temperature": 23.61, "apparentTemperature": 23.61, "dewPoint": 13.75, "humidity": 0.65, "pressure": 1023.21, "windSpeed": 0.12, "windGust": 1.12, "windBearing": 206, "cloudCover": 0, "uvIndex": 0, "visibility": 8.51}, {"time": 1420106400, "summary": "Clear", "icon": "clear-night", "precipIntensity": 0, "precipProbability": 0, "temperature": 24.17, "apparentTemperature": 24.17, "dewPoint": 13.46, "humidity": 0.63, "pressure": 1023.05, "windSpeed": 0.19, "windGust": 0.84, "windBearing": 216, "cloudCover": 0, "uvIndex": 0, "visibility": 8.37}, {"time": 1420110000, "summary": "Clear", "icon": "clear-night", "precipIntensity": 0, "precipProbability": 0, "temperature": 23.87, "apparentTemperature": 23.87, "dewPoint": 13.9, "humidity": 0.65, "pressure": 1023.36, "windSpeed": 0.11, "windGust": 0.98, "windBearing": 225, "cloudCover": 0, "uvIndex": 0, "visibility": 7.82}, {"time": 1420113600, "summary": "Clear", "icon": "clear-night", "precipIntensity": 0, "precipProbability": 0, "temperature": 22.62, "apparentTemperature": 22.62, "dewPoint": 13.89, "humidity": 0.69, "pressure": 1023.13, "windSpeed": 0.03, "windGust": 0.34, "windBearing": 201, "cloudCover": 0.13, "uvIndex": 0, "visibility": 10}, {"time": 1420117200, "summary": "Partly Cloudy", "icon": "partly-cloudy-day", "precipIntensity": 0, "precipProbability": 0, "temperature": 22.87, "apparentTemperature": 22.87, "dewPoint": 14.36, "humidity": 0.69, "pressure": 1023.56, "windSpeed": 0.04, "windGust": 0.38, "windBearing": 186, "cloudCover": 0.27, "uvIndex": 0, "visibility": 8.33}, {"time": 1420120800, "summary": "Clear", "icon": "clear-day", "precipIntensity": 0, "precipProbability": 0, "temperature": 28.69, "apparentTemperature": 28.69, "dewPoint": 17.46, "humidity": 0.62, "pressure": 1024.44, "windSpeed": 0.94, "windGust": 2.93, "windBearing": 232, "cloudCover": 0.14, "uvIndex": 0, "visibility": 8.93}, {"time": 1420124400, "summary": "Clear", "icon": "clear-day", "precipIntensity": 0, "precipProbability": 0, "temperature": 33.28, "apparentTemperature": 33.28, "dewPoint": 18.26, "humidity": 0.54, "pressure": 1024.3, "windSpeed": 2.61, "windGust": 6.74, "windBearing": 226, "cloudCover": 0.12, "uvIndex": 1, "visibility": 7.95}, {"time": 1420128000, "summary": "Clear", "icon": "clear-day", "precipIntensity": 0, "precipProbability": 0, "temperature": 37.3, "apparentTemperature": 37.3, "dewPoint": 18.25, "humidity": 0.46, "pressure": 1023.19, "windSpeed": 2.93, "windGust": 8.6, "windBearing": 229, "cloudCover": 0.14, "uvIndex": 2, "visibility": 7.93}, {"time": 1420131600, "summary": "Clear", "icon": "clear-day", "precipIntensity": 0, "precipProbability": 0, "temperature": 39.95, "apparentTemperature": 37.39, "dewPoint": 17.58, "humidity": 0.4, "pressure": 1021.83, "windSpeed": 3.86, "windGust": 10.6, "windBearing": 223, "cloudCover": 0.06, "uvIndex": 2, "visibility": 7.93}, {"time": 1420135200, "summary": "Clear", "icon": "clear-day", "precipIntensity": 0, "precipProbability": 0, "temperature": 41.66, "apparentTemperature": 39.48, "dewPoint": 16.88, "humidity": 0.36, "pressure": 1019.84, "windSpeed": 3.73, "windGust": 11.24, "windBearing": 223, "cloudCover": 0.03, "uvIndex": 2, "visibility": 7.15}, {"time": 1420138800, "summary": "Clear", "icon": "clear-day", "precipIntensity": 0, "precipProbability": 0, "temperature": 42.67, "apparentTemperature": 40.37, "dewPoint": 16.91, "humidity": 0.35, "pressure": 1019.21, "windSpeed": 4.04, "windGust": 11.33, "windBearing": 236, "cloudCover": 0.08, "uvIndex": 1, "visibility": 8.32}, {"time": 1420142400, "summary": "Clear", "icon": "clear-day", "precipIntensity": 0, "precipProbability": 0, "temperature": 42.58, "apparentTemperature": 40.03, "dewPoint": 17.05, "humidity": 0.35, "pressure": 1018.84, "windSpeed": 4.33, "windGust": 10.45, "windBearing": 229, "cloudCover": 0.21, "uvIndex": 1, "visibility": 8.33}, {"time": 1420146000, "summary": "Clear", "icon": "clear-day", "precipIntensity": 0, "precipProbability": 0, "temperature": 42.62, "apparentTemperature": 40.8, "dewPoint": 17.81, "humidity": 0.36, "pressure": 1018.84, "windSpeed": 3.51, "windGust": 9.63, "windBearing": 226, "cloudCover": 0.21, "uvIndex": 0, "visibility": 7.91}, {"time": 1420149600, "summary": "Clear", "icon": "clear-night", "precipIntensity": 0, "precipProbability": 0, "temperature": 41.43, "apparentTemperature": 41.43, "dewPoint": 18.44, "humidity": 0.39, "pressure": 1018.82, "windSpeed": 1.41, "windGust": 4.32, "windBearing": 209, "cloudCover": 0.19, "uvIndex": 0, "visibility": 8.19}, {"time": 1420153200, "summary": "Clear", "icon": "clear-night", "precipIntensity": 0, "precipProbability": 0, "temperature": 38.94, "apparentTemperature": 38.94, "dewPoint": 19.01, "humidity": 0.44, "pressure": 1018.36, "windSpeed": 0.6, "windGust": 1.77, "windBearing": 199, "cloudCover": 0.11, "uvIndex": 0, "visibility": 7.41}, {"time": 1420156800, "summary": "Clear", "icon": "clear-night", "precipIntensity": 0, "precipProbability": 0, "temperature": 37.63, "apparentTemperature": 37.63, "dewPoint": 19.81, "humidity": 0.48, "pressure": 1018.48, "windSpeed": 1.01, "windGust": 2.58, "windBearing": 202, "cloudCover": 0.12, "uvIndex": 0, "visibility": 7.53}, {"time": 1420160400, "summary": "Clear", "icon": "clear-night", "precipIntensity": 0, "precipProbability": 0, "temperature": 37.8, "apparentTemperature": 37.8, "dewPoint": 20.59, "humidity": 0.49, "pressure": 1018.23, "windSpeed": 0.97, "windGust": 3.13, "windBearing": 205, "cloudCover": 0.08, "uvIndex": 0, "visibility": 6.93}, {"time": 1420164000, "summary": "Clear", "icon": "clear-night", "precipIntensity": 0, "precipProbability": 0, "temperature": 37.61, "apparentTemperature": 37.61, "dewPoint": 21.51, "humidity": 0.52, "pressure": 1018.25, "windSpeed": 1.45, "windGust": 4.7, "windBearing": 214, "cloudCover": 0.14, "uvIndex": 0, "visibility": 7.41}, {"time": 1420167600, "summary": "Clear", "icon": "clear-night", "precipIntensity": 0, "precipProbability": 0, "temperature": 37.46, "apparentTemperature": 37.46, "dewPoint": 22.44, "humidity": 0.54, "pressure": 1018.76, "windSpeed": 0.91, "windGust": 3.5, "windBearing": 219, "cloudCover": 0.23, "uvIndex": 0, "visibility": 7.55}, {"time": 1420171200, "summary": "Partly Cloudy", "icon": "partly-cloudy-night", "precipIntensity": 0, "precipProbability": 0, "temperature": 36.99, "apparentTemperature": 36.99, "dewPoint": 23.11, "humidity": 0.57, "pressure": 1018.9, "windSpeed": 0.4, "windGust": 1.51, "windBearing": 247, "cloudCover": 0.29, "uvIndex": 0, "visibility": 6.05}]}, "daily": {"data": [{"time": 1420088400, "summary": "Clear throughout the day.", "icon": "clear-day", "sunriseTime": 1420115277, "sunsetTime": 1420149457, "moonPhase": 0.39, "precipIntensity": 0, "precipIntensityMax": 0, "precipProbability": 0, "temperatureHigh": 42.67, "temperatureHighTime": 1420138800, "temperatureLow": 31.28, "temperatureLowTime": 1420203600, "apparentTemperatureHigh": 41.43, "apparentTemperatureHighTime": 1420149600, "apparentTemperatureLow": 31.28, "apparentTemperatureLowTime": 1420203600, "dewPoint": 17.23, "humidity": 0.54, "pressure": 1021.35, "windSpeed": 1.37, "windGust": 11.33, "windGustTime": 1420138800, "windBearing": 224, "cloudCover": 0.11, "uvIndex": 2, "uvIndexTime": 1420128000, "visibility": 8.02, "temperatureMin": 22.62, "temperatureMinTime": 1420113600, "temperatureMax": 42.67, "temperatureMaxTime": 1420138800, "apparentTemperatureMin": 22.62, "apparentTemperatureMinTime": 1420113600, "apparentTemperatureMax": 41.43, "apparentTemperatureMaxTime": 1420149600}]}, "flags": {"sources": ["cmc", "gfs", "hrrr", "icon", "isd", "madis", "nam", "sref"], "nearest-station": 0.675, "units": "us"}, "offset": -5}