{"latitude": 38.912659, "longitude": -77.017669, "timezone": "America/New_York", "currently": {"time": 1447131600, "summary": "Rain", "icon": "rain", "precipIntensity": 0.0797, "precipProbability": 0.88, "precipType": "rain", "temperature": 50.01, "apparentTemperature": 50.01, "dewPoint": 47.99, "humidity": 0.93, "pressure": 1021.47, "windSpeed": 0.47, "windGust": 2.09, "windBearing": 67, "cloudCover": 1, "uvIndex": 0, "visibility": 3.24}, "hourly": {"summary": "Rain overnight.", "icon": "rain", "data": [{"time": 1447131600, "summary": "Rain", "icon": "rain", "precipIntensity": 0.0797, "precipProbability": 0.88, "precipType": "rain", "temperature": 50.01, "apparentTemperature": 50.01, "dewPoint": 47.99, "humidity": 0.93, "pressure": 1021.47, "windSpeed": 0.47, "windGust": 2.09, "windBearing": 67, "cloudCover": 1, "uvIndex": 0, "visibility": 3.24}, {"time": 1447135200, "summary": "Rain", "icon": "rain", "precipIntensity": 0.0568, "precipProbability": 0.84, "precipType": "rain", "temperature": 50.99, "apparentTemperature": 50.99, "dewPoint": 49.01, "humidity": 0.93, "pressure": 1020.71, "windSpeed": 0.56, "windGust": 2.33, "windBearing": 18, "cloudCover": 1, "uvIndex": 0, "visibility": 4.2}, {"time": 1447138800, "summary": "Light Rain", "icon": "rain", "precipIntensity": 0.0379, "precipProbability": 0.85, "precipType": "rain", "temperature": 51.48, "apparentTemperature": 51.48, "dewPoint": 49.6, "humidity": 0.93, "pressure": 1020.13, "windSpeed": 0.88, "windGust": 3.1, "windBearing": 13, "cloudCover": 1, "uvIndex": 0, "visibility": 5.42}, {"time": 1447142400, "summary": "Overcast", "icon": "cloudy", "precipIntensity": 0.0092, "precipProbability": 0.58, "precipType": "rain", "temperature": 51.79, "apparentTemperature": 51.79, "dewPoint": 50.03, "humidity": 0.94, "pressure": 1019.36, "windSpeed": 1.15, "windGust": 3.22, "windBearing": 23, "cloudCover": 1, "uvIndex": 0, "visibility": 5.17}, {"time": 1447146000, "summary": "Overcast", "icon": "cloudy", "precipIntensity": 0.0043, "precipProbability": 0.56, "precipType": "rain", "temperature": 52.7, "apparentTemperature": 52.7, "dewPoint": 50.97, "humidity": 0.94, "pressure": 1018.17, "windSpeed": 1.32, "windGust": 3.74, "windBearing": 27, "cloudCover": 1, "uvIndex": 0, "visibility": 3.5}, {"time": 1447149600, "summary": "Overcast", "icon": "cloudy", "precipIntensity": 0.0047, "precipProbability": 0.54, "precipType": "rain", "temperature": 53.8, "apparentTemperature": 53.8, "dewPoint": 52.08, "humidity": 0.94, "pressure": 1016.9, "windSpeed": 2.02, "windGust": 4.98, "windBearing": 37, "cloudCover": 1, "uvIndex": 0, "visibility": 3.43}, {"time": 1447153200, "summary": "Overcast", "icon": "cloudy", "precipIntensity": 0.0023, "precipProbability": 0.45, "precipType": "rain", "temperature": 54.75, "apparentTemperature": 54.75, "dewPoint": 53.07, "humidity": 0.94, "pressure": 1016.41, "windSpeed": 1.54, "windGust": 3.8, "windBearing": 27, "cloudCover": 1, "uvIndex": 0, "visibility": 4.89}, {"time": 1447156800, "summary": "Overcast", "icon": "cloudy", "precipIntensity": 0.0033, "precipProbability": 0.5, "precipType": "rain", "temperature": 55.54, "apparentTemperature": 55.54, "dewPoint": 53.7, "humidity": 0.94, "pressure": 1015.92, "windSpeed": 1.47, "windGust": 4.14, "windBearing": 30, "cloudCover": 1, "uvIndex": 0, "visibility": 2.76}, {"time": 1447160400, "summary": "Overcast", "icon": "cloudy", "precipIntensity": 0.007, "precipProbability": 0.67, "precipType": "rain", "temperature": 55.89, "apparentTemperature": 55.89, "dewPoint": 54.07, "humidity": 0.94, "pressure": 1015.51, "windSpeed": 1.45, "windGust": 4.26, "windBearing": 29, "cloudCover": 1, "uvIndex": 0, "visibility": 2.31}, {"time": 1447164000, "summary": "Foggy", "icon": "fog", "precipIntensity": 0.0058, "precipProbability": 0.63, "precipType": "rain", "temperature": 56.47, "apparentTemperature": 56.47, "dewPoint": 54.62, "humidity": 0.94, "pressure": 1014.92, "windSpeed": 1.46, "windGust": 4.37, "windBearing": 19, "cloudCover": 1, "uvIndex": 1, "visibility": 1.99}, {"time": 1447167600, "summary": "Foggy", "icon": "fog", "precipIntensity": 0.0041, "precipProbability": 0.6, "precipType": "rain", "temperature": 57.02, "apparentTemperature": 57.02, "dewPoint": 55.23, "humidity": 0.94, "pressure": 1014.34, "windSpeed": 1.51, "windGust": 4.23, "windBearing": 21, "cloudCover": 1, "uvIndex": 2, "visibility": 1.97}, {"time": 1447171200, "summary": "Overcast", "icon": "cloudy", "precipIntensity": 0.01, "precipProbability": 0.79, "precipType": "rain", "temperature": 57.73, "apparentTemperature": 57.73, "dewPoint": 56.09, "humidity": 0.94, "pressure": 1013.66, "windSpeed": 1.44, "windGust": 3.82, "windBearing": 21, "cloudCover": 1, "uvIndex": 2, "visibility": 2.02}, {"time": 1447174800, "summary": "Overcast", "icon": "cloudy", "precipIntensity": 0.0066, "precipProbability": 0.63, "precipType": "rain", "temperature": 59.02, "apparentTemperature": 59.03, "dewPoint": 57.2, "humidity": 0.94, "pressure": 1012.18, "windSpeed": 1.72, "windGust": 4.93, "windBearing": 29, "cloudCover": 1, "uvIndex": 2, "visibility": 2.38}, {"time": 1447178400, "summary": "Overcast", "icon": "cloudy", "precipIntensity": 0.0017, "precipProbability": 0.37, "precipType": "rain", "temperature": 59.39, "apparentTemperature": 59.43, "dewPoint": 57.55, "humidity": 0.94, "pressure": 1011.03, "windSpeed": 1.1, "windGust": 4.06, "windBearing": 21, "cloudCover": 1, "uvIndex": 2, "visibility": 2.15}, {"time": 1447182000, "summary": "Foggy", "icon": "fog", "precipIntensity": 0.0043, "precipProbability": 0.56, "precipType": "rain", "temperature": 58.74, "apparentTemperature": 58.74, "dewPoint": 56.94, "humidity": 0.94, "pressure": 1010.62, "windSpeed": 0.9, "windGust": 3.74, "windBearing": 339, "cloudCover": 1, "uvIndex": 1, "visibility": 1.43}, {"time": 1447185600, "summary": "Foggy", "icon": "fog", "precipIntensity": 0.0073, "precipProbability": 0.67, "precipType": "rain", "temperature": 57.71, "apparentTemperature": 57.71, "dewPoint": 55.89, "humidity": 0.94, "pressure": 1010.19, "windSpeed": 1.5, "windGust": 4.94, "windBearing": 329, "cloudCover": 1, "uvIndex": 1, "visibility": 1.88}, {"time": 1447189200, "summary": "Foggy", "icon": "fog", "precipIntensity": 0.006, "precipProbability": 0.59, "precipType": "rain", "temperature": 55.83, "apparentTemperature": 55.83, "dewPoint": 54.37, "humidity": 0.95, "pressure": 1010.22, "windSpeed": 2.56, "windGust": 6.85, "windBearing": 316, "cloudCover": 1, "uvIndex": 0, "visibility": 1.98}, {"time": 1447192800, "summary": "Overcast", "icon": "cloudy", "precipIntensity": 0.0076, "precipProbability": 0.64, "precipType": "rain", "temperature": 54.93, "apparentTemperature": 54.93, "dewPoint": 53.3, "humidity": 0.94, "pressure": 1010.03, "windSpeed": 2.17, "windGust": 6.51, "windBearing": 316, "cloudCover": 1, "uvIndex": 0, "visibility": 2.83}, {"time": 1447196400, "summary": "Overcast", "icon": "cloudy", "precipIntensity": 0.0085, "precipProbability": 0.69, "precipType": "rain", "temperature": 54.87, "apparentTemperature": 54.87, "dewPoint": 53.11, "humidity": 0.94, "pressure": 1010.2, "windSpeed": 3, "windGust": 7.88, "windBearing": 316, "cloudCover": 1, "uvIndex": 0, "visibility": 4.29}, {"time": 1447200000, "summary": "Overcast", "icon": "cloudy", "precipIntensity": 0.0045, "precipProbability": 0.54, "precipType": "rain", "temperature": 55.02, "apparentTemperature": 55.02, "dewPoint": 53.14, "humidity": 0.93, "pressure": 1010.27, "windSpeed": 3.01, "windGust": 8.47, "windBearing": 318, "cloudCover": 0.97, "uvIndex": 0, "visibility": 7.54}, {"time": 1447203600, "summary": "Overcast", "icon": "cloudy", "precipIntensity": 0.0012, "precipProbability": 0.21, "precipType": "rain", "temperature": 55.03, "apparentTemperature": 55.03, "dewPoint": 53.05, "humidity": 0.93, "pressure": 1010.4, "windSpeed": 2.73, "windGust": 7.73, "windBearing": 312, "cloudCover": 0.94, "uvIndex": 0, "visibility": 8.1}, {"time": 1447207200, "summary": "Overcast", "icon": "cloudy", "precipIntensity": 0, "precipProbability": 0, "temperature": 54.96, "apparentTemperature": 54.96, "dewPoint": 52.62, "humidity": 0.92, "pressure": 1010.28, "windSpeed": 2.81, "windGust": 7.33, "windBearing": 313, "cloudCover": 0.95, "uvIndex": 0, "visibility": 7.78}, {"time": 1447210800, "summary": "Overcast", "icon": "cloudy", "precipIntensity": 0, "precipProbability": 0, "temperature": 55.11, "apparentTemperature": 55.11, "dewPoint": 51.85, "humidity": 0.89, "pressure": 1010.41, "windSpeed": 4, "windGust": 10.08, "windBearing": 306, "cloudCover": 1, "uvIndex": 0, "visibility": 8.59}, {"time": 1447214400, "summary": "Overcast", "icon": "cloudy", "precipIntensity": 0, "precipProbability": 0, "temperature": 54.9, "apparentTemperature": 54.9, "dewPoint": 50.43, "humidity": 0.85, "pressure": 1010.34, "windSpeed": 4.97, "windGust": 12.2, "windBearing": 302, "cloudCover": 1, "uvIndex": 0, "visibility": 7.69}]}, "daily": {"data": [{"time": 1447131600, "summary": "Foggy in the afternoon.", "icon": "fog", "sunriseTime": 1447155992, "sunsetTime": 1447192807, "moonPhase": 0.97, "precipIntensity": 0.0114, "precipIntensityMax": 0.0797, "precipIntensityMaxTime": 1447131600, "precipProbability": 0.88, "precipType": "rain", "temperatureHigh": 59.39, "temperatureHighTime": 1447178400, "temperatureLow": 51.9, "temperatureLowTime": 1447243200, "apparentTemperatureHigh": 59.43, "apparentTemperatureHighTime": 1447178400, "apparentTemperatureLow": 51.9, "apparentTemperatureLowTime": 1447243200, "dewPoint": 53.16, "humidity": 0.93, "pressure": 1013.9, "windSpeed": 1.53, "windGust": 12.2, "windGustTime": 1447214400, "windBearing": 341, "cloudCover": 0.99, "uvIndex": 2, "uvIndexTime": 1447167600, "visibility": 4.06, "temperatureMin": 50.01, "temperatureMinTime": 1447131600, "temperatureMax": 59.39, "temperatureMaxTime": 1447178400, "apparentTemperatureMin": 50.01, "apparentTemperatureMinTime": 1447131600, "apparentTemperatureMax": 59.43, "apparentTemperatureMaxTime": 1447178400}]}, "flags": {"sources": ["cmc", "gfs", "hrrr", "icon", "isd", "madis", "nam", "sref"], "nearest-station": 1.106, "units": "us"}, "offset": -5}