{"latitude": 38.912659, "longitude": -77.017669, "timezone": "America/New_York", "currently": {"time": 1430193600, "summary": "Clear", "icon": "clear-night", "precipIntensity": 0, "precipProbability": 0, "temperature": 49.27, "apparentTemperature": 48.2, "dewPoint": 37.98, "humidity": 0.65, "pressure": 1012.19, "windSpeed": 3.78, "windGust": 9.93, "windBearing": 312, "cloudCover": 0.12, "uvIndex": 0, "visibility": 7.46}, "hourly": {"summary": "Partly cloudy starting overnight, continuing until evening.", "icon": "partly-cloudy-day", "data": [{"time": 1430193600, "summary": "Clear", "icon": "clear-night", "precipIntensity": 0, "precipProbability": 0, "temperature": 49.27, "apparentTemperature": 48.2, "dewPoint": 37.98, "humidity": 0.65, "pressure": 1012.19, "windSpeed": 3.78, "windGust": 9.93, "windBearing": 312, "cloudCover": 0.12, "uvIndex": 0, "visibility": 7.46}, {"time": 1430197200, "summary": "Clear", "icon": "clear-night", "precipIntensity": 0, "precipProbability": 0, "temperature": 48.09, "apparentTemperature": 46.87, "dewPoint": 37.44, "humidity": 0.66, "pressure": 1012.45, "windSpeed": 3.74, "windGust": 9.83, "windBearing": 304, "cloudCover": 0.21, "uvIndex": 0, "visibility": 8.19}, {"time": 1430200800, "summary": "Partly Cloudy", "icon": "partly-cloudy-night", "precipIntensity": 0, "precipProbability": 0, "temperature": 47.38, "apparentTemperature": 46.07, "dewPoint": 36.91, "humidity": 0.67, "pressure": 1012.23, "windSpeed": 3.71, "windGust": 9.34, "windBearing": 303, "cloudCover": 0.5, "uvIndex": 0, "visibility": 8.25}, {"time": 1430204400, "summary": "Partly Cloudy", "icon": "partly-cloudy-night", "precipIntensity": 0, "precipProbability": 0, "temperature": 46.88, "apparentTemperature": 45.55, "dewPoint": 36.47, "humidity": 0.67, "pressure": 1011.83, "windSpeed": 3.65, "windGust": 8.92, "windBearing": 311, "cloudCover": 0.42, "uvIndex": 0, "visibility": 7.55}, {"time": 1430208000, "summary": "Mostly Cloudy", "icon": "partly-cloudy-night", "precipIntensity": 0, "precipProbability": 0, "temperature": 46.75, "apparentTemperature": 45.79, "dewPoint": 36.42, "humidity": 0.67, "pressure": 1011.72, "windSpeed": 3.22, "windGust": 7.7, "windBearing": 315, "cloudCover": 0.76, "uvIndex": 0, "visibility": 7.04}, {"time": 1430211600, "summary": "Partly Cloudy", "icon": "partly-cloudy-night", "precipIntensity": 0, "precipProbability": 0, "temperature": 46.21, "apparentTemperature": 46.21, "dewPoint": 36.48, "humidity": 0.69, "pressure": 1011.54, "windSpeed": 2.24, "windGust": 6.15, "windBearing": 309, "cloudCover": 0.33, "uvIndex": 0, "visibility": 8.07}, {"time": 1430215200, "summary": "Mostly Cloudy", "icon": "partly-cloudy-night", "precipIntensity": 0, "precipProbability": 0, "temperature": 46.08, "apparentTemperature": 46.08, "dewPoint": 36.88, "humidity": 0.7, "pressure": 1012.09, "windSpeed": 2.23, "windGust": 5.49, "windBearing": 302, "cloudCover": 0.61, "uvIndex": 0, "visibility": 8.2}, {"time": 1430218800, "summary": "Mostly Cloudy", "icon": "partly-cloudy-day", "precipIntensity": 0, "precipProbability": 0, "temperature": 46.47, "apparentTemperature": 46.47, "dewPoint": 37.35, "humidity": 0.7, "pressure": 1012.66, "windSpeed": 2.04, "windGust": 5.64, "windBearing": 304, "cloudCover": 0.62, "uvIndex": 0, "visibility": 8.4}, {"time": 1430222400, "summary": "Clear", "icon": "clear-day", "precipIntensity": 0, "precipProbability": 0, "temperature": 49.17, "apparentTemperature": 48.38, "dewPoint": 38.78, "humidity": 0.67, "pressure": 1013.26, "windSpeed": 3.4, "windGust": 8.89, "windBearing": 315, "cloudCover": 0.05, "uvIndex": 1, "visibility": 8.33}, {"time": 1430226000, "summary": "Clear", "icon": "clear-day", "precipIntensity": 0, "precipProbability": 0, "temperature": 53.23, "apparentTemperature": 53.23, "dewPoint": 40.25, "humidity": 0.61, "pressure": 1013.3, "windSpeed": 4.37, "windGust": 11.29, "windBearing": 327, "cloudCover": 0.05, "uvIndex": 2, "visibility": 9.05}, {"time": 1430229600, "summary": "Clear", "icon": "clear-day", "precipIntensity": 0, "precipProbability": 0, "temperature": 56.65, "apparentTemperature": 56.65, "dewPoint": 41.23, "humidity": 0.56, "pressure": 1013.18, "windSpeed": 4.36, "windGust": 11.75, "windBearing": 325, "cloudCover": 0.01, "uvIndex": 5, "visibility": 9.1}, {"time": 1430233200, "summary": "Clear", "icon": "clear-day", "precipIntensity": 0, "precipProbability": 0, "temperature": 60.03, "apparentTemperature": 60.03, "dewPoint": 41.83, "humidity": 0.51, "pressure": 1012.98, "windSpeed": 3.87, "windGust": 11.25, "windBearing": 328, "cloudCover": 0.05, "uvIndex": 7, "visibility": 8.57}, {"time": 1430236800, "summary": "Clear", "icon": "clear-day", "precipIntensity": 0, "precipProbability": 0, "temperature": 62.76, "apparentTemperature": 62.76, "dewPoint": 42.13, "humidity": 0.47, "pressure": 1012.79, "windSpeed": 3.73, "windGust": 12.2, "windBearing": 336, "cloudCover": 0.1, "uvIndex": 8, "visibility": 8.2}, {"time": 1430240400, "summary": "Partly Cloudy", "icon": "partly-cloudy-day", "precipIntensity": 0, "precipProbability": 0, "temperature": 64.87, "apparentTemperature": 64.87, "dewPoint": 42.32, "humidity": 0.44, "pressure": 1012.24, "windSpeed": 3.73, "windGust": 11.52, "windBearing": 341, "cloudCover": 0.45, "uvIndex": 7, "visibility": 8.39}, {"time": 1430244000, "summary": "Mostly Cloudy", "icon": "partly-cloudy-day", "precipIntensity": 0, "precipProbability": 0, "temperature": 66.23, "apparentTemperature": 66.23, "dewPoint": 41.89, "humidity": 0.41, "pressure": 1011.68, "windSpeed": 3.34, "windGust": 11.22, "windBearing": 341, "cloudCover": 0.68, "uvIndex": 6, "visibility": 8.57}, {"time": 1430247600, "summary": "Mostly Cloudy", "icon": "partly-cloudy-day", "precipIntensity": 0, "precipProbability": 0, "temperature": 67.28, "apparentTemperature": 67.28, "dewPoint": 41.8, "humidity": 0.4, "pressure": 1011.5, "windSpeed": 3.69, "windGust": 10.98, "windBearing": 334, "cloudCover": 0.64, "uvIndex": 5, "visibility": 8.44}, {"time": 1430251200, "summary": "Mostly Cloudy", "icon": "partly-cloudy-day", "precipIntensity": 0, "precipProbability": 0, "temperature": 68, "apparentTemperature": 68, "dewPoint": 41.53, "humidity": 0.38, "pressure": 1010.59, "windSpeed": 3.46, "windGust": 10.31, "windBearing": 333, "cloudCover": 0.7, "uvIndex": 4, "visibility": 8.32}, {"time": 1430254800, "summary": "Partly Cloudy", "icon": "partly-cloudy-day", "precipIntensity": 0, "precipProbability": 0, "temperature": 68.6, "apparentTemperature": 68.6, "dewPoint": 40.94, "humidity": 0.37, "pressure": 1010.32, "windSpeed": 3.64, "windGust": 10.1, "windBearing": 330, "cloudCover": 0.55, "uvIndex": 2, "visibility": 8.63}, {"time": 1430258400, "summary": "Partly Cloudy", "icon": "partly-cloudy-day", "precipIntensity": 0, "precipProbability": 0, "temperature": 68.92, "apparentTemperature": 68.92, "dewPoint": 40.89, "humidity": 0.36, "pressure": 1009.88, "windSpeed": 3.21, "windGust": 9.75, "windBearing": 336, "cloudCover": 0.45, "uvIndex": 1, "visibility": 8.46}, {"time": 1430262000, "summary": "Clear", "icon": "clear-day", "precipIntensity": 0, "precipProbability": 0, "temperature": 68.11, "apparentTemperature": 68.11, "dewPoint": 40.48, "humidity": 0.36, "pressure": 1009.69, "windSpeed": 2.37, "windGust": 7.27, "windBearing": 326, "cloudCover": 0.12, "uvIndex": 0, "visibility": 9.46}, {"time": 1430265600, "summary": "Clear", "icon": "clear-night", "precipIntensity": 0, "precipProbability": 0, "temperature": 65.3, "apparentTemperature": 65.3, "dewPoint": 41.06, "humidity": 0.41, "pressure": 1009.65, "windSpeed": 0.36, "windGust": 1.4, "windBearing": 302, "cloudCover": 0.04, "uvIndex": 0, "visibility": 8.12}, {"time": 1430269200, "summary": "Clear", "icon": "clear-night", "precipIntensity": 0, "precipProbability": 0, "temperature": 60.21, "apparentTemperature": 60.21, "dewPoint": 42.42, "humidity": 0.52, "pressure": 1009.88, "windSpeed": 0.09, "windGust": 0.32, "windBearing": 273, "cloudCover": 0, "uvIndex": 0, "visibility": 7.51}, {"time": 1430272800, "summary": "Clear", "icon": "clear-night", "precipIntensity": 0, "precipProbability": 0, "temperature": 56.89, "apparentTemperature": 56.89, "dewPoint": 42.42, "humidity": 0.58, "pressure": 1010.3, "windSpeed": 0.25, "windGust": 0.4, "windBearing": 270, "cloudCover": 0, "uvIndex": 0, "visibility": 8.01}, {"time": 1430276400, "summary": "Clear", "icon": "clear-night", "precipIntensity": 0, "precipProbability": 0, "temperature": 55.37, "apparentTemperature": 55.37, "dewPoint": 41.9, "humidity": 0.6, "pressure": 1010.27, "windSpeed": 0.26, "windGust": 0.99, "windBearing": 273, "cloudCover": 0, "uvIndex": 0, "visibility": 5.77}]}, "daily": {"data": [{"time": 1430193600, "summary": "Partly cloudy starting in the afternoon, continuing until evening.", "icon": "partly-cloudy-day", "sunriseTime": 1430216105, "sunsetTime": 1430265502, "moonPhase": 0.33, "precipIntensity": 0, "precipIntensityMax": 0, "precipProbability": 0, "temperatureHigh": 68.92, "temperatureHighTime": 1430258400, "temperatureLow": 46.75, "temperatureLowTime": 1430301600, "apparentTemperatureHigh": 68.92, "apparentTemperatureHighTime": 1430258400, "apparentTemperatureLow": 46.75, "apparentTemperatureLowTime": 1430301600, "dewPoint": 39.91, "humidity": 0.54, "pressure": 1011.59, "windSpeed": 2.78, "windGust": 12.2, "windGustTime": 1430236800, "windBearing": 322, "cloudCover": 0.31, "uvIndex": 8, "uvIndexTime": 1430236800, "visibility": 8.17, "temperatureMin": 46.08, "temperatureMinTime": 1430215200, "temperatureMax": 68.92, "temperatureMaxTime": 1430258400, "apparentTemperatureMin": 45.55, "apparentTemperatureMinTime": 1430204400, "apparentTemperatureMax": 68.92, "apparentTemperatureMaxTime": 1430258400}]}, "flags": {"sources": ["cmc", "gfs", "hrrr", "icon", "isd", "madis", "nam", "sref"], "nearest-station": 0.675, "units": "us"}, "offset": -4}