{"latitude": 38.912659, "longitude": -77.017669, "timezone": "America/New_York", "currently": {"time": 1453179600, "summary": "Clear", "icon": "clear-night", "precipIntensity": 0, "precipProbability": 0, "temperature": 14.96, "apparentTemperature": 7.35, "dewPoint": -0.1, "humidity": 0.5, "pressure": 1023.9, "windSpeed": 4.77, "windGust": 12.26, "windBearing": 298, "cloudCover": 0, "uvIndex": 0, "visibility": 9.47}, "hourly": {"summary": "Clear throughout the day.", "icon": "clear-day", "data": [{"time": 1453179600, "summary": "Clear", "icon": "clear-night", "precipIntensity": 0, "precipProbability": 0, "temperature": 14.96, "apparentTemperature": 7.35, "dewPoint": -0.1, "humidity": 0.5, "pressure": 1023.9, "windSpeed": 4.77, "windGust": 12.26, "windBearing": 298, "cloudCover": 0, "uvIndex": 0, "visibility": 9.47}, {"time": 1453183200, "summary": "Clear", "icon": "clear-night", "precipIntensity": 0, "precipProbability": 0, "temperature": 14.73, "apparentTemperature": 6.91, "dewPoint": -0.21, "humidity": 0.51, "pressure": 1023.93, "windSpeed": 4.9, "windGust": 12.61, "windBearing": 296, "cloudCover": 0, "uvIndex": 0, "visibility": 9.48}, {"time": 1453186800, "summary": "Clear", "icon": "clear-night", "precipIntensity": 0, "precipProbability": 0, "temperature": 14.64, "apparentTemperature": 6.76, "dewPoint": -0.52, "humidity": 0.5, "pressure": 1024.02, "windSpeed": 4.94, "windGust": 13.23, "windBearing": 291, "cloudCover": 0, "uvIndex": 0, "visibility": 8.99}, {"time": 1453190400, "summary": "Clear", "icon": "clear-night", "precipIntensity": 0, "precipProbability": 0, "temperature": 14.52, "apparentTemperature": 7.1, "dewPoint": -0.58, "humidity": 0.5, "pressure": 1024.27, "windSpeed": 4.57, "windGust": 13.15, "windBearing": 298, "cloudCover": 0, "uvIndex": 0, "visibility": 9.48}, {"time": 1453194000, "summary": "Clear", "icon": "clear-night", "precipIntensity": 0, "precipProbability": 0, "temperature": 14.33, "apparentTemperature": 6.79, "dewPoint": -0.5, "humidity": 0.51, "pressure": 1024.02, "windSpeed": 4.63, "windGust": 12.68, "windBearing": 301, "cloudCover": 0, "uvIndex": 0, "visibility": 8.62}, {"time": 1453197600, "summary": "Clear", "icon": "clear-night", "precipIntensity": 0, "precipProbability": 0, "temperature": 14.22, "apparentTemperature": 6.66, "dewPoint": -0.41, "humidity": 0.51, "pressure": 1024.4, "windSpeed": 4.64, "windGust": 11.96, "windBearing": 296, "cloudCover": 0, "uvIndex": 0, "visibility": 8.59}, {"time": 1453201200, "summary": "Clear", "icon": "clear-night", "precipIntensity": 0, "precipProbability": 0, "temperature": 14.11, "apparentTemperature": 6.32, "dewPoint": -0.04, "humidity": 0.52, "pressure": 1024.83, "windSpeed": 4.79, "windGust": 12.65, "windBearing": 299, "cloudCover": 0, "uvIndex": 0, "visibility": 9}, {"time": 1453204800, "summary": "Clear", "icon": "clear-night", "precipIntensity": 0, "precipProbability": 0, "temperature": 13.99, "apparentTemperature": 6.09, "dewPoint": 0.19, "humidity": 0.53, "pressure": 1025.51, "windSpeed": 4.87, "windGust": 12.47, "windBearing": 296, "cloudCover": 0, "uvIndex": 0, "visibility": 9.47}, {"time": 1453208400, "summary": "Clear", "icon": "clear-day", "precipIntensity": 0, "precipProbability": 0, "temperature": 14.33, "apparentTemperature": 6.41, "dewPoint": 0.48, "humidity": 0.53, "pressure": 1025.79, "windSpeed": 4.92, "windGust": 12.72, "windBearing": 292, "cloudCover": 0, "uvIndex": 0, "visibility": 9.48}, {"time": 1453212000, "summary": "Clear", "icon": "clear-day", "precipIntensity": 0, "precipProbability": 0, "temperature": 16.1, "apparentTemperature": 7.94, "dewPoint": 0.82, "humidity": 0.5, "pressure": 1026.05, "windSpeed": 5.4, "windGust": 15.01, "windBearing": 304, "cloudCover": 0, "uvIndex": 0, "visibility": 10}, {"time": 1453215600, "summary": "Clear", "icon": "clear-day", "precipIntensity": 0, "precipProbability": 0, "temperature": 18.47, "apparentTemperature": 9.73, "dewPoint": 1.64, "humidity": 0.47, "pressure": 1026.5, "windSpeed": 6.41, "windGust": 15.61, "windBearing": 301, "cloudCover": 0, "uvIndex": 1, "visibility": 9.52}, {"time": 1453219200, "summary": "Clear", "icon": "clear-day", "precipIntensity": 0, "precipProbability": 0, "temperature": 20.68, "apparentTemperature": 12.83, "dewPoint": 2.3, "humidity": 0.44, "pressure": 1026.54, "windSpeed": 5.92, "windGust": 16.88, "windBearing": 301, "cloudCover": 0.02, "uvIndex": 2, "visibility": 9.52}, {"time": 1453222800, "summary": "Clear", "icon": "clear-day", "precipIntensity": 0, "precipProbability": 0, "temperature": 22.61, "apparentTemperature": 14.24, "dewPoint": 2.89, "humidity": 0.42, "pressure": 1026.35, "windSpeed": 6.93, "windGust": 17.06, "windBearing": 294, "cloudCover": 0.05, "uvIndex": 2, "visibility": 8.62}, {"time": 1453226400, "summary": "Clear", "icon": "clear-day", "precipIntensity": 0, "precipProbability": 0, "temperature": 24.18, "apparentTemperature": 16.1, "dewPoint": 3.23, "humidity": 0.4, "pressure": 1025.98, "windSpeed": 6.97, "windGust": 17.14, "windBearing": 300, "cloudCover": 0.03, "uvIndex": 2, "visibility": 8.63}, {"time": 1453230000, "summary": "Clear", "icon": "clear-day", "precipIntensity": 0, "precipProbability": 0, "temperature": 25.12, "apparentTemperature": 17.39, "dewPoint": 3.29, "humidity": 0.38, "pressure": 1025.66, "windSpeed": 6.77, "windGust": 17.6, "windBearing": 302, "cloudCover": 0.01, "uvIndex": 2, "visibility": 8.62}, {"time": 1453233600, "summary": "Clear", "icon": "clear-day", "precipIntensity": 0, "precipProbability": 0, "temperature": 25.71, "apparentTemperature": 18.28, "dewPoint": 3.67, "humidity": 0.38, "pressure": 1025.41, "windSpeed": 6.55, "windGust": 17.14, "windBearing": 303, "cloudCover": 0.01, "uvIndex": 1, "visibility": 8.21}, {"time": 1453237200, "summary": "Clear", "icon": "clear-day", "precipIntensity": 0, "precipProbability": 0, "temperature": 25.7, "apparentTemperature": 18.02, "dewPoint": 4.01, "humidity": 0.39, "pressure": 1025.67, "windSpeed": 6.85, "windGust": 16.66, "windBearing": 295, "cloudCover": 0, "uvIndex": 0, "visibility": 9.05}, {"time": 1453240800, "summary": "Clear", "icon": "clear-day", "precipIntensity": 0, "precipProbability": 0, "temperature": 24.62, "apparentTemperature": 18.08, "dewPoint": 4.09, "humidity": 0.41, "pressure": 1026.31, "windSpeed": 5.32, "windGust": 14.83, "windBearing": 295, "cloudCover": 0, "uvIndex": 0, "visibility": 9}, {"time": 1453244400, "summary": "Clear", "icon": "clear-night", "precipIntensity": 0, "precipProbability": 0, "temperature": 23.33, "apparentTemperature": 16.95, "dewPoint": 4.61, "humidity": 0.44, "pressure": 1026.87, "windSpeed": 4.95, "windGust": 13.1, "windBearing": 301, "cloudCover": 0, "uvIndex": 0, "visibility": 9.48}, {"time": 1453248000, "summary": "Clear", "icon": "clear-night", "precipIntensity": 0, "precipProbability": 0, "temperature": 22.66, "apparentTemperature": 16.46, "dewPoint": 4.85, "humidity": 0.46, "pressure": 1027.47, "windSpeed": 4.68, "windGust": 12.69, "windBearing": 292, "cloudCover": 0, "uvIndex": 0, "visibility": 10}, {"time": 1453251600, "summary": "Clear", "icon": "clear-night", "precipIntensity": 0, "precipProbability": 0, "temperature": 21.86, "apparentTemperature": 15.71, "dewPoint": 5.04, "humidity": 0.48, "pressure": 1027.86, "windSpeed": 4.52, "windGust": 12.54, "windBearing": 303, "cloudCover": 0, "uvIndex": 0, "visibility": 9}, {"time": 1453255200, "summary": "Clear", "icon": "clear-night", "precipIntensity": 0, "precipProbability": 0, "temperature": 20.91, "apparentTemperature": 14.36, "dewPoint": 4.94, "humidity": 0.49, "pressure": 1027.74, "windSpeed": 4.73, "windGust": 11.89, "windBearing": 306, "cloudCover": 0, "uvIndex": 0, "visibility": 10}, {"time": 1453258800, "summary": "Clear", "icon": "clear-night", "precipIntensity": 0, "precipProbability": 0, "temperature": 20.31, "apparentTemperature": 14.67, "dewPoint": 5.26, "humidity": 0.51, "pressure": 1027.91, "windSpeed": 3.94, "windGust": 10.6, "windBearing": 303, "cloudCover": 0, "uvIndex": 0, "visibility": 10}, {"time": 1453262400, "summary": "Clear", "icon": "clear-night", "precipIntensity": 0, "precipProbability": 0, "temperature": 19.76, "apparentTemperature": 14.54, "dewPoint": 5.52, "humidity": 0.53, "pressure": 1028.45, "windSpeed": 3.58, "windGust": 9.26, "windBearing": 304, "cloudCover": 0, "uvIndex": 0, "visibility": 10}]}, "daily": {"data": [{"time": 1453179600, "summary": "Clear throughout the day.", "icon": "clear-day", "sunriseTime": 1453206283, "sunsetTime": 1453241694, "moonPhase": 0.35, "precipIntensity": 0, "precipIntensityMax": 0, "precipProbability": 0, "temperatureHigh": 25.71, "temperatureHighTime": 1453233600, "temperatureLow": 17.49, "temperatureLowTime": 1453291200, "apparentTemperatureHigh": 18.28, "apparentTemperatureHighTime": 1453233600, "apparentTemperatureLow": 13.81, "apparentTemperatureLowTime": 1453280400, "dewPoint": 2.27, "humidity": 0.47, "pressure": 1025.89, "windSpeed": 5.26, "windGust": 17.6, "windGustTime": 1453230000, "windBearing": 299, "cloudCover": 0, "uvIndex": 2, "uvIndexTime": 1453219200, "visibility": 9.26, "temperatureMin": 13.99, "temperatureMinTime": 1453204800, "temperatureMax": 25.71, "temperatureMaxTime": 1453233600, "apparentTemperatureMin": 6.09, "apparentTemperatureMinTime": 1453204800, "apparentTemperatureMax": 18.28, "apparentTemperatureMaxTime": 1453233600}]}, "flags": {"sources": ["cmc", "gfs", "hrrr", "icon", "isd", "madis", "nam", "sref"], "nearest-station": 1.106, "units": "us"}, "offset": -5}