{"latitude": 38.912659, "longitude": -77.017669, "timezone": "America/New_York", "currently": {"time": 1453698000, "summary": "Clear", "icon": "clear-night", "precipIntensity": 0, "precipProbability": 0, "temperature": 18.42, "apparentTemperature": 18.42, "dewPoint": 13.55, "humidity": 0.81, "pressure": 1021.98, "windSpeed": 0, "windGust": 0, "cloudCover": 0.19, "uvIndex": 0, "visibility": 7.33}, "hourly": {"summary": "Partly cloudy starting in the evening.", "icon": "partly-cloudy-night", "data": [{"time": 1453698000, "summary": "Clear", "icon": "clear-night", "precipIntensity": 0, "precipProbability": 0, "temperature": 18.42, "apparentTemperature": 18.42, "dewPoint": 13.55, "humidity": 0.81, "pressure": 1021.98, "windSpeed": 0, "windGust": 0, "cloudCover": 0.19, "uvIndex": 0, "visibility": 7.33}, {"time": 1453701600, "summary": "Clear", "icon": "clear-night", "precipIntensity": 0, "precipProbability": 0, "temperature": 17.32, "apparentTemperature": 17.32, "dewPoint": 12.48, "humidity": 0.81, "pressure": 1021.86, "windSpeed": 0, "windGust": 0.09, "cloudCover": 0.09, "uvIndex": 0, "visibility": 6.56}, {"time": 1453705200, "summary": "Clear", "icon": "clear-night", "precipIntensity": 0, "precipProbability": 0, "temperature": 16.63, "apparentTemperature": 16.63, "dewPoint": 12.02, "humidity": 0.82, "pressure": 1022.36, "windSpeed": 0, "windGust": 0.06, "cloudCover": 0, "uvIndex": 0, "visibility": 7.45}, {"time": 1453708800, "summary": "Clear", "icon": "clear-night", "precipIntensity": 0, "precipProbability": 0, "temperature": 15.76, "apparentTemperature": 15.76, "dewPoint": 11.39, "humidity": 0.82, "pressure": 1022.57, "windSpeed": 0, "windGust": 0, "cloudCover": 0, "uvIndex": 0, "visibility": 6.34}, {"time": 1453712400, "summary": "Clear", "icon": "clear-night", "precipIntensity": 0, "precipProbability": 0, "temperature": 15.16, "apparentTemperature": 15.16, "dewPoint": 10.8, "humidity": 0.82, "pressure": 1022.59, "windSpeed": 0, "windGust": 0.04, "cloudCover": 0.03, "uvIndex": 0, "visibility": 5.58}, {"time": 1453716000, "summary": "Clear", "icon": "clear-night", "precipIntensity": 0, "precipProbability": 0, "temperature": 14.61, "apparentTemperature": 14.61, "dewPoint": 10.6, "humidity": 0.84, "pressure": 1023.24, "windSpeed": 0, "windGust": 0.02, "cloudCover": 0.02, "uvIndex": 0, "visibility": 6.5}, {"time": 1453719600, "summary": "Partly Cloudy", "icon": "partly-cloudy-night", "precipIntensity": 0, "precipProbability": 0, "temperature": 14.48, "apparentTemperature": 14.48, "dewPoint": 10.54, "humidity": 0.84, "pressure": 1023.93, "windSpeed": 0, "windGust": 0.07, "cloudCover": 0.45, "uvIndex": 0, "visibility": 5.63}, {"time": 1453723200, "summary": "Partly Cloudy", "icon": "partly-cloudy-night", "precipIntensity": 0, "precipProbability": 0, "temperature": 14.69, "apparentTemperature": 14.69, "dewPoint": 10.53, "humidity": 0.83, "pressure": 1024.33, "windSpeed": 0, "windGust": 0.05, "cloudCover": 0.38, "uvIndex": 0, "visibility": 6.35}, {"time": 1453726800, "summary": "Partly Cloudy", "icon": "partly-cloudy-day", "precipIntensity": 0, "precipProbability": 0, "temperature": 15.98, "apparentTemperature": 15.98, "dewPoint": 12.03, "humidity": 0.84, "pressure": 1024.85, "windSpeed": 0, "windGust": 0.12, "cloudCover": 0.54, "uvIndex": 0, "visibility": 6.52}, {"time": 1453730400, "summary": "Partly Cloudy", "icon": "partly-cloudy-day", "precipIntensity": 0, "precipProbability": 0, "temperature": 21.47, "apparentTemperature": 21.47, "dewPoint": 15.89, "humidity": 0.79, "pressure": 1025.68, "windSpeed": 0.01, "windGust": 0.22, "windBearing": 356, "cloudCover": 0.48, "uvIndex": 1, "visibility": 8.08}, {"time": 1453734000, "summary": "Partly Cloudy", "icon": "partly-cloudy-day", "precipIntensity": 0, "precipProbability": 0, "temperature": 29.62, "apparentTemperature": 29.62, "dewPoint": 20.76, "humidity": 0.69, "pressure": 1026.49, "windSpeed": 0.16, "windGust": 1.58, "windBearing": 71, "cloudCover": 0.33, "uvIndex": 1, "visibility": 7.67}, {"time": 1453737600, "summary": "Clear", "icon": "clear-day", "precipIntensity": 0.0011, "precipProbability": 0.17, "precipAccumulation": 0.009, "precipType": "snow", "temperature": 33.99, "apparentTemperature": 33.99, "dewPoint": 22.09, "humidity": 0.61, "pressure": 1026.44, "windSpeed": 0.46, "windGust": 2.81, "windBearing": 93, "cloudCover": 0.09, "uvIndex": 2, "visibility": 7.68}, {"time": 1453741200, "summary": "Clear", "icon": "clear-day", "precipIntensity": 0.0066, "precipProbability": 0.5, "precipType": "rain", "temperature": 37.24, "apparentTemperature": 37.24, "dewPoint": 23.07, "humidity": 0.56, "pressure": 1025.96, "windSpeed": 0.68, "windGust": 3.78, "windBearing": 110, "cloudCover": 0.1, "uvIndex": 3, "visibility": 7.55}, {"time": 1453744800, "summary": "Clear", "icon": "clear-day", "precipIntensity": 0.0111, "precipProbability": 0.59, "precipType": "rain", "temperature": 39.67, "apparentTemperature": 39.67, "dewPoint": 23.55, "humidity": 0.52, "pressure": 1025.06, "windSpeed": 0.77, "windGust": 4.21, "windBearing": 117, "cloudCover": 0.05, "uvIndex": 3, "visibility": 7.79}, {"time": 1453748400, "summary": "Clear", "icon": "clear-day", "precipIntensity": 0.0128, "precipProbability": 0.62, "precipType": "rain", "temperature": 40.72, "apparentTemperature": 40.72, "dewPoint": 23.66, "humidity": 0.5, "pressure": 1024.34, "windSpeed": 0.72, "windGust": 4.01, "windBearing": 117, "cloudCover": 0.11, "uvIndex": 2, "visibility": 8.4}, {"time": 1453752000, "summary": "Clear", "icon": "clear-day", "precipIntensity": 0.0126, "precipProbability": 0.57, "precipType": "rain", "temperature": 41.27, "apparentTemperature": 41.27, "dewPoint": 24.29, "humidity": 0.51, "pressure": 1023.96, "windSpeed": 1, "windGust": 4.41, "windBearing": 129, "cloudCover": 0.24, "uvIndex": 1, "visibility": 8.9}, {"time": 1453755600, "summary": "Clear", "icon": "clear-day", "precipIntensity": 0.0071, "precipProbability": 0.43, "precipType": "rain", "temperature": 41.2, "apparentTemperature": 41.2, "dewPoint": 24.45, "humidity": 0.51, "pressure": 1024.21, "windSpeed": 0.53, "windGust": 3.17, "windBearing": 132, "cloudCover": 0.23, "uvIndex": 0, "visibility": 7.34}, {"time": 1453759200, "summary": "Partly Cloudy", "icon": "partly-cloudy-day", "precipIntensity": 0.003, "precipProbability": 0.35, "precipType": "rain", "temperature": 38.37, "apparentTemperature": 38.37, "dewPoint": 24.85, "humidity": 0.58, "pressure": 1024.46, "windSpeed": 0.08, "windGust": 0.47, "windBearing": 136, "cloudCover": 0.26, "uvIndex": 0, "visibility": 8.73}, {"time": 1453762800, "summary": "Partly Cloudy", "icon": "partly-cloudy-night", "precipIntensity": 0.0006, "precipProbability": 0.18, "precipType": "rain", "temperature": 34.43, "apparentTemperature": 34.43, "dewPoint": 24.94, "humidity": 0.68, "pressure": 1024.67, "windSpeed": 0, "windGust": 0.22, "cloudCover": 0.35, "uvIndex": 0, "visibility": 10}, {"time": 1453766400, "summary": "Partly Cloudy", "icon": "partly-cloudy-night", "precipIntensity": 0, "precipProbability": 0, "temperature": 32.33, "apparentTemperature": 32.33, "dewPoint": 25.01, "humidity": 0.74, "pressure": 1024.81, "windSpeed": 0, "windGust": 0.12, "cloudCover": 0.37, "uvIndex": 0, "visibility": 10}, {"time": 1453770000, "summary": "Partly Cloudy", "icon": "partly-cloudy-night", "precipIntensity": 0, "precipProbability": 0, "temperature": 32.09, "apparentTemperature": 32.09, "dewPoint": 25.35, "humidity": 0.76, "pressure": 1024.42, "windSpeed": 0, "windGust": 0.16, "cloudCover": 0.45, "uvIndex": 0, "visibility": 9.91}, {"time": 1453773600, "summary": "Partly Cloudy", "icon": "partly-cloudy-night", "precipIntensity": 0, "precipProbability": 0, "temperature": 31.12, "apparentTemperature": 31.12, "dewPoint": 25.34, "humidity": 0.79, "pressure": 1024.25, "windSpeed": 0.01, "windGust": 0.38, "windBearing": 159, "cloudCover": 0.43, "uvIndex": 0, "visibility": 10}, {"time": 1453777200, "summary": "Partly Cloudy", "icon": "partly-cloudy-night", "precipIntensity": 0, "precipProbability": 0, "temperature": 31.81, "apparentTemperature": 31.81, "dewPoint": 25.95, "humidity": 0.79, "pressure": 1023.71, "windSpeed": 0.06, "windGust": 0.73, "windBearing": 180, "cloudCover": 0.46, "uvIndex": 0, "visibility": 8.08}, {"time": 1453780800, "summary": "Partly Cloudy", "icon": "partly-cloudy-night", "precipIntensity": 0, "precipProbability": 0, "temperature": 33.67, "apparentTemperature": 33.67, "dewPoint": 26.38, "humidity": 0.74, "pressure": 1023.1, "windSpeed": 0.31, "windGust": 1.94, "windBearing": 177, "cloudCover": 0.31, "uvIndex": 0, "visibility": 7.58}]}, "daily": {"data": [{"time": 1453698000, "summary": "Partly cloudy starting in the evening.", "icon": "partly-cloudy-night", "sunriseTime": 1453724475, "sunsetTime": 1453760502, "moonPhase": 0.56, "precipIntensity": 0.0023, "precipIntensityMax": 0.0128, "precipIntensityMaxTime": 1453748400, "precipProbability": 0.62, "precipAccumulation": 0.009, "precipType": "snow", "temperatureHigh": 41.27, "temperatureHighTime": 1453752000, "temperatureLow": 31.12, "temperatureLowTime": 1453773600, "apparentTemperatureHigh": 41.27, "apparentTemperatureHighTime": 1453752000, "apparentTemperatureLow": 31.12, "apparentTemperatureLowTime": 1453773600, "dewPoint": 19.15, "humidity": 0.72, "pressure": 1024.14, "windSpeed": 0.19, "windGust": 4.41, "windGustTime": 1453752000, "windBearing": 121, "cloudCover": 0.25, "uvIndex": 3, "uvIndexTime": 1453741200, "visibility": 7.75, "temperatureMin": 14.48, "temperatureMinTime": 1453719600, "temperatureMax": 41.27, "temperatureMaxTime": 1453752000, "apparentTemperatureMin": 14.48, "apparentTemperatureMinTime": 1453719600, "apparentTemperatureMax": 41.27, "apparentTemperatureMaxTime": 1453752000}]}, "flags": {"sources": ["cmc", "gfs", "hrrr", "icon", "isd", "madis", "nam", "sref"], "nearest-station": 1.106, "units": "us"}, "offset": -5}