{"latitude": 38.912659, "longitude": -77.017669, "timezone": "America/New_York", "currently": {"time": 1426824000, "summary": "Mostly Cloudy", "icon": "partly-cloudy-night", "precipIntensity": 0, "precipProbability": 0, "temperature": 41.35, "apparentTemperature": 41.35, "dewPoint": 23.54, "humidity": 0.49, "pressure": 1025.94, "windSpeed": 0.58, "windGust": 2.58, "windBearing": 121, "cloudCover": 0.71, "uvIndex": 0, "visibility": 6.99}, "hourly": {"summary": "Light rain in the morning and afternoon.", "icon": "rain", "data": [{"time": 1426824000, "summary": "Mostly Cloudy", "icon": "partly-cloudy-night", "precipIntensity": 0, "precipProbability": 0, "temperature": 41.35, "apparentTemperature": 41.35, "dewPoint": 23.54, "humidity": 0.49, "pressure": 1025.94, "windSpeed": 0.58, "windGust": 2.58, "windBearing": 121, "cloudCover": 0.71, "uvIndex": 0, "visibility": 6.99}, {"time": 1426827600, "summary": "Mostly Cloudy", "icon": "partly-cloudy-night", "precipIntensity": 0, "precipProbability": 0, "temperature": 41.52, "apparentTemperature": 41.52, "dewPoint": 24.88, "humidity": 0.51, "pressure": 1025.19, "windSpeed": 0.65, "windGust": 3.05, "windBearing": 113, "cloudCover": 0.67, "uvIndex": 0, "visibility": 7.96}, {"time": 1426831200, "summary": "Mostly Cloudy", "icon": "partly-cloudy-night", "precipIntensity": 0, "precipProbability": 0, "temperature": 41.27, "apparentTemperature": 41.27, "dewPoint": 26.68, "humidity": 0.56, "pressure": 1024.66, "windSpeed": 0.65, "windGust": 2.65, "windBearing": 112, "cloudCover": 0.93, "uvIndex": 0, "visibility": 7.56}, {"time": 1426834800, "summary": "Overcast", "icon": "cloudy", "precipIntensity": 0.0017, "precipProbability": 0.22, "precipType": "rain", "temperature": 40.39, "apparentTemperature": 40.39, "dewPoint": 30.23, "humidity": 0.67, "pressure": 1024.61, "windSpeed": 0.65, "windGust": 1.81, "windBearing": 107, "cloudCover": 1, "uvIndex": 0, "visibility": 7.2}, {"time": 1426838400, "summary": "Overcast", "icon": "cloudy", "precipIntensity": 0.0109, "precipProbability": 0.57, "precipType": "rain", "temperature": 38.66, "apparentTemperature": 38.66, "dewPoint": 32.41, "humidity": 0.78, "pressure": 1024.23, "windSpeed": 0.59, "windGust": 1.48, "windBearing": 102, "cloudCover": 1, "uvIndex": 0, "visibility": 6.54}, {"time": 1426842000, "summary": "Light Rain", "icon": "rain", "precipIntensity": 0.0235, "precipProbability": 0.9, "precipType": "rain", "temperature": 37.31, "apparentTemperature": 37.31, "dewPoint": 33.24, "humidity": 0.85, "pressure": 1023.97, "windSpeed": 0.98, "windGust": 2.34, "windBearing": 102, "cloudCover": 1, "uvIndex": 0, "visibility": 5.13}, {"time": 1426845600, "summary": "Light Rain", "icon": "rain", "precipIntensity": 0.0349, "precipProbability": 0.94, "precipType": "rain", "temperature": 36.33, "apparentTemperature": 36.33, "dewPoint": 33.03, "humidity": 0.88, "pressure": 1024.34, "windSpeed": 1.31, "windGust": 3.22, "windBearing": 120, "cloudCover": 1, "uvIndex": 0, "visibility": 4.34}, {"time": 1426849200, "summary": "Light Rain", "icon": "rain", "precipIntensity": 0.0354, "precipProbability": 0.78, "precipType": "rain", "temperature": 34.94, "apparentTemperature": 34.94, "dewPoint": 32.26, "humidity": 0.9, "pressure": 1024.35, "windSpeed": 0.88, "windGust": 2.58, "windBearing": 117, "cloudCover": 1, "uvIndex": 0, "visibility": 2.69}, {"time": 1426852800, "summary": "Light Snow", "icon": "snow", "precipIntensity": 0.0167, "precipProbability": 0.69, "precipAccumulation": 0.127, "precipType": "snow", "temperature": 34.03, "apparentTemperature": 34.03, "dewPoint": 31.49, "humidity": 0.9, "pressure": 1024.4, "windSpeed": 0.48, "windGust": 1.12, "windBearing": 102, "cloudCover": 1, "uvIndex": 0, "visibility": 1.5}, {"time": 1426856400, "summary": "Foggy", "icon": "fog", "precipIntensity": 0.0072, "precipProbability": 0.48, "precipType": "sleet", "temperature": 33.85, "apparentTemperature": 33.85, "dewPoint": 31.48, "humidity": 0.91, "pressure": 1024.04, "windSpeed": 0.63, "windGust": 1.87, "windBearing": 111, "cloudCover": 1, "uvIndex": 1, "visibility": 1.88}, {"time": 1426860000, "summary": "Foggy", "icon": "fog", "precipIntensity": 0.0067, "precipProbability": 0.51, "precipType": "rain", "temperature": 34, "apparentTemperature": 34, "dewPoint": 31.83, "humidity": 0.92, "pressure": 1023.57, "windSpeed": 0.6, "windGust": 1.68, "windBearing": 101, "cloudCover": 1, "uvIndex": 2, "visibility": 1.52}, {"time": 1426863600, "summary": "Foggy", "icon": "fog", "precipIntensity": 0.0122, "precipProbability": 0.76, "precipType": "rain", "temperature": 34.43, "apparentTemperature": 34.43, "dewPoint": 32.25, "humidity": 0.92, "pressure": 1022.9, "windSpeed": 0.86, "windGust": 3.18, "windBearing": 77, "cloudCover": 1, "uvIndex": 3, "visibility": 1.95}, {"time": 1426867200, "summary": "Light Rain", "icon": "rain", "precipIntensity": 0.0182, "precipProbability": 0.74, "precipType": "rain", "temperature": 34.91, "apparentTemperature": 34.91, "dewPoint": 32.69, "humidity": 0.91, "pressure": 1022.63, "windSpeed": 0.72, "windGust": 2.63, "windBearing": 64, "cloudCover": 1, "uvIndex": 4, "visibility": 1.52}, {"time": 1426870800, "summary": "Light Rain", "icon": "rain", "precipIntensity": 0.0291, "precipProbability": 0.89, "precipType": "rain", "temperature": 34.81, "apparentTemperature": 34.81, "dewPoint": 32.64, "humidity": 0.92, "pressure": 1021.96, "windSpeed": 1.19, "windGust": 3.66, "windBearing": 47, "cloudCover": 1, "uvIndex": 4, "visibility": 1.87}, {"time": 1426874400, "summary": "Light Rain", "icon": "rain", "precipIntensity": 0.0254, "precipProbability": 0.85, "precipType": "rain", "temperature": 34.69, "apparentTemperature": 34.69, "dewPoint": 32.51, "humidity": 0.92, "pressure": 1020.8, "windSpeed": 1.24, "windGust": 4.05, "windBearing": 60, "cloudCover": 1, "uvIndex": 4, "visibility": 2.33}, {"time": 1426878000, "summary": "Light Rain", "icon": "rain", "precipIntensity": 0.0265, "precipProbability": 0.94, "precipType": "rain", "temperature": 34.77, "apparentTemperature": 34.77, "dewPoint": 32.68, "humidity": 0.92, "pressure": 1019.66, "windSpeed": 1.84, "windGust": 4.74, "windBearing": 37, "cloudCover": 1, "uvIndex": 3, "visibility": 3}, {"time": 1426881600, "summary": "Light Rain", "icon": "rain", "precipIntensity": 0.0194, "precipProbability": 0.78, "precipType": "rain", "temperature": 34.84, "apparentTemperature": 34.84, "dewPoint": 32.72, "humidity": 0.92, "pressure": 1019.31, "windSpeed": 2.12, "windGust": 5.07, "windBearing": 32, "cloudCover": 1, "uvIndex": 2, "visibility": 2.79}, {"time": 1426885200, "summary": "Overcast", "icon": "cloudy", "precipIntensity": 0.0147, "precipProbability": 0.68, "precipType": "rain", "temperature": 35.09, "apparentTemperature": 35.09, "dewPoint": 32.91, "humidity": 0.92, "pressure": 1018.93, "windSpeed": 2.52, "windGust": 6.1, "windBearing": 36, "cloudCover": 1, "uvIndex": 1, "visibility": 4.93}, {"time": 1426888800, "summary": "Overcast", "icon": "cloudy", "precipIntensity": 0.0115, "precipProbability": 0.59, "precipType": "rain", "temperature": 35.26, "apparentTemperature": 35.26, "dewPoint": 32.93, "humidity": 0.91, "pressure": 1018.99, "windSpeed": 2.27, "windGust": 6.03, "windBearing": 27, "cloudCover": 1, "uvIndex": 0, "visibility": 7.74}, {"time": 1426892400, "summary": "Overcast", "icon": "cloudy", "precipIntensity": 0.0085, "precipProbability": 0.53, "precipType": "rain", "temperature": 35.29, "apparentTemperature": 35.29, "dewPoint": 32.87, "humidity": 0.91, "pressure": 1019.08, "windSpeed": 1.54, "windGust": 4.49, "windBearing": 18, "cloudCover": 1, "uvIndex": 0, "visibility": 7.11}, {"time": 1426896000, "summary": "Overcast", "icon": "cloudy", "precipIntensity": 0.0051, "precipProbability": 0.51, "precipType": "rain", "temperature": 35.27, "apparentTemperature": 35.27, "dewPoint": 32.77, "humidity": 0.9, "pressure": 1019.58, "windSpeed": 1.04, "windGust": 3.65, "windBearing": 6, "cloudCover": 1, "uvIndex": 0, "visibility": 7.65}, {"time": 1426899600, "summary": "Overcast", "icon": "cloudy", "precipIntensity": 0.0044, "precipProbability": 0.48, "precipType": "rain", "temperature": 35.4, "apparentTemperature": 35.4, "dewPoint": 32.86, "humidity": 0.9, "pressure": 1020.29, "windSpeed": 1.42, "windGust": 3.7, "windBearing": 357, "cloudCover": 1, "uvIndex": 0, "visibility": 7.64}, {"time": 1426903200, "summary": "Overcast", "icon": "cloudy", "precipIntensity": 0.0033, "precipProbability": 0.45, "precipType": "rain", "temperature": 35.41, "apparentTemperature": 35.41, "dewPoint": 32.79, "humidity": 0.9, "pressure": 1020.64, "windSpeed": 1.16, "windGust": 3.59, "windBearing": 350, "cloudCover": 1, "uvIndex": 0, "visibility": 7.29}, {"time": 1426906800, "summary": "Overcast", "icon": "cloudy", "precipIntensity": 0.003, "precipProbability": 0.4, "precipType": "rain", "temperature": 35.41, "apparentTemperature": 35.41, "dewPoint": 32.71, "humidity": 0.9, "pressure": 1020.59, "windSpeed": 1, "windGust": 3.01, "windBearing": 344, "cloudCover": 1, "uvIndex": 0, "visibility": 7.67}]}, "daily": {"data": [{"time": 1426824000, "summary": "Light rain in the morning and afternoon.", "icon": "rain", "sunriseTime": 1426849972, "sunsetTime": 1426893644, "moonPhase": 0.01, "precipIntensity": 0.0133, "precipIntensityMax": 0.0354, "precipIntensityMaxTime": 1426849200, "precipProbability": 0.94, "precipType": "rain", "temperatureHigh": 35.29, "temperatureHighTime": 1426892400, "temperatureLow": 32.95, "temperatureLowTime": 1426939200, "apparentTemperatureHigh": 35.29, "apparentTemperatureHighTime": 1426892400, "apparentTemperatureLow": 32.95, "apparentTemperatureLowTime": 1426939200, "dewPoint": 31.52, "humidity": 0.84, "pressure": 1022.28, "windSpeed": 0.83, "windGust": 6.1, "windGustTime": 1426885200, "windBearing": 51, "cloudCover": 0.97, "uvIndex": 4, "uvIndexTime": 1426867200, "visibility": 4.87, "temperatureMin": 33.85, "temperatureMinTime": 1426856400, "temperatureMax": 41.52, "temperatureMaxTime": 1426827600, "apparentTemperatureMin": 33.85, "apparentTemperatureMinTime": 1426856400, "apparentTemperatureMax": 41.52, "apparentTemperatureMaxTime": 1426827600}]}, "flags": {"sources": ["cmc", "gfs", "hrrr", "icon", "isd", "madis", "nam", "sref"], "nearest-station": 0.675, "units": "us"}, "offset": -4}