{"latitude": 38.912659, "longitude": -77.017669, "timezone": "America/New_York", "currently": {"time": 1456030800, "summary": "Clear", "icon": "clear-night", "precipIntensity": 0, "precipProbability": 0, "temperature": 53.88, "apparentTemperature": 53.88, "dewPoint": 43.54, "humidity": 0.68, "pressure": 1013.32, "windSpeed": 0.76, "windGust": 3.16, "windBearing": 218, "cloudCover": 0, "uvIndex": 0, "visibility": 7.4}, "hourly": {"summary": "Mostly cloudy starting in the morning.", "icon": "partly-cloudy-day", "data": [{"time": 1456030800, "summary": "Clear", "icon": "clear-night", "precipIntensity": 0, "precipProbability": 0, "temperature": 53.88, "apparentTemperature": 53.88, "dewPoint": 43.54, "humidity": 0.68, "pressure": 1013.32, "windSpeed": 0.76, "windGust": 3.16, "windBearing": 218, "cloudCover": 0, "uvIndex": 0, "visibility": 7.4}, {"time": 1456034400, "summary": "Clear", "icon": "clear-night", "precipIntensity": 0, "precipProbability": 0, "temperature": 53, "apparentTemperature": 53, "dewPoint": 43.93, "humidity": 0.71, "pressure": 1013.69, "windSpeed": 0.76, "windGust": 2.97, "windBearing": 214, "cloudCover": 0, "uvIndex": 0, "visibility": 8.04}, {"time": 1456038000, "summary": "Clear", "icon": "clear-night", "precipIntensity": 0, "precipProbability": 0, "temperature": 52.37, "apparentTemperature": 52.37, "dewPoint": 44.2, "humidity": 0.74, "pressure": 1013.47, "windSpeed": 0.68, "windGust": 3.18, "windBearing": 212, "cloudCover": 0.03, "uvIndex": 0, "visibility": 7.18}, {"time": 1456041600, "summary": "Clear", "icon": "clear-night", "precipIntensity": 0, "precipProbability": 0, "temperature": 51.48, "apparentTemperature": 51.48, "dewPoint": 44.26, "humidity": 0.76, "pressure": 1013.1, "windSpeed": 0.72, "windGust": 2.93, "windBearing": 213, "cloudCover": 0.13, "uvIndex": 0, "visibility": 6.96}, {"time": 1456045200, "summary": "Partly Cloudy", "icon": "partly-cloudy-night", "precipIntensity": 0, "precipProbability": 0, "temperature": 50.25, "apparentTemperature": 50.25, "dewPoint": 43.53, "humidity": 0.78, "pressure": 1013.07, "windSpeed": 0.54, "windGust": 2.48, "windBearing": 216, "cloudCover": 0.52, "uvIndex": 0, "visibility": 7.19}, {"time": 1456048800, "summary": "Partly Cloudy", "icon": "partly-cloudy-night", "precipIntensity": 0, "precipProbability": 0, "temperature": 49.1, "apparentTemperature": 49.1, "dewPoint": 43.02, "humidity": 0.79, "pressure": 1013.42, "windSpeed": 0.59, "windGust": 2.27, "windBearing": 221, "cloudCover": 0.25, "uvIndex": 0, "visibility": 6.94}, {"time": 1456052400, "summary": "Mostly Cloudy", "icon": "partly-cloudy-night", "precipIntensity": 0, "precipProbability": 0, "temperature": 48.7, "apparentTemperature": 48.7, "dewPoint": 43.02, "humidity": 0.81, "pressure": 1013.87, "windSpeed": 0.44, "windGust": 1.76, "windBearing": 222, "cloudCover": 0.6, "uvIndex": 0, "visibility": 6.04}, {"time": 1456056000, "summary": "Partly Cloudy", "icon": "partly-cloudy-day", "precipIntensity": 0, "precipProbability": 0, "temperature": 48.06, "apparentTemperature": 48.06, "dewPoint": 42.89, "humidity": 0.82, "pressure": 1013.99, "windSpeed": 0.21, "windGust": 1.03, "windBearing": 232, "cloudCover": 0.54, "uvIndex": 0, "visibility": 6.18}, {"time": 1456059600, "summary": "Mostly Cloudy", "icon": "partly-cloudy-day", "precipIntensity": 0, "precipProbability": 0, "temperature": 49.73, "apparentTemperature": 49.73, "dewPoint": 44.25, "humidity": 0.81, "pressure": 1013.98, "windSpeed": 0.07, "windGust": 0.89, "windBearing": 244, "cloudCover": 0.64, "uvIndex": 0, "visibility": 7.47}, {"time": 1456063200, "summary": "Mostly Cloudy", "icon": "partly-cloudy-day", "precipIntensity": 0, "precipProbability": 0, "temperature": 51.77, "apparentTemperature": 51.77, "dewPoint": 45.76, "humidity": 0.8, "pressure": 1014.37, "windSpeed": 0.13, "windGust": 2.07, "windBearing": 240, "cloudCover": 0.69, "uvIndex": 1, "visibility": 7.39}, {"time": 1456066800, "summary": "Partly Cloudy", "icon": "partly-cloudy-day", "precipIntensity": 0, "precipProbability": 0, "temperature": 54.65, "apparentTemperature": 54.65, "dewPoint": 47.13, "humidity": 0.76, "pressure": 1013.89, "windSpeed": 0.2, "windGust": 3.14, "windBearing": 217, "cloudCover": 0.5, "uvIndex": 2, "visibility": 8.82}, {"time": 1456070400, "summary": "Mostly Cloudy", "icon": "partly-cloudy-day", "precipIntensity": 0, "precipProbability": 0, "temperature": 56.14, "apparentTemperature": 56.14, "dewPoint": 47.47, "humidity": 0.73, "pressure": 1014.09, "windSpeed": 0.13, "windGust": 2.26, "windBearing": 309, "cloudCover": 0.65, "uvIndex": 3, "visibility": 8.21}, {"time": 1456074000, "summary": "Mostly Cloudy", "icon": "partly-cloudy-day", "precipIntensity": 0.0062, "precipProbability": 0.65, "precipType": "rain", "temperature": 55.22, "apparentTemperature": 55.22, "dewPoint": 49.32, "humidity": 0.8, "pressure": 1013.65, "windSpeed": 0.15, "windGust": 2.23, "windBearing": 228, "cloudCover": 0.88, "uvIndex": 3, "visibility": 6.91}, {"time": 1456077600, "summary": "Overcast", "icon": "cloudy", "precipIntensity": 0.011, "precipProbability": 0.78, "precipType": "rain", "temperature": 55.55, "apparentTemperature": 55.55, "dewPoint": 51.26, "humidity": 0.85, "pressure": 1012.01, "windSpeed": 0.06, "windGust": 1.24, "windBearing": 103, "cloudCover": 1, "uvIndex": 3, "visibility": 7.88}, {"time": 1456081200, "summary": "Overcast", "icon": "cloudy", "precipIntensity": 0.0005, "precipProbability": 0.15, "precipType": "rain", "temperature": 56.54, "apparentTemperature": 56.54, "dewPoint": 51.4, "humidity": 0.83, "pressure": 1011.31, "windSpeed": 0.03, "windGust": 0.87, "windBearing": 185, "cloudCover": 1, "uvIndex": 2, "visibility": 7.83}, {"time": 1456084800, "summary": "Overcast", "icon": "cloudy", "precipIntensity": 0, "precipProbability": 0, "temperature": 55.7, "apparentTemperature": 55.7, "dewPoint": 50.83, "humidity": 0.84, "pressure": 1011.27, "windSpeed": 0.26, "windGust": 1.26, "windBearing": 173, "cloudCover": 1, "uvIndex": 2, "visibility": 6.95}, {"time": 1456088400, "summary": "Overcast", "icon": "cloudy", "precipIntensity": 0.001, "precipProbability": 0.15, "precipType": "rain", "temperature": 54.98, "apparentTemperature": 54.98, "dewPoint": 50.54, "humidity": 0.85, "pressure": 1011.34, "windSpeed": 0.02, "windGust": 1.01, "windBearing": 175, "cloudCover": 1, "uvIndex": 1, "visibility": 4.28}, {"time": 1456092000, "summary": "Overcast", "icon": "cloudy", "precipIntensity": 0.0004, "precipProbability": 0.06, "precipType": "rain", "temperature": 53.99, "apparentTemperature": 53.99, "dewPoint": 50.37, "humidity": 0.88, "pressure": 1011.21, "windSpeed": 0, "windGust": 0.44, "cloudCover": 1, "uvIndex": 0, "visibility": 3.41}, {"time": 1456095600, "summary": "Overcast", "icon": "cloudy", "precipIntensity": 0, "precipProbability": 0, "temperature": 53.16, "apparentTemperature": 53.16, "dewPoint": 49.96, "humidity": 0.89, "pressure": 1011.48, "windSpeed": 0, "windGust": 0.29, "cloudCover": 1, "uvIndex": 0, "visibility": 2.85}, {"time": 1456099200, "summary": "Overcast", "icon": "cloudy", "precipIntensity": 0.0003, "precipProbability": 0.05, "precipType": "rain", "temperature": 52.33, "apparentTemperature": 52.33, "dewPoint": 49.43, "humidity": 0.9, "pressure": 1011.85, "windSpeed": 0.03, "windGust": 0.56, "windBearing": 0, "cloudCover": 1, "uvIndex": 0, "visibility": 3.48}, {"time": 1456102800, "summary": "Overcast", "icon": "cloudy", "precipIntensity": 0, "precipProbability": 0, "temperature": 51.32, "apparentTemperature": 51.32, "dewPoint": 48.38, "humidity": 0.9, "pressure": 1012.05, "windSpeed": 0.46, "windGust": 1.6, "windBearing": 349, "cloudCover": 1, "uvIndex": 0, "visibility": 2.72}, {"time": 1456106400, "summary": "Overcast", "icon": "cloudy", "precipIntensity": 0.001, "precipProbability": 0.19, "precipType": "rain", "temperature": 49.9, "apparentTemperature": 49.9, "dewPoint": 45.9, "humidity": 0.86, "pressure": 1012.82, "windSpeed": 1.79, "windGust": 5.8, "windBearing": 354, "cloudCover": 1, "uvIndex": 0, "visibility": 3.47}, {"time": 1456110000, "summary": "Overcast", "icon": "cloudy", "precipIntensity": 0.0059, "precipProbability": 0.51, "precipType": "rain", "temperature": 47.93, "apparentTemperature": 47.93, "dewPoint": 44.31, "humidity": 0.87, "pressure": 1013.47, "windSpeed": 0.73, "windGust": 2.97, "windBearing": 7, "cloudCover": 1, "uvIndex": 0, "visibility": 6.25}, {"time": 1456113600, "summary": "Overcast", "icon": "cloudy", "precipIntensity": 0.0028, "precipProbability": 0.45, "precipType": "rain", "temperature": 46.99, "apparentTemperature": 46.99, "dewPoint": 43.92, "humidity": 0.89, "pressure": 1013.27, "windSpeed": 0.49, "windGust": 2.3, "windBearing": 13, "cloudCover": 0.97, "uvIndex": 0, "visibility": 7.54}]}, "daily": {"data": [{"time": 1456030800, "summary": "Mostly cloudy throughout the day.", "icon": "partly-cloudy-day", "sunriseTime": 1456055608, "sunsetTime": 1456095171, "moonPhase": 0.47, "precipIntensity": 0.0012, "precipIntensityMax": 0.011, "precipIntensityMaxTime": 1456077600, "precipProbability": 0.78, "precipType": "rain", "temperatureHigh": 56.54, "temperatureHighTime": 1456081200, "temperatureLow": 39.4, "temperatureLowTime": 1456142400, "apparentTemperatureHigh": 56.54, "apparentTemperatureHighTime": 1456081200, "apparentTemperatureLow": 39.4, "apparentTemperatureLowTime": 1456142400, "dewPoint": 46.61, "humidity": 0.81, "pressure": 1012.92, "windSpeed": 0.14, "windGust": 5.8, "windGustTime": 1456106400, "windBearing": 255, "cloudCover": 0.68, "uvIndex": 3, "uvIndexTime": 1456070400, "visibility": 6.31, "temperatureMin": 46.99, "temperatureMinTime": 1456113600, "temperatureMax": 56.54, "temperatureMaxTime": 1456081200, "apparentTemperatureMin": 46.99, "apparentTemperatureMinTime": 1456113600, "apparentTemperatureMax": 56.54, "apparentTemperatureMaxTime": 1456081200}]}, "flags": {"sources": ["cmc", "gfs", "hrrr", "icon", "isd", "madis", "nam", "sref"], "nearest-station": 1.106, "units": "us"}, "offset": -5}