{"latitude": 38.912659, "longitude": -77.017669, "timezone": "America/New_York", "currently": {"time": 1442462400, "summary": "Partly Cloudy", "icon": "partly-cloudy-night", "precipIntensity": 0, "precipProbability": 0, "temperature": 64.76, "apparentTemperature": 64.76, "dewPoint": 58.76, "humidity": 0.81, "pressure": 1023.65, "windSpeed": 0, "windGust": 0.11, "cloudCover": 0.41, "uvIndex": 0, "visibility": 10}, "hourly": {"summary": "Clear throughout the day.", "icon": "clear-day", "data": [{"time": 1442462400, "summary": "Partly Cloudy", "icon": "partly-cloudy-night", "precipIntensity": 0, "precipProbability": 0, "temperature": 64.76, "apparentTemperature": 64.76, "dewPoint": 58.76, "humidity": 0.81, "pressure": 1023.65, "windSpeed": 0, "windGust": 0.11, "cloudCover": 0.41, "uvIndex": 0, "visibility": 10}, {"time": 1442466000, "summary": "Clear", "icon": "clear-night", "precipIntensity": 0, "precipProbability": 0, "temperature": 63.41, "apparentTemperature": 63.41, "dewPoint": 58.32, "humidity": 0.84, "pressure": 1023.59, "windSpeed": 0, "windGust": 0.07, "cloudCover": 0.14, "uvIndex": 0, "visibility": 7.98}, {"time": 1442469600, "summary": "Clear", "icon": "clear-night", "precipIntensity": 0, "precipProbability": 0, "temperature": 62.04, "apparentTemperature": 62.04, "dewPoint": 57.72, "humidity": 0.86, "pressure": 1023.39, "windSpeed": 0, "windGust": 0, "cloudCover": 0.03, "uvIndex": 0, "visibility": 7.11}, {"time": 1442473200, "summary": "Clear", "icon": "clear-night", "precipIntensity": 0, "precipProbability": 0, "temperature": 61.06, "apparentTemperature": 61.06, "dewPoint": 57.24, "humidity": 0.87, "pressure": 1022.81, "windSpeed": 0, "windGust": 0, "cloudCover": 0.01, "uvIndex": 0, "visibility": 7.38}, {"time": 1442476800, "summary": "Clear", "icon": "clear-night", "precipIntensity": 0, "precipProbability": 0, "temperature": 59.99, "apparentTemperature": 59.99, "dewPoint": 56.71, "humidity": 0.89, "pressure": 1023.01, "windSpeed": 0, "windGust": 0, "cloudCover": 0.01, "uvIndex": 0, "visibility": 6.71}, {"time": 1442480400, "summary": "Clear", "icon": "clear-night", "precipIntensity": 0, "precipProbability": 0, "temperature": 59.13, "apparentTemperature": 59.13, "dewPoint": 55.99, "humidity": 0.89, "pressure": 1022.74, "windSpeed": 0, "windGust": 0, "cloudCover": 0, "uvIndex": 0, "visibility": 8.08}, {"time": 1442484000, "summary": "Clear", "icon": "clear-night", "precipIntensity": 0, "precipProbability": 0, "temperature": 58.38, "apparentTemperature": 58.38, "dewPoint": 55.35, "humidity": 0.9, "pressure": 1022.73, "windSpeed": 0, "windGust": 0, "cloudCover": 0.11, "uvIndex": 0, "visibility": 7.95}, {"time": 1442487600, "summary": "Clear", "icon": "clear-day", "precipIntensity": 0, "precipProbability": 0, "temperature": 57.64, "apparentTemperature": 57.64, "dewPoint": 55, "humidity": 0.91, "pressure": 1023.13, "windSpeed": 0, "windGust": 0, "cloudCover": 0.19, "uvIndex": 0, "visibility": 6.97}, {"time": 1442491200, "summary": "Clear", "icon": "clear-day", "precipIntensity": 0, "precipProbability": 0, "temperature": 58.23, "apparentTemperature": 58.23, "dewPoint": 55.73, "humidity": 0.91, "pressure": 1023.15, "windSpeed": 0, "windGust": 0, "cloudCover": 0.17, "uvIndex": 0, "visibility": 7.77}, {"time": 1442494800, "summary": "Clear", "icon": "clear-day", "precipIntensity": 0, "precipProbability": 0, "temperature": 63.64, "apparentTemperature": 63.92, "dewPoint": 60.57, "humidity": 0.9, "pressure": 1022.94, "windSpeed": 0, "windGust": 0.17, "cloudCover": 0.13, "uvIndex": 1, "visibility": 8.91}, {"time": 1442498400, "summary": "Clear", "icon": "clear-day", "precipIntensity": 0, "precipProbability": 0, "temperature": 72.05, "apparentTemperature": 72.36, "dewPoint": 62.7, "humidity": 0.72, "pressure": 1022.84, "windSpeed": 0.01, "windGust": 0.72, "windBearing": 188, "cloudCover": 0.01, "uvIndex": 3, "visibility": 9.05}, {"time": 1442502000, "summary": "Clear", "icon": "clear-day", "precipIntensity": 0, "precipProbability": 0, "temperature": 77.46, "apparentTemperature": 77.66, "dewPoint": 61.83, "humidity": 0.59, "pressure": 1022.58, "windSpeed": 0.1, "windGust": 1.67, "windBearing": 151, "cloudCover": 0.04, "uvIndex": 5, "visibility": 8.99}, {"time": 1442505600, "summary": "Clear", "icon": "clear-day", "precipIntensity": 0, "precipProbability": 0, "temperature": 80.64, "apparentTemperature": 81.26, "dewPoint": 59.59, "humidity": 0.49, "pressure": 1021.9, "windSpeed": 0.48, "windGust": 3.39, "windBearing": 174, "cloudCover": 0.12, "uvIndex": 6, "visibility": 8.57}, {"time": 1442509200, "summary": "Clear", "icon": "clear-day", "precipIntensity": 0, "precipProbability": 0, "temperature": 82.87, "apparentTemperature": 82.87, "dewPoint": 58.4, "humidity": 0.44, "pressure": 1021.33, "windSpeed": 0.69, "windGust": 4, "windBearing": 184, "cloudCover": 0.11, "uvIndex": 7, "visibility": 7.91}, {"time": 1442512800, "summary": "Clear", "icon": "clear-day", "precipIntensity": 0, "precipProbability": 0, "temperature": 83.84, "apparentTemperature": 83.84, "dewPoint": 57.75, "humidity": 0.41, "pressure": 1020.75, "windSpeed": 0.67, "windGust": 3.95, "windBearing": 173, "cloudCover": 0.15, "uvIndex": 6, "visibility": 8.25}, {"time": 1442516400, "summary": "Clear", "icon": "clear-day", "precipIntensity": 0, "precipProbability": 0, "temperature": 84.33, "apparentTemperature": 84.33, "dewPoint": 57.51, "humidity": 0.4, "pressure": 1019.79, "windSpeed": 0.76, "windGust": 4.52, "windBearing": 176, "cloudCover": 0.2, "uvIndex": 5, "visibility": 8.25}, {"time": 1442520000, "summary": "Clear", "icon": "clear-day", "precipIntensity": 0, "precipProbability": 0, "temperature": 84.09, "apparentTemperature": 84.09, "dewPoint": 57.48, "humidity": 0.4, "pressure": 1018.96, "windSpeed": 0.86, "windGust": 4.37, "windBearing": 166, "cloudCover": 0.14, "uvIndex": 3, "visibility": 8.62}, {"time": 1442523600, "summary": "Clear", "icon": "clear-day", "precipIntensity": 0, "precipProbability": 0, "temperature": 83.32, "apparentTemperature": 83.32, "dewPoint": 57.6, "humidity": 0.42, "pressure": 1018.47, "windSpeed": 0.91, "windGust": 3.62, "windBearing": 163, "cloudCover": 0.13, "uvIndex": 1, "visibility": 7.94}, {"time": 1442527200, "summary": "Clear", "icon": "clear-day", "precipIntensity": 0, "precipProbability": 0, "temperature": 81.82, "apparentTemperature": 81.94, "dewPoint": 58.57, "humidity": 0.45, "pressure": 1018.25, "windSpeed": 0.8, "windGust": 3.18, "windBearing": 169, "cloudCover": 0.11, "uvIndex": 0, "visibility": 8.72}, {"time": 1442530800, "summary": "Clear", "icon": "clear-day", "precipIntensity": 0, "precipProbability": 0, "temperature": 78.53, "apparentTemperature": 78.55, "dewPoint": 59.73, "humidity": 0.53, "pressure": 1018.18, "windSpeed": 0.39, "windGust": 0.87, "windBearing": 171, "cloudCover": 0.13, "uvIndex": 0, "visibility": 10}, {"time": 1442534400, "summary": "Clear", "icon": "clear-night", "precipIntensity": 0, "precipProbability": 0, "temperature": 74.32, "apparentTemperature": 74.32, "dewPoint": 60.06, "humidity": 0.61, "pressure": 1018.1, "windSpeed": 0.17, "windGust": 0.29, "windBearing": 179, "cloudCover": 0.14, "uvIndex": 0, "visibility": 8.59}, {"time": 1442538000, "summary": "Clear", "icon": "clear-night", "precipIntensity": 0, "precipProbability": 0, "temperature": 71.49, "apparentTemperature": 71.49, "dewPoint": 59.83, "humidity": 0.67, "pressure": 1018.4, "windSpeed": 0.08, "windGust": 0.49, "windBearing": 177, "cloudCover": 0.04, "uvIndex": 0, "visibility": 9.02}, {"time": 1442541600, "summary": "Clear", "icon": "clear-night", "precipIntensity": 0, "precipProbability": 0, "temperature": 69.28, "apparentTemperature": 69.28, "dewPoint": 59.78, "humidity": 0.72, "pressure": 1018.46, "windSpeed": 0.05, "windGust": 0.36, "windBearing": 180, "cloudCover": 0, "uvIndex": 0, "visibility": 9.06}, {"time": 1442545200, "summary": "Clear", "icon": "clear-night", "precipIntensity": 0, "precipProbability": 0, "temperature": 67.63, "apparentTemperature": 67.64, "dewPoint": 59.56, "humidity": 0.75, "pressure": 1018.32, "windSpeed": 0.06, "windGust": 0.51, "windBearing": 180, "cloudCover": 0, "uvIndex": 0, "visibility": 9.09}]}, "daily": {"data": [{"time": 1442462400, "summary": "Clear throughout the day.", "icon": "clear-day", "sunriseTime": 1442487152, "sunsetTime": 1442531722, "moonPhase": 0.13, "precipIntensity": 0, "precipIntensityMax": 0, "precipProbability": 0, "temperatureHigh": 84.33, "temperatureHighTime": 1442516400, "temperatureLow": 59.5, "temperatureLowTime": 1442574000, "apparentTemperatureHigh": 84.33, "apparentTemperatureHighTime": 1442516400, "apparentTemperatureLow": 59.5, "apparentTemperatureLowTime": 1442574000, "dewPoint": 58.41, "humidity": 0.68, "pressure": 1021.15, "windSpeed": 0.25, "windGust": 4.52, "windGustTime": 1442516400, "windBearing": 172, "cloudCover": 0.11, "uvIndex": 7, "uvIndexTime": 1442509200, "visibility": 8.37, "temperatureMin": 57.64, "temperatureMinTime": 1442487600, "temperatureMax": 84.33, "temperatureMaxTime": 1442516400, "apparentTemperatureMin": 57.64, "apparentTemperatureMinTime": 1442487600, "apparentTemperatureMax": 84.33, "apparentTemperatureMaxTime": 1442516400}]}, "flags": {"sources": ["cmc", "gfs", "hrrr", "icon", "isd", "madis", "nam", "sref"], "nearest-station": 1.106, "units": "us"}, "offset": -4}