{"latitude": 38.912659, "longitude": -77.017669, "timezone": "America/New_York", "currently": {"time": 1431316800, "summary": "Clear", "icon": "clear-night", "precipIntensity": 0, "precipProbability": 0, "temperature": 71.24, "apparentTemperature": 72.15, "dewPoint": 67.13, "humidity": 0.87, "pressure": 1020.15, "windSpeed": 0.69, "windGust": 1.92, "windBearing": 167, "cloudCover": 0.19, "uvIndex": 0, "visibility": 8.06}, "hourly": {"summary": "Mostly cloudy starting overnight, continuing until evening.", "icon": "partly-cloudy-day", "data": [{"time": 1431316800, "summary": "Clear", "icon": "clear-night", "precipIntensity": 0, "precipProbability": 0, "temperature": 71.24, "apparentTemperature": 72.15, "dewPoint": 67.13, "humidity": 0.87, "pressure": 1020.15, "windSpeed": 0.69, "windGust": 1.92, "windBearing": 167, "cloudCover": 0.19, "uvIndex": 0, "visibility": 8.06}, {"time": 1431320400, "summary": "Mostly Cloudy", "icon": "partly-cloudy-night", "precipIntensity": 0, "precipProbability": 0, "temperature": 70.49, "apparentTemperature": 71.44, "dewPoint": 67.22, "humidity": 0.89, "pressure": 1020.35, "windSpeed": 0.77, "windGust": 2.32, "windBearing": 172, "cloudCover": 0.75, "uvIndex": 0, "visibility": 6.95}, {"time": 1431324000, "summary": "Mostly Cloudy", "icon": "partly-cloudy-night", "precipIntensity": 0, "precipProbability": 0, "temperature": 70.02, "apparentTemperature": 70.96, "dewPoint": 67.05, "humidity": 0.9, "pressure": 1019.91, "windSpeed": 0.58, "windGust": 2.16, "windBearing": 173, "cloudCover": 0.78, "uvIndex": 0, "visibility": 6.02}, {"time": 1431327600, "summary": "Mostly Cloudy", "icon": "partly-cloudy-night", "precipIntensity": 0, "precipProbability": 0, "temperature": 69.43, "apparentTemperature": 70.36, "dewPoint": 66.76, "humidity": 0.91, "pressure": 1019.43, "windSpeed": 0.23, "windGust": 0.9, "windBearing": 167, "cloudCover": 0.65, "uvIndex": 0, "visibility": 4.89}, {"time": 1431331200, "summary": "Overcast", "icon": "cloudy", "precipIntensity": 0, "precipProbability": 0, "temperature": 69.14, "apparentTemperature": 70.08, "dewPoint": 66.69, "humidity": 0.92, "pressure": 1019.4, "windSpeed": 0.19, "windGust": 1.05, "windBearing": 167, "cloudCover": 0.98, "uvIndex": 0, "visibility": 5.01}, {"time": 1431334800, "summary": "Overcast", "icon": "cloudy", "precipIntensity": 0, "precipProbability": 0, "temperature": 69.19, "apparentTemperature": 70.14, "dewPoint": 66.84, "humidity": 0.92, "pressure": 1019.24, "windSpeed": 0.25, "windGust": 0.66, "windBearing": 166, "cloudCover": 1, "uvIndex": 0, "visibility": 5.35}, {"time": 1431338400, "summary": "Overcast", "icon": "cloudy", "precipIntensity": 0, "precipProbability": 0, "temperature": 69.05, "apparentTemperature": 69.99, "dewPoint": 66.69, "humidity": 0.92, "pressure": 1018.95, "windSpeed": 0.27, "windGust": 0.64, "windBearing": 143, "cloudCover": 1, "uvIndex": 0, "visibility": 3.69}, {"time": 1431342000, "summary": "Overcast", "icon": "cloudy", "precipIntensity": 0, "precipProbability": 0, "temperature": 69.03, "apparentTemperature": 69.97, "dewPoint": 66.71, "humidity": 0.92, "pressure": 1019.58, "windSpeed": 0.2, "windGust": 0.95, "windBearing": 143, "cloudCover": 1, "uvIndex": 0, "visibility": 3.78}, {"time": 1431345600, "summary": "Overcast", "icon": "cloudy", "precipIntensity": 0, "precipProbability": 0, "temperature": 69.88, "apparentTemperature": 70.86, "dewPoint": 67.2, "humidity": 0.91, "pressure": 1019.86, "windSpeed": 0.3, "windGust": 1.73, "windBearing": 131, "cloudCover": 1, "uvIndex": 1, "visibility": 3.58}, {"time": 1431349200, "summary": "Overcast", "icon": "cloudy", "precipIntensity": 0, "precipProbability": 0, "temperature": 71.13, "apparentTemperature": 72.12, "dewPoint": 67.72, "humidity": 0.89, "pressure": 1019.72, "windSpeed": 0.93, "windGust": 3.38, "windBearing": 128, "cloudCover": 1, "uvIndex": 2, "visibility": 5.78}, {"time": 1431352800, "summary": "Overcast", "icon": "cloudy", "precipIntensity": 0, "precipProbability": 0, "temperature": 72.77, "apparentTemperature": 73.77, "dewPoint": 68.21, "humidity": 0.86, "pressure": 1019.18, "windSpeed": 1.27, "windGust": 4.85, "windBearing": 127, "cloudCover": 0.98, "uvIndex": 3, "visibility": 6.76}, {"time": 1431356400, "summary": "Mostly Cloudy", "icon": "partly-cloudy-day", "precipIntensity": 0, "precipProbability": 0, "temperature": 74.92, "apparentTemperature": 75.98, "dewPoint": 69.11, "humidity": 0.82, "pressure": 1018.66, "windSpeed": 0.8, "windGust": 3.29, "windBearing": 128, "cloudCover": 0.88, "uvIndex": 4, "visibility": 7.13}, {"time": 1431360000, "summary": "Mostly Cloudy", "icon": "partly-cloudy-day", "precipIntensity": 0, "precipProbability": 0, "temperature": 78.13, "apparentTemperature": 79.14, "dewPoint": 69.24, "humidity": 0.74, "pressure": 1018.46, "windSpeed": 0.85, "windGust": 4.11, "windBearing": 127, "cloudCover": 0.76, "uvIndex": 6, "visibility": 8}, {"time": 1431363600, "summary": "Mostly Cloudy", "icon": "partly-cloudy-day", "precipIntensity": 0, "precipProbability": 0, "temperature": 79.4, "apparentTemperature": 82.04, "dewPoint": 68.87, "humidity": 0.7, "pressure": 1017.96, "windSpeed": 1.45, "windGust": 5.57, "windBearing": 123, "cloudCover": 0.76, "uvIndex": 6, "visibility": 7.83}, {"time": 1431367200, "summary": "Mostly Cloudy", "icon": "partly-cloudy-day", "precipIntensity": 0, "precipProbability": 0, "temperature": 79.92, "apparentTemperature": 82.59, "dewPoint": 68.37, "humidity": 0.68, "pressure": 1017.15, "windSpeed": 1.77, "windGust": 6.39, "windBearing": 117, "cloudCover": 0.73, "uvIndex": 6, "visibility": 7.26}, {"time": 1431370800, "summary": "Partly Cloudy", "icon": "partly-cloudy-day", "precipIntensity": 0, "precipProbability": 0, "temperature": 79.63, "apparentTemperature": 82.2, "dewPoint": 68.28, "humidity": 0.68, "pressure": 1016.71, "windSpeed": 1.8, "windGust": 6.56, "windBearing": 120, "cloudCover": 0.54, "uvIndex": 6, "visibility": 7.54}, {"time": 1431374400, "summary": "Mostly Cloudy", "icon": "partly-cloudy-day", "precipIntensity": 0, "precipProbability": 0, "temperature": 78.95, "apparentTemperature": 79.83, "dewPoint": 68.31, "humidity": 0.7, "pressure": 1015.94, "windSpeed": 2.43, "windGust": 6.63, "windBearing": 113, "cloudCover": 0.68, "uvIndex": 4, "visibility": 7.48}, {"time": 1431378000, "summary": "Partly Cloudy", "icon": "partly-cloudy-day", "precipIntensity": 0, "precipProbability": 0, "temperature": 78.58, "apparentTemperature": 79.44, "dewPoint": 68.05, "humidity": 0.7, "pressure": 1014.77, "windSpeed": 1.97, "windGust": 7.45, "windBearing": 104, "cloudCover": 0.47, "uvIndex": 3, "visibility": 7.97}, {"time": 1431381600, "summary": "Partly Cloudy", "icon": "partly-cloudy-day", "precipIntensity": 0, "precipProbability": 0, "temperature": 78.02, "apparentTemperature": 78.87, "dewPoint": 67.91, "humidity": 0.71, "pressure": 1014.18, "windSpeed": 1.06, "windGust": 4.07, "windBearing": 101, "cloudCover": 0.42, "uvIndex": 1, "visibility": 8}, {"time": 1431385200, "summary": "Partly Cloudy", "icon": "partly-cloudy-day", "precipIntensity": 0, "precipProbability": 0, "temperature": 77.72, "apparentTemperature": 78.54, "dewPoint": 67.59, "humidity": 0.71, "pressure": 1014.24, "windSpeed": 0.18, "windGust": 2.23, "windBearing": 97, "cloudCover": 0.43, "uvIndex": 0, "visibility": 8.25}, {"time": 1431388800, "summary": "Partly Cloudy", "icon": "partly-cloudy-day", "precipIntensity": 0, "precipProbability": 0, "temperature": 76.04, "apparentTemperature": 76.82, "dewPoint": 67.13, "humidity": 0.74, "pressure": 1014.43, "windSpeed": 0.09, "windGust": 0.63, "windBearing": 103, "cloudCover": 0.29, "uvIndex": 0, "visibility": 8.33}, {"time": 1431392400, "summary": "Clear", "icon": "clear-night", "precipIntensity": 0, "precipProbability": 0, "temperature": 73.41, "apparentTemperature": 74.19, "dewPoint": 66.69, "humidity": 0.8, "pressure": 1014.67, "windSpeed": 0, "windGust": 0.18, "cloudCover": 0.17, "uvIndex": 0, "visibility": 7.97}, {"time": 1431396000, "summary": "Clear", "icon": "clear-night", "precipIntensity": 0, "precipProbability": 0, "temperature": 71.43, "apparentTemperature": 72.21, "dewPoint": 66.25, "humidity": 0.84, "pressure": 1014.98, "windSpeed": 0, "windGust": 0.26, "cloudCover": 0.2, "uvIndex": 0, "visibility": 8.3}, {"time": 1431399600, "summary": "Partly Cloudy", "icon": "partly-cloudy-night", "precipIntensity": 0, "precipProbability": 0, "temperature": 70.22, "apparentTemperature": 70.98, "dewPoint": 65.78, "humidity": 0.86, "pressure": 1014.51, "windSpeed": 0, "windGust": 0.14, "cloudCover": 0.31, "uvIndex": 0, "visibility": 6.85}]}, "daily": {"data": [{"time": 1431316800, "summary": "Mostly cloudy until evening.", "icon": "partly-cloudy-day", "sunriseTime": 1431338437, "sunsetTime": 1431389458, "moonPhase": 0.76, "precipIntensity": 0, "precipIntensityMax": 0, "precipProbability": 0, "temperatureHigh": 79.92, "temperatureHighTime": 1431367200, "temperatureLow": 67.21, "temperatureLowTime": 1431424800, "apparentTemperatureHigh": 82.59, "apparentTemperatureHighTime": 1431367200, "apparentTemperatureLow": 67.86, "apparentTemperatureLowTime": 1431424800, "dewPoint": 67.49, "humidity": 0.82, "pressure": 1017.6, "windSpeed": 0.71, "windGust": 7.45, "windGustTime": 1431378000, "windBearing": 125, "cloudCover": 0.67, "uvIndex": 6, "uvIndexTime": 1431360000, "visibility": 6.7, "temperatureMin": 69.03, "temperatureMinTime": 1431342000, "temperatureMax": 79.92, "temperatureMaxTime": 1431367200, "apparentTemperatureMin": 69.97, "apparentTemperatureMinTime": 1431342000, "apparentTemperatureMax": 82.59, "apparentTemperatureMaxTime": 1431367200}]}, "flags": {"sources": ["cmc", "gfs", "hrrr", "icon", "isd", "madis", "nam", "sref"], "nearest-station": 0.675, "units": "us"}, "offset": -4}