{"latitude": 38.912659, "longitude": -77.017669, "timezone": "America/New_York", "currently": {"time": 1423112400, "summary": "Clear", "icon": "clear-night", "precipIntensity": 0, "precipProbability": 0, "temperature": 43.86, "apparentTemperature": 43.86, "dewPoint": 25.57, "humidity": 0.48, "pressure": 1013.44, "windSpeed": 1.54, "windGust": 4.66, "windBearing": 212, "cloudCover": 0.2, "uvIndex": 0, "visibility": 7.3}, "hourly": {"summary": "Partly cloudy starting overnight, continuing until afternoon.", "icon": "partly-cloudy-night", "data": [{"time": 1423112400, "summary": "Clear", "icon": "clear-night", "precipIntensity": 0, "precipProbability": 0, "temperature": 43.86, "apparentTemperature": 43.86, "dewPoint": 25.57, "humidity": 0.48, "pressure": 1013.44, "windSpeed": 1.54, "windGust": 4.66, "windBearing": 212, "cloudCover": 0.2, "uvIndex": 0, "visibility": 7.3}, {"time": 1423116000, "summary": "Clear", "icon": "clear-night", "precipIntensity": 0, "precipProbability": 0, "temperature": 42.43, "apparentTemperature": 42.43, "dewPoint": 25.33, "humidity": 0.5, "pressure": 1012.64, "windSpeed": 0.61, "windGust": 2.48, "windBearing": 222, "cloudCover": 0.2, "uvIndex": 0, "visibility": 7.76}, {"time": 1423119600, "summary": "Partly Cloudy", "icon": "partly-cloudy-night", "precipIntensity": 0, "precipProbability": 0, "temperature": 40.61, "apparentTemperature": 40.61, "dewPoint": 25.24, "humidity": 0.54, "pressure": 1012.17, "windSpeed": 0.48, "windGust": 1.77, "windBearing": 241, "cloudCover": 0.47, "uvIndex": 0, "visibility": 6.62}, {"time": 1423123200, "summary": "Partly Cloudy", "icon": "partly-cloudy-night", "precipIntensity": 0, "precipProbability": 0, "temperature": 38.71, "apparentTemperature": 38.71, "dewPoint": 25.51, "humidity": 0.59, "pressure": 1011.65, "windSpeed": 0.14, "windGust": 0.58, "windBearing": 272, "cloudCover": 0.46, "uvIndex": 0, "visibility": 7.48}, {"time": 1423126800, "summary": "Partly Cloudy", "icon": "partly-cloudy-night", "precipIntensity": 0, "precipProbability": 0, "temperature": 37.24, "apparentTemperature": 37.24, "dewPoint": 25.57, "humidity": 0.62, "pressure": 1011.34, "windSpeed": 0.1, "windGust": 0.48, "windBearing": 275, "cloudCover": 0.34, "uvIndex": 0, "visibility": 7.47}, {"time": 1423130400, "summary": "Partly Cloudy", "icon": "partly-cloudy-night", "precipIntensity": 0, "precipProbability": 0, "temperature": 37.27, "apparentTemperature": 37.27, "dewPoint": 26, "humidity": 0.63, "pressure": 1011.75, "windSpeed": 1.01, "windGust": 3.31, "windBearing": 310, "cloudCover": 0.3, "uvIndex": 0, "visibility": 9.15}, {"time": 1423134000, "summary": "Partly Cloudy", "icon": "partly-cloudy-night", "precipIntensity": 0, "precipProbability": 0, "temperature": 40.5, "apparentTemperature": 37.2, "dewPoint": 27.83, "humidity": 0.6, "pressure": 1012.95, "windSpeed": 4.82, "windGust": 12.37, "windBearing": 324, "cloudCover": 0.32, "uvIndex": 0, "visibility": 7.76}, {"time": 1423137600, "summary": "Partly Cloudy", "icon": "partly-cloudy-night", "precipIntensity": 0, "precipProbability": 0, "temperature": 37.01, "apparentTemperature": 32.21, "dewPoint": 24.47, "humidity": 0.6, "pressure": 1015.07, "windSpeed": 5.97, "windGust": 16.23, "windBearing": 330, "cloudCover": 0.42, "uvIndex": 0, "visibility": 7.8}, {"time": 1423141200, "summary": "Mostly Cloudy", "icon": "partly-cloudy-day", "precipIntensity": 0, "precipProbability": 0, "temperature": 34.67, "apparentTemperature": 28.76, "dewPoint": 19.53, "humidity": 0.53, "pressure": 1016.91, "windSpeed": 6.93, "windGust": 17.41, "windBearing": 333, "cloudCover": 0.69, "uvIndex": 0, "visibility": 8.28}, {"time": 1423144800, "summary": "Overcast", "icon": "cloudy", "precipIntensity": 0, "precipProbability": 0, "temperature": 32.39, "apparentTemperature": 26.07, "dewPoint": 16.19, "humidity": 0.51, "pressure": 1018.89, "windSpeed": 6.85, "windGust": 17.61, "windBearing": 331, "cloudCover": 0.95, "uvIndex": 1, "visibility": 8.01}, {"time": 1423148400, "summary": "Mostly Cloudy", "icon": "partly-cloudy-day", "precipIntensity": 0, "precipProbability": 0, "temperature": 30.83, "apparentTemperature": 24.21, "dewPoint": 12.77, "humidity": 0.47, "pressure": 1020.2, "windSpeed": 6.83, "windGust": 17.52, "windBearing": 333, "cloudCover": 0.9, "uvIndex": 1, "visibility": 7.91}, {"time": 1423152000, "summary": "Partly Cloudy", "icon": "partly-cloudy-day", "precipIntensity": 0, "precipProbability": 0, "temperature": 30.51, "apparentTemperature": 23.62, "dewPoint": 10.32, "humidity": 0.42, "pressure": 1021.08, "windSpeed": 7.11, "windGust": 17.99, "windBearing": 338, "cloudCover": 0.44, "uvIndex": 2, "visibility": 8.28}, {"time": 1423155600, "summary": "Partly Cloudy", "icon": "partly-cloudy-day", "precipIntensity": 0, "precipProbability": 0, "temperature": 30.99, "apparentTemperature": 23.97, "dewPoint": 9.5, "humidity": 0.4, "pressure": 1020.53, "windSpeed": 7.46, "windGust": 18.82, "windBearing": 331, "cloudCover": 0.34, "uvIndex": 3, "visibility": 8.28}, {"time": 1423159200, "summary": "Clear", "icon": "clear-day", "precipIntensity": 0, "precipProbability": 0, "temperature": 30.7, "apparentTemperature": 23.52, "dewPoint": 7.88, "humidity": 0.38, "pressure": 1020.4, "windSpeed": 7.6, "windGust": 19.43, "windBearing": 331, "cloudCover": 0.24, "uvIndex": 3, "visibility": 8.28}, {"time": 1423162800, "summary": "Clear", "icon": "clear-day", "precipIntensity": 0, "precipProbability": 0, "temperature": 30.4, "apparentTemperature": 23.47, "dewPoint": 6, "humidity": 0.35, "pressure": 1020.87, "windSpeed": 7.13, "windGust": 18.39, "windBearing": 326, "cloudCover": 0.09, "uvIndex": 2, "visibility": 7.78}, {"time": 1423166400, "summary": "Clear", "icon": "clear-day", "precipIntensity": 0, "precipProbability": 0, "temperature": 29.69, "apparentTemperature": 23.11, "dewPoint": 4.31, "humidity": 0.33, "pressure": 1021.02, "windSpeed": 6.47, "windGust": 18.01, "windBearing": 332, "cloudCover": 0.11, "uvIndex": 1, "visibility": 7.57}, {"time": 1423170000, "summary": "Clear", "icon": "clear-day", "precipIntensity": 0, "precipProbability": 0, "temperature": 28.78, "apparentTemperature": 21.74, "dewPoint": 2.71, "humidity": 0.32, "pressure": 1021.88, "windSpeed": 6.83, "windGust": 17.36, "windBearing": 336, "cloudCover": 0.14, "uvIndex": 1, "visibility": 7.95}, {"time": 1423173600, "summary": "Clear", "icon": "clear-day", "precipIntensity": 0, "precipProbability": 0, "temperature": 27.11, "apparentTemperature": 20.54, "dewPoint": 1.93, "humidity": 0.33, "pressure": 1022.97, "windSpeed": 5.84, "windGust": 15.98, "windBearing": 331, "cloudCover": 0.04, "uvIndex": 0, "visibility": 8.2}, {"time": 1423177200, "summary": "Clear", "icon": "clear-night", "precipIntensity": 0, "precipProbability": 0, "temperature": 25.18, "apparentTemperature": 19.22, "dewPoint": 1.1, "humidity": 0.34, "pressure": 1023.98, "windSpeed": 4.85, "windGust": 13.85, "windBearing": 332, "cloudCover": 0, "uvIndex": 0, "visibility": 8.28}, {"time": 1423180800, "summary": "Clear", "icon": "clear-night", "precipIntensity": 0, "precipProbability": 0, "temperature": 24.02, "apparentTemperature": 18.28, "dewPoint": 0.5, "humidity": 0.35, "pressure": 1025.24, "windSpeed": 4.47, "windGust": 11.6, "windBearing": 328, "cloudCover": 0, "uvIndex": 0, "visibility": 8.28}, {"time": 1423184400, "summary": "Clear", "icon": "clear-night", "precipIntensity": 0, "precipProbability": 0, "temperature": 22.9, "apparentTemperature": 17.25, "dewPoint": 0.26, "humidity": 0.36, "pressure": 1026.05, "windSpeed": 4.25, "windGust": 11.31, "windBearing": 327, "cloudCover": 0, "uvIndex": 0, "visibility": 8.69}, {"time": 1423188000, "summary": "Clear", "icon": "clear-night", "precipIntensity": 0, "precipProbability": 0, "temperature": 21.75, "apparentTemperature": 16.51, "dewPoint": 0.35, "humidity": 0.38, "pressure": 1026.76, "windSpeed": 3.8, "windGust": 10.82, "windBearing": 328, "cloudCover": 0, "uvIndex": 0, "visibility": 9.11}, {"time": 1423191600, "summary": "Clear", "icon": "clear-night", "precipIntensity": 0, "precipProbability": 0, "temperature": 20.49, "apparentTemperature": 15.02, "dewPoint": 0.57, "humidity": 0.41, "pressure": 1027, "windSpeed": 3.83, "windGust": 9.48, "windBearing": 326, "cloudCover": 0, "uvIndex": 0, "visibility": 8.73}, {"time": 1423195200, "summary": "Clear", "icon": "clear-night", "precipIntensity": 0, "precipProbability": 0, "temperature": 19.4, "apparentTemperature": 13.03, "dewPoint": 0.84, "humidity": 0.43, "pressure": 1027.48, "windSpeed": 4.37, "windGust": 9.55, "windBearing": 321, "cloudCover": 0, "uvIndex": 0, "visibility": 9.51}]}, "daily": {"data": [{"time": 1423112400, "summary": "Partly cloudy until afternoon.", "icon": "partly-cloudy-day", "sunriseTime": 1423138312, "sunsetTime": 1423175691, "moonPhase": 0.55, "precipIntensity": 0, "precipIntensityMax": 0, "precipProbability": 0, "temperatureHigh": 37.01, "temperatureHighTime": 1423137600, "temperatureLow": 12.71, "temperatureLowTime": 1423220400, "apparentTemperatureHigh": 32.21, "apparentTemperatureHighTime": 1423137600, "apparentTemperatureLow": 12.71, "apparentTemperatureLowTime": 1423220400, "dewPoint": 12.51, "humidity": 0.45, "pressure": 1019.26, "windSpeed": 4.39, "windGust": 19.43, "windGustTime": 1423159200, "windBearing": 329, "cloudCover": 0.28, "uvIndex": 3, "uvIndexTime": 1423155600, "visibility": 8.1, "temperatureMin": 19.4, "temperatureMinTime": 1423195200, "temperatureMax": 43.86, "temperatureMaxTime": 1423112400, "apparentTemperatureMin": 13.03, "apparentTemperatureMinTime": 1423195200, "apparentTemperatureMax": 43.86, "apparentTemperatureMaxTime": 1423112400}]}, "flags": {"sources": ["cmc", "gfs", "hrrr", "icon", "isd", "madis", "nam", "sref"], "nearest-station": 0.675, "units": "us"}, "offset": -5}