{"latitude": 38.912659, "longitude": -77.017669, "timezone": "America/New_York", "currently": {"time": 1433304000, "summary": "Overcast", "icon": "cloudy", "precipIntensity": 0.0004, "precipProbability": 0.1, "precipType": "rain", "temperature": 57.78, "apparentTemperature": 57.78, "dewPoint": 55.44, "humidity": 0.92, "pressure": 1020.46, "windSpeed": 1.24, "windGust": 3.17, "windBearing": 33, "cloudCover": 1, "uvIndex": 0, "visibility": 4.15}, "hourly": {"summary": "Overcast throughout the day.", "icon": "cloudy", "data": [{"time": 1433304000, "summary": "Overcast", "icon": "cloudy", "precipIntensity": 0.0004, "precipProbability": 0.1, "precipType": "rain", "temperature": 57.78, "apparentTemperature": 57.78, "dewPoint": 55.44, "humidity": 0.92, "pressure": 1020.46, "windSpeed": 1.24, "windGust": 3.17, "windBearing": 33, "cloudCover": 1, "uvIndex": 0, "visibility": 4.15}, {"time": 1433307600, "summary": "Overcast", "icon": "cloudy", "precipIntensity": 0.0029, "precipProbability": 0.4, "precipType": "rain", "temperature": 57.35, "apparentTemperature": 57.35, "dewPoint": 55.32, "humidity": 0.93, "pressure": 1020.42, "windSpeed": 1.22, "windGust": 2.95, "windBearing": 40, "cloudCover": 1, "uvIndex": 0, "visibility": 3.97}, {"time": 1433311200, "summary": "Overcast", "icon": "cloudy", "precipIntensity": 0.0039, "precipProbability": 0.51, "precipType": "rain", "temperature": 57.07, "apparentTemperature": 57.07, "dewPoint": 55.2, "humidity": 0.93, "pressure": 1020.37, "windSpeed": 1.12, "windGust": 3.14, "windBearing": 38, "cloudCover": 1, "uvIndex": 0, "visibility": 5.15}, {"time": 1433314800, "summary": "Overcast", "icon": "cloudy", "precipIntensity": 0.0031, "precipProbability": 0.42, "precipType": "rain", "temperature": 56.88, "apparentTemperature": 56.88, "dewPoint": 54.99, "humidity": 0.93, "pressure": 1020.24, "windSpeed": 0.9, "windGust": 2.85, "windBearing": 51, "cloudCover": 1, "uvIndex": 0, "visibility": 6.78}, {"time": 1433318400, "summary": "Overcast", "icon": "cloudy", "precipIntensity": 0.0054, "precipProbability": 0.41, "precipType": "rain", "temperature": 56.73, "apparentTemperature": 56.73, "dewPoint": 54.87, "humidity": 0.93, "pressure": 1020.18, "windSpeed": 1.21, "windGust": 2.9, "windBearing": 56, "cloudCover": 1, "uvIndex": 0, "visibility": 7.33}, {"time": 1433322000, "summary": "Overcast", "icon": "cloudy", "precipIntensity": 0.0054, "precipProbability": 0.44, "precipType": "rain", "temperature": 56.42, "apparentTemperature": 56.42, "dewPoint": 54.7, "humidity": 0.94, "pressure": 1020.16, "windSpeed": 1.39, "windGust": 3.79, "windBearing": 47, "cloudCover": 1, "uvIndex": 0, "visibility": 6.82}, {"time": 1433325600, "summary": "Overcast", "icon": "cloudy", "precipIntensity": 0.0023, "precipProbability": 0.41, "precipType": "rain", "temperature": 56.34, "apparentTemperature": 56.34, "dewPoint": 54.51, "humidity": 0.94, "pressure": 1020.34, "windSpeed": 1.28, "windGust": 4.34, "windBearing": 58, "cloudCover": 1, "uvIndex": 0, "visibility": 6.73}, {"time": 1433329200, "summary": "Overcast", "icon": "cloudy", "precipIntensity": 0.0005, "precipProbability": 0.18, "precipType": "rain", "temperature": 56.36, "apparentTemperature": 56.36, "dewPoint": 54.44, "humidity": 0.93, "pressure": 1020.76, "windSpeed": 1.59, "windGust": 4.62, "windBearing": 47, "cloudCover": 1, "uvIndex": 0, "visibility": 5.27}, {"time": 1433332800, "summary": "Overcast", "icon": "cloudy", "precipIntensity": 0.0003, "precipProbability": 0.12, "precipType": "rain", "temperature": 56.23, "apparentTemperature": 56.23, "dewPoint": 54.4, "humidity": 0.94, "pressure": 1021.37, "windSpeed": 1.71, "windGust": 5.03, "windBearing": 49, "cloudCover": 1, "uvIndex": 1, "visibility": 3.45}, {"time": 1433336400, "summary": "Overcast", "icon": "cloudy", "precipIntensity": 0.0006, "precipProbability": 0.12, "precipType": "rain", "temperature": 56.43, "apparentTemperature": 56.43, "dewPoint": 54.46, "humidity": 0.93, "pressure": 1022.14, "windSpeed": 1.62, "windGust": 5.42, "windBearing": 37, "cloudCover": 1, "uvIndex": 2, "visibility": 5.98}, {"time": 1433340000, "summary": "Overcast", "icon": "cloudy", "precipIntensity": 0.0002, "precipProbability": 0.14, "precipType": "rain", "temperature": 56.73, "apparentTemperature": 56.73, "dewPoint": 54.6, "humidity": 0.93, "pressure": 1022.1, "windSpeed": 1.79, "windGust": 5.23, "windBearing": 53, "cloudCover": 1, "uvIndex": 3, "visibility": 6.56}, {"time": 1433343600, "summary": "Overcast", "icon": "cloudy", "precipIntensity": 0.0003, "precipProbability": 0.08, "precipType": "rain", "temperature": 57.2, "apparentTemperature": 57.2, "dewPoint": 54.78, "humidity": 0.92, "pressure": 1022.28, "windSpeed": 1.41, "windGust": 5.25, "windBearing": 48, "cloudCover": 1, "uvIndex": 4, "visibility": 6.17}, {"time": 1433347200, "summary": "Overcast", "icon": "cloudy", "precipIntensity": 0, "precipProbability": 0, "temperature": 57.76, "apparentTemperature": 57.76, "dewPoint": 55.23, "humidity": 0.91, "pressure": 1022.45, "windSpeed": 1.43, "windGust": 4.2, "windBearing": 56, "cloudCover": 1, "uvIndex": 4, "visibility": 5.77}, {"time": 1433350800, "summary": "Overcast", "icon": "cloudy", "precipIntensity": 0, "precipProbability": 0, "temperature": 58.4, "apparentTemperature": 58.4, "dewPoint": 55.41, "humidity": 0.9, "pressure": 1022.5, "windSpeed": 1.52, "windGust": 4.22, "windBearing": 69, "cloudCover": 1, "uvIndex": 5, "visibility": 7.62}, {"time": 1433354400, "summary": "Overcast", "icon": "cloudy", "precipIntensity": 0, "precipProbability": 0, "temperature": 58.79, "apparentTemperature": 58.79, "dewPoint": 55.67, "humidity": 0.89, "pressure": 1022.24, "windSpeed": 1.34, "windGust": 4.29, "windBearing": 67, "cloudCover": 1, "uvIndex": 5, "visibility": 5.31}, {"time": 1433358000, "summary": "Overcast", "icon": "cloudy", "precipIntensity": 0, "precipProbability": 0, "temperature": 59.25, "apparentTemperature": 59.25, "dewPoint": 55.94, "humidity": 0.89, "pressure": 1022.02, "windSpeed": 1.1, "windGust": 3.58, "windBearing": 70, "cloudCover": 1, "uvIndex": 4, "visibility": 6.46}, {"time": 1433361600, "summary": "Overcast", "icon": "cloudy", "precipIntensity": 0, "precipProbability": 0, "temperature": 59.7, "apparentTemperature": 59.7, "dewPoint": 56.06, "humidity": 0.88, "pressure": 1021.48, "windSpeed": 1.14, "windGust": 3.27, "windBearing": 70, "cloudCover": 1, "uvIndex": 4, "visibility": 8.29}, {"time": 1433365200, "summary": "Overcast", "icon": "cloudy", "precipIntensity": 0, "precipProbability": 0, "temperature": 60.21, "apparentTemperature": 60.21, "dewPoint": 56.26, "humidity": 0.87, "pressure": 1021.14, "windSpeed": 0.77, "windGust": 2.91, "windBearing": 61, "cloudCover": 1, "uvIndex": 3, "visibility": 8.34}, {"time": 1433368800, "summary": "Overcast", "icon": "cloudy", "precipIntensity": 0, "precipProbability": 0, "temperature": 60.55, "apparentTemperature": 60.55, "dewPoint": 56.43, "humidity": 0.86, "pressure": 1021.04, "windSpeed": 0.87, "windGust": 2.67, "windBearing": 71, "cloudCover": 1, "uvIndex": 1, "visibility": 8.5}, {"time": 1433372400, "summary": "Overcast", "icon": "cloudy", "precipIntensity": 0, "precipProbability": 0, "temperature": 60.57, "apparentTemperature": 60.57, "dewPoint": 56.67, "humidity": 0.87, "pressure": 1020.95, "windSpeed": 0.8, "windGust": 2.2, "windBearing": 75, "cloudCover": 1, "uvIndex": 0, "visibility": 8.21}, {"time": 1433376000, "summary": "Overcast", "icon": "cloudy", "precipIntensity": 0, "precipProbability": 0, "temperature": 60.24, "apparentTemperature": 60.24, "dewPoint": 56.75, "humidity": 0.88, "pressure": 1021.22, "windSpeed": 0.44, "windGust": 1.49, "windBearing": 78, "cloudCover": 1, "uvIndex": 0, "visibility": 7.98}, {"time": 1433379600, "summary": "Overcast", "icon": "cloudy", "precipIntensity": 0, "precipProbability": 0, "temperature": 60, "apparentTemperature": 60, "dewPoint": 56.62, "humidity": 0.89, "pressure": 1021.33, "windSpeed": 0.47, "windGust": 1.35, "windBearing": 88, "cloudCover": 1, "uvIndex": 0, "visibility": 7.88}, {"time": 1433383200, "summary": "Overcast", "icon": "cloudy", "precipIntensity": 0, "precipProbability": 0, "temperature": 59.97, "apparentTemperature": 59.97, "dewPoint": 56.57, "humidity": 0.89, "pressure": 1022.1, "windSpeed": 0.67, "windGust": 1.49, "windBearing": 91, "cloudCover": 1, "uvIndex": 0, "visibility": 6.55}, {"time": 1433386800, "summary": "Overcast", "icon": "cloudy", "precipIntensity": 0.0002, "precipProbability": 0.07, "precipType": "rain", "temperature": 59.5, "apparentTemperature": 59.5, "dewPoint": 55.98, "humidity": 0.88, "pressure": 1022.3, "windSpeed": 0.61, "windGust": 1.56, "windBearing": 84, "cloudCover": 1, "uvIndex": 0, "visibility": 7.57}]}, "daily": {"data": [{"time": 1433304000, "summary": "Overcast throughout the day.", "icon": "cloudy", "sunriseTime": 1433324721, "sunsetTime": 1433377806, "moonPhase": 0.53, "precipIntensity": 0.0011, "precipIntensityMax": 0.0054, "precipIntensityMaxTime": 1433318400, "precipProbability": 0.51, "precipType": "rain", "temperatureHigh": 60.57, "temperatureHighTime": 1433372400, "temperatureLow": 56.33, "temperatureLowTime": 1433415600, "apparentTemperatureHigh": 60.57, "apparentTemperatureHighTime": 1433372400, "apparentTemperatureLow": 56.33, "apparentTemperatureLowTime": 1433415600, "dewPoint": 55.47, "humidity": 0.91, "pressure": 1021.32, "windSpeed": 1.12, "windGust": 5.42, "windGustTime": 1433336400, "windBearing": 56, "cloudCover": 1, "uvIndex": 5, "uvIndexTime": 1433350800, "visibility": 6.54, "temperatureMin": 56.23, "temperatureMinTime": 1433332800, "temperatureMax": 60.57, "temperatureMaxTime": 1433372400, "apparentTemperatureMin": 56.23, "apparentTemperatureMinTime": 1433332800, "apparentTemperatureMax": 60.57, "apparentTemperatureMaxTime": 1433372400}]}, "flags": {"sources": ["cmc", "gfs", "hrrr", "icon", "isd", "madis", "nam", "sref"], "nearest-station": 0.675, "units": "us"}, "offset": -4}