{"latitude": 38.912659, "longitude": -77.017669, "timezone": "America/New_York", "currently": {"time": 1430020800, "summary": "Light Rain", "icon": "rain", "precipIntensity": 0.0387, "precipProbability": 0.9, "precipType": "rain", "temperature": 41.84, "apparentTemperature": 41.84, "dewPoint": 39.28, "humidity": 0.91, "pressure": 1006.62, "windSpeed": 0.26, "windGust": 0.78, "windBearing": 358, "cloudCover": 0.95, "uvIndex": 0, "visibility": 5.31}, "hourly": {"summary": "Light rain overnight.", "icon": "rain", "data": [{"time": 1430020800, "summary": "Light Rain", "icon": "rain", "precipIntensity": 0.0387, "precipProbability": 0.9, "precipType": "rain", "temperature": 41.84, "apparentTemperature": 41.84, "dewPoint": 39.28, "humidity": 0.91, "pressure": 1006.62, "windSpeed": 0.26, "windGust": 0.78, "windBearing": 358, "cloudCover": 0.95, "uvIndex": 0, "visibility": 5.31}, {"time": 1430024400, "summary": "Light Rain", "icon": "rain", "precipIntensity": 0.0108, "precipProbability": 0.87, "precipType": "rain", "temperature": 41.98, "apparentTemperature": 41.98, "dewPoint": 39.43, "humidity": 0.91, "pressure": 1006.21, "windSpeed": 0.04, "windGust": 0.44, "windBearing": 109, "cloudCover": 0.89, "uvIndex": 0, "visibility": 6.68}, {"time": 1430028000, "summary": "Overcast", "icon": "cloudy", "precipIntensity": 0, "precipProbability": 0, "temperature": 42.22, "apparentTemperature": 42.22, "dewPoint": 39.79, "humidity": 0.91, "pressure": 1005.42, "windSpeed": 0.1, "windGust": 0.82, "windBearing": 187, "cloudCover": 0.95, "uvIndex": 0, "visibility": 6.3}, {"time": 1430031600, "summary": "Overcast", "icon": "cloudy", "precipIntensity": 0, "precipProbability": 0, "temperature": 42.37, "apparentTemperature": 42.37, "dewPoint": 39.94, "humidity": 0.91, "pressure": 1005.14, "windSpeed": 0.1, "windGust": 0.66, "windBearing": 330, "cloudCover": 1, "uvIndex": 0, "visibility": 6.67}, {"time": 1430035200, "summary": "Overcast", "icon": "cloudy", "precipIntensity": 0, "precipProbability": 0, "temperature": 42.42, "apparentTemperature": 42.42, "dewPoint": 40.07, "humidity": 0.91, "pressure": 1005.36, "windSpeed": 0.53, "windGust": 0.98, "windBearing": 333, "cloudCover": 1, "uvIndex": 0, "visibility": 7.01}, {"time": 1430038800, "summary": "Overcast", "icon": "cloudy", "precipIntensity": 0, "precipProbability": 0, "temperature": 42.22, "apparentTemperature": 42.22, "dewPoint": 39.9, "humidity": 0.91, "pressure": 1004.98, "windSpeed": 0.51, "windGust": 1.59, "windBearing": 342, "cloudCover": 1, "uvIndex": 0, "visibility": 6.45}, {"time": 1430042400, "summary": "Mostly Cloudy", "icon": "partly-cloudy-night", "precipIntensity": 0, "precipProbability": 0, "temperature": 42.15, "apparentTemperature": 42.15, "dewPoint": 39.81, "humidity": 0.91, "pressure": 1005.17, "windSpeed": 0.28, "windGust": 0.89, "windBearing": 324, "cloudCover": 0.92, "uvIndex": 0, "visibility": 7.35}, {"time": 1430046000, "summary": "Mostly Cloudy", "icon": "partly-cloudy-day", "precipIntensity": 0, "precipProbability": 0, "temperature": 42.24, "apparentTemperature": 42.24, "dewPoint": 39.85, "humidity": 0.91, "pressure": 1005.26, "windSpeed": 0.45, "windGust": 1.18, "windBearing": 329, "cloudCover": 0.93, "uvIndex": 0, "visibility": 7.26}, {"time": 1430049600, "summary": "Mostly Cloudy", "icon": "partly-cloudy-day", "precipIntensity": 0, "precipProbability": 0, "temperature": 43.45, "apparentTemperature": 43.45, "dewPoint": 40.4, "humidity": 0.89, "pressure": 1005.32, "windSpeed": 0.76, "windGust": 2.03, "windBearing": 342, "cloudCover": 0.81, "uvIndex": 1, "visibility": 7.58}, {"time": 1430053200, "summary": "Partly Cloudy", "icon": "partly-cloudy-day", "precipIntensity": 0, "precipProbability": 0, "temperature": 46.69, "apparentTemperature": 46.69, "dewPoint": 40.14, "humidity": 0.78, "pressure": 1005.7, "windSpeed": 1.24, "windGust": 3.91, "windBearing": 356, "cloudCover": 0.58, "uvIndex": 2, "visibility": 7.5}, {"time": 1430056800, "summary": "Partly Cloudy", "icon": "partly-cloudy-day", "precipIntensity": 0, "precipProbability": 0, "temperature": 51.68, "apparentTemperature": 51.68, "dewPoint": 38.45, "humidity": 0.6, "pressure": 1006.05, "windSpeed": 2.12, "windGust": 6.26, "windBearing": 28, "cloudCover": 0.26, "uvIndex": 4, "visibility": 8.85}, {"time": 1430060400, "summary": "Clear", "icon": "clear-day", "precipIntensity": 0, "precipProbability": 0, "temperature": 55.15, "apparentTemperature": 55.15, "dewPoint": 37.5, "humidity": 0.51, "pressure": 1006.44, "windSpeed": 1.91, "windGust": 6.51, "windBearing": 29, "cloudCover": 0.19, "uvIndex": 6, "visibility": 8.75}, {"time": 1430064000, "summary": "Clear", "icon": "clear-day", "precipIntensity": 0, "precipProbability": 0, "temperature": 58.26, "apparentTemperature": 58.26, "dewPoint": 36.03, "humidity": 0.43, "pressure": 1006.46, "windSpeed": 1.59, "windGust": 6.87, "windBearing": 19, "cloudCover": 0.12, "uvIndex": 8, "visibility": 8.68}, {"time": 1430067600, "summary": "Clear", "icon": "clear-day", "precipIntensity": 0, "precipProbability": 0, "temperature": 60.25, "apparentTemperature": 60.25, "dewPoint": 34.8, "humidity": 0.38, "pressure": 1005.91, "windSpeed": 1.9, "windGust": 7.69, "windBearing": 21, "cloudCover": 0.18, "uvIndex": 8, "visibility": 7.81}, {"time": 1430071200, "summary": "Partly Cloudy", "icon": "partly-cloudy-day", "precipIntensity": 0, "precipProbability": 0, "temperature": 61.73, "apparentTemperature": 61.73, "dewPoint": 34.22, "humidity": 0.36, "pressure": 1005.41, "windSpeed": 1.85, "windGust": 7.51, "windBearing": 1, "cloudCover": 0.48, "uvIndex": 7, "visibility": 8.63}, {"time": 1430074800, "summary": "Partly Cloudy", "icon": "partly-cloudy-day", "precipIntensity": 0, "precipProbability": 0, "temperature": 62.58, "apparentTemperature": 62.58, "dewPoint": 33.81, "humidity": 0.34, "pressure": 1005.28, "windSpeed": 1.32, "windGust": 6.86, "windBearing": 333, "cloudCover": 0.52, "uvIndex": 6, "visibility": 8.39}, {"time": 1430078400, "summary": "Partly Cloudy", "icon": "partly-cloudy-day", "precipIntensity": 0, "precipProbability": 0, "temperature": 63.31, "apparentTemperature": 63.31, "dewPoint": 33.27, "humidity": 0.32, "pressure": 1004.8, "windSpeed": 1.79, "windGust": 7.52, "windBearing": 338, "cloudCover": 0.49, "uvIndex": 4, "visibility": 7.84}, {"time": 1430082000, "summary": "Partly Cloudy", "icon": "partly-cloudy-day", "precipIntensity": 0, "precipProbability": 0, "temperature": 63.36, "apparentTemperature": 63.36, "dewPoint": 32.91, "humidity": 0.32, "pressure": 1004.65, "windSpeed": 1.91, "windGust": 8.06, "windBearing": 348, "cloudCover": 0.4, "uvIndex": 2, "visibility": 8.81}, {"time": 1430085600, "summary": "Partly Cloudy", "icon": "partly-cloudy-day", "precipIntensity": 0, "precipProbability": 0, "temperature": 62.97, "apparentTemperature": 62.97, "dewPoint": 32.49, "humidity": 0.32, "pressure": 1004.82, "windSpeed": 1.81, "windGust": 6.73, "windBearing": 345, "cloudCover": 0.41, "uvIndex": 1, "visibility": 8.45}, {"time": 1430089200, "summary": "Clear", "icon": "clear-day", "precipIntensity": 0, "precipProbability": 0, "temperature": 61.9, "apparentTemperature": 61.9, "dewPoint": 32.56, "humidity": 0.33, "pressure": 1004.99, "windSpeed": 0.77, "windGust": 4.69, "windBearing": 358, "cloudCover": 0.14, "uvIndex": 0, "visibility": 9.04}, {"time": 1430092800, "summary": "Clear", "icon": "clear-night", "precipIntensity": 0, "precipProbability": 0, "temperature": 59.14, "apparentTemperature": 59.14, "dewPoint": 33.14, "humidity": 0.37, "pressure": 1005.38, "windSpeed": 0.26, "windGust": 1.33, "windBearing": 13, "cloudCover": 0.03, "uvIndex": 0, "visibility": 8.29}, {"time": 1430096400, "summary": "Clear", "icon": "clear-night", "precipIntensity": 0, "precipProbability": 0, "temperature": 54.47, "apparentTemperature": 54.47, "dewPoint": 34.97, "humidity": 0.48, "pressure": 1005.72, "windSpeed": 0, "windGust": 0.09, "cloudCover": 0.09, "uvIndex": 0, "visibility": 6.94}, {"time": 1430100000, "summary": "Clear", "icon": "clear-night", "precipIntensity": 0, "precipProbability": 0, "temperature": 50.47, "apparentTemperature": 50.47, "dewPoint": 35.74, "humidity": 0.57, "pressure": 1006.17, "windSpeed": 0, "windGust": 0.01, "cloudCover": 0.11, "uvIndex": 0, "visibility": 8.27}, {"time": 1430103600, "summary": "Partly Cloudy", "icon": "partly-cloudy-night", "precipIntensity": 0, "precipProbability": 0, "temperature": 47.84, "apparentTemperature": 47.84, "dewPoint": 36.6, "humidity": 0.65, "pressure": 1006.37, "windSpeed": 0, "windGust": 0.21, "cloudCover": 0.43, "uvIndex": 0, "visibility": 6.37}]}, "daily": {"data": [{"time": 1430020800, "summary": "Mostly cloudy until evening.", "icon": "partly-cloudy-day", "sunriseTime": 1430043457, "sunsetTime": 1430092584, "moonPhase": 0.27, "precipIntensity": 0.0021, "precipIntensityMax": 0.0387, "precipIntensityMaxTime": 1430020800, "precipProbability": 0.9, "precipType": "rain", "temperatureHigh": 63.36, "temperatureHighTime": 1430082000, "temperatureLow": 42.69, "temperatureLowTime": 1430128800, "apparentTemperatureHigh": 63.36, "apparentTemperatureHighTime": 1430082000, "apparentTemperatureLow": 42.69, "apparentTemperatureLowTime": 1430128800, "dewPoint": 36.88, "humidity": 0.62, "pressure": 1005.57, "windSpeed": 0.83, "windGust": 8.06, "windGustTime": 1430082000, "windBearing": 0, "cloudCover": 0.54, "uvIndex": 8, "uvIndexTime": 1430064000, "visibility": 7.63, "temperatureMin": 41.84, "temperatureMinTime": 1430020800, "temperatureMax": 63.36, "temperatureMaxTime": 1430082000, "apparentTemperatureMin": 41.84, "apparentTemperatureMinTime": 1430020800, "apparentTemperatureMax": 63.36, "apparentTemperatureMaxTime": 1430082000}]}, "flags": {"sources": ["cmc", "gfs", "hrrr", "icon", "isd", "madis", "nam", "sref"], "nearest-station": 0.675, "units": "us"}, "offset": -4}