{"latitude": 38.912659, "longitude": -77.017669, "timezone": "America/New_York", "currently": {"time": 1454907600, "summary": "Mostly Cloudy", "icon": "partly-cloudy-night", "precipIntensity": 0, "precipProbability": 0, "temperature": 36.59, "apparentTemperature": 36.59, "dewPoint": 24.01, "humidity": 0.6, "pressure": 1010.76, "windSpeed": 0.83, "windGust": 2.07, "windBearing": 4, "cloudCover": 0.6, "uvIndex": 0, "visibility": 9}, "hourly": {"summary": "Mostly cloudy starting in the afternoon.", "icon": "partly-cloudy-day", "data": [{"time": 1454907600, "summary": "Mostly Cloudy", "icon": "partly-cloudy-night", "precipIntensity": 0, "precipProbability": 0, "temperature": 36.59, "apparentTemperature": 36.59, "dewPoint": 24.01, "humidity": 0.6, "pressure": 1010.76, "windSpeed": 0.83, "windGust": 2.07, "windBearing": 4, "cloudCover": 0.6, "uvIndex": 0, "visibility": 9}, {"time": 1454911200, "summary": "Partly Cloudy", "icon": "partly-cloudy-night", "precipIntensity": 0, "precipProbability": 0, "temperature": 36.28, "apparentTemperature": 36.28, "dewPoint": 23.72, "humidity": 0.6, "pressure": 1009.84, "windSpeed": 0.92, "windGust": 2.15, "windBearing": 356, "cloudCover": 0.5, "uvIndex": 0, "visibility": 9.48}, {"time": 1454914800, "summary": "Partly Cloudy", "icon": "partly-cloudy-night", "precipIntensity": 0, "precipProbability": 0, "temperature": 36, "apparentTemperature": 36, "dewPoint": 23.26, "humidity": 0.59, "pressure": 1008.57, "windSpeed": 1.46, "windGust": 3.05, "windBearing": 347, "cloudCover": 0.35, "uvIndex": 0, "visibility": 8.21}, {"time": 1454918400, "summary": "Partly Cloudy", "icon": "partly-cloudy-night", "precipIntensity": 0, "precipProbability": 0, "temperature": 35.5, "apparentTemperature": 35.5, "dewPoint": 22.99, "humidity": 0.6, "pressure": 1007.62, "windSpeed": 1.39, "windGust": 2.86, "windBearing": 347, "cloudCover": 0.33, "uvIndex": 0, "visibility": 8.59}, {"time": 1454922000, "summary": "Partly Cloudy", "icon": "partly-cloudy-night", "precipIntensity": 0, "precipProbability": 0, "temperature": 34.96, "apparentTemperature": 34.96, "dewPoint": 22.85, "humidity": 0.61, "pressure": 1007.41, "windSpeed": 1.43, "windGust": 3.2, "windBearing": 337, "cloudCover": 0.3, "uvIndex": 0, "visibility": 8.17}, {"time": 1454925600, "summary": "Clear", "icon": "clear-night", "precipIntensity": 0, "precipProbability": 0, "temperature": 34.22, "apparentTemperature": 34.22, "dewPoint": 22.61, "humidity": 0.62, "pressure": 1008.31, "windSpeed": 0.94, "windGust": 2.33, "windBearing": 331, "cloudCover": 0.23, "uvIndex": 0, "visibility": 7.95}, {"time": 1454929200, "summary": "Clear", "icon": "clear-night", "precipIntensity": 0, "precipProbability": 0, "temperature": 32.89, "apparentTemperature": 32.89, "dewPoint": 22.32, "humidity": 0.65, "pressure": 1008.83, "windSpeed": 0.31, "windGust": 1.27, "windBearing": 339, "cloudCover": 0.04, "uvIndex": 0, "visibility": 10}, {"time": 1454932800, "summary": "Clear", "icon": "clear-night", "precipIntensity": 0, "precipProbability": 0, "temperature": 31.97, "apparentTemperature": 31.97, "dewPoint": 22.25, "humidity": 0.67, "pressure": 1009.31, "windSpeed": 0.59, "windGust": 1.28, "windBearing": 330, "cloudCover": 0.18, "uvIndex": 0, "visibility": 7.77}, {"time": 1454936400, "summary": "Clear", "icon": "clear-day", "precipIntensity": 0, "precipProbability": 0, "temperature": 31.7, "apparentTemperature": 31.7, "dewPoint": 22.44, "humidity": 0.68, "pressure": 1009.84, "windSpeed": 0.51, "windGust": 1.29, "windBearing": 340, "cloudCover": 0.23, "uvIndex": 0, "visibility": 10}, {"time": 1454940000, "summary": "Partly Cloudy", "icon": "partly-cloudy-day", "precipIntensity": 0, "precipProbability": 0, "temperature": 37.65, "apparentTemperature": 37.65, "dewPoint": 23.92, "humidity": 0.57, "pressure": 1009.51, "windSpeed": 1.48, "windGust": 5.66, "windBearing": 38, "cloudCover": 0.29, "uvIndex": 1, "visibility": 9.43}, {"time": 1454943600, "summary": "Clear", "icon": "clear-day", "precipIntensity": 0, "precipProbability": 0, "temperature": 40.83, "apparentTemperature": 39.11, "dewPoint": 25.83, "humidity": 0.55, "pressure": 1008.93, "windSpeed": 3.17, "windGust": 8.93, "windBearing": 66, "cloudCover": 0.21, "uvIndex": 2, "visibility": 7.56}, {"time": 1454947200, "summary": "Clear", "icon": "clear-day", "precipIntensity": 0, "precipProbability": 0, "temperature": 42.88, "apparentTemperature": 42.88, "dewPoint": 28.42, "humidity": 0.56, "pressure": 1008.54, "windSpeed": 1.74, "windGust": 6.82, "windBearing": 94, "cloudCover": 0.21, "uvIndex": 3, "visibility": 8.28}, {"time": 1454950800, "summary": "Partly Cloudy", "icon": "partly-cloudy-day", "precipIntensity": 0, "precipProbability": 0, "temperature": 44.21, "apparentTemperature": 44.21, "dewPoint": 29.4, "humidity": 0.56, "pressure": 1007.59, "windSpeed": 1.31, "windGust": 6.44, "windBearing": 116, "cloudCover": 0.46, "uvIndex": 3, "visibility": 7.98}, {"time": 1454954400, "summary": "Partly Cloudy", "icon": "partly-cloudy-day", "precipIntensity": 0, "precipProbability": 0, "temperature": 45.6, "apparentTemperature": 45.6, "dewPoint": 29.82, "humidity": 0.54, "pressure": 1006.4, "windSpeed": 0.98, "windGust": 5.3, "windBearing": 146, "cloudCover": 0.5, "uvIndex": 3, "visibility": 7.9}, {"time": 1454958000, "summary": "Partly Cloudy", "icon": "partly-cloudy-day", "precipIntensity": 0, "precipProbability": 0, "temperature": 46.3, "apparentTemperature": 46.3, "dewPoint": 29.66, "humidity": 0.52, "pressure": 1005.8, "windSpeed": 0.9, "windGust": 5.26, "windBearing": 157, "cloudCover": 0.44, "uvIndex": 2, "visibility": 7.88}, {"time": 1454961600, "summary": "Mostly Cloudy", "icon": "partly-cloudy-day", "precipIntensity": 0, "precipProbability": 0, "temperature": 46.02, "apparentTemperature": 46.02, "dewPoint": 29.42, "humidity": 0.52, "pressure": 1005.57, "windSpeed": 1.04, "windGust": 4.52, "windBearing": 155, "cloudCover": 0.73, "uvIndex": 1, "visibility": 8.01}, {"time": 1454965200, "summary": "Mostly Cloudy", "icon": "partly-cloudy-day", "precipIntensity": 0, "precipProbability": 0, "temperature": 45.02, "apparentTemperature": 45.02, "dewPoint": 29.42, "humidity": 0.54, "pressure": 1005.65, "windSpeed": 1.23, "windGust": 4.35, "windBearing": 139, "cloudCover": 0.84, "uvIndex": 1, "visibility": 8.25}, {"time": 1454968800, "summary": "Overcast", "icon": "cloudy", "precipIntensity": 0, "precipProbability": 0, "temperature": 44, "apparentTemperature": 44, "dewPoint": 29.62, "humidity": 0.57, "pressure": 1005.68, "windSpeed": 1.41, "windGust": 4.88, "windBearing": 125, "cloudCover": 0.97, "uvIndex": 0, "visibility": 7.77}, {"time": 1454972400, "summary": "Overcast", "icon": "cloudy", "precipIntensity": 0, "precipProbability": 0, "temperature": 42.78, "apparentTemperature": 42.78, "dewPoint": 30.17, "humidity": 0.61, "pressure": 1005.81, "windSpeed": 1.43, "windGust": 4.97, "windBearing": 128, "cloudCover": 0.97, "uvIndex": 0, "visibility": 7.97}, {"time": 1454976000, "summary": "Overcast", "icon": "cloudy", "precipIntensity": 0, "precipProbability": 0, "temperature": 42.07, "apparentTemperature": 42.07, "dewPoint": 30.87, "humidity": 0.64, "pressure": 1006.3, "windSpeed": 1.87, "windGust": 5.45, "windBearing": 142, "cloudCover": 0.97, "uvIndex": 0, "visibility": 8.25}, {"time": 1454979600, "summary": "Overcast", "icon": "cloudy", "precipIntensity": 0, "precipProbability": 0, "temperature": 40.79, "apparentTemperature": 40.79, "dewPoint": 32.6, "humidity": 0.72, "pressure": 1006.42, "windSpeed": 2.32, "windGust": 6.6, "windBearing": 150, "cloudCover": 1, "uvIndex": 0, "visibility": 7.62}, {"time": 1454983200, "summary": "Overcast", "icon": "cloudy", "precipIntensity": 0, "precipProbability": 0, "temperature": 39.66, "apparentTemperature": 39.66, "dewPoint": 33.25, "humidity": 0.78, "pressure": 1006.05, "windSpeed": 1.41, "windGust": 5.05, "windBearing": 141, "cloudCover": 0.97, "uvIndex": 0, "visibility": 7.94}, {"time": 1454986800, "summary": "Overcast", "icon": "cloudy", "precipIntensity": 0.0002, "precipProbability": 0.15, "precipType": "rain", "temperature": 39.09, "apparentTemperature": 39.09, "dewPoint": 33.82, "humidity": 0.81, "pressure": 1005.81, "windSpeed": 1.38, "windGust": 4.67, "windBearing": 137, "cloudCover": 0.95, "uvIndex": 0, "visibility": 7.9}, {"time": 1454990400, "summary": "Overcast", "icon": "cloudy", "precipIntensity": 0.0023, "precipProbability": 0.33, "precipType": "rain", "temperature": 38.17, "apparentTemperature": 38.17, "dewPoint": 34.07, "humidity": 0.85, "pressure": 1005.01, "windSpeed": 1.23, "windGust": 3.72, "windBearing": 137, "cloudCover": 1, "uvIndex": 0, "visibility": 6.57}]}, "daily": {"data": [{"time": 1454907600, "summary": "Mostly cloudy starting in the afternoon.", "icon": "partly-cloudy-night", "sunriseTime": 1454933343, "sunsetTime": 1454971085, "moonPhase": 0.99, "precipIntensity": 0.0001, "precipIntensityMax": 0.0023, "precipIntensityMaxTime": 1454990400, "precipProbability": 0.33, "precipType": "rain", "temperatureHigh": 46.3, "temperatureHighTime": 1454958000, "temperatureLow": 34.39, "temperatureLowTime": 1455022800, "apparentTemperatureHigh": 46.3, "apparentTemperatureHighTime": 1454958000, "apparentTemperatureLow": 34.39, "apparentTemperatureLowTime": 1455022800, "dewPoint": 27.36, "humidity": 0.62, "pressure": 1007.48, "windSpeed": 0.59, "windGust": 8.93, "windGustTime": 1454943600, "windBearing": 98, "cloudCover": 0.55, "uvIndex": 3, "uvIndexTime": 1454947200, "visibility": 8.27, "temperatureMin": 31.7, "temperatureMinTime": 1454936400, "temperatureMax": 46.3, "temperatureMaxTime": 1454958000, "apparentTemperatureMin": 31.7, "apparentTemperatureMinTime": 1454936400, "apparentTemperatureMax": 46.3, "apparentTemperatureMaxTime": 1454958000}]}, "flags": {"sources": ["cmc", "gfs", "hrrr", "icon", "isd", "madis", "nam", "sref"], "nearest-station": 1.106, "units": "us"}, "offset": -5}