{"latitude": 38.912659, "longitude": -77.017669, "timezone": "America/New_York", "currently": {"time": 1444795200, "summary": "Partly Cloudy", "icon": "partly-cloudy-night", "precipIntensity": 0, "precipProbability": 0, "temperature": 62.92, "apparentTemperature": 62.92, "dewPoint": 51.55, "humidity": 0.66, "pressure": 1006.99, "windSpeed": 0.71, "windGust": 3, "windBearing": 338, "cloudCover": 0.33, "uvIndex": 0, "visibility": 8.67}, "hourly": {"summary": "Partly cloudy starting in the morning, continuing until evening.", "icon": "partly-cloudy-day", "data": [{"time": 1444795200, "summary": "Partly Cloudy", "icon": "partly-cloudy-night", "precipIntensity": 0, "precipProbability": 0, "temperature": 62.92, "apparentTemperature": 62.92, "dewPoint": 51.55, "humidity": 0.66, "pressure": 1006.99, "windSpeed": 0.71, "windGust": 3, "windBearing": 338, "cloudCover": 0.33, "uvIndex": 0, "visibility": 8.67}, {"time": 1444798800, "summary": "Partly Cloudy", "icon": "partly-cloudy-night", "precipIntensity": 0, "precipProbability": 0, "temperature": 60.59, "apparentTemperature": 60.59, "dewPoint": 50.56, "humidity": 0.7, "pressure": 1007.17, "windSpeed": 0.46, "windGust": 1.57, "windBearing": 325, "cloudCover": 0.53, "uvIndex": 0, "visibility": 8.13}, {"time": 1444802400, "summary": "Clear", "icon": "clear-night", "precipIntensity": 0, "precipProbability": 0, "temperature": 58.19, "apparentTemperature": 58.19, "dewPoint": 49.82, "humidity": 0.74, "pressure": 1007.24, "windSpeed": 0.13, "windGust": 0.99, "windBearing": 298, "cloudCover": 0.03, "uvIndex": 0, "visibility": 7.94}, {"time": 1444806000, "summary": "Clear", "icon": "clear-night", "precipIntensity": 0, "precipProbability": 0, "temperature": 56.51, "apparentTemperature": 56.51, "dewPoint": 49.16, "humidity": 0.76, "pressure": 1007.46, "windSpeed": 0.12, "windGust": 0.57, "windBearing": 294, "cloudCover": 0.18, "uvIndex": 0, "visibility": 6.97}, {"time": 1444809600, "summary": "Clear", "icon": "clear-night", "precipIntensity": 0, "precipProbability": 0, "temperature": 54.65, "apparentTemperature": 54.65, "dewPoint": 48.64, "humidity": 0.8, "pressure": 1007.73, "windSpeed": 0.01, "windGust": 0.22, "windBearing": 270, "cloudCover": 0.21, "uvIndex": 0, "visibility": 7.12}, {"time": 1444813200, "summary": "Partly Cloudy", "icon": "partly-cloudy-night", "precipIntensity": 0, "precipProbability": 0, "temperature": 53.67, "apparentTemperature": 53.67, "dewPoint": 48.65, "humidity": 0.83, "pressure": 1007.84, "windSpeed": 0.01, "windGust": 0.24, "windBearing": 270, "cloudCover": 0.29, "uvIndex": 0, "visibility": 7.7}, {"time": 1444816800, "summary": "Partly Cloudy", "icon": "partly-cloudy-night", "precipIntensity": 0, "precipProbability": 0, "temperature": 53.18, "apparentTemperature": 53.18, "dewPoint": 48.51, "humidity": 0.84, "pressure": 1008.13, "windSpeed": 0.04, "windGust": 0.21, "windBearing": 270, "cloudCover": 0.39, "uvIndex": 0, "visibility": 9.66}, {"time": 1444820400, "summary": "Partly Cloudy", "icon": "partly-cloudy-night", "precipIntensity": 0, "precipProbability": 0, "temperature": 52.85, "apparentTemperature": 52.85, "dewPoint": 48.25, "humidity": 0.84, "pressure": 1008.77, "windSpeed": 0.1, "windGust": 0.44, "windBearing": 261, "cloudCover": 0.27, "uvIndex": 0, "visibility": 9.32}, {"time": 1444824000, "summary": "Partly Cloudy", "icon": "partly-cloudy-day", "precipIntensity": 0, "precipProbability": 0, "temperature": 52.96, "apparentTemperature": 52.96, "dewPoint": 48.51, "humidity": 0.85, "pressure": 1009.15, "windSpeed": 0.08, "windGust": 0.49, "windBearing": 269, "cloudCover": 0.37, "uvIndex": 0, "visibility": 8.44}, {"time": 1444827600, "summary": "Partly Cloudy", "icon": "partly-cloudy-day", "precipIntensity": 0, "precipProbability": 0, "temperature": 57.42, "apparentTemperature": 57.42, "dewPoint": 50.89, "humidity": 0.79, "pressure": 1009.9, "windSpeed": 0.26, "windGust": 1.86, "windBearing": 256, "cloudCover": 0.25, "uvIndex": 1, "visibility": 9.25}, {"time": 1444831200, "summary": "Clear", "icon": "clear-day", "precipIntensity": 0, "precipProbability": 0, "temperature": 62.03, "apparentTemperature": 62.03, "dewPoint": 51, "humidity": 0.67, "pressure": 1010.54, "windSpeed": 0.89, "windGust": 4.73, "windBearing": 267, "cloudCover": 0.15, "uvIndex": 2, "visibility": 9.45}, {"time": 1444834800, "summary": "Partly Cloudy", "icon": "partly-cloudy-day", "precipIntensity": 0, "precipProbability": 0, "temperature": 64.75, "apparentTemperature": 64.75, "dewPoint": 49.83, "humidity": 0.58, "pressure": 1010.47, "windSpeed": 2.36, "windGust": 7.65, "windBearing": 292, "cloudCover": 0.41, "uvIndex": 3, "visibility": 10}, {"time": 1444838400, "summary": "Mostly Cloudy", "icon": "partly-cloudy-day", "precipIntensity": 0, "precipProbability": 0, "temperature": 65.34, "apparentTemperature": 65.34, "dewPoint": 48.72, "humidity": 0.55, "pressure": 1010.62, "windSpeed": 2.21, "windGust": 7.67, "windBearing": 288, "cloudCover": 0.85, "uvIndex": 3, "visibility": 7.56}, {"time": 1444842000, "summary": "Mostly Cloudy", "icon": "partly-cloudy-day", "precipIntensity": 0, "precipProbability": 0, "temperature": 65.84, "apparentTemperature": 65.84, "dewPoint": 48.82, "humidity": 0.54, "pressure": 1010.39, "windSpeed": 2.24, "windGust": 6.73, "windBearing": 296, "cloudCover": 0.81, "uvIndex": 3, "visibility": 7.66}, {"time": 1444845600, "summary": "Mostly Cloudy", "icon": "partly-cloudy-day", "precipIntensity": 0, "precipProbability": 0, "temperature": 66.52, "apparentTemperature": 66.52, "dewPoint": 48.64, "humidity": 0.53, "pressure": 1009.95, "windSpeed": 2.07, "windGust": 6.78, "windBearing": 296, "cloudCover": 0.7, "uvIndex": 3, "visibility": 8.72}, {"time": 1444849200, "summary": "Mostly Cloudy", "icon": "partly-cloudy-day", "precipIntensity": 0, "precipProbability": 0, "temperature": 67.22, "apparentTemperature": 67.22, "dewPoint": 48.59, "humidity": 0.51, "pressure": 1009.73, "windSpeed": 1.91, "windGust": 6.4, "windBearing": 307, "cloudCover": 0.66, "uvIndex": 3, "visibility": 7.76}, {"time": 1444852800, "summary": "Partly Cloudy", "icon": "partly-cloudy-day", "precipIntensity": 0, "precipProbability": 0, "temperature": 67.05, "apparentTemperature": 67.05, "dewPoint": 47.83, "humidity": 0.5, "pressure": 1009.98, "windSpeed": 3.14, "windGust": 8.81, "windBearing": 326, "cloudCover": 0.59, "uvIndex": 2, "visibility": 7.3}, {"time": 1444856400, "summary": "Mostly Cloudy", "icon": "partly-cloudy-day", "precipIntensity": 0, "precipProbability": 0, "temperature": 65.63, "apparentTemperature": 65.63, "dewPoint": 47.08, "humidity": 0.51, "pressure": 1010.41, "windSpeed": 1.78, "windGust": 6.42, "windBearing": 323, "cloudCover": 0.6, "uvIndex": 1, "visibility": 8.75}, {"time": 1444860000, "summary": "Partly Cloudy", "icon": "partly-cloudy-day", "precipIntensity": 0, "precipProbability": 0, "temperature": 63.66, "apparentTemperature": 63.66, "dewPoint": 46.94, "humidity": 0.54, "pressure": 1010.86, "windSpeed": 1.06, "windGust": 3.72, "windBearing": 338, "cloudCover": 0.42, "uvIndex": 0, "visibility": 9.52}, {"time": 1444863600, "summary": "Mostly Cloudy", "icon": "partly-cloudy-night", "precipIntensity": 0, "precipProbability": 0, "temperature": 61.15, "apparentTemperature": 61.15, "dewPoint": 46.81, "humidity": 0.59, "pressure": 1011.82, "windSpeed": 0.46, "windGust": 1.59, "windBearing": 324, "cloudCover": 0.78, "uvIndex": 0, "visibility": 9.47}, {"time": 1444867200, "summary": "Mostly Cloudy", "icon": "partly-cloudy-night", "precipIntensity": 0, "precipProbability": 0, "temperature": 58.16, "apparentTemperature": 58.16, "dewPoint": 46.85, "humidity": 0.66, "pressure": 1012.34, "windSpeed": 0.11, "windGust": 0.34, "windBearing": 285, "cloudCover": 0.63, "uvIndex": 0, "visibility": 8}, {"time": 1444870800, "summary": "Mostly Cloudy", "icon": "partly-cloudy-night", "precipIntensity": 0, "precipProbability": 0, "temperature": 55.88, "apparentTemperature": 55.88, "dewPoint": 46.93, "humidity": 0.72, "pressure": 1012.84, "windSpeed": 0.04, "windGust": 0.37, "windBearing": 296, "cloudCover": 0.61, "uvIndex": 0, "visibility": 8.39}, {"time": 1444874400, "summary": "Clear", "icon": "clear-night", "precipIntensity": 0, "precipProbability": 0, "temperature": 54.28, "apparentTemperature": 54.28, "dewPoint": 46.03, "humidity": 0.74, "pressure": 1013.09, "windSpeed": 0.07, "windGust": 0.54, "windBearing": 312, "cloudCover": 0.19, "uvIndex": 0, "visibility": 7.93}, {"time": 1444878000, "summary": "Clear", "icon": "clear-night", "precipIntensity": 0, "precipProbability": 0, "temperature": 51.83, "apparentTemperature": 51.83, "dewPoint": 45.36, "humidity": 0.79, "pressure": 1013.67, "windSpeed": 0, "windGust": 0.11, "cloudCover": 0.06, "uvIndex": 0, "visibility": 10}]}, "daily": {"data": [{"time": 1444795200, "summary": "Partly cloudy until evening.", "icon": "partly-cloudy-day", "sunriseTime": 1444821451, "sunsetTime": 1444861971, "moonPhase": 0.05, "precipIntensity": 0, "precipIntensityMax": 0, "precipProbability": 0, "temperatureHigh": 67.22, "temperatureHighTime": 1444849200, "temperatureLow": 48.34, "temperatureLowTime": 1444910400, "apparentTemperatureHigh": 67.22, "apparentTemperatureHighTime": 1444849200, "apparentTemperatureLow": 48.34, "apparentTemperatureLowTime": 1444910400, "dewPoint": 48.5, "humidity": 0.68, "pressure": 1009.88, "windSpeed": 0.8, "windGust": 8.81, "windGustTime": 1444852800, "windBearing": 305, "cloudCover": 0.43, "uvIndex": 3, "uvIndexTime": 1444834800, "visibility": 8.49, "temperatureMin": 51.83, "temperatureMinTime": 1444878000, "temperatureMax": 67.22, "temperatureMaxTime": 1444849200, "apparentTemperatureMin": 51.83, "apparentTemperatureMinTime": 1444878000, "apparentTemperatureMax": 67.22, "apparentTemperatureMaxTime": 1444849200}]}, "flags": {"sources": ["cmc", "gfs", "hrrr", "icon", "isd", "madis", "nam", "sref"], "nearest-station": 1.106, "units": "us"}, "offset": -4}