{"latitude": 38.912659, "longitude": -77.017669, "timezone": "America/New_York", "currently": {"time": 1449118800, "summary": "Overcast", "icon": "cloudy", "precipIntensity": 0, "precipProbability": 0, "temperature": 51.65, "apparentTemperature": 51.65, "dewPoint": 44.31, "humidity": 0.76, "pressure": 1008.71, "windSpeed": 3.51, "windGust": 8.54, "windBearing": 314, "cloudCover": 0.94, "uvIndex": 0, "visibility": 7.89}, "hourly": {"summary": "Mostly cloudy until morning.", "icon": "partly-cloudy-night", "data": [{"time": 1449118800, "summary": "Overcast", "icon": "cloudy", "precipIntensity": 0, "precipProbability": 0, "temperature": 51.65, "apparentTemperature": 51.65, "dewPoint": 44.31, "humidity": 0.76, "pressure": 1008.71, "windSpeed": 3.51, "windGust": 8.54, "windBearing": 314, "cloudCover": 0.94, "uvIndex": 0, "visibility": 7.89}, {"time": 1449122400, "summary": "Mostly Cloudy", "icon": "partly-cloudy-night", "precipIntensity": 0, "precipProbability": 0, "temperature": 50.36, "apparentTemperature": 50.36, "dewPoint": 40.8, "humidity": 0.7, "pressure": 1008.82, "windSpeed": 2.91, "windGust": 6.94, "windBearing": 305, "cloudCover": 0.75, "uvIndex": 0, "visibility": 8.37}, {"time": 1449126000, "summary": "Mostly Cloudy", "icon": "partly-cloudy-night", "precipIntensity": 0, "precipProbability": 0, "temperature": 49.48, "apparentTemperature": 49.48, "dewPoint": 39, "humidity": 0.67, "pressure": 1009.01, "windSpeed": 2.14, "windGust": 5.2, "windBearing": 305, "cloudCover": 0.77, "uvIndex": 0, "visibility": 7.89}, {"time": 1449129600, "summary": "Overcast", "icon": "cloudy", "precipIntensity": 0, "precipProbability": 0, "temperature": 48.73, "apparentTemperature": 48.73, "dewPoint": 38.01, "humidity": 0.66, "pressure": 1009.98, "windSpeed": 2.73, "windGust": 6.45, "windBearing": 301, "cloudCover": 0.96, "uvIndex": 0, "visibility": 7.94}, {"time": 1449133200, "summary": "Mostly Cloudy", "icon": "partly-cloudy-night", "precipIntensity": 0, "precipProbability": 0, "temperature": 47.79, "apparentTemperature": 45.93, "dewPoint": 36.95, "humidity": 0.66, "pressure": 1011.11, "windSpeed": 4.52, "windGust": 12.37, "windBearing": 305, "cloudCover": 0.76, "uvIndex": 0, "visibility": 8.37}, {"time": 1449136800, "summary": "Partly Cloudy", "icon": "partly-cloudy-night", "precipIntensity": 0, "precipProbability": 0, "temperature": 45.87, "apparentTemperature": 43.02, "dewPoint": 35.19, "humidity": 0.66, "pressure": 1012.56, "windSpeed": 5.54, "windGust": 15.23, "windBearing": 308, "cloudCover": 0.36, "uvIndex": 0, "visibility": 8.25}, {"time": 1449140400, "summary": "Partly Cloudy", "icon": "partly-cloudy-night", "precipIntensity": 0, "precipProbability": 0, "temperature": 43.27, "apparentTemperature": 39.44, "dewPoint": 30.58, "humidity": 0.61, "pressure": 1014.17, "windSpeed": 6.34, "windGust": 16.75, "windBearing": 296, "cloudCover": 0.26, "uvIndex": 0, "visibility": 7.9}, {"time": 1449144000, "summary": "Clear", "icon": "clear-night", "precipIntensity": 0, "precipProbability": 0, "temperature": 41.47, "apparentTemperature": 37.64, "dewPoint": 28.65, "humidity": 0.6, "pressure": 1015.63, "windSpeed": 5.8, "windGust": 13.69, "windBearing": 291, "cloudCover": 0.08, "uvIndex": 0, "visibility": 8.25}, {"time": 1449147600, "summary": "Clear", "icon": "clear-day", "precipIntensity": 0, "precipProbability": 0, "temperature": 41.07, "apparentTemperature": 37.77, "dewPoint": 28.63, "humidity": 0.61, "pressure": 1016.86, "windSpeed": 4.95, "windGust": 12.05, "windBearing": 292, "cloudCover": 0.05, "uvIndex": 0, "visibility": 8.01}, {"time": 1449151200, "summary": "Clear", "icon": "clear-day", "precipIntensity": 0, "precipProbability": 0, "temperature": 42.68, "apparentTemperature": 38.69, "dewPoint": 28.69, "humidity": 0.57, "pressure": 1017.67, "windSpeed": 6.43, "windGust": 16.49, "windBearing": 297, "cloudCover": 0.01, "uvIndex": 1, "visibility": 7.34}, {"time": 1449154800, "summary": "Clear", "icon": "clear-day", "precipIntensity": 0, "precipProbability": 0, "temperature": 44.45, "apparentTemperature": 40.36, "dewPoint": 28.47, "humidity": 0.53, "pressure": 1018.42, "windSpeed": 7.27, "windGust": 18.3, "windBearing": 299, "cloudCover": 0.05, "uvIndex": 1, "visibility": 8}, {"time": 1449158400, "summary": "Clear", "icon": "clear-day", "precipIntensity": 0, "precipProbability": 0, "temperature": 46, "apparentTemperature": 42.36, "dewPoint": 28.78, "humidity": 0.51, "pressure": 1018.96, "windSpeed": 7, "windGust": 16.71, "windBearing": 307, "cloudCover": 0.09, "uvIndex": 2, "visibility": 7.67}, {"time": 1449162000, "summary": "Clear", "icon": "clear-day", "precipIntensity": 0, "precipProbability": 0, "temperature": 47.2, "apparentTemperature": 43.58, "dewPoint": 29.51, "humidity": 0.5, "pressure": 1018.62, "windSpeed": 7.49, "windGust": 17.48, "windBearing": 311, "cloudCover": 0.08, "uvIndex": 2, "visibility": 7.65}, {"time": 1449165600, "summary": "Clear", "icon": "clear-day", "precipIntensity": 0, "precipProbability": 0, "temperature": 48.02, "apparentTemperature": 45, "dewPoint": 30.47, "humidity": 0.5, "pressure": 1019.02, "windSpeed": 6.6, "windGust": 16.09, "windBearing": 311, "cloudCover": 0.07, "uvIndex": 2, "visibility": 8.25}, {"time": 1449169200, "summary": "Clear", "icon": "clear-day", "precipIntensity": 0, "precipProbability": 0, "temperature": 48.67, "apparentTemperature": 45.99, "dewPoint": 30.99, "humidity": 0.5, "pressure": 1020.05, "windSpeed": 6.19, "windGust": 15.98, "windBearing": 315, "cloudCover": 0.17, "uvIndex": 1, "visibility": 7.9}, {"time": 1449172800, "summary": "Partly Cloudy", "icon": "partly-cloudy-day", "precipIntensity": 0, "precipProbability": 0, "temperature": 47.62, "apparentTemperature": 44.57, "dewPoint": 30.82, "humidity": 0.52, "pressure": 1021.12, "windSpeed": 6.51, "windGust": 16.29, "windBearing": 317, "cloudCover": 0.48, "uvIndex": 1, "visibility": 8.01}, {"time": 1449176400, "summary": "Partly Cloudy", "icon": "partly-cloudy-day", "precipIntensity": 0, "precipProbability": 0, "temperature": 46.37, "apparentTemperature": 43.86, "dewPoint": 30.31, "humidity": 0.53, "pressure": 1022.09, "windSpeed": 5.15, "windGust": 13.24, "windBearing": 306, "cloudCover": 0.32, "uvIndex": 0, "visibility": 8}, {"time": 1449180000, "summary": "Clear", "icon": "clear-night", "precipIntensity": 0, "precipProbability": 0, "temperature": 44.73, "apparentTemperature": 42.27, "dewPoint": 30.5, "humidity": 0.57, "pressure": 1023.29, "windSpeed": 4.67, "windGust": 11.12, "windBearing": 302, "cloudCover": 0.07, "uvIndex": 0, "visibility": 8.37}, {"time": 1449183600, "summary": "Clear", "icon": "clear-night", "precipIntensity": 0, "precipProbability": 0, "temperature": 43.68, "apparentTemperature": 41.77, "dewPoint": 30.84, "humidity": 0.6, "pressure": 1024.8, "windSpeed": 3.78, "windGust": 8.8, "windBearing": 297, "cloudCover": 0.16, "uvIndex": 0, "visibility": 8.36}, {"time": 1449187200, "summary": "Partly Cloudy", "icon": "partly-cloudy-night", "precipIntensity": 0, "precipProbability": 0, "temperature": 42.9, "apparentTemperature": 42.9, "dewPoint": 30.87, "humidity": 0.62, "pressure": 1025.82, "windSpeed": 2.59, "windGust": 7.08, "windBearing": 295, "cloudCover": 0.27, "uvIndex": 0, "visibility": 7.9}, {"time": 1449190800, "summary": "Partly Cloudy", "icon": "partly-cloudy-night", "precipIntensity": 0, "precipProbability": 0, "temperature": 42.27, "apparentTemperature": 42.27, "dewPoint": 30.78, "humidity": 0.64, "pressure": 1026.87, "windSpeed": 2.34, "windGust": 6.11, "windBearing": 286, "cloudCover": 0.27, "uvIndex": 0, "visibility": 7.73}, {"time": 1449194400, "summary": "Partly Cloudy", "icon": "partly-cloudy-night", "precipIntensity": 0, "precipProbability": 0, "temperature": 41.66, "apparentTemperature": 41.66, "dewPoint": 30.74, "humidity": 0.65, "pressure": 1027.09, "windSpeed": 1.64, "windGust": 4.79, "windBearing": 280, "cloudCover": 0.51, "uvIndex": 0, "visibility": 8}, {"time": 1449198000, "summary": "Clear", "icon": "clear-night", "precipIntensity": 0, "precipProbability": 0, "temperature": 40.7, "apparentTemperature": 40.7, "dewPoint": 30.38, "humidity": 0.66, "pressure": 1027.54, "windSpeed": 1.11, "windGust": 3.53, "windBearing": 278, "cloudCover": 0.19, "uvIndex": 0, "visibility": 7.63}, {"time": 1449201600, "summary": "Mostly Cloudy", "icon": "partly-cloudy-night", "precipIntensity": 0, "precipProbability": 0, "temperature": 40.28, "apparentTemperature": 40.28, "dewPoint": 30.68, "humidity": 0.68, "pressure": 1028.24, "windSpeed": 0.85, "windGust": 2.15, "windBearing": 277, "cloudCover": 0.7, "uvIndex": 0, "visibility": 6.8}]}, "daily": {"data": [{"time": 1449118800, "summary": "Mostly cloudy overnight.", "icon": "partly-cloudy-night", "sunriseTime": 1449144666, "sunsetTime": 1449179258, "moonPhase": 0.76, "precipIntensity": 0, "precipIntensityMax": 0, "precipProbability": 0, "temperatureHigh": 48.67, "temperatureHighTime": 1449169200, "temperatureLow": 33.82, "temperatureLowTime": 1449230400, "apparentTemperatureHigh": 45.99, "apparentTemperatureHighTime": 1449169200, "apparentTemperatureLow": 33.82, "apparentTemperatureLowTime": 1449230400, "dewPoint": 32.29, "humidity": 0.61, "pressure": 1018.6, "windSpeed": 4.45, "windGust": 18.3, "windGustTime": 1449154800, "windBearing": 303, "cloudCover": 0.35, "uvIndex": 2, "uvIndexTime": 1449158400, "visibility": 7.94, "temperatureMin": 40.28, "temperatureMinTime": 1449201600, "temperatureMax": 51.65, "temperatureMaxTime": 1449118800, "apparentTemperatureMin": 37.64, "apparentTemperatureMinTime": 1449144000, "apparentTemperatureMax": 51.65, "apparentTemperatureMaxTime": 1449118800}]}, "flags": {"sources": ["cmc", "gfs", "hrrr", "icon", "isd", "madis", "nam", "sref"], "nearest-station": 1.106, "units": "us"}, "offset": -5}