{"latitude": 38.912659, "longitude": -77.017669, "timezone": "America/New_York", "currently": {"time": 1436673600, "summary": "Clear", "icon": "clear-night", "precipIntensity": 0, "precipProbability": 0, "temperature": 68.81, "apparentTemperature": 69.37, "dewPoint": 63.97, "humidity": 0.85, "pressure": 1017.97, "windSpeed": 0, "windGust": 0, "cloudCover": 0.02, "uvIndex": 0, "visibility": 7.22}, "hourly": {"summary": "Partly cloudy starting in the afternoon, continuing until night.", "icon": "partly-cloudy-day", "data": [{"time": 1436673600, "summary": "Clear", "icon": "clear-night", "precipIntensity": 0, "precipProbability": 0, "temperature": 68.81, "apparentTemperature": 69.37, "dewPoint": 63.97, "humidity": 0.85, "pressure": 1017.97, "windSpeed": 0, "windGust": 0, "cloudCover": 0.02, "uvIndex": 0, "visibility": 7.22}, {"time": 1436677200, "summary": "Clear", "icon": "clear-night", "precipIntensity": 0, "precipProbability": 0, "temperature": 67.61, "apparentTemperature": 68.15, "dewPoint": 63.52, "humidity": 0.87, "pressure": 1017.88, "windSpeed": 0, "windGust": 0.02, "cloudCover": 0.21, "uvIndex": 0, "visibility": 7.15}, {"time": 1436680800, "summary": "Clear", "icon": "clear-night", "precipIntensity": 0, "precipProbability": 0, "temperature": 66.67, "apparentTemperature": 67.19, "dewPoint": 63.1, "humidity": 0.88, "pressure": 1017.97, "windSpeed": 0, "windGust": 0.01, "cloudCover": 0.1, "uvIndex": 0, "visibility": 4.67}, {"time": 1436684400, "summary": "Clear", "icon": "clear-night", "precipIntensity": 0, "precipProbability": 0, "temperature": 65.77, "apparentTemperature": 66.25, "dewPoint": 62.58, "humidity": 0.89, "pressure": 1017.2, "windSpeed": 0, "windGust": 0, "cloudCover": 0.1, "uvIndex": 0, "visibility": 5.25}, {"time": 1436688000, "summary": "Clear", "icon": "clear-night", "precipIntensity": 0, "precipProbability": 0, "temperature": 65.21, "apparentTemperature": 65.66, "dewPoint": 62.16, "humidity": 0.9, "pressure": 1017.64, "windSpeed": 0, "windGust": 0.02, "cloudCover": 0.1, "uvIndex": 0, "visibility": 4.87}, {"time": 1436691600, "summary": "Clear", "icon": "clear-night", "precipIntensity": 0, "precipProbability": 0, "temperature": 64.58, "apparentTemperature": 64.99, "dewPoint": 61.75, "humidity": 0.91, "pressure": 1017.81, "windSpeed": 0.03, "windGust": 0.05, "windBearing": 282, "cloudCover": 0.07, "uvIndex": 0, "visibility": 5.06}, {"time": 1436695200, "summary": "Clear", "icon": "clear-day", "precipIntensity": 0, "precipProbability": 0, "temperature": 64.23, "apparentTemperature": 64.56, "dewPoint": 61.06, "humidity": 0.89, "pressure": 1017.99, "windSpeed": 0.08, "windGust": 0.12, "windBearing": 288, "cloudCover": 0.18, "uvIndex": 0, "visibility": 5.39}, {"time": 1436698800, "summary": "Clear", "icon": "clear-day", "precipIntensity": 0, "precipProbability": 0, "temperature": 64.64, "apparentTemperature": 65.02, "dewPoint": 61.58, "humidity": 0.9, "pressure": 1018.26, "windSpeed": 0, "windGust": 0.07, "cloudCover": 0.24, "uvIndex": 0, "visibility": 8.13}, {"time": 1436702400, "summary": "Clear", "icon": "clear-day", "precipIntensity": 0, "precipProbability": 0, "temperature": 67.99, "apparentTemperature": 68.62, "dewPoint": 64.28, "humidity": 0.88, "pressure": 1018.21, "windSpeed": 0.03, "windGust": 0.24, "windBearing": 356, "cloudCover": 0.1, "uvIndex": 1, "visibility": 9.21}, {"time": 1436706000, "summary": "Clear", "icon": "clear-day", "precipIntensity": 0, "precipProbability": 0, "temperature": 73.9, "apparentTemperature": 74.54, "dewPoint": 65.69, "humidity": 0.76, "pressure": 1018.44, "windSpeed": 0.07, "windGust": 0.51, "windBearing": 339, "cloudCover": 0.21, "uvIndex": 3, "visibility": 8.03}, {"time": 1436709600, "summary": "Clear", "icon": "clear-day", "precipIntensity": 0, "precipProbability": 0, "temperature": 77.71, "apparentTemperature": 78.33, "dewPoint": 65.88, "humidity": 0.67, "pressure": 1018.03, "windSpeed": 0.26, "windGust": 0.95, "windBearing": 345, "cloudCover": 0.1, "uvIndex": 5, "visibility": 8.81}, {"time": 1436713200, "summary": "Clear", "icon": "clear-day", "precipIntensity": 0, "precipProbability": 0, "temperature": 80.96, "apparentTemperature": 82.6, "dewPoint": 64.31, "humidity": 0.57, "pressure": 1017.74, "windSpeed": 0.2, "windGust": 1.98, "windBearing": 331, "cloudCover": 0.16, "uvIndex": 7, "visibility": 7.96}, {"time": 1436716800, "summary": "Clear", "icon": "clear-day", "precipIntensity": 0, "precipProbability": 0, "temperature": 82.58, "apparentTemperature": 83.58, "dewPoint": 62.59, "humidity": 0.51, "pressure": 1017.35, "windSpeed": 0.08, "windGust": 1.82, "windBearing": 349, "cloudCover": 0.17, "uvIndex": 9, "visibility": 7.67}, {"time": 1436720400, "summary": "Partly Cloudy", "icon": "partly-cloudy-day", "precipIntensity": 0, "precipProbability": 0, "temperature": 83.28, "apparentTemperature": 84.1, "dewPoint": 62.27, "humidity": 0.49, "pressure": 1017.22, "windSpeed": 0.03, "windGust": 1.77, "windBearing": 65, "cloudCover": 0.55, "uvIndex": 7, "visibility": 8.34}, {"time": 1436724000, "summary": "Partly Cloudy", "icon": "partly-cloudy-day", "precipIntensity": 0, "precipProbability": 0, "temperature": 83.91, "apparentTemperature": 84.87, "dewPoint": 62.85, "humidity": 0.49, "pressure": 1016.77, "windSpeed": 0.28, "windGust": 2.86, "windBearing": 122, "cloudCover": 0.44, "uvIndex": 8, "visibility": 6.8}, {"time": 1436727600, "summary": "Partly Cloudy", "icon": "partly-cloudy-day", "precipIntensity": 0, "precipProbability": 0, "temperature": 84.41, "apparentTemperature": 85.32, "dewPoint": 62.8, "humidity": 0.48, "pressure": 1016.25, "windSpeed": 0.3, "windGust": 2.82, "windBearing": 162, "cloudCover": 0.5, "uvIndex": 6, "visibility": 7.87}, {"time": 1436731200, "summary": "Partly Cloudy", "icon": "partly-cloudy-day", "precipIntensity": 0, "precipProbability": 0, "temperature": 84.5, "apparentTemperature": 85.61, "dewPoint": 63.36, "humidity": 0.49, "pressure": 1015.77, "windSpeed": 0.26, "windGust": 2.12, "windBearing": 136, "cloudCover": 0.36, "uvIndex": 5, "visibility": 7.5}, {"time": 1436734800, "summary": "Clear", "icon": "clear-day", "precipIntensity": 0, "precipProbability": 0, "temperature": 83.7, "apparentTemperature": 84.99, "dewPoint": 63.71, "humidity": 0.51, "pressure": 1015.26, "windSpeed": 0.24, "windGust": 1.58, "windBearing": 145, "cloudCover": 0.18, "uvIndex": 4, "visibility": 8.31}, {"time": 1436738400, "summary": "Clear", "icon": "clear-day", "precipIntensity": 0, "precipProbability": 0, "temperature": 82.39, "apparentTemperature": 84.01, "dewPoint": 64.46, "humidity": 0.55, "pressure": 1014.94, "windSpeed": 0.15, "windGust": 1.12, "windBearing": 178, "cloudCover": 0.24, "uvIndex": 2, "visibility": 8.59}, {"time": 1436742000, "summary": "Partly Cloudy", "icon": "partly-cloudy-day", "precipIntensity": 0, "precipProbability": 0, "temperature": 81.11, "apparentTemperature": 83.07, "dewPoint": 65.47, "humidity": 0.59, "pressure": 1014.66, "windSpeed": 0.12, "windGust": 0.52, "windBearing": 182, "cloudCover": 0.32, "uvIndex": 1, "visibility": 7.84}, {"time": 1436745600, "summary": "Partly Cloudy", "icon": "partly-cloudy-day", "precipIntensity": 0, "precipProbability": 0, "temperature": 79.44, "apparentTemperature": 81.39, "dewPoint": 65.49, "humidity": 0.62, "pressure": 1014.33, "windSpeed": 0.01, "windGust": 0.26, "windBearing": 180, "cloudCover": 0.28, "uvIndex": 0, "visibility": 7.33}, {"time": 1436749200, "summary": "Mostly Cloudy", "icon": "partly-cloudy-night", "precipIntensity": 0, "precipProbability": 0, "temperature": 76.88, "apparentTemperature": 77.44, "dewPoint": 65.23, "humidity": 0.67, "pressure": 1014.16, "windSpeed": 0, "windGust": 0.01, "cloudCover": 0.63, "uvIndex": 0, "visibility": 6.21}, {"time": 1436752800, "summary": "Mostly Cloudy", "icon": "partly-cloudy-night", "precipIntensity": 0, "precipProbability": 0, "temperature": 74.94, "apparentTemperature": 75.53, "dewPoint": 65.42, "humidity": 0.72, "pressure": 1014.74, "windSpeed": 0, "windGust": 0.02, "cloudCover": 0.66, "uvIndex": 0, "visibility": 7.93}, {"time": 1436756400, "summary": "Partly Cloudy", "icon": "partly-cloudy-night", "precipIntensity": 0, "precipProbability": 0, "temperature": 73.73, "apparentTemperature": 74.38, "dewPoint": 65.67, "humidity": 0.76, "pressure": 1014.61, "windSpeed": 0, "windGust": 0.03, "cloudCover": 0.29, "uvIndex": 0, "visibility": 8.1}]}, "daily": {"data": [{"time": 1436673600, "summary": "Partly cloudy starting in the afternoon.", "icon": "partly-cloudy-day", "sunriseTime": 1436694839, "sunsetTime": 1436747739, "moonPhase": 0.89, "precipIntensity": 0, "precipIntensityMax": 0, "precipProbability": 0, "temperatureHigh": 84.5, "temperatureHighTime": 1436731200, "temperatureLow": 68.59, "temperatureLowTime": 1436781600, "apparentTemperatureHigh": 85.61, "apparentTemperatureHighTime": 1436731200, "apparentTemperatureLow": 69.34, "apparentTemperatureLowTime": 1436781600, "dewPoint": 63.72, "humidity": 0.7, "pressure": 1016.72, "windSpeed": 0.02, "windGust": 2.86, "windGustTime": 1436724000, "windBearing": 142, "cloudCover": 0.26, "uvIndex": 9, "uvIndexTime": 1436716800, "visibility": 7.26, "temperatureMin": 64.23, "temperatureMinTime": 1436695200, "temperatureMax": 84.5, "temperatureMaxTime": 1436731200, "apparentTemperatureMin": 64.56, "apparentTemperatureMinTime": 1436695200, "apparentTemperatureMax": 85.61, "apparentTemperatureMaxTime": 1436731200}]}, "flags": {"sources": ["cmc", "gfs", "hrrr", "icon", "isd", "madis", "nam", "sref"], "nearest-station": 0.675, "units": "us"}, "offset": -4}