{"latitude": 38.912659, "longitude": -77.017669, "timezone": "America/New_York", "currently": {"time": 1425704400, "summary": "Clear", "icon": "clear-night", "precipIntensity": 0, "precipProbability": 0, "temperature": 14.02, "apparentTemperature": 14.02, "dewPoint": 9.19, "humidity": 0.81, "pressure": 1030.02, "windSpeed": 0, "windGust": 0.09, "cloudCover": 0, "uvIndex": 0, "visibility": 9.17}, "hourly": {"summary": "Light rain in the afternoon.", "icon": "rain", "data": [{"time": 1425704400, "summary": "Clear", "icon": "clear-night", "precipIntensity": 0, "precipProbability": 0, "temperature": 14.02, "apparentTemperature": 14.02, "dewPoint": 9.19, "humidity": 0.81, "pressure": 1030.02, "windSpeed": 0, "windGust": 0.09, "cloudCover": 0, "uvIndex": 0, "visibility": 9.17}, {"time": 1425708000, "summary": "Clear", "icon": "clear-night", "precipIntensity": 0, "precipProbability": 0, "temperature": 13.46, "apparentTemperature": 13.46, "dewPoint": 8.83, "humidity": 0.81, "pressure": 1029.76, "windSpeed": 0, "windGust": 0.14, "cloudCover": 0, "uvIndex": 0, "visibility": 7.4}, {"time": 1425711600, "summary": "Clear", "icon": "clear-night", "precipIntensity": 0, "precipProbability": 0, "temperature": 13.2, "apparentTemperature": 13.2, "dewPoint": 8.52, "humidity": 0.81, "pressure": 1029.51, "windSpeed": 0, "windGust": 0.34, "cloudCover": 0, "uvIndex": 0, "visibility": 6.84}, {"time": 1425715200, "summary": "Clear", "icon": "clear-night", "precipIntensity": 0, "precipProbability": 0, "temperature": 12.79, "apparentTemperature": 12.79, "dewPoint": 7.81, "humidity": 0.8, "pressure": 1028.76, "windSpeed": 0, "windGust": 0.19, "cloudCover": 0, "uvIndex": 0, "visibility": 6.66}, {"time": 1425718800, "summary": "Clear", "icon": "clear-night", "precipIntensity": 0, "precipProbability": 0, "temperature": 12.75, "apparentTemperature": 12.75, "dewPoint": 7.82, "humidity": 0.8, "pressure": 1028.58, "windSpeed": 0.02, "windGust": 0.34, "windBearing": 210, "cloudCover": 0, "uvIndex": 0, "visibility": 6.89}, {"time": 1425722400, "summary": "Clear", "icon": "clear-night", "precipIntensity": 0, "precipProbability": 0, "temperature": 12.47, "apparentTemperature": 12.47, "dewPoint": 7.41, "humidity": 0.8, "pressure": 1028.06, "windSpeed": 0.02, "windGust": 0.06, "windBearing": 180, "cloudCover": 0, "uvIndex": 0, "visibility": 5.73}, {"time": 1425726000, "summary": "Clear", "icon": "clear-night", "precipIntensity": 0, "precipProbability": 0, "temperature": 11.98, "apparentTemperature": 11.98, "dewPoint": 7.7, "humidity": 0.83, "pressure": 1028.3, "windSpeed": 0.04, "windGust": 0.31, "windBearing": 205, "cloudCover": 0, "uvIndex": 0, "visibility": 6.11}, {"time": 1425729600, "summary": "Clear", "icon": "clear-day", "precipIntensity": 0, "precipProbability": 0, "temperature": 12.04, "apparentTemperature": 12.04, "dewPoint": 7.44, "humidity": 0.81, "pressure": 1028.09, "windSpeed": 0.02, "windGust": 0.17, "windBearing": 229, "cloudCover": 0, "uvIndex": 0, "visibility": 6.69}, {"time": 1425733200, "summary": "Clear", "icon": "clear-day", "precipIntensity": 0, "precipProbability": 0, "temperature": 18.37, "apparentTemperature": 18.37, "dewPoint": 12.07, "humidity": 0.76, "pressure": 1027.93, "windSpeed": 0.2, "windGust": 0.78, "windBearing": 239, "cloudCover": 0.09, "uvIndex": 1, "visibility": 7.46}, {"time": 1425736800, "summary": "Clear", "icon": "clear-day", "precipIntensity": 0, "precipProbability": 0, "temperature": 24.89, "apparentTemperature": 24.89, "dewPoint": 15.83, "humidity": 0.68, "pressure": 1028.04, "windSpeed": 0.49, "windGust": 2.58, "windBearing": 223, "cloudCover": 0.1, "uvIndex": 2, "visibility": 8.49}, {"time": 1425740400, "summary": "Partly Cloudy", "icon": "partly-cloudy-day", "precipIntensity": 0, "precipProbability": 0, "temperature": 30.56, "apparentTemperature": 30.56, "dewPoint": 17.95, "humidity": 0.59, "pressure": 1027.63, "windSpeed": 1.34, "windGust": 5.16, "windBearing": 205, "cloudCover": 0.25, "uvIndex": 3, "visibility": 7.46}, {"time": 1425744000, "summary": "Partly Cloudy", "icon": "partly-cloudy-day", "precipIntensity": 0.0012, "precipProbability": 0.16, "precipType": "rain", "temperature": 36.32, "apparentTemperature": 36.32, "dewPoint": 18.56, "humidity": 0.48, "pressure": 1027.05, "windSpeed": 1.91, "windGust": 6.9, "windBearing": 211, "cloudCover": 0.3, "uvIndex": 4, "visibility": 7.52}, {"time": 1425747600, "summary": "Clear", "icon": "clear-day", "precipIntensity": 0.008, "precipProbability": 0.5, "precipType": "rain", "temperature": 40.13, "apparentTemperature": 40.13, "dewPoint": 18.8, "humidity": 0.42, "pressure": 1025.66, "windSpeed": 2.42, "windGust": 7.78, "windBearing": 206, "cloudCover": 0.12, "uvIndex": 5, "visibility": 8.27}, {"time": 1425751200, "summary": "Light Rain", "icon": "rain", "precipIntensity": 0.0223, "precipProbability": 0.7, "precipType": "rain", "temperature": 43.2, "apparentTemperature": 43.2, "dewPoint": 19.62, "humidity": 0.38, "pressure": 1024.33, "windSpeed": 2.67, "windGust": 8.27, "windBearing": 207, "cloudCover": 0.18, "uvIndex": 5, "visibility": 7.91}, {"time": 1425754800, "summary": "Light Rain", "icon": "rain", "precipIntensity": 0.0253, "precipProbability": 0.63, "precipType": "rain", "temperature": 44.33, "apparentTemperature": 43.09, "dewPoint": 20.47, "humidity": 0.38, "pressure": 1023.04, "windSpeed": 3.16, "windGust": 8.61, "windBearing": 196, "cloudCover": 0.36, "uvIndex": 4, "visibility": 8.27}, {"time": 1425758400, "summary": "Clear", "icon": "clear-day", "precipIntensity": 0.0179, "precipProbability": 0.57, "precipType": "rain", "temperature": 45.66, "apparentTemperature": 44.51, "dewPoint": 21.78, "humidity": 0.38, "pressure": 1022.08, "windSpeed": 3.26, "windGust": 10.59, "windBearing": 202, "cloudCover": 0.21, "uvIndex": 3, "visibility": 8.21}, {"time": 1425762000, "summary": "Clear", "icon": "clear-day", "precipIntensity": 0.0098, "precipProbability": 0.42, "precipType": "rain", "temperature": 47.16, "apparentTemperature": 45.42, "dewPoint": 22.96, "humidity": 0.38, "pressure": 1020.74, "windSpeed": 4.22, "windGust": 11.07, "windBearing": 198, "cloudCover": 0.13, "uvIndex": 1, "visibility": 7.59}, {"time": 1425765600, "summary": "Clear", "icon": "clear-day", "precipIntensity": 0.0059, "precipProbability": 0.36, "precipType": "rain", "temperature": 47.69, "apparentTemperature": 46.56, "dewPoint": 24.16, "humidity": 0.39, "pressure": 1020.07, "windSpeed": 3.55, "windGust": 10.36, "windBearing": 211, "cloudCover": 0.15, "uvIndex": 0, "visibility": 8.01}, {"time": 1425769200, "summary": "Clear", "icon": "clear-day", "precipIntensity": 0.0031, "precipProbability": 0.26, "precipType": "rain", "temperature": 46.32, "apparentTemperature": 46.32, "dewPoint": 25.23, "humidity": 0.43, "pressure": 1019.68, "windSpeed": 2.19, "windGust": 7.11, "windBearing": 209, "cloudCover": 0.07, "uvIndex": 0, "visibility": 7.87}, {"time": 1425772800, "summary": "Clear", "icon": "clear-night", "precipIntensity": 0.0015, "precipProbability": 0.2, "precipType": "rain", "temperature": 44, "apparentTemperature": 44, "dewPoint": 26.08, "humidity": 0.49, "pressure": 1019.8, "windSpeed": 1.28, "windGust": 4.74, "windBearing": 205, "cloudCover": 0.08, "uvIndex": 0, "visibility": 7.77}, {"time": 1425776400, "summary": "Clear", "icon": "clear-night", "precipIntensity": 0.0003, "precipProbability": 0.09, "precipType": "rain", "temperature": 43.02, "apparentTemperature": 43.02, "dewPoint": 26.35, "humidity": 0.51, "pressure": 1019.85, "windSpeed": 1.52, "windGust": 4.99, "windBearing": 208, "cloudCover": 0, "uvIndex": 0, "visibility": 7.33}, {"time": 1425780000, "summary": "Clear", "icon": "clear-night", "precipIntensity": 0, "precipProbability": 0, "temperature": 43.21, "apparentTemperature": 43.21, "dewPoint": 26.78, "humidity": 0.52, "pressure": 1019.46, "windSpeed": 1.87, "windGust": 4.77, "windBearing": 211, "cloudCover": 0, "uvIndex": 0, "visibility": 7.28}, {"time": 1425783600, "summary": "Clear", "icon": "clear-night", "precipIntensity": 0, "precipProbability": 0, "temperature": 42.91, "apparentTemperature": 42.91, "dewPoint": 27.34, "humidity": 0.54, "pressure": 1019.16, "windSpeed": 1.3, "windGust": 3.76, "windBearing": 215, "cloudCover": 0, "uvIndex": 0, "visibility": 7.11}, {"time": 1425787200, "summary": "Clear", "icon": "clear-night", "precipIntensity": 0, "precipProbability": 0, "temperature": 42.25, "apparentTemperature": 42.25, "dewPoint": 27.46, "humidity": 0.55, "pressure": 1019.18, "windSpeed": 0.67, "windGust": 2.77, "windBearing": 227, "cloudCover": 0.11, "uvIndex": 0, "visibility": 6.86}]}, "daily": {"data": [{"time": 1425704400, "summary": "Light rain in the afternoon.", "icon": "rain", "sunriseTime": 1425727985, "sunsetTime": 1425769676, "moonPhase": 0.56, "precipIntensity": 0.004, "precipIntensityMax": 0.0253, "precipIntensityMaxTime": 1425754800, "precipProbability": 0.7, "precipType": "rain", "temperatureHigh": 47.69, "temperatureHighTime": 1425765600, "temperatureLow": 32.99, "temperatureLowTime": 1425812400, "apparentTemperatureHigh": 46.56, "apparentTemperatureHighTime": 1425765600, "apparentTemperatureLow": 32.99, "apparentTemperatureLowTime": 1425812400, "dewPoint": 17.34, "humidity": 0.6, "pressure": 1024.78, "windSpeed": 1.33, "windGust": 11.07, "windGustTime": 1425762000, "windBearing": 206, "cloudCover": 0.09, "uvIndex": 5, "uvIndexTime": 1425747600, "visibility": 7.45, "temperatureMin": 11.98, "temperatureMinTime": 1425726000, "temperatureMax": 47.69, "temperatureMaxTime": 1425765600, "apparentTemperatureMin": 11.98, "apparentTemperatureMinTime": 1425726000, "apparentTemperatureMax": 46.56, "apparentTemperatureMaxTime": 1425765600}]}, "flags": {"sources": ["cmc", "gfs", "hrrr", "icon", "isd", "madis", "nam", "sref"], "nearest-station": 0.675, "units": "us"}, "offset": -5}