{"latitude": 38.912659, "longitude": -77.017669, "timezone": "America/New_York", "currently": {"time": 1461038400, "summary": "Partly Cloudy", "icon": "partly-cloudy-night", "precipIntensity": 0, "precipProbability": 0, "temperature": 59.8, "apparentTemperature": 59.8, "dewPoint": 43.76, "humidity": 0.55, "pressure": 1019.28, "windSpeed": 0, "windGust": 0.3, "cloudCover": 0.48, "uvIndex": 0, "visibility": 8.25}, "hourly": {"summary": "Partly cloudy until evening.", "icon": "partly-cloudy-day", "data": [{"time": 1461038400, "summary": "Partly Cloudy", "icon": "partly-cloudy-night", "precipIntensity": 0, "precipProbability": 0, "temperature": 59.8, "apparentTemperature": 59.8, "dewPoint": 43.76, "humidity": 0.55, "pressure": 1019.28, "windSpeed": 0, "windGust": 0.3, "cloudCover": 0.48, "uvIndex": 0, "visibility": 8.25}, {"time": 1461042000, "summary": "Partly Cloudy", "icon": "partly-cloudy-night", "precipIntensity": 0, "precipProbability": 0, "temperature": 58.17, "apparentTemperature": 58.17, "dewPoint": 44.23, "humidity": 0.6, "pressure": 1019.1, "windSpeed": 0.07, "windGust": 0.35, "windBearing": 216, "cloudCover": 0.59, "uvIndex": 0, "visibility": 7.03}, {"time": 1461045600, "summary": "Mostly Cloudy", "icon": "partly-cloudy-night", "precipIntensity": 0, "precipProbability": 0, "temperature": 57.31, "apparentTemperature": 57.31, "dewPoint": 44.01, "humidity": 0.61, "pressure": 1018.63, "windSpeed": 0, "windGust": 0.36, "cloudCover": 0.69, "uvIndex": 0, "visibility": 7.22}, {"time": 1461049200, "summary": "Partly Cloudy", "icon": "partly-cloudy-night", "precipIntensity": 0, "precipProbability": 0, "temperature": 56.28, "apparentTemperature": 56.28, "dewPoint": 44.09, "humidity": 0.64, "pressure": 1017.72, "windSpeed": 0.02, "windGust": 0.28, "windBearing": 270, "cloudCover": 0.59, "uvIndex": 0, "visibility": 7.05}, {"time": 1461052800, "summary": "Mostly Cloudy", "icon": "partly-cloudy-night", "precipIntensity": 0, "precipProbability": 0, "temperature": 55.38, "apparentTemperature": 55.38, "dewPoint": 43.97, "humidity": 0.65, "pressure": 1017.41, "windSpeed": 0.03, "windGust": 0.3, "windBearing": 278, "cloudCover": 0.67, "uvIndex": 0, "visibility": 8.43}, {"time": 1461056400, "summary": "Partly Cloudy", "icon": "partly-cloudy-night", "precipIntensity": 0, "precipProbability": 0, "temperature": 54.99, "apparentTemperature": 54.99, "dewPoint": 44.14, "humidity": 0.67, "pressure": 1017.37, "windSpeed": 0.04, "windGust": 0.27, "windBearing": 293, "cloudCover": 0.53, "uvIndex": 0, "visibility": 10}, {"time": 1461060000, "summary": "Partly Cloudy", "icon": "partly-cloudy-night", "precipIntensity": 0, "precipProbability": 0, "temperature": 54.64, "apparentTemperature": 54.64, "dewPoint": 43.47, "humidity": 0.66, "pressure": 1017.56, "windSpeed": 0.06, "windGust": 0.43, "windBearing": 274, "cloudCover": 0.36, "uvIndex": 0, "visibility": 10}, {"time": 1461063600, "summary": "Partly Cloudy", "icon": "partly-cloudy-day", "precipIntensity": 0, "precipProbability": 0, "temperature": 55.38, "apparentTemperature": 55.38, "dewPoint": 43.13, "humidity": 0.63, "pressure": 1017.63, "windSpeed": 0.05, "windGust": 0.33, "windBearing": 271, "cloudCover": 0.39, "uvIndex": 0, "visibility": 9.83}, {"time": 1461067200, "summary": "Partly Cloudy", "icon": "partly-cloudy-day", "precipIntensity": 0, "precipProbability": 0, "temperature": 59.37, "apparentTemperature": 59.37, "dewPoint": 45.57, "humidity": 0.6, "pressure": 1017.84, "windSpeed": 0.1, "windGust": 0.78, "windBearing": 269, "cloudCover": 0.32, "uvIndex": 1, "visibility": 10}, {"time": 1461070800, "summary": "Partly Cloudy", "icon": "partly-cloudy-day", "precipIntensity": 0, "precipProbability": 0, "temperature": 69.18, "apparentTemperature": 69.18, "dewPoint": 43.91, "humidity": 0.4, "pressure": 1017.63, "windSpeed": 0.51, "windGust": 3.2, "windBearing": 297, "cloudCover": 0.34, "uvIndex": 2, "visibility": 10}, {"time": 1461074400, "summary": "Partly Cloudy", "icon": "partly-cloudy-day", "precipIntensity": 0, "precipProbability": 0, "temperature": 75.11, "apparentTemperature": 75.11, "dewPoint": 42.79, "humidity": 0.31, "pressure": 1017.42, "windSpeed": 2.62, "windGust": 7.53, "windBearing": 314, "cloudCover": 0.28, "uvIndex": 4, "visibility": 7.98}, {"time": 1461078000, "summary": "Partly Cloudy", "icon": "partly-cloudy-day", "precipIntensity": 0, "precipProbability": 0, "temperature": 78.69, "apparentTemperature": 78.69, "dewPoint": 43.97, "humidity": 0.29, "pressure": 1017.16, "windSpeed": 4.04, "windGust": 11.13, "windBearing": 323, "cloudCover": 0.28, "uvIndex": 6, "visibility": 8.28}, {"time": 1461081600, "summary": "Clear", "icon": "clear-day", "precipIntensity": 0, "precipProbability": 0, "temperature": 80.83, "apparentTemperature": 80.83, "dewPoint": 45.06, "humidity": 0.28, "pressure": 1016.56, "windSpeed": 3.93, "windGust": 11.6, "windBearing": 319, "cloudCover": 0.06, "uvIndex": 8, "visibility": 8.32}, {"time": 1461085200, "summary": "Clear", "icon": "clear-day", "precipIntensity": 0, "precipProbability": 0, "temperature": 81.94, "apparentTemperature": 81.94, "dewPoint": 45.71, "humidity": 0.28, "pressure": 1015.97, "windSpeed": 4.08, "windGust": 12.93, "windBearing": 316, "cloudCover": 0.14, "uvIndex": 8, "visibility": 7.4}, {"time": 1461088800, "summary": "Partly Cloudy", "icon": "partly-cloudy-day", "precipIntensity": 0, "precipProbability": 0, "temperature": 82.42, "apparentTemperature": 82.42, "dewPoint": 46.23, "humidity": 0.28, "pressure": 1015.75, "windSpeed": 4.44, "windGust": 13.62, "windBearing": 323, "cloudCover": 0.28, "uvIndex": 7, "visibility": 8.53}, {"time": 1461092400, "summary": "Mostly Cloudy", "icon": "partly-cloudy-day", "precipIntensity": 0, "precipProbability": 0, "temperature": 82.03, "apparentTemperature": 82.03, "dewPoint": 46.63, "humidity": 0.29, "pressure": 1015.86, "windSpeed": 4.25, "windGust": 13.5, "windBearing": 335, "cloudCover": 0.66, "uvIndex": 5, "visibility": 8.54}, {"time": 1461096000, "summary": "Partly Cloudy", "icon": "partly-cloudy-day", "precipIntensity": 0, "precipProbability": 0, "temperature": 81.45, "apparentTemperature": 81.45, "dewPoint": 47.35, "humidity": 0.3, "pressure": 1015.63, "windSpeed": 3.55, "windGust": 11.99, "windBearing": 350, "cloudCover": 0.48, "uvIndex": 4, "visibility": 8.58}, {"time": 1461099600, "summary": "Partly Cloudy", "icon": "partly-cloudy-day", "precipIntensity": 0, "precipProbability": 0, "temperature": 77.87, "apparentTemperature": 77.87, "dewPoint": 46.41, "humidity": 0.33, "pressure": 1015.85, "windSpeed": 4.3, "windGust": 11.38, "windBearing": 18, "cloudCover": 0.52, "uvIndex": 2, "visibility": 8.18}, {"time": 1461103200, "summary": "Partly Cloudy", "icon": "partly-cloudy-day", "precipIntensity": 0, "precipProbability": 0, "temperature": 75.11, "apparentTemperature": 75.11, "dewPoint": 43.54, "humidity": 0.32, "pressure": 1016.62, "windSpeed": 3.91, "windGust": 10.81, "windBearing": 26, "cloudCover": 0.3, "uvIndex": 1, "visibility": 8.59}, {"time": 1461106800, "summary": "Clear", "icon": "clear-day", "precipIntensity": 0, "precipProbability": 0, "temperature": 72.12, "apparentTemperature": 72.12, "dewPoint": 38.99, "humidity": 0.3, "pressure": 1017.47, "windSpeed": 3.42, "windGust": 9.84, "windBearing": 30, "cloudCover": 0.06, "uvIndex": 0, "visibility": 7.97}, {"time": 1461110400, "summary": "Clear", "icon": "clear-night", "precipIntensity": 0, "precipProbability": 0, "temperature": 68.63, "apparentTemperature": 68.63, "dewPoint": 36.17, "humidity": 0.3, "pressure": 1018.16, "windSpeed": 1.95, "windGust": 5.74, "windBearing": 32, "cloudCover": 0.21, "uvIndex": 0, "visibility": 7.67}, {"time": 1461114000, "summary": "Clear", "icon": "clear-night", "precipIntensity": 0, "precipProbability": 0, "temperature": 65.25, "apparentTemperature": 65.25, "dewPoint": 35.41, "humidity": 0.33, "pressure": 1019.15, "windSpeed": 0.73, "windGust": 3.03, "windBearing": 27, "cloudCover": 0.09, "uvIndex": 0, "visibility": 7.61}, {"time": 1461117600, "summary": "Clear", "icon": "clear-night", "precipIntensity": 0, "precipProbability": 0, "temperature": 62.83, "apparentTemperature": 62.83, "dewPoint": 34.85, "humidity": 0.35, "pressure": 1020.24, "windSpeed": 0.6, "windGust": 1.73, "windBearing": 26, "cloudCover": 0.14, "uvIndex": 0, "visibility": 8.16}, {"time": 1461121200, "summary": "Clear", "icon": "clear-night", "precipIntensity": 0, "precipProbability": 0, "temperature": 60.49, "apparentTemperature": 60.49, "dewPoint": 34.38, "humidity": 0.37, "pressure": 1020.82, "windSpeed": 0.96, "windGust": 2.23, "windBearing": 14, "cloudCover": 0.11, "uvIndex": 0, "visibility": 9.25}]}, "daily": {"data": [{"time": 1461038400, "summary": "Partly cloudy until evening.", "icon": "partly-cloudy-day", "sunriseTime": 1461061556, "sunsetTime": 1461109817, "moonPhase": 0.42, "precipIntensity": 0, "precipIntensityMax": 0, "precipProbability": 0, "temperatureHigh": 82.42, "temperatureHighTime": 1461088800, "temperatureLow": 43.68, "temperatureLowTime": 1461150000, "apparentTemperatureHigh": 82.42, "apparentTemperatureHighTime": 1461088800, "apparentTemperatureLow": 43.68, "apparentTemperatureLowTime": 1461150000, "dewPoint": 42.82, "humidity": 0.43, "pressure": 1017.62, "windSpeed": 1.56, "windGust": 13.62, "windGustTime": 1461088800, "windBearing": 346, "cloudCover": 0.36, "uvIndex": 8, "uvIndexTime": 1461081600, "visibility": 8.45, "temperatureMin": 54.64, "temperatureMinTime": 1461060000, "temperatureMax": 82.42, "temperatureMaxTime": 1461088800, "apparentTemperatureMin": 54.64, "apparentTemperatureMinTime": 1461060000, "apparentTemperatureMax": 82.42, "apparentTemperatureMaxTime": 1461088800}]}, "flags": {"sources": ["cmc", "gfs", "hrrr", "icon", "isd", "madis", "nam", "sref"], "nearest-station": 1.106, "units": "us"}, "offset": -4}