{"latitude": 38.912659, "longitude": -77.017669, "timezone": "America/New_York", "currently": {"time": 1438142400, "summary": "Clear", "icon": "clear-night", "precipIntensity": 0, "precipProbability": 0, "temperature": 74.69, "apparentTemperature": 76.04, "dewPoint": 71.2, "humidity": 0.89, "pressure": 1015.75, "windSpeed": 0, "windGust": 0.09, "cloudCover": 0.13, "uvIndex": 0, "visibility": 6.34}, "hourly": {"summary": "Partly cloudy starting in the morning, continuing until evening.", "icon": "partly-cloudy-day", "data": [{"time": 1438142400, "summary": "Clear", "icon": "clear-night", "precipIntensity": 0, "precipProbability": 0, "temperature": 74.69, "apparentTemperature": 76.04, "dewPoint": 71.2, "humidity": 0.89, "pressure": 1015.75, "windSpeed": 0, "windGust": 0.09, "cloudCover": 0.13, "uvIndex": 0, "visibility": 6.34}, {"time": 1438146000, "summary": "Clear", "icon": "clear-night", "precipIntensity": 0, "precipProbability": 0, "temperature": 73.99, "apparentTemperature": 75.33, "dewPoint": 70.94, "humidity": 0.9, "pressure": 1015.65, "windSpeed": 0, "windGust": 0.04, "cloudCover": 0.04, "uvIndex": 0, "visibility": 5.49}, {"time": 1438149600, "summary": "Clear", "icon": "clear-night", "precipIntensity": 0, "precipProbability": 0, "temperature": 73.48, "apparentTemperature": 74.8, "dewPoint": 70.66, "humidity": 0.91, "pressure": 1015.54, "windSpeed": 0, "windGust": 0.02, "cloudCover": 0.09, "uvIndex": 0, "visibility": 5.42}, {"time": 1438153200, "summary": "Clear", "icon": "clear-night", "precipIntensity": 0, "precipProbability": 0, "temperature": 72.94, "apparentTemperature": 74.23, "dewPoint": 70.29, "humidity": 0.91, "pressure": 1015.01, "windSpeed": 0, "windGust": 0, "cloudCover": 0.18, "uvIndex": 0, "visibility": 5.01}, {"time": 1438156800, "summary": "Partly Cloudy", "icon": "partly-cloudy-night", "precipIntensity": 0, "precipProbability": 0, "temperature": 72.66, "apparentTemperature": 73.95, "dewPoint": 70.21, "humidity": 0.92, "pressure": 1014.61, "windSpeed": 0, "windGust": 0, "cloudCover": 0.32, "uvIndex": 0, "visibility": 4.64}, {"time": 1438160400, "summary": "Partly Cloudy", "icon": "partly-cloudy-night", "precipIntensity": 0, "precipProbability": 0, "temperature": 72.54, "apparentTemperature": 73.83, "dewPoint": 70.18, "humidity": 0.92, "pressure": 1015.01, "windSpeed": 0, "windGust": 0.01, "cloudCover": 0.31, "uvIndex": 0, "visibility": 3.91}, {"time": 1438164000, "summary": "Mostly Cloudy", "icon": "partly-cloudy-night", "precipIntensity": 0, "precipProbability": 0, "temperature": 72.59, "apparentTemperature": 73.91, "dewPoint": 70.37, "humidity": 0.93, "pressure": 1015.4, "windSpeed": 0, "windGust": 0.04, "cloudCover": 0.78, "uvIndex": 0, "visibility": 2.97}, {"time": 1438167600, "summary": "Mostly Cloudy", "icon": "partly-cloudy-day", "precipIntensity": 0, "precipProbability": 0, "temperature": 73.42, "apparentTemperature": 74.81, "dewPoint": 71.1, "humidity": 0.92, "pressure": 1015.4, "windSpeed": 0, "windGust": 0.08, "cloudCover": 0.68, "uvIndex": 0, "visibility": 3.02}, {"time": 1438171200, "summary": "Humid and Mostly Cloudy", "icon": "partly-cloudy-day", "precipIntensity": 0, "precipProbability": 0, "temperature": 75.16, "apparentTemperature": 76.72, "dewPoint": 72.78, "humidity": 0.92, "pressure": 1015.85, "windSpeed": 0.04, "windGust": 0.35, "windBearing": 192, "cloudCover": 0.71, "uvIndex": 1, "visibility": 5.88}, {"time": 1438174800, "summary": "Humid and Partly Cloudy", "icon": "partly-cloudy-day", "precipIntensity": 0, "precipProbability": 0, "temperature": 77.7, "apparentTemperature": 79.37, "dewPoint": 74.29, "humidity": 0.89, "pressure": 1016.36, "windSpeed": 0.21, "windGust": 2.19, "windBearing": 202, "cloudCover": 0.58, "uvIndex": 2, "visibility": 9.77}, {"time": 1438178400, "summary": "Humid and Mostly Cloudy", "icon": "partly-cloudy-day", "precipIntensity": 0, "precipProbability": 0, "temperature": 80.67, "apparentTemperature": 86.21, "dewPoint": 74.98, "humidity": 0.83, "pressure": 1016.08, "windSpeed": 0.55, "windGust": 2.96, "windBearing": 194, "cloudCover": 0.78, "uvIndex": 3, "visibility": 10}, {"time": 1438182000, "summary": "Humid and Mostly Cloudy", "icon": "partly-cloudy-day", "precipIntensity": 0, "precipProbability": 0, "temperature": 83.33, "apparentTemperature": 91.12, "dewPoint": 75.25, "humidity": 0.77, "pressure": 1016.09, "windSpeed": 0.71, "windGust": 3.05, "windBearing": 177, "cloudCover": 0.79, "uvIndex": 5, "visibility": 7.65}, {"time": 1438185600, "summary": "Humid and Mostly Cloudy", "icon": "partly-cloudy-day", "precipIntensity": 0, "precipProbability": 0, "temperature": 84.59, "apparentTemperature": 93.24, "dewPoint": 75.36, "humidity": 0.74, "pressure": 1016.03, "windSpeed": 1.16, "windGust": 3.73, "windBearing": 181, "cloudCover": 0.75, "uvIndex": 6, "visibility": 7.89}, {"time": 1438189200, "summary": "Humid and Mostly Cloudy", "icon": "partly-cloudy-day", "precipIntensity": 0.0005, "precipProbability": 0.09, "precipType": "rain", "temperature": 85.34, "apparentTemperature": 94.56, "dewPoint": 75.52, "humidity": 0.73, "pressure": 1015.73, "windSpeed": 0.99, "windGust": 4.24, "windBearing": 183, "cloudCover": 0.64, "uvIndex": 6, "visibility": 7.62}, {"time": 1438192800, "summary": "Humid and Mostly Cloudy", "icon": "partly-cloudy-day", "precipIntensity": 0.0043, "precipProbability": 0.3, "precipType": "rain", "temperature": 85.55, "apparentTemperature": 95, "dewPoint": 75.64, "humidity": 0.72, "pressure": 1015.25, "windSpeed": 0.74, "windGust": 4.65, "windBearing": 172, "cloudCover": 0.85, "uvIndex": 5, "visibility": 8.6}, {"time": 1438196400, "summary": "Humid and Mostly Cloudy", "icon": "partly-cloudy-day", "precipIntensity": 0.0048, "precipProbability": 0.25, "precipType": "rain", "temperature": 86.52, "apparentTemperature": 96.42, "dewPoint": 75.6, "humidity": 0.7, "pressure": 1015.04, "windSpeed": 1.21, "windGust": 5.22, "windBearing": 181, "cloudCover": 0.71, "uvIndex": 5, "visibility": 7.46}, {"time": 1438200000, "summary": "Humid and Mostly Cloudy", "icon": "partly-cloudy-day", "precipIntensity": 0.0026, "precipProbability": 0.09, "precipType": "rain", "temperature": 86.36, "apparentTemperature": 96.28, "dewPoint": 75.7, "humidity": 0.71, "pressure": 1014.53, "windSpeed": 1.55, "windGust": 5.87, "windBearing": 180, "cloudCover": 0.67, "uvIndex": 4, "visibility": 7.05}, {"time": 1438203600, "summary": "Humid and Partly Cloudy", "icon": "partly-cloudy-day", "precipIntensity": 0.0028, "precipProbability": 0.17, "precipType": "rain", "temperature": 86.06, "apparentTemperature": 95.77, "dewPoint": 75.63, "humidity": 0.71, "pressure": 1014.16, "windSpeed": 1.63, "windGust": 5.62, "windBearing": 189, "cloudCover": 0.59, "uvIndex": 3, "visibility": 8.63}, {"time": 1438207200, "summary": "Humid and Partly Cloudy", "icon": "partly-cloudy-day", "precipIntensity": 0.0024, "precipProbability": 0.06, "precipType": "rain", "temperature": 85.56, "apparentTemperature": 94.53, "dewPoint": 75.16, "humidity": 0.71, "pressure": 1013.45, "windSpeed": 1.52, "windGust": 5.66, "windBearing": 183, "cloudCover": 0.45, "uvIndex": 1, "visibility": 7.3}, {"time": 1438210800, "summary": "Humid and Partly Cloudy", "icon": "partly-cloudy-day", "precipIntensity": 0.0009, "precipProbability": 0.05, "precipType": "rain", "temperature": 84.89, "apparentTemperature": 92.99, "dewPoint": 74.6, "humidity": 0.71, "pressure": 1013.36, "windSpeed": 1.4, "windGust": 4.43, "windBearing": 184, "cloudCover": 0.47, "uvIndex": 0, "visibility": 7.83}, {"time": 1438214400, "summary": "Humid and Partly Cloudy", "icon": "partly-cloudy-day", "precipIntensity": 0, "precipProbability": 0, "temperature": 83.2, "apparentTemperature": 90.07, "dewPoint": 74.2, "humidity": 0.74, "pressure": 1013.92, "windSpeed": 0.57, "windGust": 2.37, "windBearing": 181, "cloudCover": 0.3, "uvIndex": 0, "visibility": 7.63}, {"time": 1438218000, "summary": "Humid and Partly Cloudy", "icon": "partly-cloudy-night", "precipIntensity": 0, "precipProbability": 0, "temperature": 81.29, "apparentTemperature": 86.61, "dewPoint": 73.61, "humidity": 0.78, "pressure": 1013.83, "windSpeed": 0.52, "windGust": 1.6, "windBearing": 177, "cloudCover": 0.26, "uvIndex": 0, "visibility": 7.56}, {"time": 1438221600, "summary": "Humid", "icon": "clear-night", "precipIntensity": 0, "precipProbability": 0, "temperature": 79.96, "apparentTemperature": 84.06, "dewPoint": 72.99, "humidity": 0.79, "pressure": 1014.6, "windSpeed": 0.34, "windGust": 1.16, "windBearing": 182, "cloudCover": 0.18, "uvIndex": 0, "visibility": 7.3}, {"time": 1438225200, "summary": "Humid", "icon": "clear-night", "precipIntensity": 0, "precipProbability": 0, "temperature": 78.79, "apparentTemperature": 81.9, "dewPoint": 72.81, "humidity": 0.82, "pressure": 1014.24, "windSpeed": 0.4, "windGust": 1.28, "windBearing": 183, "cloudCover": 0.18, "uvIndex": 0, "visibility": 7.13}]}, "daily": {"data": [{"time": 1438142400, "summary": "Partly cloudy until evening and humid throughout the day.", "icon": "partly-cloudy-day", "sunriseTime": 1438164453, "sunsetTime": 1438215837, "moonPhase": 0.43, "precipIntensity": 0.0008, "precipIntensityMax": 0.0048, "precipIntensityMaxTime": 1438196400, "precipProbability": 0.3, "precipType": "rain", "temperatureHigh": 86.52, "temperatureHighTime": 1438196400, "temperatureLow": 76.44, "temperatureLowTime": 1438250400, "apparentTemperatureHigh": 96.42, "apparentTemperatureHighTime": 1438196400, "apparentTemperatureLow": 77.93, "apparentTemperatureLowTime": 1438250400, "dewPoint": 73.29, "humidity": 0.82, "pressure": 1015.04, "windSpeed": 0.56, "windGust": 5.87, "windGustTime": 1438200000, "windBearing": 182, "cloudCover": 0.48, "uvIndex": 6, "uvIndexTime": 1438185600, "visibility": 6.75, "temperatureMin": 72.54, "temperatureMinTime": 1438160400, "temperatureMax": 86.52, "temperatureMaxTime": 1438196400, "apparentTemperatureMin": 73.83, "apparentTemperatureMinTime": 1438160400, "apparentTemperatureMax": 96.42, "apparentTemperatureMaxTime": 1438196400}]}, "flags": {"sources": ["cmc", "gfs", "hrrr", "icon", "isd", "madis", "nam", "sref"], "nearest-station": 0.675, "units": "us"}, "offset": -4}