{"latitude": 38.912659, "longitude": -77.017669, "timezone": "America/New_York", "currently": {"time": 1445745600, "summary": "Overcast", "icon": "cloudy", "precipIntensity": 0, "precipProbability": 0, "temperature": 57.5, "apparentTemperature": 57.5, "dewPoint": 50.83, "humidity": 0.78, "pressure": 1021.82, "windSpeed": 0.95, "windGust": 3.37, "windBearing": 169, "cloudCover": 1, "uvIndex": 0, "visibility": 8.72}, "hourly": {"summary": "Mostly cloudy until evening.", "icon": "partly-cloudy-day", "data": [{"time": 1445745600, "summary": "Overcast", "icon": "cloudy", "precipIntensity": 0, "precipProbability": 0, "temperature": 57.5, "apparentTemperature": 57.5, "dewPoint": 50.83, "humidity": 0.78, "pressure": 1021.82, "windSpeed": 0.95, "windGust": 3.37, "windBearing": 169, "cloudCover": 1, "uvIndex": 0, "visibility": 8.72}, {"time": 1445749200, "summary": "Overcast", "icon": "cloudy", "precipIntensity": 0, "precipProbability": 0, "temperature": 57.41, "apparentTemperature": 57.41, "dewPoint": 50.97, "humidity": 0.79, "pressure": 1020.97, "windSpeed": 1.24, "windGust": 4.47, "windBearing": 176, "cloudCover": 0.94, "uvIndex": 0, "visibility": 8.34}, {"time": 1445752800, "summary": "Mostly Cloudy", "icon": "partly-cloudy-night", "precipIntensity": 0, "precipProbability": 0, "temperature": 57.31, "apparentTemperature": 57.31, "dewPoint": 51.12, "humidity": 0.8, "pressure": 1020.4, "windSpeed": 1.13, "windGust": 4.13, "windBearing": 181, "cloudCover": 0.79, "uvIndex": 0, "visibility": 9.05}, {"time": 1445756400, "summary": "Overcast", "icon": "cloudy", "precipIntensity": 0, "precipProbability": 0, "temperature": 56.96, "apparentTemperature": 56.96, "dewPoint": 51.72, "humidity": 0.83, "pressure": 1019.88, "windSpeed": 0.82, "windGust": 2.8, "windBearing": 179, "cloudCover": 0.97, "uvIndex": 0, "visibility": 8.27}, {"time": 1445760000, "summary": "Overcast", "icon": "cloudy", "precipIntensity": 0.0016, "precipProbability": 0.25, "precipType": "rain", "temperature": 56.26, "apparentTemperature": 56.26, "dewPoint": 52.07, "humidity": 0.86, "pressure": 1018.95, "windSpeed": 0.72, "windGust": 3.2, "windBearing": 184, "cloudCover": 1, "uvIndex": 0, "visibility": 8.85}, {"time": 1445763600, "summary": "Overcast", "icon": "cloudy", "precipIntensity": 0.0033, "precipProbability": 0.5, "precipType": "rain", "temperature": 55.83, "apparentTemperature": 55.83, "dewPoint": 52.26, "humidity": 0.88, "pressure": 1018.3, "windSpeed": 1.13, "windGust": 3.52, "windBearing": 177, "cloudCover": 1, "uvIndex": 0, "visibility": 8.59}, {"time": 1445767200, "summary": "Overcast", "icon": "cloudy", "precipIntensity": 0.0008, "precipProbability": 0.32, "precipType": "rain", "temperature": 56.02, "apparentTemperature": 56.02, "dewPoint": 52.4, "humidity": 0.88, "pressure": 1018.17, "windSpeed": 0.85, "windGust": 3.86, "windBearing": 193, "cloudCover": 1, "uvIndex": 0, "visibility": 9}, {"time": 1445770800, "summary": "Overcast", "icon": "cloudy", "precipIntensity": 0, "precipProbability": 0, "temperature": 56.42, "apparentTemperature": 56.42, "dewPoint": 52.71, "humidity": 0.87, "pressure": 1018.5, "windSpeed": 0.79, "windGust": 2.92, "windBearing": 201, "cloudCover": 1, "uvIndex": 0, "visibility": 8.07}, {"time": 1445774400, "summary": "Overcast", "icon": "cloudy", "precipIntensity": 0.0046, "precipProbability": 0.64, "precipType": "rain", "temperature": 56.26, "apparentTemperature": 56.26, "dewPoint": 52.95, "humidity": 0.89, "pressure": 1018.65, "windSpeed": 0.32, "windGust": 1.62, "windBearing": 201, "cloudCover": 0.97, "uvIndex": 0, "visibility": 8.56}, {"time": 1445778000, "summary": "Mostly Cloudy", "icon": "partly-cloudy-day", "precipIntensity": 0.0081, "precipProbability": 0.7, "precipType": "rain", "temperature": 56.32, "apparentTemperature": 56.32, "dewPoint": 53.51, "humidity": 0.9, "pressure": 1019.19, "windSpeed": 0.3, "windGust": 1.15, "windBearing": 202, "cloudCover": 0.93, "uvIndex": 0, "visibility": 8.27}, {"time": 1445781600, "summary": "Mostly Cloudy", "icon": "partly-cloudy-day", "precipIntensity": 0.0051, "precipProbability": 0.58, "precipType": "rain", "temperature": 57.01, "apparentTemperature": 57.01, "dewPoint": 54.44, "humidity": 0.91, "pressure": 1019.69, "windSpeed": 0.32, "windGust": 1.8, "windBearing": 225, "cloudCover": 0.88, "uvIndex": 1, "visibility": 7.18}, {"time": 1445785200, "summary": "Mostly Cloudy", "icon": "partly-cloudy-day", "precipIntensity": 0.001, "precipProbability": 0.24, "precipType": "rain", "temperature": 58.11, "apparentTemperature": 58.11, "dewPoint": 55.19, "humidity": 0.9, "pressure": 1020.07, "windSpeed": 0.65, "windGust": 2.77, "windBearing": 250, "cloudCover": 0.86, "uvIndex": 2, "visibility": 8.58}, {"time": 1445788800, "summary": "Mostly Cloudy", "icon": "partly-cloudy-day", "precipIntensity": 0, "precipProbability": 0, "temperature": 60.09, "apparentTemperature": 60.09, "dewPoint": 56.28, "humidity": 0.87, "pressure": 1020.21, "windSpeed": 0.99, "windGust": 3.59, "windBearing": 275, "cloudCover": 0.9, "uvIndex": 3, "visibility": 8.75}, {"time": 1445792400, "summary": "Mostly Cloudy", "icon": "partly-cloudy-day", "precipIntensity": 0, "precipProbability": 0, "temperature": 65.13, "apparentTemperature": 65.13, "dewPoint": 57.79, "humidity": 0.77, "pressure": 1019.68, "windSpeed": 1.04, "windGust": 4.93, "windBearing": 310, "cloudCover": 0.71, "uvIndex": 3, "visibility": 9.47}, {"time": 1445796000, "summary": "Partly Cloudy", "icon": "partly-cloudy-day", "precipIntensity": 0, "precipProbability": 0, "temperature": 67.36, "apparentTemperature": 67.36, "dewPoint": 56.82, "humidity": 0.69, "pressure": 1019.19, "windSpeed": 1.75, "windGust": 5.93, "windBearing": 312, "cloudCover": 0.44, "uvIndex": 3, "visibility": 7.9}, {"time": 1445799600, "summary": "Partly Cloudy", "icon": "partly-cloudy-day", "precipIntensity": 0, "precipProbability": 0, "temperature": 68.81, "apparentTemperature": 68.81, "dewPoint": 54.26, "humidity": 0.6, "pressure": 1018.94, "windSpeed": 3.13, "windGust": 9.51, "windBearing": 315, "cloudCover": 0.45, "uvIndex": 2, "visibility": 8.59}, {"time": 1445803200, "summary": "Partly Cloudy", "icon": "partly-cloudy-day", "precipIntensity": 0, "precipProbability": 0, "temperature": 68.7, "apparentTemperature": 68.7, "dewPoint": 52.43, "humidity": 0.56, "pressure": 1019.25, "windSpeed": 3.61, "windGust": 10.2, "windBearing": 317, "cloudCover": 0.39, "uvIndex": 1, "visibility": 7.87}, {"time": 1445806800, "summary": "Partly Cloudy", "icon": "partly-cloudy-day", "precipIntensity": 0, "precipProbability": 0, "temperature": 66.89, "apparentTemperature": 66.89, "dewPoint": 51.6, "humidity": 0.58, "pressure": 1019.8, "windSpeed": 3.4, "windGust": 10.26, "windBearing": 333, "cloudCover": 0.47, "uvIndex": 0, "visibility": 8.25}, {"time": 1445810400, "summary": "Mostly Cloudy", "icon": "partly-cloudy-day", "precipIntensity": 0, "precipProbability": 0, "temperature": 64.01, "apparentTemperature": 64.01, "dewPoint": 49.96, "humidity": 0.6, "pressure": 1020.59, "windSpeed": 1.86, "windGust": 6.66, "windBearing": 335, "cloudCover": 0.65, "uvIndex": 0, "visibility": 9.05}, {"time": 1445814000, "summary": "Clear", "icon": "clear-night", "precipIntensity": 0, "precipProbability": 0, "temperature": 61.37, "apparentTemperature": 61.37, "dewPoint": 47.22, "humidity": 0.6, "pressure": 1021.91, "windSpeed": 1.07, "windGust": 4.35, "windBearing": 330, "cloudCover": 0.24, "uvIndex": 0, "visibility": 9.47}, {"time": 1445817600, "summary": "Clear", "icon": "clear-night", "precipIntensity": 0, "precipProbability": 0, "temperature": 58.98, "apparentTemperature": 58.98, "dewPoint": 45.78, "humidity": 0.62, "pressure": 1023.33, "windSpeed": 0.56, "windGust": 2.55, "windBearing": 342, "cloudCover": 0.16, "uvIndex": 0, "visibility": 9.43}, {"time": 1445821200, "summary": "Clear", "icon": "clear-night", "precipIntensity": 0, "precipProbability": 0, "temperature": 56.99, "apparentTemperature": 56.99, "dewPoint": 45, "humidity": 0.64, "pressure": 1023.88, "windSpeed": 0.57, "windGust": 1.63, "windBearing": 351, "cloudCover": 0.18, "uvIndex": 0, "visibility": 9.37}, {"time": 1445824800, "summary": "Partly Cloudy", "icon": "partly-cloudy-night", "precipIntensity": 0, "precipProbability": 0, "temperature": 55.82, "apparentTemperature": 55.82, "dewPoint": 44.05, "humidity": 0.65, "pressure": 1024.52, "windSpeed": 0.61, "windGust": 2.09, "windBearing": 354, "cloudCover": 0.42, "uvIndex": 0, "visibility": 7.89}, {"time": 1445828400, "summary": "Clear", "icon": "clear-night", "precipIntensity": 0, "precipProbability": 0, "temperature": 54.66, "apparentTemperature": 54.66, "dewPoint": 43.23, "humidity": 0.65, "pressure": 1025.29, "windSpeed": 0.71, "windGust": 2.32, "windBearing": 359, "cloudCover": 0.18, "uvIndex": 0, "visibility": 7.72}]}, "daily": {"data": [{"time": 1445745600, "summary": "Mostly cloudy until evening.", "icon": "partly-cloudy-day", "sunriseTime": 1445772531, "sunsetTime": 1445811464, "moonPhase": 0.43, "precipIntensity": 0.001, "precipIntensityMax": 0.0081, "precipIntensityMaxTime": 1445778000, "precipProbability": 0.7, "precipType": "rain", "temperatureHigh": 68.81, "temperatureHighTime": 1445799600, "temperatureLow": 43.91, "temperatureLowTime": 1445853600, "apparentTemperatureHigh": 68.81, "apparentTemperatureHighTime": 1445799600, "apparentTemperatureLow": 43.91, "apparentTemperatureLowTime": 1445853600, "dewPoint": 51.44, "humidity": 0.75, "pressure": 1020.47, "windSpeed": 0.57, "windGust": 10.26, "windGustTime": 1445806800, "windBearing": 297, "cloudCover": 0.69, "uvIndex": 3, "uvIndexTime": 1445788800, "visibility": 8.55, "temperatureMin": 54.66, "temperatureMinTime": 1445828400, "temperatureMax": 68.81, "temperatureMaxTime": 1445799600, "apparentTemperatureMin": 54.66, "apparentTemperatureMinTime": 1445828400, "apparentTemperatureMax": 68.81, "apparentTemperatureMaxTime": 1445799600}]}, "flags": {"sources": ["cmc", "gfs", "hrrr", "icon", "isd", "madis", "nam", "sref"], "nearest-station": 1.106, "units": "us"}, "offset": -4}