{"latitude": 38.912659, "longitude": -77.017669, "timezone": "America/New_York", "currently": {"time": 1429588800, "summary": "Mostly Cloudy", "icon": "partly-cloudy-night", "precipIntensity": 0.0004, "precipProbability": 0.12, "precipType": "rain", "temperature": 62.79, "apparentTemperature": 62.79, "dewPoint": 57.64, "humidity": 0.83, "pressure": 1000.52, "windSpeed": 0.45, "windGust": 2.36, "windBearing": 248, "cloudCover": 0.66, "uvIndex": 0, "visibility": 9.46}, "hourly": {"summary": "Mostly cloudy until morning.", "icon": "partly-cloudy-night", "data": [{"time": 1429588800, "summary": "Mostly Cloudy", "icon": "partly-cloudy-night", "precipIntensity": 0.0004, "precipProbability": 0.12, "precipType": "rain", "temperature": 62.79, "apparentTemperature": 62.79, "dewPoint": 57.64, "humidity": 0.83, "pressure": 1000.52, "windSpeed": 0.45, "windGust": 2.36, "windBearing": 248, "cloudCover": 0.66, "uvIndex": 0, "visibility": 9.46}, {"time": 1429592400, "summary": "Overcast", "icon": "cloudy", "precipIntensity": 0.0029, "precipProbability": 0.36, "precipType": "rain", "temperature": 62.29, "apparentTemperature": 62.29, "dewPoint": 57.05, "humidity": 0.83, "pressure": 1001.42, "windSpeed": 1.36, "windGust": 5.33, "windBearing": 307, "cloudCover": 0.94, "uvIndex": 0, "visibility": 8.76}, {"time": 1429596000, "summary": "Light Rain", "icon": "rain", "precipIntensity": 0.0392, "precipProbability": 0.82, "precipType": "rain", "temperature": 60.13, "apparentTemperature": 60.13, "dewPoint": 56.26, "humidity": 0.87, "pressure": 1002.26, "windSpeed": 0.3, "windGust": 1.08, "windBearing": 303, "cloudCover": 0.99, "uvIndex": 0, "visibility": 6.1}, {"time": 1429599600, "summary": "Overcast", "icon": "cloudy", "precipIntensity": 0.013, "precipProbability": 0.54, "precipType": "rain", "temperature": 59.16, "apparentTemperature": 59.16, "dewPoint": 56.14, "humidity": 0.9, "pressure": 1002.56, "windSpeed": 0.1, "windGust": 0.47, "windBearing": 269, "cloudCover": 0.95, "uvIndex": 0, "visibility": 7.32}, {"time": 1429603200, "summary": "Mostly Cloudy", "icon": "partly-cloudy-night", "precipIntensity": 0.0009, "precipProbability": 0.2, "precipType": "rain", "temperature": 58.7, "apparentTemperature": 58.7, "dewPoint": 54.19, "humidity": 0.85, "pressure": 1003.39, "windSpeed": 2.07, "windGust": 6.85, "windBearing": 298, "cloudCover": 0.84, "uvIndex": 0, "visibility": 7.97}, {"time": 1429606800, "summary": "Mostly Cloudy", "icon": "partly-cloudy-night", "precipIntensity": 0.0002, "precipProbability": 0.08, "precipType": "rain", "temperature": 57.56, "apparentTemperature": 57.56, "dewPoint": 49.76, "humidity": 0.75, "pressure": 1004.26, "windSpeed": 3.9, "windGust": 11.35, "windBearing": 304, "cloudCover": 0.79, "uvIndex": 0, "visibility": 8.81}, {"time": 1429610400, "summary": "Mostly Cloudy", "icon": "partly-cloudy-night", "precipIntensity": 0.0004, "precipProbability": 0.13, "precipType": "rain", "temperature": 56.68, "apparentTemperature": 56.68, "dewPoint": 45.03, "humidity": 0.65, "pressure": 1005.88, "windSpeed": 4.88, "windGust": 13.52, "windBearing": 308, "cloudCover": 0.93, "uvIndex": 0, "visibility": 7.69}, {"time": 1429614000, "summary": "Mostly Cloudy", "icon": "partly-cloudy-day", "precipIntensity": 0, "precipProbability": 0, "temperature": 55.55, "apparentTemperature": 55.55, "dewPoint": 42.42, "humidity": 0.61, "pressure": 1007.07, "windSpeed": 3.78, "windGust": 9.38, "windBearing": 300, "cloudCover": 0.87, "uvIndex": 0, "visibility": 7.57}, {"time": 1429617600, "summary": "Partly Cloudy", "icon": "partly-cloudy-day", "precipIntensity": 0, "precipProbability": 0, "temperature": 55.94, "apparentTemperature": 55.94, "dewPoint": 41.54, "humidity": 0.58, "pressure": 1007.74, "windSpeed": 3.39, "windGust": 9.38, "windBearing": 294, "cloudCover": 0.29, "uvIndex": 1, "visibility": 8.51}, {"time": 1429621200, "summary": "Clear", "icon": "clear-day", "precipIntensity": 0, "precipProbability": 0, "temperature": 57.73, "apparentTemperature": 57.73, "dewPoint": 36.42, "humidity": 0.45, "pressure": 1007.88, "windSpeed": 5.24, "windGust": 14.57, "windBearing": 293, "cloudCover": 0.06, "uvIndex": 2, "visibility": 8.63}, {"time": 1429624800, "summary": "Clear", "icon": "clear-day", "precipIntensity": 0, "precipProbability": 0, "temperature": 59.16, "apparentTemperature": 59.16, "dewPoint": 34.4, "humidity": 0.39, "pressure": 1008.35, "windSpeed": 5.65, "windGust": 15.72, "windBearing": 290, "cloudCover": 0.08, "uvIndex": 4, "visibility": 8.23}, {"time": 1429628400, "summary": "Clear", "icon": "clear-day", "precipIntensity": 0, "precipProbability": 0, "temperature": 60.58, "apparentTemperature": 60.58, "dewPoint": 34.72, "humidity": 0.38, "pressure": 1008.7, "windSpeed": 5.36, "windGust": 14.7, "windBearing": 290, "cloudCover": 0.12, "uvIndex": 6, "visibility": 9.09}, {"time": 1429632000, "summary": "Clear", "icon": "clear-day", "precipIntensity": 0, "precipProbability": 0, "temperature": 61.99, "apparentTemperature": 61.99, "dewPoint": 34.15, "humidity": 0.35, "pressure": 1008.33, "windSpeed": 4.76, "windGust": 14.66, "windBearing": 295, "cloudCover": 0.12, "uvIndex": 8, "visibility": 8.27}, {"time": 1429635600, "summary": "Clear", "icon": "clear-day", "precipIntensity": 0, "precipProbability": 0, "temperature": 63.3, "apparentTemperature": 63.3, "dewPoint": 33.71, "humidity": 0.33, "pressure": 1008.12, "windSpeed": 4.21, "windGust": 13.05, "windBearing": 287, "cloudCover": 0.22, "uvIndex": 8, "visibility": 8.55}, {"time": 1429639200, "summary": "Clear", "icon": "clear-day", "precipIntensity": 0, "precipProbability": 0, "temperature": 64.7, "apparentTemperature": 64.7, "dewPoint": 33.21, "humidity": 0.31, "pressure": 1007.61, "windSpeed": 3.64, "windGust": 11.84, "windBearing": 285, "cloudCover": 0.07, "uvIndex": 8, "visibility": 8.63}, {"time": 1429642800, "summary": "Clear", "icon": "clear-day", "precipIntensity": 0, "precipProbability": 0, "temperature": 65.85, "apparentTemperature": 65.85, "dewPoint": 32.24, "humidity": 0.28, "pressure": 1007.01, "windSpeed": 3.16, "windGust": 11.21, "windBearing": 276, "cloudCover": 0.06, "uvIndex": 7, "visibility": 8}, {"time": 1429646400, "summary": "Clear", "icon": "clear-day", "precipIntensity": 0, "precipProbability": 0, "temperature": 66.9, "apparentTemperature": 66.9, "dewPoint": 31.47, "humidity": 0.27, "pressure": 1006.44, "windSpeed": 3.09, "windGust": 10.54, "windBearing": 264, "cloudCover": 0.16, "uvIndex": 5, "visibility": 8.33}, {"time": 1429650000, "summary": "Partly Cloudy", "icon": "partly-cloudy-day", "precipIntensity": 0, "precipProbability": 0, "temperature": 67.07, "apparentTemperature": 67.07, "dewPoint": 30.77, "humidity": 0.26, "pressure": 1006.63, "windSpeed": 3.31, "windGust": 10.72, "windBearing": 267, "cloudCover": 0.4, "uvIndex": 2, "visibility": 9.52}, {"time": 1429653600, "summary": "Partly Cloudy", "icon": "partly-cloudy-day", "precipIntensity": 0, "precipProbability": 0, "temperature": 66.49, "apparentTemperature": 66.49, "dewPoint": 30.69, "humidity": 0.26, "pressure": 1006.8, "windSpeed": 2.74, "windGust": 8.84, "windBearing": 270, "cloudCover": 0.58, "uvIndex": 1, "visibility": 8.29}, {"time": 1429657200, "summary": "Mostly Cloudy", "icon": "partly-cloudy-day", "precipIntensity": 0, "precipProbability": 0, "temperature": 65.2, "apparentTemperature": 65.2, "dewPoint": 30.85, "humidity": 0.28, "pressure": 1007.24, "windSpeed": 1.38, "windGust": 5.09, "windBearing": 280, "cloudCover": 0.8, "uvIndex": 0, "visibility": 8.59}, {"time": 1429660800, "summary": "Mostly Cloudy", "icon": "partly-cloudy-night", "precipIntensity": 0, "precipProbability": 0, "temperature": 63.16, "apparentTemperature": 63.16, "dewPoint": 31.89, "humidity": 0.31, "pressure": 1007.97, "windSpeed": 0.62, "windGust": 2.51, "windBearing": 308, "cloudCover": 0.82, "uvIndex": 0, "visibility": 8.62}, {"time": 1429664400, "summary": "Partly Cloudy", "icon": "partly-cloudy-night", "precipIntensity": 0, "precipProbability": 0, "temperature": 59.32, "apparentTemperature": 59.32, "dewPoint": 34.64, "humidity": 0.39, "pressure": 1008.61, "windSpeed": 0.05, "windGust": 0.32, "windBearing": 315, "cloudCover": 0.5, "uvIndex": 0, "visibility": 9.35}, {"time": 1429668000, "summary": "Clear", "icon": "clear-night", "precipIntensity": 0, "precipProbability": 0, "temperature": 55.11, "apparentTemperature": 55.11, "dewPoint": 36.41, "humidity": 0.49, "pressure": 1008.93, "windSpeed": 0, "windGust": 0.1, "cloudCover": 0.19, "uvIndex": 0, "visibility": 6.28}, {"time": 1429671600, "summary": "Clear", "icon": "clear-night", "precipIntensity": 0, "precipProbability": 0, "temperature": 51.85, "apparentTemperature": 51.85, "dewPoint": 37.73, "humidity": 0.58, "pressure": 1009.14, "windSpeed": 0, "windGust": 0.08, "cloudCover": 0, "uvIndex": 0, "visibility": 10}]}, "daily": {"data": [{"time": 1429588800, "summary": "Mostly cloudy in the morning.", "icon": "partly-cloudy-night", "sunriseTime": 1429611854, "sunsetTime": 1429660290, "moonPhase": 0.11, "precipIntensity": 0.0024, "precipIntensityMax": 0.0392, "precipIntensityMaxTime": 1429596000, "precipProbability": 0.82, "precipType": "rain", "temperatureHigh": 67.07, "temperatureHighTime": 1429650000, "temperatureLow": 47.29, "temperatureLowTime": 1429682400, "apparentTemperatureHigh": 67.07, "apparentTemperatureHighTime": 1429650000, "apparentTemperatureLow": 47.29, "apparentTemperatureLowTime": 1429682400, "dewPoint": 40.14, "humidity": 0.51, "pressure": 1006.37, "windSpeed": 2.58, "windGust": 15.72, "windGustTime": 1429624800, "windBearing": 290, "cloudCover": 0.48, "uvIndex": 8, "uvIndexTime": 1429632000, "visibility": 8.36, "temperatureMin": 51.85, "temperatureMinTime": 1429671600, "temperatureMax": 67.07, "temperatureMaxTime": 1429650000, "apparentTemperatureMin": 51.85, "apparentTemperatureMinTime": 1429671600, "apparentTemperatureMax": 67.07, "apparentTemperatureMaxTime": 1429650000}]}, "flags": {"sources": ["cmc", "gfs", "hrrr", "icon", "isd", "madis", "nam", "sref"], "nearest-station": 0.675, "units": "us"}, "offset": -4}