{"latitude": 38.912659, "longitude": -77.017669, "timezone": "America/New_York", "currently": {"time": 1446264000, "summary": "Clear", "icon": "clear-night", "precipIntensity": 0, "precipProbability": 0, "temperature": 42.65, "apparentTemperature": 42.65, "dewPoint": 37.8, "humidity": 0.83, "pressure": 1019.97, "windSpeed": 0.02, "windGust": 0.39, "windBearing": 296, "cloudCover": 0, "uvIndex": 0, "visibility": 9.2}, "hourly": {"summary": "Partly cloudy starting in the afternoon.", "icon": "partly-cloudy-night", "data": [{"time": 1446264000, "summary": "Clear", "icon": "clear-night", "precipIntensity": 0, "precipProbability": 0, "temperature": 42.65, "apparentTemperature": 42.65, "dewPoint": 37.8, "humidity": 0.83, "pressure": 1019.97, "windSpeed": 0.02, "windGust": 0.39, "windBearing": 296, "cloudCover": 0, "uvIndex": 0, "visibility": 9.2}, {"time": 1446267600, "summary": "Clear", "icon": "clear-night", "precipIntensity": 0, "precipProbability": 0, "temperature": 42.45, "apparentTemperature": 42.45, "dewPoint": 37.5, "humidity": 0.82, "pressure": 1021.21, "windSpeed": 0.25, "windGust": 0.88, "windBearing": 308, "cloudCover": 0, "uvIndex": 0, "visibility": 8.91}, {"time": 1446271200, "summary": "Clear", "icon": "clear-night", "precipIntensity": 0, "precipProbability": 0, "temperature": 41.86, "apparentTemperature": 41.86, "dewPoint": 37.29, "humidity": 0.84, "pressure": 1021.86, "windSpeed": 0.08, "windGust": 0.41, "windBearing": 306, "cloudCover": 0, "uvIndex": 0, "visibility": 7.19}, {"time": 1446274800, "summary": "Clear", "icon": "clear-night", "precipIntensity": 0, "precipProbability": 0, "temperature": 40.64, "apparentTemperature": 40.64, "dewPoint": 36.57, "humidity": 0.85, "pressure": 1021.99, "windSpeed": 0.08, "windGust": 0.31, "windBearing": 323, "cloudCover": 0, "uvIndex": 0, "visibility": 8.61}, {"time": 1446278400, "summary": "Clear", "icon": "clear-night", "precipIntensity": 0, "precipProbability": 0, "temperature": 40.15, "apparentTemperature": 40.15, "dewPoint": 36.05, "humidity": 0.85, "pressure": 1022.22, "windSpeed": 0.05, "windGust": 0.2, "windBearing": 312, "cloudCover": 0, "uvIndex": 0, "visibility": 7.68}, {"time": 1446282000, "summary": "Clear", "icon": "clear-night", "precipIntensity": 0, "precipProbability": 0, "temperature": 39.45, "apparentTemperature": 39.45, "dewPoint": 35.8, "humidity": 0.87, "pressure": 1022.33, "windSpeed": 0.08, "windGust": 0.12, "windBearing": 352, "cloudCover": 0, "uvIndex": 0, "visibility": 5.73}, {"time": 1446285600, "summary": "Clear", "icon": "clear-night", "precipIntensity": 0, "precipProbability": 0, "temperature": 38.71, "apparentTemperature": 38.71, "dewPoint": 35.4, "humidity": 0.88, "pressure": 1022.84, "windSpeed": 0.03, "windGust": 0.09, "windBearing": 0, "cloudCover": 0, "uvIndex": 0, "visibility": 6.19}, {"time": 1446289200, "summary": "Clear", "icon": "clear-night", "precipIntensity": 0, "precipProbability": 0, "temperature": 37.86, "apparentTemperature": 37.86, "dewPoint": 34.54, "humidity": 0.88, "pressure": 1023, "windSpeed": 0, "windGust": 0.06, "cloudCover": 0, "uvIndex": 0, "visibility": 5.98}, {"time": 1446292800, "summary": "Clear", "icon": "clear-day", "precipIntensity": 0, "precipProbability": 0, "temperature": 37.43, "apparentTemperature": 37.43, "dewPoint": 34.63, "humidity": 0.9, "pressure": 1023.59, "windSpeed": 0, "windGust": 0, "cloudCover": 0.12, "uvIndex": 0, "visibility": 7.83}, {"time": 1446296400, "summary": "Clear", "icon": "clear-day", "precipIntensity": 0, "precipProbability": 0, "temperature": 40.24, "apparentTemperature": 40.24, "dewPoint": 37.28, "humidity": 0.89, "pressure": 1024.36, "windSpeed": 0.03, "windGust": 0.18, "windBearing": 0, "cloudCover": 0.15, "uvIndex": 0, "visibility": 8.69}, {"time": 1446300000, "summary": "Clear", "icon": "clear-day", "precipIntensity": 0, "precipProbability": 0, "temperature": 48.4, "apparentTemperature": 48.4, "dewPoint": 40.61, "humidity": 0.74, "pressure": 1024.33, "windSpeed": 0.43, "windGust": 2.02, "windBearing": 88, "cloudCover": 0.12, "uvIndex": 1, "visibility": 8.2}, {"time": 1446303600, "summary": "Clear", "icon": "clear-day", "precipIntensity": 0, "precipProbability": 0, "temperature": 52.73, "apparentTemperature": 52.73, "dewPoint": 40.54, "humidity": 0.63, "pressure": 1024.08, "windSpeed": 0.6, "windGust": 4.3, "windBearing": 135, "cloudCover": 0.23, "uvIndex": 2, "visibility": 8.25}, {"time": 1446307200, "summary": "Clear", "icon": "clear-day", "precipIntensity": 0, "precipProbability": 0, "temperature": 55.41, "apparentTemperature": 55.41, "dewPoint": 40.33, "humidity": 0.57, "pressure": 1023.58, "windSpeed": 1.06, "windGust": 5.47, "windBearing": 159, "cloudCover": 0.23, "uvIndex": 3, "visibility": 8.24}, {"time": 1446310800, "summary": "Partly Cloudy", "icon": "partly-cloudy-day", "precipIntensity": 0, "precipProbability": 0, "temperature": 57.45, "apparentTemperature": 57.45, "dewPoint": 40.53, "humidity": 0.53, "pressure": 1023.1, "windSpeed": 1.12, "windGust": 5.71, "windBearing": 184, "cloudCover": 0.27, "uvIndex": 3, "visibility": 9.14}, {"time": 1446314400, "summary": "Clear", "icon": "clear-day", "precipIntensity": 0, "precipProbability": 0, "temperature": 58.83, "apparentTemperature": 58.83, "dewPoint": 40.79, "humidity": 0.51, "pressure": 1021.82, "windSpeed": 1.51, "windGust": 6.98, "windBearing": 179, "cloudCover": 0.23, "uvIndex": 3, "visibility": 9.48}, {"time": 1446318000, "summary": "Clear", "icon": "clear-day", "precipIntensity": 0, "precipProbability": 0, "temperature": 59.22, "apparentTemperature": 59.22, "dewPoint": 41.12, "humidity": 0.51, "pressure": 1020.72, "windSpeed": 1.66, "windGust": 6.87, "windBearing": 190, "cloudCover": 0.24, "uvIndex": 2, "visibility": 9.47}, {"time": 1446321600, "summary": "Partly Cloudy", "icon": "partly-cloudy-day", "precipIntensity": 0, "precipProbability": 0, "temperature": 58.46, "apparentTemperature": 58.46, "dewPoint": 41.73, "humidity": 0.54, "pressure": 1020.14, "windSpeed": 1.47, "windGust": 5.39, "windBearing": 180, "cloudCover": 0.39, "uvIndex": 1, "visibility": 9.01}, {"time": 1446325200, "summary": "Partly Cloudy", "icon": "partly-cloudy-day", "precipIntensity": 0, "precipProbability": 0, "temperature": 57.84, "apparentTemperature": 57.84, "dewPoint": 42.34, "humidity": 0.56, "pressure": 1020.34, "windSpeed": 1.02, "windGust": 3.75, "windBearing": 191, "cloudCover": 0.45, "uvIndex": 0, "visibility": 9.01}, {"time": 1446328800, "summary": "Mostly Cloudy", "icon": "partly-cloudy-day", "precipIntensity": 0, "precipProbability": 0, "temperature": 56.81, "apparentTemperature": 56.81, "dewPoint": 42.8, "humidity": 0.59, "pressure": 1020.59, "windSpeed": 0.81, "windGust": 3.21, "windBearing": 186, "cloudCover": 0.74, "uvIndex": 0, "visibility": 9.02}, {"time": 1446332400, "summary": "Mostly Cloudy", "icon": "partly-cloudy-night", "precipIntensity": 0, "precipProbability": 0, "temperature": 55.45, "apparentTemperature": 55.45, "dewPoint": 43.13, "humidity": 0.63, "pressure": 1020.4, "windSpeed": 0.34, "windGust": 1.54, "windBearing": 169, "cloudCover": 0.74, "uvIndex": 0, "visibility": 8.1}, {"time": 1446336000, "summary": "Partly Cloudy", "icon": "partly-cloudy-night", "precipIntensity": 0, "precipProbability": 0, "temperature": 54.51, "apparentTemperature": 54.51, "dewPoint": 43.64, "humidity": 0.67, "pressure": 1019.91, "windSpeed": 0.4, "windGust": 1.67, "windBearing": 179, "cloudCover": 0.48, "uvIndex": 0, "visibility": 7.57}, {"time": 1446339600, "summary": "Partly Cloudy", "icon": "partly-cloudy-night", "precipIntensity": 0, "precipProbability": 0, "temperature": 53.78, "apparentTemperature": 53.78, "dewPoint": 43.64, "humidity": 0.68, "pressure": 1019.34, "windSpeed": 0.36, "windGust": 1.18, "windBearing": 181, "cloudCover": 0.48, "uvIndex": 0, "visibility": 7.18}, {"time": 1446343200, "summary": "Partly Cloudy", "icon": "partly-cloudy-night", "precipIntensity": 0, "precipProbability": 0, "temperature": 53.36, "apparentTemperature": 53.36, "dewPoint": 43.85, "humidity": 0.7, "pressure": 1018.21, "windSpeed": 0.46, "windGust": 1.64, "windBearing": 174, "cloudCover": 0.44, "uvIndex": 0, "visibility": 6.81}, {"time": 1446346800, "summary": "Partly Cloudy", "icon": "partly-cloudy-night", "precipIntensity": 0, "precipProbability": 0, "temperature": 52.79, "apparentTemperature": 52.79, "dewPoint": 43.96, "humidity": 0.72, "pressure": 1017.7, "windSpeed": 0.27, "windGust": 1.39, "windBearing": 177, "cloudCover": 0.41, "uvIndex": 0, "visibility": 7.23}]}, "daily": {"data": [{"time": 1446264000, "summary": "Mostly cloudy starting in the afternoon.", "icon": "partly-cloudy-night", "sunriseTime": 1446291320, "sunsetTime": 1446329427, "moonPhase": 0.65, "precipIntensity": 0, "precipIntensityMax": 0, "precipProbability": 0, "temperatureHigh": 59.22, "temperatureHighTime": 1446318000, "temperatureLow": 52.79, "temperatureLowTime": 1446346800, "apparentTemperatureHigh": 59.22, "apparentTemperatureHighTime": 1446318000, "apparentTemperatureLow": 52.79, "apparentTemperatureLowTime": 1446346800, "dewPoint": 39.66, "humidity": 0.72, "pressure": 1021.57, "windSpeed": 0.43, "windGust": 6.98, "windGustTime": 1446314400, "windBearing": 178, "cloudCover": 0.24, "uvIndex": 3, "uvIndexTime": 1446307200, "visibility": 8.03, "temperatureMin": 37.43, "temperatureMinTime": 1446292800, "temperatureMax": 59.22, "temperatureMaxTime": 1446318000, "apparentTemperatureMin": 37.43, "apparentTemperatureMinTime": 1446292800, "apparentTemperatureMax": 59.22, "apparentTemperatureMaxTime": 1446318000}]}, "flags": {"sources": ["cmc", "gfs", "hrrr", "icon", "isd", "madis", "nam", "sref"], "nearest-station": 1.106, "units": "us"}, "offset": -4}