{"latitude": 38.912659, "longitude": -77.017669, "timezone": "America/New_York", "currently": {"time": 1453611600, "summary": "Mostly Cloudy", "icon": "partly-cloudy-night", "precipIntensity": 0, "precipProbability": 0, "temperature": 26.99, "apparentTemperature": 21.59, "dewPoint": 23.54, "humidity": 0.87, "pressure": 1010.06, "windSpeed": 4.61, "windGust": 10.57, "windBearing": 344, "cloudCover": 0.79, "uvIndex": 0, "visibility": 7.22}, "hourly": {"summary": "Light snow in the afternoon.", "icon": "snow", "data": [{"time": 1453611600, "summary": "Mostly Cloudy", "icon": "partly-cloudy-night", "precipIntensity": 0, "precipProbability": 0, "temperature": 26.99, "apparentTemperature": 21.59, "dewPoint": 23.54, "humidity": 0.87, "pressure": 1010.06, "windSpeed": 4.61, "windGust": 10.57, "windBearing": 344, "cloudCover": 0.79, "uvIndex": 0, "visibility": 7.22}, {"time": 1453615200, "summary": "Overcast", "icon": "cloudy", "precipIntensity": 0, "precipProbability": 0, "temperature": 27.36, "apparentTemperature": 22.06, "dewPoint": 22.25, "humidity": 0.81, "pressure": 1010.28, "windSpeed": 4.58, "windGust": 11.14, "windBearing": 334, "cloudCover": 0.95, "uvIndex": 0, "visibility": 10}, {"time": 1453618800, "summary": "Mostly Cloudy", "icon": "partly-cloudy-night", "precipIntensity": 0, "precipProbability": 0, "temperature": 26.63, "apparentTemperature": 20.88, "dewPoint": 19.77, "humidity": 0.75, "pressure": 1010.96, "windSpeed": 4.88, "windGust": 11.44, "windBearing": 329, "cloudCover": 0.83, "uvIndex": 0, "visibility": 10}, {"time": 1453622400, "summary": "Mostly Cloudy", "icon": "partly-cloudy-night", "precipIntensity": 0, "precipProbability": 0, "temperature": 25.09, "apparentTemperature": 19.63, "dewPoint": 17.28, "humidity": 0.72, "pressure": 1012.02, "windSpeed": 4.39, "windGust": 10.13, "windBearing": 331, "cloudCover": 0.61, "uvIndex": 0, "visibility": 9.47}, {"time": 1453626000, "summary": "Clear", "icon": "clear-night", "precipIntensity": 0, "precipProbability": 0, "temperature": 23.57, "apparentTemperature": 18.23, "dewPoint": 15.74, "humidity": 0.72, "pressure": 1012.86, "windSpeed": 4.09, "windGust": 10.17, "windBearing": 325, "cloudCover": 0.05, "uvIndex": 0, "visibility": 9.85}, {"time": 1453629600, "summary": "Clear", "icon": "clear-night", "precipIntensity": 0, "precipProbability": 0, "temperature": 22.18, "apparentTemperature": 22.18, "dewPoint": 14.59, "humidity": 0.72, "pressure": 1013.88, "windSpeed": 2.49, "windGust": 7.15, "windBearing": 324, "cloudCover": 0, "uvIndex": 0, "visibility": 10}, {"time": 1453633200, "summary": "Clear", "icon": "clear-night", "precipIntensity": 0, "precipProbability": 0, "temperature": 21.18, "apparentTemperature": 16.63, "dewPoint": 13.51, "humidity": 0.72, "pressure": 1015.02, "windSpeed": 3.27, "windGust": 8.31, "windBearing": 318, "cloudCover": 0, "uvIndex": 0, "visibility": 9}, {"time": 1453636800, "summary": "Clear", "icon": "clear-night", "precipIntensity": 0, "precipProbability": 0, "temperature": 20.75, "apparentTemperature": 15.33, "dewPoint": 13.07, "humidity": 0.72, "pressure": 1016.27, "windSpeed": 3.82, "windGust": 9.6, "windBearing": 322, "cloudCover": 0, "uvIndex": 0, "visibility": 9.52}, {"time": 1453640400, "summary": "Clear", "icon": "clear-day", "precipIntensity": 0, "precipProbability": 0, "temperature": 20.64, "apparentTemperature": 15.1, "dewPoint": 12.6, "humidity": 0.71, "pressure": 1017.21, "windSpeed": 3.89, "windGust": 10.1, "windBearing": 321, "cloudCover": 0, "uvIndex": 0, "visibility": 9.55}, {"time": 1453644000, "summary": "Clear", "icon": "clear-day", "precipIntensity": 0, "precipProbability": 0, "temperature": 22.72, "apparentTemperature": 16.62, "dewPoint": 13.67, "humidity": 0.68, "pressure": 1018.6, "windSpeed": 4.61, "windGust": 11.1, "windBearing": 316, "cloudCover": 0.01, "uvIndex": 1, "visibility": 8.22}, {"time": 1453647600, "summary": "Clear", "icon": "clear-day", "precipIntensity": 0, "precipProbability": 0, "temperature": 25.49, "apparentTemperature": 19.16, "dewPoint": 14.65, "humidity": 0.63, "pressure": 1019.44, "windSpeed": 5.26, "windGust": 12.86, "windBearing": 318, "cloudCover": 0.05, "uvIndex": 1, "visibility": 8.61}, {"time": 1453651200, "summary": "Clear", "icon": "clear-day", "precipIntensity": 0, "precipProbability": 0, "temperature": 28, "apparentTemperature": 22.12, "dewPoint": 14.91, "humidity": 0.57, "pressure": 1019.75, "windSpeed": 5.27, "windGust": 12.11, "windBearing": 321, "cloudCover": 0.06, "uvIndex": 2, "visibility": 7.11}, {"time": 1453654800, "summary": "Clear", "icon": "clear-day", "precipIntensity": 0.0017, "precipProbability": 0.19, "precipAccumulation": 0.015, "precipType": "snow", "temperature": 30.07, "apparentTemperature": 24.94, "dewPoint": 14.7, "humidity": 0.52, "pressure": 1019.31, "windSpeed": 4.87, "windGust": 11.27, "windBearing": 323, "cloudCover": 0.05, "uvIndex": 3, "visibility": 8.04}, {"time": 1453658400, "summary": "Clear", "icon": "clear-day", "precipIntensity": 0.0047, "precipProbability": 0.33, "precipAccumulation": 0.037, "precipType": "snow", "temperature": 31.62, "apparentTemperature": 27.2, "dewPoint": 14.6, "humidity": 0.49, "pressure": 1019.05, "windSpeed": 4.41, "windGust": 11.32, "windBearing": 316, "cloudCover": 0.06, "uvIndex": 3, "visibility": 7.9}, {"time": 1453662000, "summary": "Light Snow", "icon": "snow", "precipIntensity": 0.01, "precipProbability": 0.43, "precipAccumulation": 0.076, "precipType": "snow", "temperature": 32.94, "apparentTemperature": 28.97, "dewPoint": 14.93, "humidity": 0.47, "pressure": 1019.04, "windSpeed": 4.18, "windGust": 10.73, "windBearing": 322, "cloudCover": 0, "uvIndex": 2, "visibility": 8.36}, {"time": 1453665600, "summary": "Light Snow", "icon": "snow", "precipIntensity": 0.0131, "precipProbability": 0.49, "precipAccumulation": 0.099, "precipType": "snow", "temperature": 33.87, "apparentTemperature": 31.26, "dewPoint": 15.13, "humidity": 0.46, "pressure": 1018.73, "windSpeed": 3.13, "windGust": 8.31, "windBearing": 316, "cloudCover": 0.02, "uvIndex": 1, "visibility": 8}, {"time": 1453669200, "summary": "Clear", "icon": "clear-day", "precipIntensity": 0.0137, "precipProbability": 0.57, "precipType": "rain", "temperature": 34.18, "apparentTemperature": 34.18, "dewPoint": 15.02, "humidity": 0.45, "pressure": 1019.28, "windSpeed": 2.39, "windGust": 6.75, "windBearing": 310, "cloudCover": 0.04, "uvIndex": 0, "visibility": 8.24}, {"time": 1453672800, "summary": "Clear", "icon": "clear-day", "precipIntensity": 0.0066, "precipProbability": 0.5, "precipAccumulation": 0.05, "precipType": "snow", "temperature": 32.93, "apparentTemperature": 32.93, "dewPoint": 15.57, "humidity": 0.48, "pressure": 1019.42, "windSpeed": 0.71, "windGust": 2.83, "windBearing": 305, "cloudCover": 0.01, "uvIndex": 0, "visibility": 8.59}, {"time": 1453676400, "summary": "Clear", "icon": "clear-night", "precipIntensity": 0.002, "precipProbability": 0.37, "precipAccumulation": 0.019, "precipType": "snow", "temperature": 29.37, "apparentTemperature": 29.37, "dewPoint": 16.66, "humidity": 0.59, "pressure": 1020.02, "windSpeed": 0.05, "windGust": 0.39, "windBearing": 270, "cloudCover": 0.06, "uvIndex": 0, "visibility": 10}, {"time": 1453680000, "summary": "Clear", "icon": "clear-night", "precipIntensity": 0, "precipProbability": 0, "temperature": 26.49, "apparentTemperature": 26.49, "dewPoint": 17.05, "humidity": 0.67, "pressure": 1020.34, "windSpeed": 0, "windGust": 0.21, "cloudCover": 0.1, "uvIndex": 0, "visibility": 8.63}, {"time": 1453683600, "summary": "Clear", "icon": "clear-night", "precipIntensity": 0, "precipProbability": 0, "temperature": 24.44, "apparentTemperature": 24.44, "dewPoint": 16.79, "humidity": 0.72, "pressure": 1020.83, "windSpeed": 0, "windGust": 0.11, "cloudCover": 0.16, "uvIndex": 0, "visibility": 9.1}, {"time": 1453687200, "summary": "Clear", "icon": "clear-night", "precipIntensity": 0, "precipProbability": 0, "temperature": 22.63, "apparentTemperature": 22.63, "dewPoint": 15.78, "humidity": 0.75, "pressure": 1021.19, "windSpeed": 0, "windGust": 0.27, "cloudCover": 0.13, "uvIndex": 0, "visibility": 7.74}, {"time": 1453690800, "summary": "Partly Cloudy", "icon": "partly-cloudy-night", "precipIntensity": 0, "precipProbability": 0, "temperature": 20.8, "apparentTemperature": 20.8, "dewPoint": 15.17, "humidity": 0.78, "pressure": 1021.62, "windSpeed": 0, "windGust": 0.17, "cloudCover": 0.3, "uvIndex": 0, "visibility": 7.29}, {"time": 1453694400, "summary": "Clear", "icon": "clear-night", "precipIntensity": 0, "precipProbability": 0, "temperature": 19.69, "apparentTemperature": 19.69, "dewPoint": 14.27, "humidity": 0.79, "pressure": 1022.07, "windSpeed": 0.03, "windGust": 0.21, "windBearing": 270, "cloudCover": 0.17, "uvIndex": 0, "visibility": 6.14}]}, "daily": {"data": [{"time": 1453611600, "summary": "Light snow in the afternoon.", "icon": "snow", "sunriseTime": 1453638115, "sunsetTime": 1453674033, "moonPhase": 0.53, "precipIntensity": 0.0022, "precipIntensityMax": 0.0137, "precipIntensityMaxTime": 1453669200, "precipProbability": 0.57, "precipAccumulation": 0.298, "precipType": "snow", "temperatureHigh": 34.18, "temperatureHighTime": 1453669200, "temperatureLow": 14.48, "temperatureLowTime": 1453719600, "apparentTemperatureHigh": 34.18, "apparentTemperatureHighTime": 1453669200, "apparentTemperatureLow": 14.48, "apparentTemperatureLowTime": 1453719600, "dewPoint": 15.89, "humidity": 0.66, "pressure": 1017.39, "windSpeed": 2.93, "windGust": 12.86, "windGustTime": 1453647600, "windBearing": 323, "cloudCover": 0.19, "uvIndex": 3, "uvIndexTime": 1453654800, "visibility": 8.61, "temperatureMin": 19.69, "temperatureMinTime": 1453694400, "temperatureMax": 34.18, "temperatureMaxTime": 1453669200, "apparentTemperatureMin": 15.1, "apparentTemperatureMinTime": 1453640400, "apparentTemperatureMax": 34.18, "apparentTemperatureMaxTime": 1453669200}]}, "flags": {"sources": ["cmc", "gfs", "hrrr", "icon", "isd", "madis", "nam", "sref"], "nearest-station": 1.106, "units": "us"}, "offset": -5}