{"latitude": 38.912659, "longitude": -77.017669, "timezone": "America/New_York", "currently": {"time": 1432094400, "summary": "Clear", "icon": "clear-night", "precipIntensity": 0, "precipProbability": 0, "temperature": 73.06, "apparentTemperature": 73.06, "dewPoint": 57.4, "humidity": 0.58, "pressure": 1011.52, "windSpeed": 1.11, "windGust": 3.26, "windBearing": 308, "cloudCover": 0, "uvIndex": 0, "visibility": 8.06}, "hourly": {"summary": "Partly cloudy starting in the morning, continuing until afternoon.", "icon": "partly-cloudy-day", "data": [{"time": 1432094400, "summary": "Clear", "icon": "clear-night", "precipIntensity": 0, "precipProbability": 0, "temperature": 73.06, "apparentTemperature": 73.06, "dewPoint": 57.4, "humidity": 0.58, "pressure": 1011.52, "windSpeed": 1.11, "windGust": 3.26, "windBearing": 308, "cloudCover": 0, "uvIndex": 0, "visibility": 8.06}, {"time": 1432098000, "summary": "Clear", "icon": "clear-night", "precipIntensity": 0, "precipProbability": 0, "temperature": 71.52, "apparentTemperature": 71.52, "dewPoint": 54.45, "humidity": 0.55, "pressure": 1011.58, "windSpeed": 1.31, "windGust": 5.01, "windBearing": 317, "cloudCover": 0, "uvIndex": 0, "visibility": 7.74}, {"time": 1432101600, "summary": "Clear", "icon": "clear-night", "precipIntensity": 0, "precipProbability": 0, "temperature": 69.79, "apparentTemperature": 69.79, "dewPoint": 51.65, "humidity": 0.53, "pressure": 1012.16, "windSpeed": 2.63, "windGust": 7.43, "windBearing": 324, "cloudCover": 0, "uvIndex": 0, "visibility": 8.75}, {"time": 1432105200, "summary": "Clear", "icon": "clear-night", "precipIntensity": 0, "precipProbability": 0, "temperature": 67.84, "apparentTemperature": 67.84, "dewPoint": 50.94, "humidity": 0.55, "pressure": 1012.46, "windSpeed": 2.6, "windGust": 7.97, "windBearing": 329, "cloudCover": 0, "uvIndex": 0, "visibility": 8.93}, {"time": 1432108800, "summary": "Clear", "icon": "clear-night", "precipIntensity": 0, "precipProbability": 0, "temperature": 64.53, "apparentTemperature": 64.53, "dewPoint": 51.29, "humidity": 0.62, "pressure": 1013.48, "windSpeed": 3.46, "windGust": 11.45, "windBearing": 332, "cloudCover": 0, "uvIndex": 0, "visibility": 8.55}, {"time": 1432112400, "summary": "Clear", "icon": "clear-night", "precipIntensity": 0, "precipProbability": 0, "temperature": 61.54, "apparentTemperature": 61.54, "dewPoint": 48.96, "humidity": 0.63, "pressure": 1013.8, "windSpeed": 3.41, "windGust": 9.63, "windBearing": 335, "cloudCover": 0, "uvIndex": 0, "visibility": 8.72}, {"time": 1432116000, "summary": "Clear", "icon": "clear-day", "precipIntensity": 0, "precipProbability": 0, "temperature": 59.36, "apparentTemperature": 59.36, "dewPoint": 46.94, "humidity": 0.63, "pressure": 1014.24, "windSpeed": 1.92, "windGust": 7.01, "windBearing": 329, "cloudCover": 0.05, "uvIndex": 0, "visibility": 9}, {"time": 1432119600, "summary": "Clear", "icon": "clear-day", "precipIntensity": 0, "precipProbability": 0, "temperature": 58.63, "apparentTemperature": 58.63, "dewPoint": 46.38, "humidity": 0.64, "pressure": 1014.74, "windSpeed": 2.04, "windGust": 6.69, "windBearing": 327, "cloudCover": 0.05, "uvIndex": 0, "visibility": 9.05}, {"time": 1432123200, "summary": "Clear", "icon": "clear-day", "precipIntensity": 0, "precipProbability": 0, "temperature": 59.53, "apparentTemperature": 59.53, "dewPoint": 45.87, "humidity": 0.61, "pressure": 1015.16, "windSpeed": 3.61, "windGust": 11.29, "windBearing": 318, "cloudCover": 0.13, "uvIndex": 1, "visibility": 9.5}, {"time": 1432126800, "summary": "Clear", "icon": "clear-day", "precipIntensity": 0, "precipProbability": 0, "temperature": 60.65, "apparentTemperature": 60.65, "dewPoint": 45.32, "humidity": 0.57, "pressure": 1015.67, "windSpeed": 3.71, "windGust": 11.73, "windBearing": 327, "cloudCover": 0.24, "uvIndex": 3, "visibility": 8.73}, {"time": 1432130400, "summary": "Partly Cloudy", "icon": "partly-cloudy-day", "precipIntensity": 0, "precipProbability": 0, "temperature": 62.33, "apparentTemperature": 62.33, "dewPoint": 45.57, "humidity": 0.54, "pressure": 1015.52, "windSpeed": 3.74, "windGust": 11.92, "windBearing": 328, "cloudCover": 0.28, "uvIndex": 5, "visibility": 8.99}, {"time": 1432134000, "summary": "Partly Cloudy", "icon": "partly-cloudy-day", "precipIntensity": 0, "precipProbability": 0, "temperature": 64.07, "apparentTemperature": 64.07, "dewPoint": 46.14, "humidity": 0.52, "pressure": 1015.48, "windSpeed": 4.11, "windGust": 11.75, "windBearing": 329, "cloudCover": 0.29, "uvIndex": 7, "visibility": 8.57}, {"time": 1432137600, "summary": "Clear", "icon": "clear-day", "precipIntensity": 0, "precipProbability": 0, "temperature": 65.68, "apparentTemperature": 65.68, "dewPoint": 46.97, "humidity": 0.51, "pressure": 1015.69, "windSpeed": 3.99, "windGust": 11.52, "windBearing": 321, "cloudCover": 0.24, "uvIndex": 8, "visibility": 8.5}, {"time": 1432141200, "summary": "Partly Cloudy", "icon": "partly-cloudy-day", "precipIntensity": 0, "precipProbability": 0, "temperature": 67.31, "apparentTemperature": 67.31, "dewPoint": 47.7, "humidity": 0.49, "pressure": 1015.3, "windSpeed": 3.3, "windGust": 10.91, "windBearing": 317, "cloudCover": 0.27, "uvIndex": 9, "visibility": 8.38}, {"time": 1432144800, "summary": "Partly Cloudy", "icon": "partly-cloudy-day", "precipIntensity": 0, "precipProbability": 0, "temperature": 68.61, "apparentTemperature": 68.61, "dewPoint": 47.88, "humidity": 0.48, "pressure": 1015.06, "windSpeed": 3.46, "windGust": 10.86, "windBearing": 323, "cloudCover": 0.48, "uvIndex": 7, "visibility": 8.57}, {"time": 1432148400, "summary": "Partly Cloudy", "icon": "partly-cloudy-day", "precipIntensity": 0, "precipProbability": 0, "temperature": 69.52, "apparentTemperature": 69.52, "dewPoint": 47.86, "humidity": 0.46, "pressure": 1014.72, "windSpeed": 3.07, "windGust": 10.5, "windBearing": 323, "cloudCover": 0.31, "uvIndex": 7, "visibility": 8.46}, {"time": 1432152000, "summary": "Clear", "icon": "clear-day", "precipIntensity": 0, "precipProbability": 0, "temperature": 69.92, "apparentTemperature": 69.92, "dewPoint": 47.55, "humidity": 0.45, "pressure": 1014.68, "windSpeed": 2.92, "windGust": 10.46, "windBearing": 320, "cloudCover": 0.16, "uvIndex": 5, "visibility": 7.99}, {"time": 1432155600, "summary": "Clear", "icon": "clear-day", "precipIntensity": 0, "precipProbability": 0, "temperature": 69.87, "apparentTemperature": 69.87, "dewPoint": 47.32, "humidity": 0.45, "pressure": 1014.59, "windSpeed": 3.08, "windGust": 8.92, "windBearing": 326, "cloudCover": 0.11, "uvIndex": 3, "visibility": 8.43}, {"time": 1432159200, "summary": "Clear", "icon": "clear-day", "precipIntensity": 0, "precipProbability": 0, "temperature": 69.01, "apparentTemperature": 69.01, "dewPoint": 46.31, "humidity": 0.44, "pressure": 1014.71, "windSpeed": 2.97, "windGust": 8.67, "windBearing": 328, "cloudCover": 0.11, "uvIndex": 1, "visibility": 8.49}, {"time": 1432162800, "summary": "Clear", "icon": "clear-day", "precipIntensity": 0, "precipProbability": 0, "temperature": 67.56, "apparentTemperature": 67.56, "dewPoint": 45.52, "humidity": 0.45, "pressure": 1014.94, "windSpeed": 2.51, "windGust": 6.64, "windBearing": 338, "cloudCover": 0.11, "uvIndex": 0, "visibility": 7.97}, {"time": 1432166400, "summary": "Clear", "icon": "clear-day", "precipIntensity": 0, "precipProbability": 0, "temperature": 65.36, "apparentTemperature": 65.36, "dewPoint": 45.11, "humidity": 0.48, "pressure": 1015.28, "windSpeed": 1.02, "windGust": 3.24, "windBearing": 346, "cloudCover": 0.08, "uvIndex": 0, "visibility": 9.43}, {"time": 1432170000, "summary": "Partly Cloudy", "icon": "partly-cloudy-night", "precipIntensity": 0, "precipProbability": 0, "temperature": 62.37, "apparentTemperature": 62.37, "dewPoint": 45.18, "humidity": 0.53, "pressure": 1015.63, "windSpeed": 0.51, "windGust": 1.25, "windBearing": 357, "cloudCover": 0.33, "uvIndex": 0, "visibility": 7.84}, {"time": 1432173600, "summary": "Partly Cloudy", "icon": "partly-cloudy-night", "precipIntensity": 0, "precipProbability": 0, "temperature": 60.06, "apparentTemperature": 60.06, "dewPoint": 45.48, "humidity": 0.59, "pressure": 1016.12, "windSpeed": 0.37, "windGust": 0.78, "windBearing": 9, "cloudCover": 0.42, "uvIndex": 0, "visibility": 8.64}, {"time": 1432177200, "summary": "Partly Cloudy", "icon": "partly-cloudy-night", "precipIntensity": 0, "precipProbability": 0, "temperature": 58.8, "apparentTemperature": 58.8, "dewPoint": 45.09, "humidity": 0.6, "pressure": 1016.19, "windSpeed": 0.39, "windGust": 1.06, "windBearing": 14, "cloudCover": 0.36, "uvIndex": 0, "visibility": 9.13}]}, "daily": {"data": [{"time": 1432094400, "summary": "Partly cloudy throughout the day.", "icon": "partly-cloudy-day", "sunriseTime": 1432115575, "sunsetTime": 1432167552, "moonPhase": 0.09, "precipIntensity": 0, "precipIntensityMax": 0, "precipProbability": 0, "temperatureHigh": 69.92, "temperatureHighTime": 1432152000, "temperatureLow": 56.46, "temperatureLowTime": 1432184400, "apparentTemperatureHigh": 69.92, "apparentTemperatureHighTime": 1432152000, "apparentTemperatureLow": 56.46, "apparentTemperatureLowTime": 1432184400, "dewPoint": 47.87, "humidity": 0.54, "pressure": 1014.53, "windSpeed": 2.52, "windGust": 11.92, "windGustTime": 1432130400, "windBearing": 327, "cloudCover": 0.17, "uvIndex": 9, "uvIndexTime": 1432141200, "visibility": 8.6, "temperatureMin": 58.63, "temperatureMinTime": 1432119600, "temperatureMax": 73.06, "temperatureMaxTime": 1432094400, "apparentTemperatureMin": 58.63, "apparentTemperatureMinTime": 1432119600, "apparentTemperatureMax": 73.06, "apparentTemperatureMaxTime": 1432094400}]}, "flags": {"sources": ["cmc", "gfs", "hrrr", "icon", "isd", "madis", "nam", "sref"], "nearest-station": 0.675, "units": "us"}, "offset": -4}