{"latitude": 38.912659, "longitude": -77.017669, "timezone": "America/New_York", "currently": {"time": 1425272400, "summary": "Foggy", "icon": "fog", "precipIntensity": 0, "precipProbability": 0, "temperature": 32.07, "apparentTemperature": 32.07, "dewPoint": 30.08, "humidity": 0.92, "pressure": 1022.19, "windSpeed": 0.03, "windGust": 0.49, "windBearing": 196, "cloudCover": 1, "uvIndex": 0, "visibility": 0.9}, "hourly": {"summary": "Foggy until morning.", "icon": "fog", "data": [{"time": 1425272400, "summary": "Foggy", "icon": "fog", "precipIntensity": 0, "precipProbability": 0, "temperature": 32.07, "apparentTemperature": 32.07, "dewPoint": 30.08, "humidity": 0.92, "pressure": 1022.19, "windSpeed": 0.03, "windGust": 0.49, "windBearing": 196, "cloudCover": 1, "uvIndex": 0, "visibility": 0.9}, {"time": 1425276000, "summary": "Foggy", "icon": "fog", "precipIntensity": 0, "precipProbability": 0, "temperature": 32.17, "apparentTemperature": 32.17, "dewPoint": 30.32, "humidity": 0.93, "pressure": 1021.75, "windSpeed": 0.03, "windGust": 0.59, "windBearing": 201, "cloudCover": 1, "uvIndex": 0, "visibility": 0.52}, {"time": 1425279600, "summary": "Foggy", "icon": "fog", "precipIntensity": 0, "precipProbability": 0, "temperature": 32.22, "apparentTemperature": 32.22, "dewPoint": 30.39, "humidity": 0.93, "pressure": 1020.85, "windSpeed": 0, "windGust": 0.27, "cloudCover": 1, "uvIndex": 0, "visibility": 0.48}, {"time": 1425283200, "summary": "Foggy", "icon": "fog", "precipIntensity": 0, "precipProbability": 0, "temperature": 32.31, "apparentTemperature": 32.31, "dewPoint": 30.48, "humidity": 0.93, "pressure": 1019.73, "windSpeed": 0, "windGust": 0.26, "cloudCover": 1, "uvIndex": 0, "visibility": 0.53}, {"time": 1425286800, "summary": "Foggy", "icon": "fog", "precipIntensity": 0, "precipProbability": 0, "temperature": 32.19, "apparentTemperature": 32.19, "dewPoint": 30.41, "humidity": 0.93, "pressure": 1018.66, "windSpeed": 0, "windGust": 0.28, "cloudCover": 1, "uvIndex": 0, "visibility": 0.47}, {"time": 1425290400, "summary": "Foggy", "icon": "fog", "precipIntensity": 0, "precipProbability": 0, "temperature": 32.23, "apparentTemperature": 32.23, "dewPoint": 30.44, "humidity": 0.93, "pressure": 1019.48, "windSpeed": 0.01, "windGust": 0.5, "windBearing": 180, "cloudCover": 1, "uvIndex": 0, "visibility": 1.32}, {"time": 1425294000, "summary": "Foggy", "icon": "fog", "precipIntensity": 0, "precipProbability": 0, "temperature": 32.32, "apparentTemperature": 32.32, "dewPoint": 30.6, "humidity": 0.93, "pressure": 1019.87, "windSpeed": 0.01, "windGust": 0.44, "windBearing": 180, "cloudCover": 1, "uvIndex": 0, "visibility": 1.77}, {"time": 1425297600, "summary": "Foggy", "icon": "fog", "precipIntensity": 0, "precipProbability": 0, "temperature": 32.64, "apparentTemperature": 32.64, "dewPoint": 30.91, "humidity": 0.93, "pressure": 1020.41, "windSpeed": 0.01, "windGust": 0.58, "windBearing": 266, "cloudCover": 1, "uvIndex": 0, "visibility": 1.72}, {"time": 1425301200, "summary": "Overcast", "icon": "cloudy", "precipIntensity": 0, "precipProbability": 0, "temperature": 33.73, "apparentTemperature": 33.73, "dewPoint": 31.91, "humidity": 0.93, "pressure": 1022.04, "windSpeed": 0.2, "windGust": 1.66, "windBearing": 268, "cloudCover": 0.97, "uvIndex": 0, "visibility": 2.65}, {"time": 1425304800, "summary": "Mostly Cloudy", "icon": "partly-cloudy-day", "precipIntensity": 0.0003, "precipProbability": 0.11, "precipType": "rain", "temperature": 36.02, "apparentTemperature": 36.02, "dewPoint": 33.28, "humidity": 0.9, "pressure": 1023.66, "windSpeed": 1.02, "windGust": 4.01, "windBearing": 313, "cloudCover": 0.65, "uvIndex": 1, "visibility": 6.3}, {"time": 1425308400, "summary": "Partly Cloudy", "icon": "partly-cloudy-day", "precipIntensity": 0.0087, "precipProbability": 0.47, "precipType": "rain", "temperature": 38.94, "apparentTemperature": 35.82, "dewPoint": 33.37, "humidity": 0.8, "pressure": 1024.7, "windSpeed": 4.29, "windGust": 12.56, "windBearing": 317, "cloudCover": 0.53, "uvIndex": 3, "visibility": 8.05}, {"time": 1425312000, "summary": "Light Rain", "icon": "rain", "precipIntensity": 0.0192, "precipProbability": 0.65, "precipType": "rain", "temperature": 40.62, "apparentTemperature": 36.85, "dewPoint": 28.23, "humidity": 0.61, "pressure": 1025.05, "windSpeed": 5.49, "windGust": 16.4, "windBearing": 317, "cloudCover": 0.2, "uvIndex": 4, "visibility": 8.25}, {"time": 1425315600, "summary": "Clear", "icon": "clear-day", "precipIntensity": 0.0152, "precipProbability": 0.57, "precipType": "rain", "temperature": 41.44, "apparentTemperature": 37.48, "dewPoint": 23.55, "humidity": 0.49, "pressure": 1025.41, "windSpeed": 5.98, "windGust": 16.04, "windBearing": 323, "cloudCover": 0.12, "uvIndex": 5, "visibility": 7.74}, {"time": 1425319200, "summary": "Clear", "icon": "clear-day", "precipIntensity": 0, "precipProbability": 0, "temperature": 41.15, "apparentTemperature": 33.27, "dewPoint": 17.31, "humidity": 0.38, "pressure": 1025.74, "windSpeed": 15.12, "windGust": 25.09, "windBearing": 314, "cloudCover": 0.12, "uvIndex": 5, "visibility": 10}, {"time": 1425322800, "summary": "Clear", "icon": "clear-day", "precipIntensity": 0.0009, "precipProbability": 0.14, "precipType": "rain", "temperature": 42.4, "apparentTemperature": 36.87, "dewPoint": 16.92, "humidity": 0.35, "pressure": 1025.24, "windSpeed": 9.39, "windGust": 17.05, "windBearing": 315, "cloudCover": 0.01, "uvIndex": 4, "visibility": 9.35}, {"time": 1425326400, "summary": "Clear", "icon": "clear-day", "precipIntensity": 0.0025, "precipProbability": 0.3, "precipType": "rain", "temperature": 42.29, "apparentTemperature": 39.09, "dewPoint": 17.26, "humidity": 0.36, "pressure": 1025.58, "windSpeed": 5.09, "windGust": 13.74, "windBearing": 322, "cloudCover": 0.04, "uvIndex": 2, "visibility": 8.19}, {"time": 1425330000, "summary": "Clear", "icon": "clear-day", "precipIntensity": 0.001, "precipProbability": 0.18, "precipType": "rain", "temperature": 41.99, "apparentTemperature": 38.87, "dewPoint": 17.04, "humidity": 0.36, "pressure": 1026.08, "windSpeed": 4.91, "windGust": 13.23, "windBearing": 320, "cloudCover": 0.07, "uvIndex": 1, "visibility": 7.9}, {"time": 1425333600, "summary": "Clear", "icon": "clear-day", "precipIntensity": 0, "precipProbability": 0, "temperature": 40.93, "apparentTemperature": 38.16, "dewPoint": 16.73, "humidity": 0.37, "pressure": 1026.43, "windSpeed": 4.26, "windGust": 11.78, "windBearing": 321, "cloudCover": 0.05, "uvIndex": 0, "visibility": 8.28}, {"time": 1425337200, "summary": "Clear", "icon": "clear-night", "precipIntensity": 0, "precipProbability": 0, "temperature": 38.42, "apparentTemperature": 36.23, "dewPoint": 17, "humidity": 0.41, "pressure": 1027.67, "windSpeed": 3.29, "windGust": 9.04, "windBearing": 326, "cloudCover": 0.06, "uvIndex": 0, "visibility": 8.37}, {"time": 1425340800, "summary": "Clear", "icon": "clear-night", "precipIntensity": 0, "precipProbability": 0, "temperature": 36.16, "apparentTemperature": 36.16, "dewPoint": 17.09, "humidity": 0.45, "pressure": 1028.65, "windSpeed": 1.46, "windGust": 5.2, "windBearing": 338, "cloudCover": 0.01, "uvIndex": 0, "visibility": 7.98}, {"time": 1425344400, "summary": "Clear", "icon": "clear-night", "precipIntensity": 0, "precipProbability": 0, "temperature": 34.33, "apparentTemperature": 34.33, "dewPoint": 17.15, "humidity": 0.49, "pressure": 1029.36, "windSpeed": 1.06, "windGust": 3.6, "windBearing": 332, "cloudCover": 0.01, "uvIndex": 0, "visibility": 7.99}, {"time": 1425348000, "summary": "Clear", "icon": "clear-night", "precipIntensity": 0, "precipProbability": 0, "temperature": 32.7, "apparentTemperature": 32.7, "dewPoint": 17.11, "humidity": 0.52, "pressure": 1029.91, "windSpeed": 1.02, "windGust": 3.45, "windBearing": 326, "cloudCover": 0.06, "uvIndex": 0, "visibility": 8.6}, {"time": 1425351600, "summary": "Clear", "icon": "clear-night", "precipIntensity": 0, "precipProbability": 0, "temperature": 31.24, "apparentTemperature": 31.24, "dewPoint": 17.12, "humidity": 0.55, "pressure": 1030.42, "windSpeed": 0.47, "windGust": 2.36, "windBearing": 322, "cloudCover": 0.06, "uvIndex": 0, "visibility": 8.55}, {"time": 1425355200, "summary": "Clear", "icon": "clear-night", "precipIntensity": 0, "precipProbability": 0, "temperature": 29.67, "apparentTemperature": 29.67, "dewPoint": 16.91, "humidity": 0.58, "pressure": 1030.77, "windSpeed": 0.48, "windGust": 1.64, "windBearing": 319, "cloudCover": 0.05, "uvIndex": 0, "visibility": 8.63}]}, "daily": {"data": [{"time": 1425272400, "summary": "Foggy in the morning.", "icon": "fog", "sunriseTime": 1425296432, "sunsetTime": 1425337366, "moonPhase": 0.41, "precipIntensity": 0.002, "precipIntensityMax": 0.0192, "precipIntensityMaxTime": 1425312000, "precipProbability": 0.65, "precipType": "rain", "temperatureHigh": 42.4, "temperatureHighTime": 1425322800, "temperatureLow": 26.05, "temperatureLowTime": 1425380400, "apparentTemperatureHigh": 39.09, "apparentTemperatureHighTime": 1425326400, "apparentTemperatureLow": 26.05, "apparentTemperatureLowTime": 1425380400, "dewPoint": 24.23, "humidity": 0.67, "pressure": 1024.57, "windSpeed": 2.63, "windGust": 25.09, "windGustTime": 1425319200, "windBearing": 319, "cloudCover": 0.46, "uvIndex": 5, "uvIndexTime": 1425315600, "visibility": 5.61, "temperatureMin": 29.67, "temperatureMinTime": 1425355200, "temperatureMax": 42.4, "temperatureMaxTime": 1425322800, "apparentTemperatureMin": 29.67, "apparentTemperatureMinTime": 1425355200, "apparentTemperatureMax": 39.09, "apparentTemperatureMaxTime": 1425326400}]}, "flags": {"sources": ["cmc", "gfs", "hrrr", "icon", "isd", "madis", "nam", "sref"], "nearest-station": 0.675, "units": "us"}, "offset": -5}