{"latitude": 38.912659, "longitude": -77.017669, "timezone": "America/New_York", "currently": {"time": 1443585600, "summary": "Light Rain", "icon": "rain", "precipIntensity": 0.0419, "precipProbability": 0.76, "precipType": "rain", "temperature": 73.04, "apparentTemperature": 74.47, "dewPoint": 71.29, "humidity": 0.94, "pressure": 1006.75, "windSpeed": 0.51, "windGust": 2.99, "windBearing": 184, "cloudCover": 0.87, "uvIndex": 0, "visibility": 7.79}, "hourly": {"summary": "Overcast throughout the day.", "icon": "cloudy", "data": [{"time": 1443585600, "summary": "Light Rain", "icon": "rain", "precipIntensity": 0.0419, "precipProbability": 0.76, "precipType": "rain", "temperature": 73.04, "apparentTemperature": 74.47, "dewPoint": 71.29, "humidity": 0.94, "pressure": 1006.75, "windSpeed": 0.51, "windGust": 2.99, "windBearing": 184, "cloudCover": 0.87, "uvIndex": 0, "visibility": 7.79}, {"time": 1443589200, "summary": "Mostly Cloudy", "icon": "partly-cloudy-night", "precipIntensity": 0.0038, "precipProbability": 0.3, "precipType": "rain", "temperature": 72.89, "apparentTemperature": 74.32, "dewPoint": 71.19, "humidity": 0.94, "pressure": 1006.33, "windSpeed": 0.27, "windGust": 1.39, "windBearing": 197, "cloudCover": 0.83, "uvIndex": 0, "visibility": 6.81}, {"time": 1443592800, "summary": "Overcast", "icon": "cloudy", "precipIntensity": 0.0006, "precipProbability": 0.12, "precipType": "rain", "temperature": 72.81, "apparentTemperature": 74.24, "dewPoint": 71.18, "humidity": 0.95, "pressure": 1005.96, "windSpeed": 0.53, "windGust": 2.46, "windBearing": 206, "cloudCover": 0.99, "uvIndex": 0, "visibility": 7.13}, {"time": 1443596400, "summary": "Overcast", "icon": "cloudy", "precipIntensity": 0.0002, "precipProbability": 0.05, "precipType": "rain", "temperature": 72.8, "apparentTemperature": 74.23, "dewPoint": 71.2, "humidity": 0.95, "pressure": 1005.72, "windSpeed": 0.66, "windGust": 2.51, "windBearing": 215, "cloudCover": 1, "uvIndex": 0, "visibility": 7.49}, {"time": 1443600000, "summary": "Overcast", "icon": "cloudy", "precipIntensity": 0, "precipProbability": 0, "temperature": 72.85, "apparentTemperature": 74.28, "dewPoint": 71.19, "humidity": 0.95, "pressure": 1005.18, "windSpeed": 0.48, "windGust": 2.16, "windBearing": 215, "cloudCover": 1, "uvIndex": 0, "visibility": 5.56}, {"time": 1443603600, "summary": "Overcast", "icon": "cloudy", "precipIntensity": 0, "precipProbability": 0, "temperature": 72.8, "apparentTemperature": 74.23, "dewPoint": 71.21, "humidity": 0.95, "pressure": 1004.87, "windSpeed": 0.42, "windGust": 1.68, "windBearing": 225, "cloudCover": 1, "uvIndex": 0, "visibility": 6.14}, {"time": 1443607200, "summary": "Overcast", "icon": "cloudy", "precipIntensity": 0, "precipProbability": 0, "temperature": 72.81, "apparentTemperature": 74.24, "dewPoint": 71.15, "humidity": 0.95, "pressure": 1005.17, "windSpeed": 0.33, "windGust": 1.41, "windBearing": 234, "cloudCover": 1, "uvIndex": 0, "visibility": 5.45}, {"time": 1443610800, "summary": "Overcast", "icon": "cloudy", "precipIntensity": 0, "precipProbability": 0, "temperature": 72.74, "apparentTemperature": 74.16, "dewPoint": 71.05, "humidity": 0.94, "pressure": 1005.69, "windSpeed": 0.14, "windGust": 0.94, "windBearing": 255, "cloudCover": 1, "uvIndex": 0, "visibility": 4.61}, {"time": 1443614400, "summary": "Overcast", "icon": "cloudy", "precipIntensity": 0.0013, "precipProbability": 0.26, "precipType": "rain", "temperature": 72.64, "apparentTemperature": 74.05, "dewPoint": 70.99, "humidity": 0.95, "pressure": 1006.24, "windSpeed": 0.05, "windGust": 0.27, "windBearing": 270, "cloudCover": 1, "uvIndex": 0, "visibility": 6.19}, {"time": 1443618000, "summary": "Overcast", "icon": "cloudy", "precipIntensity": 0.0012, "precipProbability": 0.23, "precipType": "rain", "temperature": 72.73, "apparentTemperature": 74.16, "dewPoint": 71.17, "humidity": 0.95, "pressure": 1006.66, "windSpeed": 0.1, "windGust": 0.75, "windBearing": 287, "cloudCover": 1, "uvIndex": 1, "visibility": 6.7}, {"time": 1443621600, "summary": "Overcast", "icon": "cloudy", "precipIntensity": 0.0006, "precipProbability": 0.15, "precipType": "rain", "temperature": 72.9, "apparentTemperature": 74.34, "dewPoint": 71.29, "humidity": 0.95, "pressure": 1007.13, "windSpeed": 0.36, "windGust": 1.8, "windBearing": 306, "cloudCover": 1, "uvIndex": 2, "visibility": 6.62}, {"time": 1443625200, "summary": "Overcast", "icon": "cloudy", "precipIntensity": 0.0009, "precipProbability": 0.21, "precipType": "rain", "temperature": 73.42, "apparentTemperature": 74.86, "dewPoint": 71.47, "humidity": 0.94, "pressure": 1007.6, "windSpeed": 0.64, "windGust": 2.99, "windBearing": 316, "cloudCover": 0.99, "uvIndex": 3, "visibility": 5.88}, {"time": 1443628800, "summary": "Overcast", "icon": "cloudy", "precipIntensity": 0.0002, "precipProbability": 0.07, "precipType": "rain", "temperature": 73.82, "apparentTemperature": 75.18, "dewPoint": 71.06, "humidity": 0.91, "pressure": 1008.03, "windSpeed": 1.05, "windGust": 3.39, "windBearing": 326, "cloudCover": 1, "uvIndex": 3, "visibility": 7.92}, {"time": 1443632400, "summary": "Overcast", "icon": "cloudy", "precipIntensity": 0.0007, "precipProbability": 0.17, "precipType": "rain", "temperature": 73.7, "apparentTemperature": 74.97, "dewPoint": 70.42, "humidity": 0.9, "pressure": 1008.15, "windSpeed": 1.69, "windGust": 5.42, "windBearing": 330, "cloudCover": 1, "uvIndex": 4, "visibility": 7.51}, {"time": 1443636000, "summary": "Overcast", "icon": "cloudy", "precipIntensity": 0.004, "precipProbability": 0.45, "precipType": "rain", "temperature": 70.22, "apparentTemperature": 71.14, "dewPoint": 66.96, "humidity": 0.89, "pressure": 1008.63, "windSpeed": 3.25, "windGust": 9.74, "windBearing": 339, "cloudCover": 0.97, "uvIndex": 3, "visibility": 5.79}, {"time": 1443639600, "summary": "Overcast", "icon": "cloudy", "precipIntensity": 0.0007, "precipProbability": 0.22, "precipType": "rain", "temperature": 70.36, "apparentTemperature": 71.11, "dewPoint": 65.78, "humidity": 0.85, "pressure": 1009.2, "windSpeed": 3.49, "windGust": 10.36, "windBearing": 349, "cloudCover": 1, "uvIndex": 3, "visibility": 7.28}, {"time": 1443643200, "summary": "Overcast", "icon": "cloudy", "precipIntensity": 0, "precipProbability": 0, "temperature": 70.62, "apparentTemperature": 71.17, "dewPoint": 64.4, "humidity": 0.81, "pressure": 1009.46, "windSpeed": 3.96, "windGust": 10.9, "windBearing": 359, "cloudCover": 1, "uvIndex": 2, "visibility": 8.72}, {"time": 1443646800, "summary": "Overcast", "icon": "cloudy", "precipIntensity": 0, "precipProbability": 0, "temperature": 70.56, "apparentTemperature": 71.02, "dewPoint": 63.62, "humidity": 0.79, "pressure": 1009.77, "windSpeed": 3.27, "windGust": 9.96, "windBearing": 5, "cloudCover": 1, "uvIndex": 1, "visibility": 8.01}, {"time": 1443650400, "summary": "Overcast", "icon": "cloudy", "precipIntensity": 0, "precipProbability": 0, "temperature": 70.19, "apparentTemperature": 70.56, "dewPoint": 62.87, "humidity": 0.78, "pressure": 1010.48, "windSpeed": 2.62, "windGust": 7, "windBearing": 10, "cloudCover": 1, "uvIndex": 0, "visibility": 8.41}, {"time": 1443654000, "summary": "Overcast", "icon": "cloudy", "precipIntensity": 0, "precipProbability": 0, "temperature": 69.51, "apparentTemperature": 69.87, "dewPoint": 62.67, "humidity": 0.79, "pressure": 1011.09, "windSpeed": 1.38, "windGust": 3.16, "windBearing": 8, "cloudCover": 1, "uvIndex": 0, "visibility": 7.84}, {"time": 1443657600, "summary": "Overcast", "icon": "cloudy", "precipIntensity": 0, "precipProbability": 0, "temperature": 68.84, "apparentTemperature": 69.13, "dewPoint": 62.03, "humidity": 0.79, "pressure": 1011.45, "windSpeed": 1.93, "windGust": 6.21, "windBearing": 4, "cloudCover": 1, "uvIndex": 0, "visibility": 8}, {"time": 1443661200, "summary": "Overcast", "icon": "cloudy", "precipIntensity": 0, "precipProbability": 0, "temperature": 67.39, "apparentTemperature": 67.39, "dewPoint": 59.52, "humidity": 0.76, "pressure": 1011.93, "windSpeed": 4.46, "windGust": 12.43, "windBearing": 1, "cloudCover": 1, "uvIndex": 0, "visibility": 7.53}, {"time": 1443664800, "summary": "Overcast", "icon": "cloudy", "precipIntensity": 0, "precipProbability": 0, "temperature": 65.33, "apparentTemperature": 65.33, "dewPoint": 58.17, "humidity": 0.78, "pressure": 1012.88, "windSpeed": 3.92, "windGust": 10.62, "windBearing": 9, "cloudCover": 1, "uvIndex": 0, "visibility": 8.13}, {"time": 1443668400, "summary": "Overcast", "icon": "cloudy", "precipIntensity": 0, "precipProbability": 0, "temperature": 63.99, "apparentTemperature": 63.99, "dewPoint": 57.28, "humidity": 0.79, "pressure": 1013.38, "windSpeed": 3.62, "windGust": 10.03, "windBearing": 6, "cloudCover": 1, "uvIndex": 0, "visibility": 7.87}]}, "daily": {"data": [{"time": 1443585600, "summary": "Overcast throughout the day.", "icon": "cloudy", "sunriseTime": 1443611051, "sunsetTime": 1443653661, "moonPhase": 0.6, "precipIntensity": 0.0023, "precipIntensityMax": 0.0419, "precipIntensityMaxTime": 1443585600, "precipProbability": 0.76, "precipType": "rain", "temperatureHigh": 73.82, "temperatureHighTime": 1443628800, "temperatureLow": 56.48, "temperatureLowTime": 1443700800, "apparentTemperatureHigh": 75.18, "apparentTemperatureHighTime": 1443628800, "apparentTemperatureLow": 56.48, "apparentTemperatureLowTime": 1443700800, "dewPoint": 67.46, "humidity": 0.88, "pressure": 1008.24, "windSpeed": 1.33, "windGust": 12.43, "windGustTime": 1443661200, "windBearing": 353, "cloudCover": 0.99, "uvIndex": 4, "uvIndexTime": 1443632400, "visibility": 7.06, "temperatureMin": 63.99, "temperatureMinTime": 1443668400, "temperatureMax": 73.82, "temperatureMaxTime": 1443628800, "apparentTemperatureMin": 63.99, "apparentTemperatureMinTime": 1443668400, "apparentTemperatureMax": 75.18, "apparentTemperatureMaxTime": 1443628800}]}, "flags": {"sources": ["cmc", "gfs", "hrrr", "icon", "isd", "madis", "nam", "sref"], "nearest-station": 1.106, "units": "us"}, "offset": -4}