{"latitude": 38.912659, "longitude": -77.017669, "timezone": "America/New_York", "currently": {"time": 1442203200, "summary": "Clear", "icon": "clear-night", "precipIntensity": 0, "precipProbability": 0, "temperature": 56.75, "apparentTemperature": 56.75, "dewPoint": 48.09, "humidity": 0.73, "pressure": 1016.42, "windSpeed": 0.31, "windGust": 0.65, "windBearing": 276, "cloudCover": 0, "uvIndex": 0, "visibility": 8.62}, "hourly": {"summary": "Clear throughout the day.", "icon": "clear-day", "data": [{"time": 1442203200, "summary": "Clear", "icon": "clear-night", "precipIntensity": 0, "precipProbability": 0, "temperature": 56.75, "apparentTemperature": 56.75, "dewPoint": 48.09, "humidity": 0.73, "pressure": 1016.42, "windSpeed": 0.31, "windGust": 0.65, "windBearing": 276, "cloudCover": 0, "uvIndex": 0, "visibility": 8.62}, {"time": 1442206800, "summary": "Clear", "icon": "clear-night", "precipIntensity": 0, "precipProbability": 0, "temperature": 55.54, "apparentTemperature": 55.54, "dewPoint": 47.95, "humidity": 0.76, "pressure": 1016.62, "windSpeed": 0.2, "windGust": 0.63, "windBearing": 270, "cloudCover": 0.07, "uvIndex": 0, "visibility": 8.29}, {"time": 1442210400, "summary": "Clear", "icon": "clear-night", "precipIntensity": 0, "precipProbability": 0, "temperature": 54.29, "apparentTemperature": 54.29, "dewPoint": 47.79, "humidity": 0.79, "pressure": 1016.62, "windSpeed": 0.2, "windGust": 0.61, "windBearing": 266, "cloudCover": 0.11, "uvIndex": 0, "visibility": 7.34}, {"time": 1442214000, "summary": "Clear", "icon": "clear-night", "precipIntensity": 0, "precipProbability": 0, "temperature": 53.78, "apparentTemperature": 53.78, "dewPoint": 47.49, "humidity": 0.79, "pressure": 1016.77, "windSpeed": 0.16, "windGust": 0.7, "windBearing": 255, "cloudCover": 0.01, "uvIndex": 0, "visibility": 7.39}, {"time": 1442217600, "summary": "Clear", "icon": "clear-night", "precipIntensity": 0, "precipProbability": 0, "temperature": 53.17, "apparentTemperature": 53.17, "dewPoint": 47.18, "humidity": 0.8, "pressure": 1017.54, "windSpeed": 0.18, "windGust": 0.75, "windBearing": 247, "cloudCover": 0, "uvIndex": 0, "visibility": 7.66}, {"time": 1442221200, "summary": "Clear", "icon": "clear-night", "precipIntensity": 0, "precipProbability": 0, "temperature": 52.74, "apparentTemperature": 52.74, "dewPoint": 47, "humidity": 0.81, "pressure": 1017.99, "windSpeed": 0.29, "windGust": 0.57, "windBearing": 255, "cloudCover": 0.01, "uvIndex": 0, "visibility": 8.29}, {"time": 1442224800, "summary": "Clear", "icon": "clear-night", "precipIntensity": 0, "precipProbability": 0, "temperature": 52.27, "apparentTemperature": 52.27, "dewPoint": 46.73, "humidity": 0.81, "pressure": 1019.11, "windSpeed": 0.18, "windGust": 0.67, "windBearing": 259, "cloudCover": 0.01, "uvIndex": 0, "visibility": 9.42}, {"time": 1442228400, "summary": "Clear", "icon": "clear-day", "precipIntensity": 0, "precipProbability": 0, "temperature": 51.73, "apparentTemperature": 51.73, "dewPoint": 46.54, "humidity": 0.82, "pressure": 1020.02, "windSpeed": 0.18, "windGust": 0.56, "windBearing": 260, "cloudCover": 0.01, "uvIndex": 0, "visibility": 8.81}, {"time": 1442232000, "summary": "Clear", "icon": "clear-day", "precipIntensity": 0, "precipProbability": 0, "temperature": 53.22, "apparentTemperature": 53.22, "dewPoint": 47.63, "humidity": 0.81, "pressure": 1020.93, "windSpeed": 0.38, "windGust": 1.3, "windBearing": 251, "cloudCover": 0.01, "uvIndex": 0, "visibility": 10}, {"time": 1442235600, "summary": "Clear", "icon": "clear-day", "precipIntensity": 0, "precipProbability": 0, "temperature": 59.61, "apparentTemperature": 59.61, "dewPoint": 49.35, "humidity": 0.69, "pressure": 1021.42, "windSpeed": 1.16, "windGust": 3.91, "windBearing": 259, "cloudCover": 0, "uvIndex": 1, "visibility": 10}, {"time": 1442239200, "summary": "Clear", "icon": "clear-day", "precipIntensity": 0, "precipProbability": 0, "temperature": 65.21, "apparentTemperature": 65.21, "dewPoint": 49.31, "humidity": 0.56, "pressure": 1021.66, "windSpeed": 2.2, "windGust": 7.78, "windBearing": 276, "cloudCover": 0.01, "uvIndex": 3, "visibility": 9.53}, {"time": 1442242800, "summary": "Clear", "icon": "clear-day", "precipIntensity": 0, "precipProbability": 0, "temperature": 68.92, "apparentTemperature": 68.92, "dewPoint": 49.02, "humidity": 0.49, "pressure": 1022.14, "windSpeed": 3.39, "windGust": 10.03, "windBearing": 299, "cloudCover": 0, "uvIndex": 5, "visibility": 9.07}, {"time": 1442246400, "summary": "Clear", "icon": "clear-day", "precipIntensity": 0, "precipProbability": 0, "temperature": 71.44, "apparentTemperature": 71.44, "dewPoint": 48.66, "humidity": 0.44, "pressure": 1022.05, "windSpeed": 3.61, "windGust": 11.13, "windBearing": 311, "cloudCover": 0.05, "uvIndex": 6, "visibility": 8.58}, {"time": 1442250000, "summary": "Clear", "icon": "clear-day", "precipIntensity": 0, "precipProbability": 0, "temperature": 73.49, "apparentTemperature": 73.49, "dewPoint": 48.22, "humidity": 0.41, "pressure": 1021.86, "windSpeed": 3.41, "windGust": 11.6, "windBearing": 306, "cloudCover": 0.05, "uvIndex": 7, "visibility": 8.21}, {"time": 1442253600, "summary": "Clear", "icon": "clear-day", "precipIntensity": 0, "precipProbability": 0, "temperature": 75.05, "apparentTemperature": 75.05, "dewPoint": 48.13, "humidity": 0.39, "pressure": 1021.51, "windSpeed": 3.25, "windGust": 10.3, "windBearing": 296, "cloudCover": 0.05, "uvIndex": 7, "visibility": 8.52}, {"time": 1442257200, "summary": "Clear", "icon": "clear-day", "precipIntensity": 0, "precipProbability": 0, "temperature": 76.15, "apparentTemperature": 76.15, "dewPoint": 48.07, "humidity": 0.37, "pressure": 1021.03, "windSpeed": 3.49, "windGust": 9.57, "windBearing": 286, "cloudCover": 0.02, "uvIndex": 5, "visibility": 8.31}, {"time": 1442260800, "summary": "Clear", "icon": "clear-day", "precipIntensity": 0, "precipProbability": 0, "temperature": 77.19, "apparentTemperature": 77.19, "dewPoint": 48.16, "humidity": 0.36, "pressure": 1021.08, "windSpeed": 2.8, "windGust": 9.11, "windBearing": 287, "cloudCover": 0.01, "uvIndex": 3, "visibility": 8.59}, {"time": 1442264400, "summary": "Clear", "icon": "clear-day", "precipIntensity": 0, "precipProbability": 0, "temperature": 77.39, "apparentTemperature": 77.39, "dewPoint": 47.66, "humidity": 0.35, "pressure": 1020.91, "windSpeed": 2.29, "windGust": 6.97, "windBearing": 285, "cloudCover": 0, "uvIndex": 2, "visibility": 8.03}, {"time": 1442268000, "summary": "Clear", "icon": "clear-day", "precipIntensity": 0, "precipProbability": 0, "temperature": 76.65, "apparentTemperature": 76.65, "dewPoint": 47.91, "humidity": 0.36, "pressure": 1021.13, "windSpeed": 1.26, "windGust": 4.89, "windBearing": 283, "cloudCover": 0, "uvIndex": 0, "visibility": 8.07}, {"time": 1442271600, "summary": "Clear", "icon": "clear-day", "precipIntensity": 0, "precipProbability": 0, "temperature": 73.55, "apparentTemperature": 73.55, "dewPoint": 50.38, "humidity": 0.44, "pressure": 1021.59, "windSpeed": 0.33, "windGust": 0.8, "windBearing": 267, "cloudCover": 0, "uvIndex": 0, "visibility": 10}, {"time": 1442275200, "summary": "Clear", "icon": "clear-night", "precipIntensity": 0, "precipProbability": 0, "temperature": 67.62, "apparentTemperature": 67.62, "dewPoint": 51.89, "humidity": 0.57, "pressure": 1021.94, "windSpeed": 0.01, "windGust": 0.07, "windBearing": 226, "cloudCover": 0, "uvIndex": 0, "visibility": 9.14}, {"time": 1442278800, "summary": "Clear", "icon": "clear-night", "precipIntensity": 0, "precipProbability": 0, "temperature": 63.77, "apparentTemperature": 63.77, "dewPoint": 52.46, "humidity": 0.67, "pressure": 1022.61, "windSpeed": 0, "windGust": 0.11, "cloudCover": 0, "uvIndex": 0, "visibility": 10}, {"time": 1442282400, "summary": "Clear", "icon": "clear-night", "precipIntensity": 0, "precipProbability": 0, "temperature": 61.11, "apparentTemperature": 61.11, "dewPoint": 52.62, "humidity": 0.74, "pressure": 1023.42, "windSpeed": 0, "windGust": 0.09, "cloudCover": 0, "uvIndex": 0, "visibility": 8.51}, {"time": 1442286000, "summary": "Clear", "icon": "clear-night", "precipIntensity": 0, "precipProbability": 0, "temperature": 59.64, "apparentTemperature": 59.64, "dewPoint": 52.52, "humidity": 0.77, "pressure": 1023.8, "windSpeed": 0, "windGust": 0.13, "cloudCover": 0, "uvIndex": 0, "visibility": 10}]}, "daily": {"data": [{"time": 1442203200, "summary": "Clear throughout the day.", "icon": "clear-day", "sunriseTime": 1442227794, "sunsetTime": 1442272814, "moonPhase": 0.04, "precipIntensity": 0, "precipIntensityMax": 0, "precipProbability": 0, "temperatureHigh": 77.39, "temperatureHighTime": 1442264400, "temperatureLow": 53.65, "temperatureLowTime": 1442314800, "apparentTemperatureHigh": 77.39, "apparentTemperatureHighTime": 1442264400, "apparentTemperatureLow": 53.65, "apparentTemperatureLowTime": 1442314800, "dewPoint": 48.78, "humidity": 0.61, "pressure": 1020.42, "windSpeed": 1.18, "windGust": 11.6, "windGustTime": 1442250000, "windBearing": 290, "cloudCover": 0.02, "uvIndex": 7, "uvIndexTime": 1442250000, "visibility": 8.76, "temperatureMin": 51.73, "temperatureMinTime": 1442228400, "temperatureMax": 77.39, "temperatureMaxTime": 1442264400, "apparentTemperatureMin": 51.73, "apparentTemperatureMinTime": 1442228400, "apparentTemperatureMax": 77.39, "apparentTemperatureMaxTime": 1442264400}]}, "flags": {"sources": ["cmc", "gfs", "hrrr", "icon", "isd", "madis", "nam", "sref"], "nearest-station": 1.106, "units": "us"}, "offset": -4}