{"latitude": 38.912659, "longitude": -77.017669, "timezone": "America/New_York", "currently": {"time": 1433044800, "summary": "Clear", "icon": "clear-night", "precipIntensity": 0, "precipProbability": 0, "temperature": 74.15, "apparentTemperature": 74.96, "dewPoint": 67.1, "humidity": 0.79, "pressure": 1018.23, "windSpeed": 0.91, "windGust": 3.38, "windBearing": 174, "cloudCover": 0.06, "uvIndex": 0, "visibility": 7.97}, "hourly": {"summary": "Partly cloudy in the afternoon.", "icon": "partly-cloudy-day", "data": [{"time": 1433044800, "summary": "Clear", "icon": "clear-night", "precipIntensity": 0, "precipProbability": 0, "temperature": 74.15, "apparentTemperature": 74.96, "dewPoint": 67.1, "humidity": 0.79, "pressure": 1018.23, "windSpeed": 0.91, "windGust": 3.38, "windBearing": 174, "cloudCover": 0.06, "uvIndex": 0, "visibility": 7.97}, {"time": 1433048400, "summary": "Clear", "icon": "clear-night", "precipIntensity": 0, "precipProbability": 0, "temperature": 72.99, "apparentTemperature": 73.79, "dewPoint": 66.7, "humidity": 0.81, "pressure": 1018.12, "windSpeed": 0.85, "windGust": 3.16, "windBearing": 170, "cloudCover": 0.03, "uvIndex": 0, "visibility": 7.83}, {"time": 1433052000, "summary": "Clear", "icon": "clear-night", "precipIntensity": 0, "precipProbability": 0, "temperature": 72.11, "apparentTemperature": 72.89, "dewPoint": 66.38, "humidity": 0.82, "pressure": 1017.69, "windSpeed": 1.14, "windGust": 3.29, "windBearing": 179, "cloudCover": 0.12, "uvIndex": 0, "visibility": 8.17}, {"time": 1433055600, "summary": "Clear", "icon": "clear-night", "precipIntensity": 0, "precipProbability": 0, "temperature": 71.54, "apparentTemperature": 72.31, "dewPoint": 66.26, "humidity": 0.83, "pressure": 1017.37, "windSpeed": 0.95, "windGust": 3.21, "windBearing": 182, "cloudCover": 0.09, "uvIndex": 0, "visibility": 7.54}, {"time": 1433059200, "summary": "Clear", "icon": "clear-night", "precipIntensity": 0, "precipProbability": 0, "temperature": 71.25, "apparentTemperature": 72.01, "dewPoint": 66.06, "humidity": 0.84, "pressure": 1017.23, "windSpeed": 0.87, "windGust": 3.11, "windBearing": 192, "cloudCover": 0.12, "uvIndex": 0, "visibility": 7.21}, {"time": 1433062800, "summary": "Clear", "icon": "clear-night", "precipIntensity": 0, "precipProbability": 0, "temperature": 70.96, "apparentTemperature": 71.68, "dewPoint": 65.71, "humidity": 0.84, "pressure": 1017.31, "windSpeed": 1.35, "windGust": 3.41, "windBearing": 191, "cloudCover": 0.09, "uvIndex": 0, "visibility": 7.46}, {"time": 1433066400, "summary": "Clear", "icon": "clear-day", "precipIntensity": 0, "precipProbability": 0, "temperature": 70.68, "apparentTemperature": 71.4, "dewPoint": 65.6, "humidity": 0.84, "pressure": 1017.46, "windSpeed": 1.07, "windGust": 3.03, "windBearing": 194, "cloudCover": 0.2, "uvIndex": 0, "visibility": 7.24}, {"time": 1433070000, "summary": "Partly Cloudy", "icon": "partly-cloudy-day", "precipIntensity": 0, "precipProbability": 0, "temperature": 71.33, "apparentTemperature": 72.07, "dewPoint": 65.97, "humidity": 0.83, "pressure": 1017.94, "windSpeed": 1.05, "windGust": 3.37, "windBearing": 200, "cloudCover": 0.27, "uvIndex": 0, "visibility": 7.83}, {"time": 1433073600, "summary": "Partly Cloudy", "icon": "partly-cloudy-day", "precipIntensity": 0, "precipProbability": 0, "temperature": 73.04, "apparentTemperature": 73.86, "dewPoint": 66.88, "humidity": 0.81, "pressure": 1017.93, "windSpeed": 1.76, "windGust": 5.84, "windBearing": 202, "cloudCover": 0.44, "uvIndex": 1, "visibility": 8.48}, {"time": 1433077200, "summary": "Clear", "icon": "clear-day", "precipIntensity": 0, "precipProbability": 0, "temperature": 75.91, "apparentTemperature": 76.78, "dewPoint": 67.85, "humidity": 0.76, "pressure": 1017.87, "windSpeed": 1.72, "windGust": 6.1, "windBearing": 216, "cloudCover": 0.22, "uvIndex": 3, "visibility": 8.17}, {"time": 1433080800, "summary": "Clear", "icon": "clear-day", "precipIntensity": 0, "precipProbability": 0, "temperature": 79.47, "apparentTemperature": 82.14, "dewPoint": 68.9, "humidity": 0.7, "pressure": 1017.52, "windSpeed": 1.5, "windGust": 5.14, "windBearing": 194, "cloudCover": 0.11, "uvIndex": 5, "visibility": 7.56}, {"time": 1433084400, "summary": "Clear", "icon": "clear-day", "precipIntensity": 0, "precipProbability": 0, "temperature": 82.44, "apparentTemperature": 86.15, "dewPoint": 69.51, "humidity": 0.65, "pressure": 1017.48, "windSpeed": 1.79, "windGust": 6.43, "windBearing": 192, "cloudCover": 0.03, "uvIndex": 8, "visibility": 7.12}, {"time": 1433088000, "summary": "Clear", "icon": "clear-day", "precipIntensity": 0, "precipProbability": 0, "temperature": 85.15, "apparentTemperature": 89.39, "dewPoint": 69.46, "humidity": 0.6, "pressure": 1017.05, "windSpeed": 2.09, "windGust": 7.63, "windBearing": 187, "cloudCover": 0.1, "uvIndex": 9, "visibility": 7.55}, {"time": 1433091600, "summary": "Clear", "icon": "clear-day", "precipIntensity": 0, "precipProbability": 0, "temperature": 87.16, "apparentTemperature": 91.53, "dewPoint": 69.15, "humidity": 0.55, "pressure": 1016.59, "windSpeed": 2.58, "windGust": 9.14, "windBearing": 189, "cloudCover": 0.08, "uvIndex": 10, "visibility": 7.21}, {"time": 1433095200, "summary": "Partly Cloudy", "icon": "partly-cloudy-day", "precipIntensity": 0, "precipProbability": 0, "temperature": 88.08, "apparentTemperature": 92.1, "dewPoint": 68.45, "humidity": 0.52, "pressure": 1015.86, "windSpeed": 3.34, "windGust": 9.82, "windBearing": 188, "cloudCover": 0.38, "uvIndex": 8, "visibility": 7.55}, {"time": 1433098800, "summary": "Partly Cloudy", "icon": "partly-cloudy-day", "precipIntensity": 0, "precipProbability": 0, "temperature": 88.45, "apparentTemperature": 92.3, "dewPoint": 68.13, "humidity": 0.51, "pressure": 1015.01, "windSpeed": 3.6, "windGust": 10.65, "windBearing": 179, "cloudCover": 0.29, "uvIndex": 7, "visibility": 8.25}, {"time": 1433102400, "summary": "Partly Cloudy", "icon": "partly-cloudy-day", "precipIntensity": 0, "precipProbability": 0, "temperature": 86.91, "apparentTemperature": 90.1, "dewPoint": 67.42, "humidity": 0.53, "pressure": 1014.82, "windSpeed": 2.97, "windGust": 8.8, "windBearing": 186, "cloudCover": 0.26, "uvIndex": 5, "visibility": 8.24}, {"time": 1433106000, "summary": "Clear", "icon": "clear-day", "precipIntensity": 0, "precipProbability": 0, "temperature": 85.63, "apparentTemperature": 89.29, "dewPoint": 68.42, "humidity": 0.57, "pressure": 1014.39, "windSpeed": 2.11, "windGust": 6.07, "windBearing": 184, "cloudCover": 0.24, "uvIndex": 3, "visibility": 7.95}, {"time": 1433109600, "summary": "Partly Cloudy", "icon": "partly-cloudy-day", "precipIntensity": 0, "precipProbability": 0, "temperature": 84.81, "apparentTemperature": 88.7, "dewPoint": 69, "humidity": 0.59, "pressure": 1013.91, "windSpeed": 2.39, "windGust": 7.14, "windBearing": 178, "cloudCover": 0.39, "uvIndex": 2, "visibility": 8.05}, {"time": 1433113200, "summary": "Clear", "icon": "clear-day", "precipIntensity": 0, "precipProbability": 0, "temperature": 83.46, "apparentTemperature": 87.19, "dewPoint": 69.13, "humidity": 0.62, "pressure": 1014.08, "windSpeed": 2.04, "windGust": 6.28, "windBearing": 179, "cloudCover": 0.24, "uvIndex": 0, "visibility": 8.72}, {"time": 1433116800, "summary": "Clear", "icon": "clear-day", "precipIntensity": 0, "precipProbability": 0, "temperature": 82.02, "apparentTemperature": 85.4, "dewPoint": 69.01, "humidity": 0.65, "pressure": 1014.3, "windSpeed": 1.75, "windGust": 5.93, "windBearing": 178, "cloudCover": 0.17, "uvIndex": 0, "visibility": 8.52}, {"time": 1433120400, "summary": "Partly Cloudy", "icon": "partly-cloudy-night", "precipIntensity": 0, "precipProbability": 0, "temperature": 80.3, "apparentTemperature": 83.16, "dewPoint": 68.71, "humidity": 0.68, "pressure": 1015.14, "windSpeed": 1.76, "windGust": 4.33, "windBearing": 171, "cloudCover": 0.36, "uvIndex": 0, "visibility": 8.33}, {"time": 1433124000, "summary": "Partly Cloudy", "icon": "partly-cloudy-night", "precipIntensity": 0, "precipProbability": 0, "temperature": 78.66, "apparentTemperature": 79.56, "dewPoint": 68.4, "humidity": 0.71, "pressure": 1015.48, "windSpeed": 1.41, "windGust": 4.56, "windBearing": 162, "cloudCover": 0.39, "uvIndex": 0, "visibility": 8.29}, {"time": 1433127600, "summary": "Clear", "icon": "clear-night", "precipIntensity": 0, "precipProbability": 0, "temperature": 77.45, "apparentTemperature": 78.37, "dewPoint": 68.4, "humidity": 0.74, "pressure": 1015.75, "windSpeed": 1.66, "windGust": 5.02, "windBearing": 169, "cloudCover": 0.2, "uvIndex": 0, "visibility": 7.66}]}, "daily": {"data": [{"time": 1433044800, "summary": "Mostly cloudy starting in the evening.", "icon": "partly-cloudy-night", "sunriseTime": 1433065589, "sunsetTime": 1433118482, "moonPhase": 0.43, "precipIntensity": 0, "precipIntensityMax": 0, "precipProbability": 0, "temperatureHigh": 88.45, "temperatureHighTime": 1433098800, "temperatureLow": 71.43, "temperatureLowTime": 1433152800, "apparentTemperatureHigh": 92.3, "apparentTemperatureHighTime": 1433098800, "apparentTemperatureLow": 72.38, "apparentTemperatureLowTime": 1433152800, "dewPoint": 67.78, "humidity": 0.7, "pressure": 1016.44, "windSpeed": 1.75, "windGust": 10.65, "windGustTime": 1433098800, "windBearing": 185, "cloudCover": 0.2, "uvIndex": 10, "uvIndexTime": 1433091600, "visibility": 7.87, "temperatureMin": 70.68, "temperatureMinTime": 1433066400, "temperatureMax": 88.45, "temperatureMaxTime": 1433098800, "apparentTemperatureMin": 71.4, "apparentTemperatureMinTime": 1433066400, "apparentTemperatureMax": 92.3, "apparentTemperatureMaxTime": 1433098800}]}, "flags": {"sources": ["cmc", "gfs", "hrrr", "icon", "isd", "madis", "nam", "sref"], "nearest-station": 0.675, "units": "us"}, "offset": -4}