{"latitude": 38.912659, "longitude": -77.017669, "timezone": "America/New_York", "currently": {"time": 1441339200, "summary": "Clear", "icon": "clear-night", "precipIntensity": 0, "precipProbability": 0, "temperature": 75.8, "apparentTemperature": 76.93, "dewPoint": 69.86, "humidity": 0.82, "pressure": 1012.14, "windSpeed": 0, "windGust": 0.05, "cloudCover": 0.15, "uvIndex": 0, "visibility": 8.88}, "hourly": {"summary": "Partly cloudy in the afternoon.", "icon": "partly-cloudy-day", "data": [{"time": 1441339200, "summary": "Clear", "icon": "clear-night", "precipIntensity": 0, "precipProbability": 0, "temperature": 75.8, "apparentTemperature": 76.93, "dewPoint": 69.86, "humidity": 0.82, "pressure": 1012.14, "windSpeed": 0, "windGust": 0.05, "cloudCover": 0.15, "uvIndex": 0, "visibility": 8.88}, {"time": 1441342800, "summary": "Partly Cloudy", "icon": "partly-cloudy-night", "precipIntensity": 0, "precipProbability": 0, "temperature": 74.96, "apparentTemperature": 76.07, "dewPoint": 69.56, "humidity": 0.83, "pressure": 1012.2, "windSpeed": 0, "windGust": 0.17, "cloudCover": 0.26, "uvIndex": 0, "visibility": 7.75}, {"time": 1441346400, "summary": "Partly Cloudy", "icon": "partly-cloudy-night", "precipIntensity": 0, "precipProbability": 0, "temperature": 74.07, "apparentTemperature": 75.17, "dewPoint": 69.24, "humidity": 0.85, "pressure": 1012.14, "windSpeed": 0.03, "windGust": 0.23, "windBearing": 302, "cloudCover": 0.34, "uvIndex": 0, "visibility": 8.49}, {"time": 1441350000, "summary": "Clear", "icon": "clear-night", "precipIntensity": 0, "precipProbability": 0, "temperature": 73.46, "apparentTemperature": 74.52, "dewPoint": 68.78, "humidity": 0.85, "pressure": 1012.24, "windSpeed": 0.01, "windGust": 0.13, "windBearing": 270, "cloudCover": 0.1, "uvIndex": 0, "visibility": 7.37}, {"time": 1441353600, "summary": "Clear", "icon": "clear-night", "precipIntensity": 0, "precipProbability": 0, "temperature": 73.07, "apparentTemperature": 74.12, "dewPoint": 68.61, "humidity": 0.86, "pressure": 1012.62, "windSpeed": 0, "windGust": 0.15, "cloudCover": 0.03, "uvIndex": 0, "visibility": 6.27}, {"time": 1441357200, "summary": "Clear", "icon": "clear-night", "precipIntensity": 0, "precipProbability": 0, "temperature": 72.53, "apparentTemperature": 73.55, "dewPoint": 68.31, "humidity": 0.87, "pressure": 1012.83, "windSpeed": 0.02, "windGust": 0.26, "windBearing": 313, "cloudCover": 0.03, "uvIndex": 0, "visibility": 6.85}, {"time": 1441360800, "summary": "Clear", "icon": "clear-night", "precipIntensity": 0, "precipProbability": 0, "temperature": 72.02, "apparentTemperature": 73.02, "dewPoint": 67.98, "humidity": 0.87, "pressure": 1013.18, "windSpeed": 0.11, "windGust": 0.4, "windBearing": 343, "cloudCover": 0.21, "uvIndex": 0, "visibility": 9.51}, {"time": 1441364400, "summary": "Clear", "icon": "clear-day", "precipIntensity": 0, "precipProbability": 0, "temperature": 71.59, "apparentTemperature": 72.59, "dewPoint": 67.84, "humidity": 0.88, "pressure": 1014.21, "windSpeed": 0.03, "windGust": 0.49, "windBearing": 314, "cloudCover": 0.16, "uvIndex": 0, "visibility": 5.43}, {"time": 1441368000, "summary": "Clear", "icon": "clear-day", "precipIntensity": 0, "precipProbability": 0, "temperature": 73.06, "apparentTemperature": 74.18, "dewPoint": 69.09, "humidity": 0.87, "pressure": 1015.1, "windSpeed": 0.2, "windGust": 0.95, "windBearing": 351, "cloudCover": 0.12, "uvIndex": 0, "visibility": 7.06}, {"time": 1441371600, "summary": "Clear", "icon": "clear-day", "precipIntensity": 0, "precipProbability": 0, "temperature": 77.47, "apparentTemperature": 78.62, "dewPoint": 70.34, "humidity": 0.79, "pressure": 1015.35, "windSpeed": 0.69, "windGust": 2.89, "windBearing": 9, "cloudCover": 0.01, "uvIndex": 2, "visibility": 7.66}, {"time": 1441375200, "summary": "Clear", "icon": "clear-day", "precipIntensity": 0, "precipProbability": 0, "temperature": 81.07, "apparentTemperature": 85.13, "dewPoint": 71.25, "humidity": 0.72, "pressure": 1015.87, "windSpeed": 0.81, "windGust": 3.53, "windBearing": 25, "cloudCover": 0.03, "uvIndex": 4, "visibility": 8.18}, {"time": 1441378800, "summary": "Clear", "icon": "clear-day", "precipIntensity": 0, "precipProbability": 0, "temperature": 84.83, "apparentTemperature": 90.5, "dewPoint": 71.66, "humidity": 0.65, "pressure": 1016.3, "windSpeed": 0.88, "windGust": 4.06, "windBearing": 38, "cloudCover": 0.02, "uvIndex": 6, "visibility": 7.83}, {"time": 1441382400, "summary": "Clear", "icon": "clear-day", "precipIntensity": 0, "precipProbability": 0, "temperature": 87.73, "apparentTemperature": 93.79, "dewPoint": 71.19, "humidity": 0.58, "pressure": 1016.6, "windSpeed": 0.88, "windGust": 4.6, "windBearing": 61, "cloudCover": 0.06, "uvIndex": 7, "visibility": 7.23}, {"time": 1441386000, "summary": "Clear", "icon": "clear-day", "precipIntensity": 0, "precipProbability": 0, "temperature": 89.22, "apparentTemperature": 95.28, "dewPoint": 70.79, "humidity": 0.55, "pressure": 1016.39, "windSpeed": 1.32, "windGust": 4.93, "windBearing": 92, "cloudCover": 0.24, "uvIndex": 7, "visibility": 7.43}, {"time": 1441389600, "summary": "Partly Cloudy", "icon": "partly-cloudy-day", "precipIntensity": 0, "precipProbability": 0, "temperature": 89.85, "apparentTemperature": 95.78, "dewPoint": 70.48, "humidity": 0.53, "pressure": 1016.03, "windSpeed": 1.41, "windGust": 6.27, "windBearing": 89, "cloudCover": 0.3, "uvIndex": 6, "visibility": 7.43}, {"time": 1441393200, "summary": "Partly Cloudy", "icon": "partly-cloudy-day", "precipIntensity": 0, "precipProbability": 0, "temperature": 89.21, "apparentTemperature": 94.39, "dewPoint": 69.75, "humidity": 0.53, "pressure": 1016.02, "windSpeed": 1.45, "windGust": 5.98, "windBearing": 105, "cloudCover": 0.33, "uvIndex": 5, "visibility": 7.77}, {"time": 1441396800, "summary": "Partly Cloudy", "icon": "partly-cloudy-day", "precipIntensity": 0, "precipProbability": 0, "temperature": 87.26, "apparentTemperature": 92.06, "dewPoint": 69.71, "humidity": 0.56, "pressure": 1016.12, "windSpeed": 1.45, "windGust": 4.72, "windBearing": 103, "cloudCover": 0.26, "uvIndex": 4, "visibility": 7.13}, {"time": 1441400400, "summary": "Clear", "icon": "clear-day", "precipIntensity": 0, "precipProbability": 0, "temperature": 85.92, "apparentTemperature": 90.96, "dewPoint": 70.41, "humidity": 0.6, "pressure": 1016.12, "windSpeed": 0.63, "windGust": 2.94, "windBearing": 105, "cloudCover": 0.17, "uvIndex": 2, "visibility": 7.55}, {"time": 1441404000, "summary": "Clear", "icon": "clear-day", "precipIntensity": 0, "precipProbability": 0, "temperature": 84.57, "apparentTemperature": 89.47, "dewPoint": 70.67, "humidity": 0.63, "pressure": 1016.81, "windSpeed": 0.41, "windGust": 2.22, "windBearing": 108, "cloudCover": 0.05, "uvIndex": 1, "visibility": 7.1}, {"time": 1441407600, "summary": "Clear", "icon": "clear-day", "precipIntensity": 0, "precipProbability": 0, "temperature": 82.62, "apparentTemperature": 86.99, "dewPoint": 70.71, "humidity": 0.67, "pressure": 1017.14, "windSpeed": 0.85, "windGust": 1.76, "windBearing": 97, "cloudCover": 0.13, "uvIndex": 0, "visibility": 6.96}, {"time": 1441411200, "summary": "Partly Cloudy", "icon": "partly-cloudy-night", "precipIntensity": 0, "precipProbability": 0, "temperature": 80.74, "apparentTemperature": 84.39, "dewPoint": 70.58, "humidity": 0.71, "pressure": 1017.77, "windSpeed": 0.7, "windGust": 2.42, "windBearing": 107, "cloudCover": 0.51, "uvIndex": 0, "visibility": 6.89}, {"time": 1441414800, "summary": "Partly Cloudy", "icon": "partly-cloudy-night", "precipIntensity": 0, "precipProbability": 0, "temperature": 79.16, "apparentTemperature": 82.04, "dewPoint": 70.36, "humidity": 0.75, "pressure": 1018.75, "windSpeed": 0.95, "windGust": 3.44, "windBearing": 102, "cloudCover": 0.37, "uvIndex": 0, "visibility": 7.28}, {"time": 1441418400, "summary": "Clear", "icon": "clear-night", "precipIntensity": 0, "precipProbability": 0, "temperature": 78.2, "apparentTemperature": 79.33, "dewPoint": 70.37, "humidity": 0.77, "pressure": 1019.84, "windSpeed": 1.16, "windGust": 3.57, "windBearing": 96, "cloudCover": 0.14, "uvIndex": 0, "visibility": 7.46}, {"time": 1441422000, "summary": "Partly Cloudy", "icon": "partly-cloudy-night", "precipIntensity": 0, "precipProbability": 0, "temperature": 77.17, "apparentTemperature": 78.31, "dewPoint": 70.24, "humidity": 0.79, "pressure": 1020.38, "windSpeed": 1.14, "windGust": 3.85, "windBearing": 95, "cloudCover": 0.44, "uvIndex": 0, "visibility": 7.76}]}, "daily": {"data": [{"time": 1441339200, "summary": "Partly cloudy in the afternoon.", "icon": "partly-cloudy-day", "sunriseTime": 1441363265, "sunsetTime": 1441409769, "moonPhase": 0.72, "precipIntensity": 0, "precipIntensityMax": 0, "precipProbability": 0, "temperatureHigh": 89.85, "temperatureHighTime": 1441389600, "temperatureLow": 72.45, "temperatureLowTime": 1441447200, "apparentTemperatureHigh": 95.78, "apparentTemperatureHighTime": 1441389600, "apparentTemperatureLow": 73.43, "apparentTemperatureLowTime": 1441447200, "dewPoint": 69.91, "humidity": 0.73, "pressure": 1015.51, "windSpeed": 0.54, "windGust": 6.27, "windGustTime": 1441389600, "windBearing": 85, "cloudCover": 0.19, "uvIndex": 7, "uvIndexTime": 1441382400, "visibility": 7.47, "temperatureMin": 71.59, "temperatureMinTime": 1441364400, "temperatureMax": 89.85, "temperatureMaxTime": 1441389600, "apparentTemperatureMin": 72.59, "apparentTemperatureMinTime": 1441364400, "apparentTemperatureMax": 95.78, "apparentTemperatureMaxTime": 1441389600}]}, "flags": {"sources": ["cmc", "gfs", "hrrr", "icon", "isd", "madis", "nam", "sref"], "nearest-station": 1.106, "units": "us"}, "offset": -4}