{"latitude": 38.912659, "longitude": -77.017669, "timezone": "America/New_York", "currently": {"time": 1437019200, "summary": "Clear", "icon": "clear-night", "precipIntensity": 0, "precipProbability": 0, "temperature": 70.56, "apparentTemperature": 70.56, "dewPoint": 59.05, "humidity": 0.67, "pressure": 1012.21, "windSpeed": 2.55, "windGust": 6.86, "windBearing": 6, "cloudCover": 0, "uvIndex": 0, "visibility": 8.25}, "hourly": {"summary": "Mostly cloudy in the morning.", "icon": "partly-cloudy-night", "data": [{"time": 1437019200, "summary": "Clear", "icon": "clear-night", "precipIntensity": 0, "precipProbability": 0, "temperature": 70.56, "apparentTemperature": 70.56, "dewPoint": 59.05, "humidity": 0.67, "pressure": 1012.21, "windSpeed": 2.55, "windGust": 6.86, "windBearing": 6, "cloudCover": 0, "uvIndex": 0, "visibility": 8.25}, {"time": 1437022800, "summary": "Clear", "icon": "clear-night", "precipIntensity": 0, "precipProbability": 0, "temperature": 68.48, "apparentTemperature": 68.48, "dewPoint": 57.17, "humidity": 0.67, "pressure": 1013.01, "windSpeed": 1.82, "windGust": 6.29, "windBearing": 5, "cloudCover": 0, "uvIndex": 0, "visibility": 7.98}, {"time": 1437026400, "summary": "Clear", "icon": "clear-night", "precipIntensity": 0, "precipProbability": 0, "temperature": 66.86, "apparentTemperature": 66.86, "dewPoint": 55.93, "humidity": 0.68, "pressure": 1013.72, "windSpeed": 1.12, "windGust": 4.07, "windBearing": 0, "cloudCover": 0.18, "uvIndex": 0, "visibility": 7.87}, {"time": 1437030000, "summary": "Clear", "icon": "clear-night", "precipIntensity": 0, "precipProbability": 0, "temperature": 65.59, "apparentTemperature": 65.59, "dewPoint": 55.33, "humidity": 0.69, "pressure": 1014.21, "windSpeed": 0.98, "windGust": 2.76, "windBearing": 353, "cloudCover": 0.18, "uvIndex": 0, "visibility": 8.01}, {"time": 1437033600, "summary": "Mostly Cloudy", "icon": "partly-cloudy-night", "precipIntensity": 0, "precipProbability": 0, "temperature": 64.71, "apparentTemperature": 64.71, "dewPoint": 54.85, "humidity": 0.7, "pressure": 1014.68, "windSpeed": 0.85, "windGust": 2.87, "windBearing": 344, "cloudCover": 0.68, "uvIndex": 0, "visibility": 9.05}, {"time": 1437037200, "summary": "Mostly Cloudy", "icon": "partly-cloudy-night", "precipIntensity": 0, "precipProbability": 0, "temperature": 64.08, "apparentTemperature": 64.08, "dewPoint": 54.25, "humidity": 0.7, "pressure": 1015.08, "windSpeed": 1.13, "windGust": 3.56, "windBearing": 348, "cloudCover": 0.83, "uvIndex": 0, "visibility": 9.05}, {"time": 1437040800, "summary": "Partly Cloudy", "icon": "partly-cloudy-night", "precipIntensity": 0, "precipProbability": 0, "temperature": 63.09, "apparentTemperature": 63.09, "dewPoint": 53.83, "humidity": 0.72, "pressure": 1015.71, "windSpeed": 1.03, "windGust": 3.44, "windBearing": 345, "cloudCover": 0.55, "uvIndex": 0, "visibility": 8.93}, {"time": 1437044400, "summary": "Mostly Cloudy", "icon": "partly-cloudy-day", "precipIntensity": 0, "precipProbability": 0, "temperature": 62.64, "apparentTemperature": 62.64, "dewPoint": 53.78, "humidity": 0.73, "pressure": 1016.23, "windSpeed": 0.98, "windGust": 3.45, "windBearing": 355, "cloudCover": 0.6, "uvIndex": 0, "visibility": 8.72}, {"time": 1437048000, "summary": "Partly Cloudy", "icon": "partly-cloudy-day", "precipIntensity": 0, "precipProbability": 0, "temperature": 64.02, "apparentTemperature": 64.02, "dewPoint": 54.78, "humidity": 0.72, "pressure": 1016.61, "windSpeed": 1.32, "windGust": 4.66, "windBearing": 10, "cloudCover": 0.33, "uvIndex": 1, "visibility": 10}, {"time": 1437051600, "summary": "Clear", "icon": "clear-day", "precipIntensity": 0, "precipProbability": 0, "temperature": 67.27, "apparentTemperature": 67.27, "dewPoint": 56.04, "humidity": 0.67, "pressure": 1017.15, "windSpeed": 1.61, "windGust": 5, "windBearing": 21, "cloudCover": 0.05, "uvIndex": 3, "visibility": 8.25}, {"time": 1437055200, "summary": "Clear", "icon": "clear-day", "precipIntensity": 0, "precipProbability": 0, "temperature": 70.28, "apparentTemperature": 70.28, "dewPoint": 56.79, "humidity": 0.62, "pressure": 1017.35, "windSpeed": 1.59, "windGust": 5.04, "windBearing": 28, "cloudCover": 0.08, "uvIndex": 5, "visibility": 8.25}, {"time": 1437058800, "summary": "Clear", "icon": "clear-day", "precipIntensity": 0, "precipProbability": 0, "temperature": 73.14, "apparentTemperature": 73.14, "dewPoint": 57.3, "humidity": 0.58, "pressure": 1017.45, "windSpeed": 1.13, "windGust": 4.53, "windBearing": 30, "cloudCover": 0.06, "uvIndex": 7, "visibility": 8.54}, {"time": 1437062400, "summary": "Clear", "icon": "clear-day", "precipIntensity": 0, "precipProbability": 0, "temperature": 75.83, "apparentTemperature": 75.83, "dewPoint": 57.83, "humidity": 0.54, "pressure": 1017.44, "windSpeed": 0.5, "windGust": 3.94, "windBearing": 10, "cloudCover": 0.11, "uvIndex": 9, "visibility": 8.34}, {"time": 1437066000, "summary": "Clear", "icon": "clear-day", "precipIntensity": 0, "precipProbability": 0, "temperature": 78.02, "apparentTemperature": 78.02, "dewPoint": 59.01, "humidity": 0.52, "pressure": 1017.84, "windSpeed": 0.49, "windGust": 4.14, "windBearing": 9, "cloudCover": 0.11, "uvIndex": 10, "visibility": 8.59}, {"time": 1437069600, "summary": "Clear", "icon": "clear-day", "precipIntensity": 0, "precipProbability": 0, "temperature": 79.69, "apparentTemperature": 79.75, "dewPoint": 59.8, "humidity": 0.51, "pressure": 1017.36, "windSpeed": 0.31, "windGust": 3.89, "windBearing": 28, "cloudCover": 0.16, "uvIndex": 9, "visibility": 8.33}, {"time": 1437073200, "summary": "Clear", "icon": "clear-day", "precipIntensity": 0, "precipProbability": 0, "temperature": 80.77, "apparentTemperature": 81.45, "dewPoint": 60.05, "humidity": 0.49, "pressure": 1017.24, "windSpeed": 0.33, "windGust": 3.72, "windBearing": 68, "cloudCover": 0.18, "uvIndex": 8, "visibility": 8.59}, {"time": 1437076800, "summary": "Clear", "icon": "clear-day", "precipIntensity": 0, "precipProbability": 0, "temperature": 81.08, "apparentTemperature": 81.79, "dewPoint": 60.57, "humidity": 0.5, "pressure": 1017.15, "windSpeed": 0.08, "windGust": 3.24, "windBearing": 140, "cloudCover": 0.14, "uvIndex": 6, "visibility": 8.22}, {"time": 1437080400, "summary": "Partly Cloudy", "icon": "partly-cloudy-day", "precipIntensity": 0, "precipProbability": 0, "temperature": 81.15, "apparentTemperature": 81.84, "dewPoint": 60.5, "humidity": 0.5, "pressure": 1016.96, "windSpeed": 0.28, "windGust": 3.47, "windBearing": 83, "cloudCover": 0.25, "uvIndex": 4, "visibility": 8.25}, {"time": 1437084000, "summary": "Clear", "icon": "clear-day", "precipIntensity": 0, "precipProbability": 0, "temperature": 80.61, "apparentTemperature": 81.5, "dewPoint": 60.93, "humidity": 0.51, "pressure": 1016.54, "windSpeed": 0.41, "windGust": 2.42, "windBearing": 140, "cloudCover": 0.1, "uvIndex": 2, "visibility": 8.03}, {"time": 1437087600, "summary": "Clear", "icon": "clear-day", "precipIntensity": 0, "precipProbability": 0, "temperature": 79.1, "apparentTemperature": 79.3, "dewPoint": 61.6, "humidity": 0.55, "pressure": 1016.74, "windSpeed": 0.45, "windGust": 1.82, "windBearing": 133, "cloudCover": 0.02, "uvIndex": 1, "visibility": 8.59}, {"time": 1437091200, "summary": "Clear", "icon": "clear-day", "precipIntensity": 0, "precipProbability": 0, "temperature": 76.88, "apparentTemperature": 77.14, "dewPoint": 62.38, "humidity": 0.61, "pressure": 1017.03, "windSpeed": 0.27, "windGust": 1.12, "windBearing": 134, "cloudCover": 0.12, "uvIndex": 0, "visibility": 8.4}, {"time": 1437094800, "summary": "Clear", "icon": "clear-night", "precipIntensity": 0, "precipProbability": 0, "temperature": 73.64, "apparentTemperature": 73.91, "dewPoint": 62.51, "humidity": 0.68, "pressure": 1017.11, "windSpeed": 0.03, "windGust": 0.63, "windBearing": 178, "cloudCover": 0.24, "uvIndex": 0, "visibility": 6.39}, {"time": 1437098400, "summary": "Clear", "icon": "clear-night", "precipIntensity": 0, "precipProbability": 0, "temperature": 71.23, "apparentTemperature": 71.48, "dewPoint": 62.06, "humidity": 0.73, "pressure": 1017.53, "windSpeed": 0, "windGust": 0.09, "cloudCover": 0.17, "uvIndex": 0, "visibility": 7.07}, {"time": 1437102000, "summary": "Clear", "icon": "clear-night", "precipIntensity": 0, "precipProbability": 0, "temperature": 68.82, "apparentTemperature": 69.06, "dewPoint": 61.59, "humidity": 0.78, "pressure": 1017.66, "windSpeed": 0, "windGust": 0.05, "cloudCover": 0.22, "uvIndex": 0, "visibility": 7.72}]}, "daily": {"data": [{"time": 1437019200, "summary": "Mostly cloudy in the morning.", "icon": "partly-cloudy-night", "sunriseTime": 1437040612, "sunsetTime": 1437093219, "moonPhase": 0.03, "precipIntensity": 0, "precipIntensityMax": 0, "precipProbability": 0, "temperatureHigh": 81.15, "temperatureHighTime": 1437080400, "temperatureLow": 64.54, "temperatureLowTime": 1437123600, "apparentTemperatureHigh": 81.84, "apparentTemperatureHighTime": 1437080400, "apparentTemperatureLow": 64.89, "apparentTemperatureLowTime": 1437123600, "dewPoint": 58.25, "humidity": 0.63, "pressure": 1016.25, "windSpeed": 0.68, "windGust": 6.86, "windGustTime": 1437019200, "windBearing": 12, "cloudCover": 0.22, "uvIndex": 10, "uvIndexTime": 1437066000, "visibility": 8.31, "temperatureMin": 62.64, "temperatureMinTime": 1437044400, "temperatureMax": 81.15, "temperatureMaxTime": 1437080400, "apparentTemperatureMin": 62.64, "apparentTemperatureMinTime": 1437044400, "apparentTemperatureMax": 81.84, "apparentTemperatureMaxTime": 1437080400}]}, "flags": {"sources": ["cmc", "gfs", "hrrr", "icon", "isd", "madis", "nam", "sref"], "nearest-station": 0.675, "units": "us"}, "offset": -4}