{"latitude": 38.912659, "longitude": -77.017669, "timezone": "America/New_York", "currently": {"time": 1459569600, "summary": "Mostly Cloudy", "icon": "partly-cloudy-night", "precipIntensity": 0, "precipProbability": 0, "temperature": 68.6, "apparentTemperature": 68.6, "dewPoint": 48.29, "humidity": 0.48, "pressure": 1004.06, "windSpeed": 1.56, "windGust": 4.85, "windBearing": 323, "cloudCover": 0.87, "uvIndex": 0, "visibility": 7.76}, "hourly": {"summary": "Light rain in the morning.", "icon": "rain", "data": [{"time": 1459569600, "summary": "Mostly Cloudy", "icon": "partly-cloudy-night", "precipIntensity": 0, "precipProbability": 0, "temperature": 68.6, "apparentTemperature": 68.6, "dewPoint": 48.29, "humidity": 0.48, "pressure": 1004.06, "windSpeed": 1.56, "windGust": 4.85, "windBearing": 323, "cloudCover": 0.87, "uvIndex": 0, "visibility": 7.76}, {"time": 1459573200, "summary": "Mostly Cloudy", "icon": "partly-cloudy-night", "precipIntensity": 0, "precipProbability": 0, "temperature": 65.64, "apparentTemperature": 65.64, "dewPoint": 46.73, "humidity": 0.5, "pressure": 1004.01, "windSpeed": 0.99, "windGust": 2.88, "windBearing": 346, "cloudCover": 0.83, "uvIndex": 0, "visibility": 7.97}, {"time": 1459576800, "summary": "Mostly Cloudy", "icon": "partly-cloudy-night", "precipIntensity": 0, "precipProbability": 0, "temperature": 63.62, "apparentTemperature": 63.62, "dewPoint": 44.95, "humidity": 0.51, "pressure": 1003.78, "windSpeed": 0.53, "windGust": 2.29, "windBearing": 3, "cloudCover": 0.82, "uvIndex": 0, "visibility": 7.61}, {"time": 1459580400, "summary": "Mostly Cloudy", "icon": "partly-cloudy-night", "precipIntensity": 0, "precipProbability": 0, "temperature": 62.31, "apparentTemperature": 62.31, "dewPoint": 44.12, "humidity": 0.51, "pressure": 1003.45, "windSpeed": 0.51, "windGust": 1.09, "windBearing": 357, "cloudCover": 0.81, "uvIndex": 0, "visibility": 8.57}, {"time": 1459584000, "summary": "Mostly Cloudy", "icon": "partly-cloudy-night", "precipIntensity": 0, "precipProbability": 0, "temperature": 61.07, "apparentTemperature": 61.07, "dewPoint": 42.16, "humidity": 0.5, "pressure": 1003.17, "windSpeed": 1.95, "windGust": 5.72, "windBearing": 349, "cloudCover": 0.86, "uvIndex": 0, "visibility": 8.63}, {"time": 1459587600, "summary": "Overcast", "icon": "cloudy", "precipIntensity": 0, "precipProbability": 0, "temperature": 58.41, "apparentTemperature": 58.41, "dewPoint": 41.21, "humidity": 0.53, "pressure": 1002.66, "windSpeed": 3.01, "windGust": 7.47, "windBearing": 344, "cloudCover": 0.97, "uvIndex": 0, "visibility": 8.63}, {"time": 1459591200, "summary": "Mostly Cloudy", "icon": "partly-cloudy-night", "precipIntensity": 0, "precipProbability": 0, "temperature": 56.7, "apparentTemperature": 56.7, "dewPoint": 41.05, "humidity": 0.56, "pressure": 1002.77, "windSpeed": 3.01, "windGust": 8.04, "windBearing": 337, "cloudCover": 0.91, "uvIndex": 0, "visibility": 9.05}, {"time": 1459594800, "summary": "Overcast", "icon": "cloudy", "precipIntensity": 0.0018, "precipProbability": 0.37, "precipType": "rain", "temperature": 53.22, "apparentTemperature": 53.22, "dewPoint": 43.07, "humidity": 0.68, "pressure": 1003.41, "windSpeed": 2.41, "windGust": 7.16, "windBearing": 341, "cloudCover": 1, "uvIndex": 0, "visibility": 7.85}, {"time": 1459598400, "summary": "Light Rain", "icon": "rain", "precipIntensity": 0.0172, "precipProbability": 0.92, "precipType": "rain", "temperature": 49.81, "apparentTemperature": 49.81, "dewPoint": 44.19, "humidity": 0.81, "pressure": 1004.67, "windSpeed": 1.95, "windGust": 4.96, "windBearing": 343, "cloudCover": 1, "uvIndex": 0, "visibility": 6.32}, {"time": 1459602000, "summary": "Light Rain", "icon": "rain", "precipIntensity": 0.0247, "precipProbability": 0.95, "precipType": "rain", "temperature": 48.88, "apparentTemperature": 48.88, "dewPoint": 44.73, "humidity": 0.86, "pressure": 1004.98, "windSpeed": 0.48, "windGust": 2.2, "windBearing": 348, "cloudCover": 1, "uvIndex": 1, "visibility": 7.53}, {"time": 1459605600, "summary": "Light Rain", "icon": "rain", "precipIntensity": 0.0146, "precipProbability": 0.93, "precipType": "rain", "temperature": 49.14, "apparentTemperature": 49.14, "dewPoint": 45.19, "humidity": 0.86, "pressure": 1004.32, "windSpeed": 0.31, "windGust": 1.46, "windBearing": 6, "cloudCover": 0.89, "uvIndex": 2, "visibility": 7.9}, {"time": 1459609200, "summary": "Mostly Cloudy", "icon": "partly-cloudy-day", "precipIntensity": 0.0086, "precipProbability": 0.75, "precipType": "rain", "temperature": 50.3, "apparentTemperature": 50.3, "dewPoint": 45.57, "humidity": 0.84, "pressure": 1003.85, "windSpeed": 0.05, "windGust": 1.37, "windBearing": 69, "cloudCover": 0.85, "uvIndex": 4, "visibility": 7.24}, {"time": 1459612800, "summary": "Mostly Cloudy", "icon": "partly-cloudy-day", "precipIntensity": 0.0024, "precipProbability": 0.43, "precipType": "rain", "temperature": 53.21, "apparentTemperature": 53.21, "dewPoint": 45.99, "humidity": 0.76, "pressure": 1001.99, "windSpeed": 0.27, "windGust": 3.01, "windBearing": 0, "cloudCover": 0.81, "uvIndex": 4, "visibility": 8.88}, {"time": 1459616400, "summary": "Mostly Cloudy", "icon": "partly-cloudy-day", "precipIntensity": 0, "precipProbability": 0, "temperature": 57.11, "apparentTemperature": 57.11, "dewPoint": 43.08, "humidity": 0.59, "pressure": 1001.08, "windSpeed": 1.17, "windGust": 6.86, "windBearing": 243, "cloudCover": 0.75, "uvIndex": 5, "visibility": 8.62}, {"time": 1459620000, "summary": "Mostly Cloudy", "icon": "partly-cloudy-day", "precipIntensity": 0, "precipProbability": 0, "temperature": 58.78, "apparentTemperature": 58.78, "dewPoint": 41.92, "humidity": 0.53, "pressure": 999.21, "windSpeed": 1.65, "windGust": 8.1, "windBearing": 255, "cloudCover": 0.9, "uvIndex": 4, "visibility": 9.41}, {"time": 1459623600, "summary": "Mostly Cloudy", "icon": "partly-cloudy-day", "precipIntensity": 0, "precipProbability": 0, "temperature": 60.89, "apparentTemperature": 60.89, "dewPoint": 40.74, "humidity": 0.47, "pressure": 997.97, "windSpeed": 2.12, "windGust": 9.47, "windBearing": 244, "cloudCover": 0.72, "uvIndex": 4, "visibility": 9.14}, {"time": 1459627200, "summary": "Mostly Cloudy", "icon": "partly-cloudy-day", "precipIntensity": 0, "precipProbability": 0, "temperature": 61.52, "apparentTemperature": 61.52, "dewPoint": 40.48, "humidity": 0.46, "pressure": 996.99, "windSpeed": 2.25, "windGust": 9.01, "windBearing": 234, "cloudCover": 0.75, "uvIndex": 3, "visibility": 9.15}, {"time": 1459630800, "summary": "Mostly Cloudy", "icon": "partly-cloudy-day", "precipIntensity": 0, "precipProbability": 0, "temperature": 61.65, "apparentTemperature": 61.65, "dewPoint": 40.17, "humidity": 0.45, "pressure": 995.92, "windSpeed": 1.27, "windGust": 7.96, "windBearing": 221, "cloudCover": 0.85, "uvIndex": 2, "visibility": 9.4}, {"time": 1459634400, "summary": "Mostly Cloudy", "icon": "partly-cloudy-day", "precipIntensity": 0, "precipProbability": 0, "temperature": 61.76, "apparentTemperature": 61.76, "dewPoint": 39.14, "humidity": 0.43, "pressure": 995.46, "windSpeed": 2.06, "windGust": 10.08, "windBearing": 219, "cloudCover": 0.68, "uvIndex": 1, "visibility": 9}, {"time": 1459638000, "summary": "Mostly Cloudy", "icon": "partly-cloudy-day", "precipIntensity": 0, "precipProbability": 0, "temperature": 59.34, "apparentTemperature": 59.34, "dewPoint": 40.88, "humidity": 0.5, "pressure": 995.54, "windSpeed": 2.14, "windGust": 7.91, "windBearing": 199, "cloudCover": 0.81, "uvIndex": 0, "visibility": 9.43}, {"time": 1459641600, "summary": "Overcast", "icon": "cloudy", "precipIntensity": 0, "precipProbability": 0, "temperature": 57.59, "apparentTemperature": 57.59, "dewPoint": 42.84, "humidity": 0.58, "pressure": 995.6, "windSpeed": 1.17, "windGust": 4.6, "windBearing": 195, "cloudCover": 0.94, "uvIndex": 0, "visibility": 9.45}, {"time": 1459645200, "summary": "Mostly Cloudy", "icon": "partly-cloudy-night", "precipIntensity": 0, "precipProbability": 0, "temperature": 56.91, "apparentTemperature": 56.91, "dewPoint": 41.77, "humidity": 0.57, "pressure": 995.92, "windSpeed": 1.35, "windGust": 5.69, "windBearing": 207, "cloudCover": 0.85, "uvIndex": 0, "visibility": 9}, {"time": 1459648800, "summary": "Mostly Cloudy", "icon": "partly-cloudy-night", "precipIntensity": 0, "precipProbability": 0, "temperature": 56.52, "apparentTemperature": 56.52, "dewPoint": 37.31, "humidity": 0.48, "pressure": 995.54, "windSpeed": 2.76, "windGust": 10.06, "windBearing": 253, "cloudCover": 0.79, "uvIndex": 0, "visibility": 8.14}, {"time": 1459652400, "summary": "Overcast", "icon": "cloudy", "precipIntensity": 0.0022, "precipProbability": 0.62, "precipType": "rain", "temperature": 46.57, "apparentTemperature": 42.32, "dewPoint": 37.93, "humidity": 0.72, "pressure": 998.81, "windSpeed": 8.61, "windGust": 22.64, "windBearing": 293, "cloudCover": 1, "uvIndex": 0, "visibility": 5.22}]}, "daily": {"data": [{"time": 1459569600, "summary": "Light rain in the morning.", "icon": "rain", "sunriseTime": 1459594268, "sunsetTime": 1459640034, "moonPhase": 0.82, "precipIntensity": 0.003, "precipIntensityMax": 0.0247, "precipIntensityMaxTime": 1459602000, "precipProbability": 0.95, "precipType": "rain", "temperatureHigh": 61.76, "temperatureHighTime": 1459634400, "temperatureLow": 35.82, "temperatureLowTime": 1459681200, "apparentTemperatureHigh": 61.76, "apparentTemperatureHighTime": 1459634400, "apparentTemperatureLow": 30.15, "apparentTemperatureLowTime": 1459684800, "dewPoint": 42.65, "humidity": 0.59, "pressure": 1000.63, "windSpeed": 1.12, "windGust": 22.64, "windGustTime": 1459652400, "windBearing": 288, "cloudCover": 0.86, "uvIndex": 5, "uvIndexTime": 1459616400, "visibility": 8.33, "temperatureMin": 46.57, "temperatureMinTime": 1459652400, "temperatureMax": 68.6, "temperatureMaxTime": 1459569600, "apparentTemperatureMin": 42.32, "apparentTemperatureMinTime": 1459652400, "apparentTemperatureMax": 68.6, "apparentTemperatureMaxTime": 1459569600}]}, "flags": {"sources": ["cmc", "gfs", "hrrr", "icon", "isd", "madis", "nam", "sref"], "nearest-station": 1.106, "units": "us"}, "offset": -4}