{"latitude": 38.912659, "longitude": -77.017669, "timezone": "America/New_York", "currently": {"time": 1456117200, "summary": "Overcast", "icon": "cloudy", "precipIntensity": 0.0012, "precipProbability": 0.22, "precipType": "rain", "temperature": 46.25, "apparentTemperature": 46.25, "dewPoint": 43.25, "humidity": 0.89, "pressure": 1014.19, "windSpeed": 1.2, "windGust": 3.66, "windBearing": 344, "cloudCover": 0.95, "uvIndex": 0, "visibility": 7.78}, "hourly": {"summary": "Mostly cloudy until afternoon.", "icon": "partly-cloudy-day", "data": [{"time": 1456117200, "summary": "Overcast", "icon": "cloudy", "precipIntensity": 0.0012, "precipProbability": 0.22, "precipType": "rain", "temperature": 46.25, "apparentTemperature": 46.25, "dewPoint": 43.25, "humidity": 0.89, "pressure": 1014.19, "windSpeed": 1.2, "windGust": 3.66, "windBearing": 344, "cloudCover": 0.95, "uvIndex": 0, "visibility": 7.78}, {"time": 1456120800, "summary": "Overcast", "icon": "cloudy", "precipIntensity": 0.0005, "precipProbability": 0.14, "precipType": "rain", "temperature": 45.67, "apparentTemperature": 45.67, "dewPoint": 42.53, "humidity": 0.89, "pressure": 1014.83, "windSpeed": 0.77, "windGust": 2.48, "windBearing": 359, "cloudCover": 0.97, "uvIndex": 0, "visibility": 7.59}, {"time": 1456124400, "summary": "Mostly Cloudy", "icon": "partly-cloudy-night", "precipIntensity": 0, "precipProbability": 0, "temperature": 44.9, "apparentTemperature": 44.9, "dewPoint": 41.58, "humidity": 0.88, "pressure": 1015.27, "windSpeed": 0.86, "windGust": 2.71, "windBearing": 4, "cloudCover": 0.88, "uvIndex": 0, "visibility": 7.78}, {"time": 1456128000, "summary": "Mostly Cloudy", "icon": "partly-cloudy-night", "precipIntensity": 0, "precipProbability": 0, "temperature": 43.5, "apparentTemperature": 43.5, "dewPoint": 40.03, "humidity": 0.87, "pressure": 1015.53, "windSpeed": 1.1, "windGust": 3.06, "windBearing": 6, "cloudCover": 0.64, "uvIndex": 0, "visibility": 7.36}, {"time": 1456131600, "summary": "Mostly Cloudy", "icon": "partly-cloudy-night", "precipIntensity": 0, "precipProbability": 0, "temperature": 42.17, "apparentTemperature": 42.17, "dewPoint": 38.37, "humidity": 0.86, "pressure": 1016.17, "windSpeed": 0.91, "windGust": 2.61, "windBearing": 8, "cloudCover": 0.75, "uvIndex": 0, "visibility": 8.59}, {"time": 1456135200, "summary": "Overcast", "icon": "cloudy", "precipIntensity": 0, "precipProbability": 0, "temperature": 41.38, "apparentTemperature": 41.38, "dewPoint": 36.99, "humidity": 0.84, "pressure": 1017.58, "windSpeed": 0.97, "windGust": 2.47, "windBearing": 11, "cloudCover": 0.97, "uvIndex": 0, "visibility": 9.48}, {"time": 1456138800, "summary": "Mostly Cloudy", "icon": "partly-cloudy-night", "precipIntensity": 0, "precipProbability": 0, "temperature": 40.55, "apparentTemperature": 40.55, "dewPoint": 35.6, "humidity": 0.82, "pressure": 1018.54, "windSpeed": 1.26, "windGust": 3.01, "windBearing": 12, "cloudCover": 0.9, "uvIndex": 0, "visibility": 8.59}, {"time": 1456142400, "summary": "Partly Cloudy", "icon": "partly-cloudy-day", "precipIntensity": 0, "precipProbability": 0, "temperature": 39.4, "apparentTemperature": 39.4, "dewPoint": 34.09, "humidity": 0.81, "pressure": 1019.5, "windSpeed": 0.81, "windGust": 2.34, "windBearing": 8, "cloudCover": 0.5, "uvIndex": 0, "visibility": 8.69}, {"time": 1456146000, "summary": "Partly Cloudy", "icon": "partly-cloudy-day", "precipIntensity": 0, "precipProbability": 0, "temperature": 39.49, "apparentTemperature": 39.49, "dewPoint": 33.7, "humidity": 0.8, "pressure": 1020.58, "windSpeed": 0.75, "windGust": 2.74, "windBearing": 19, "cloudCover": 0.33, "uvIndex": 0, "visibility": 8.25}, {"time": 1456149600, "summary": "Mostly Cloudy", "icon": "partly-cloudy-day", "precipIntensity": 0, "precipProbability": 0, "temperature": 41.79, "apparentTemperature": 41.79, "dewPoint": 33.67, "humidity": 0.73, "pressure": 1021.24, "windSpeed": 2.61, "windGust": 7.01, "windBearing": 27, "cloudCover": 0.75, "uvIndex": 1, "visibility": 8.01}, {"time": 1456153200, "summary": "Mostly Cloudy", "icon": "partly-cloudy-day", "precipIntensity": 0, "precipProbability": 0, "temperature": 44.34, "apparentTemperature": 44.34, "dewPoint": 33.67, "humidity": 0.66, "pressure": 1021.47, "windSpeed": 2.42, "windGust": 6.59, "windBearing": 42, "cloudCover": 0.72, "uvIndex": 2, "visibility": 7.98}, {"time": 1456156800, "summary": "Clear", "icon": "clear-day", "precipIntensity": 0, "precipProbability": 0, "temperature": 46.91, "apparentTemperature": 46.91, "dewPoint": 34.25, "humidity": 0.61, "pressure": 1021.57, "windSpeed": 1.72, "windGust": 6, "windBearing": 67, "cloudCover": 0.15, "uvIndex": 4, "visibility": 7.88}, {"time": 1456160400, "summary": "Partly Cloudy", "icon": "partly-cloudy-day", "precipIntensity": 0, "precipProbability": 0, "temperature": 48.8, "apparentTemperature": 48.8, "dewPoint": 34.67, "humidity": 0.58, "pressure": 1021.2, "windSpeed": 1.11, "windGust": 5.59, "windBearing": 66, "cloudCover": 0.3, "uvIndex": 4, "visibility": 7.98}, {"time": 1456164000, "summary": "Mostly Cloudy", "icon": "partly-cloudy-day", "precipIntensity": 0, "precipProbability": 0, "temperature": 50.3, "apparentTemperature": 50.3, "dewPoint": 34.99, "humidity": 0.56, "pressure": 1020.71, "windSpeed": 0.39, "windGust": 4.02, "windBearing": 80, "cloudCover": 0.67, "uvIndex": 3, "visibility": 9.05}, {"time": 1456167600, "summary": "Mostly Cloudy", "icon": "partly-cloudy-day", "precipIntensity": 0, "precipProbability": 0, "temperature": 51.46, "apparentTemperature": 51.46, "dewPoint": 35.11, "humidity": 0.53, "pressure": 1020.44, "windSpeed": 0.16, "windGust": 3.91, "windBearing": 27, "cloudCover": 0.66, "uvIndex": 3, "visibility": 7.9}, {"time": 1456171200, "summary": "Partly Cloudy", "icon": "partly-cloudy-day", "precipIntensity": 0, "precipProbability": 0, "temperature": 51.98, "apparentTemperature": 51.98, "dewPoint": 34.94, "humidity": 0.52, "pressure": 1020.6, "windSpeed": 0.24, "windGust": 3.42, "windBearing": 134, "cloudCover": 0.51, "uvIndex": 2, "visibility": 9.05}, {"time": 1456174800, "summary": "Partly Cloudy", "icon": "partly-cloudy-day", "precipIntensity": 0, "precipProbability": 0, "temperature": 52.01, "apparentTemperature": 52.01, "dewPoint": 34.74, "humidity": 0.52, "pressure": 1020.39, "windSpeed": 0.43, "windGust": 3.37, "windBearing": 135, "cloudCover": 0.27, "uvIndex": 1, "visibility": 7.9}, {"time": 1456178400, "summary": "Clear", "icon": "clear-day", "precipIntensity": 0, "precipProbability": 0, "temperature": 50.97, "apparentTemperature": 50.97, "dewPoint": 34.59, "humidity": 0.53, "pressure": 1020.61, "windSpeed": 0.34, "windGust": 2.01, "windBearing": 114, "cloudCover": 0.24, "uvIndex": 0, "visibility": 8.18}, {"time": 1456182000, "summary": "Clear", "icon": "clear-night", "precipIntensity": 0, "precipProbability": 0, "temperature": 48.42, "apparentTemperature": 48.42, "dewPoint": 34.42, "humidity": 0.58, "pressure": 1021.11, "windSpeed": 0.35, "windGust": 0.94, "windBearing": 118, "cloudCover": 0.15, "uvIndex": 0, "visibility": 8}, {"time": 1456185600, "summary": "Clear", "icon": "clear-night", "precipIntensity": 0, "precipProbability": 0, "temperature": 45.56, "apparentTemperature": 45.56, "dewPoint": 34.19, "humidity": 0.64, "pressure": 1021.75, "windSpeed": 0.14, "windGust": 0.72, "windBearing": 106, "cloudCover": 0.23, "uvIndex": 0, "visibility": 8.92}, {"time": 1456189200, "summary": "Clear", "icon": "clear-night", "precipIntensity": 0, "precipProbability": 0, "temperature": 43.46, "apparentTemperature": 43.46, "dewPoint": 34.08, "humidity": 0.69, "pressure": 1022.05, "windSpeed": 0.11, "windGust": 0.54, "windBearing": 103, "cloudCover": 0.2, "uvIndex": 0, "visibility": 8.11}, {"time": 1456192800, "summary": "Partly Cloudy", "icon": "partly-cloudy-night", "precipIntensity": 0, "precipProbability": 0, "temperature": 42.25, "apparentTemperature": 42.25, "dewPoint": 33.88, "humidity": 0.72, "pressure": 1022.2, "windSpeed": 0.03, "windGust": 0.18, "windBearing": 90, "cloudCover": 0.45, "uvIndex": 0, "visibility": 6.88}, {"time": 1456196400, "summary": "Mostly Cloudy", "icon": "partly-cloudy-night", "precipIntensity": 0, "precipProbability": 0, "temperature": 40.82, "apparentTemperature": 40.82, "dewPoint": 33.61, "humidity": 0.75, "pressure": 1022.28, "windSpeed": 0, "windGust": 0.13, "cloudCover": 0.62, "uvIndex": 0, "visibility": 8.44}, {"time": 1456200000, "summary": "Mostly Cloudy", "icon": "partly-cloudy-night", "precipIntensity": 0, "precipProbability": 0, "temperature": 40.3, "apparentTemperature": 40.3, "dewPoint": 33.85, "humidity": 0.78, "pressure": 1022.38, "windSpeed": 0.06, "windGust": 0.35, "windBearing": 118, "cloudCover": 0.89, "uvIndex": 0, "visibility": 9.24}]}, "daily": {"data": [{"time": 1456117200, "summary": "Mostly cloudy throughout the day.", "icon": "partly-cloudy-day", "sunriseTime": 1456141927, "sunsetTime": 1456181637, "moonPhase": 0.49, "precipIntensity": 0.0001, "precipIntensityMax": 0.0012, "precipIntensityMaxTime": 1456117200, "precipProbability": 0.22, "precipType": "rain", "temperatureHigh": 52.01, "temperatureHighTime": 1456174800, "temperatureLow": 39.49, "temperatureLowTime": 1456228800, "apparentTemperatureHigh": 52.01, "apparentTemperatureHighTime": 1456174800, "apparentTemperatureLow": 39.49, "apparentTemperatureLowTime": 1456228800, "dewPoint": 35.87, "humidity": 0.71, "pressure": 1019.68, "windSpeed": 0.64, "windGust": 7.01, "windGustTime": 1456149600, "windBearing": 32, "cloudCover": 0.57, "uvIndex": 4, "uvIndexTime": 1456156800, "visibility": 8.24, "temperatureMin": 39.4, "temperatureMinTime": 1456142400, "temperatureMax": 52.01, "temperatureMaxTime": 1456174800, "apparentTemperatureMin": 39.4, "apparentTemperatureMinTime": 1456142400, "apparentTemperatureMax": 52.01, "apparentTemperatureMaxTime": 1456174800}]}, "flags": {"sources": ["cmc", "gfs", "hrrr", "icon", "isd", "madis", "nam", "sref"], "nearest-station": 1.106, "units": "us"}, "offset": -5}