{"latitude": 38.912659, "longitude": -77.017669, "timezone": "America/New_York", "currently": {"time": 1455944400, "summary": "Mostly Cloudy", "icon": "partly-cloudy-night", "precipIntensity": 0, "precipProbability": 0, "temperature": 40.8, "apparentTemperature": 33.8, "dewPoint": 25.24, "humidity": 0.54, "pressure": 1020.27, "windSpeed": 12.15, "windGust": 23.38, "windBearing": 177, "cloudCover": 0.74, "uvIndex": 0, "visibility": 10}, "hourly": {"summary": "Partly cloudy until morning.", "icon": "partly-cloudy-night", "data": [{"time": 1455944400, "summary": "Mostly Cloudy", "icon": "partly-cloudy-night", "precipIntensity": 0, "precipProbability": 0, "temperature": 40.8, "apparentTemperature": 33.8, "dewPoint": 25.24, "humidity": 0.54, "pressure": 1020.27, "windSpeed": 12.15, "windGust": 23.38, "windBearing": 177, "cloudCover": 0.74, "uvIndex": 0, "visibility": 10}, {"time": 1455948000, "summary": "Partly Cloudy", "icon": "partly-cloudy-night", "precipIntensity": 0, "precipProbability": 0, "temperature": 41.44, "apparentTemperature": 39.69, "dewPoint": 25.11, "humidity": 0.52, "pressure": 1018.99, "windSpeed": 3.27, "windGust": 9.13, "windBearing": 187, "cloudCover": 0.34, "uvIndex": 0, "visibility": 8.01}, {"time": 1455951600, "summary": "Mostly Cloudy", "icon": "partly-cloudy-night", "precipIntensity": 0, "precipProbability": 0, "temperature": 42.81, "apparentTemperature": 41.14, "dewPoint": 26.28, "humidity": 0.52, "pressure": 1018.1, "windSpeed": 3.39, "windGust": 9.56, "windBearing": 197, "cloudCover": 0.61, "uvIndex": 0, "visibility": 7.77}, {"time": 1455955200, "summary": "Partly Cloudy", "icon": "partly-cloudy-night", "precipIntensity": 0, "precipProbability": 0, "temperature": 44, "apparentTemperature": 42.61, "dewPoint": 27.48, "humidity": 0.52, "pressure": 1017.37, "windSpeed": 3.27, "windGust": 9.77, "windBearing": 207, "cloudCover": 0.47, "uvIndex": 0, "visibility": 7.86}, {"time": 1455958800, "summary": "Partly Cloudy", "icon": "partly-cloudy-night", "precipIntensity": 0, "precipProbability": 0, "temperature": 44.57, "apparentTemperature": 43.26, "dewPoint": 28.49, "humidity": 0.53, "pressure": 1017.12, "windSpeed": 3.27, "windGust": 10.81, "windBearing": 213, "cloudCover": 0.27, "uvIndex": 0, "visibility": 7.86}, {"time": 1455962400, "summary": "Clear", "icon": "clear-night", "precipIntensity": 0, "precipProbability": 0, "temperature": 44.48, "apparentTemperature": 43.35, "dewPoint": 29.07, "humidity": 0.54, "pressure": 1017.37, "windSpeed": 3.08, "windGust": 9.57, "windBearing": 218, "cloudCover": 0, "uvIndex": 0, "visibility": 8.24}, {"time": 1455966000, "summary": "Clear", "icon": "clear-night", "precipIntensity": 0, "precipProbability": 0, "temperature": 44.41, "apparentTemperature": 44.41, "dewPoint": 29.81, "humidity": 0.56, "pressure": 1017.85, "windSpeed": 2.6, "windGust": 8.49, "windBearing": 221, "cloudCover": 0.04, "uvIndex": 0, "visibility": 8.25}, {"time": 1455969600, "summary": "Clear", "icon": "clear-day", "precipIntensity": 0, "precipProbability": 0, "temperature": 44.51, "apparentTemperature": 44.51, "dewPoint": 30.61, "humidity": 0.58, "pressure": 1018.04, "windSpeed": 2.35, "windGust": 7.34, "windBearing": 223, "cloudCover": 0.23, "uvIndex": 0, "visibility": 9.05}, {"time": 1455973200, "summary": "Partly Cloudy", "icon": "partly-cloudy-day", "precipIntensity": 0, "precipProbability": 0, "temperature": 44.87, "apparentTemperature": 44.87, "dewPoint": 31.62, "humidity": 0.59, "pressure": 1018.33, "windSpeed": 1.79, "windGust": 6.41, "windBearing": 223, "cloudCover": 0.3, "uvIndex": 0, "visibility": 7.87}, {"time": 1455976800, "summary": "Clear", "icon": "clear-day", "precipIntensity": 0, "precipProbability": 0, "temperature": 47.17, "apparentTemperature": 47.17, "dewPoint": 32.96, "humidity": 0.58, "pressure": 1018.48, "windSpeed": 2.56, "windGust": 7.43, "windBearing": 219, "cloudCover": 0.1, "uvIndex": 1, "visibility": 8.17}, {"time": 1455980400, "summary": "Clear", "icon": "clear-day", "precipIntensity": 0, "precipProbability": 0, "temperature": 50.1, "apparentTemperature": 50.1, "dewPoint": 34.4, "humidity": 0.55, "pressure": 1018.36, "windSpeed": 2.42, "windGust": 7.58, "windBearing": 218, "cloudCover": 0.21, "uvIndex": 2, "visibility": 8.25}, {"time": 1455984000, "summary": "Clear", "icon": "clear-day", "precipIntensity": 0, "precipProbability": 0, "temperature": 53.88, "apparentTemperature": 53.88, "dewPoint": 36.14, "humidity": 0.51, "pressure": 1017.99, "windSpeed": 2.51, "windGust": 7.98, "windBearing": 221, "cloudCover": 0.12, "uvIndex": 3, "visibility": 7.27}, {"time": 1455987600, "summary": "Clear", "icon": "clear-day", "precipIntensity": 0, "precipProbability": 0, "temperature": 57.49, "apparentTemperature": 57.49, "dewPoint": 37.81, "humidity": 0.48, "pressure": 1017.1, "windSpeed": 2.62, "windGust": 9.02, "windBearing": 224, "cloudCover": 0.16, "uvIndex": 4, "visibility": 8.03}, {"time": 1455991200, "summary": "Clear", "icon": "clear-day", "precipIntensity": 0, "precipProbability": 0, "temperature": 61.43, "apparentTemperature": 61.43, "dewPoint": 39.22, "humidity": 0.44, "pressure": 1016.14, "windSpeed": 3.15, "windGust": 10.07, "windBearing": 233, "cloudCover": 0.24, "uvIndex": 4, "visibility": 9.05}, {"time": 1455994800, "summary": "Partly Cloudy", "icon": "partly-cloudy-day", "precipIntensity": 0, "precipProbability": 0, "temperature": 64.7, "apparentTemperature": 64.7, "dewPoint": 37.8, "humidity": 0.37, "pressure": 1014.81, "windSpeed": 2.82, "windGust": 9.3, "windBearing": 239, "cloudCover": 0.27, "uvIndex": 3, "visibility": 8.32}, {"time": 1455998400, "summary": "Clear", "icon": "clear-day", "precipIntensity": 0, "precipProbability": 0, "temperature": 65.48, "apparentTemperature": 65.48, "dewPoint": 37.34, "humidity": 0.35, "pressure": 1014.15, "windSpeed": 2.26, "windGust": 7.21, "windBearing": 208, "cloudCover": 0.1, "uvIndex": 2, "visibility": 8.7}, {"time": 1456002000, "summary": "Clear", "icon": "clear-day", "precipIntensity": 0, "precipProbability": 0, "temperature": 66.27, "apparentTemperature": 66.27, "dewPoint": 38.49, "humidity": 0.36, "pressure": 1013.39, "windSpeed": 3.5, "windGust": 10.4, "windBearing": 203, "cloudCover": 0.17, "uvIndex": 1, "visibility": 8.26}, {"time": 1456005600, "summary": "Clear", "icon": "clear-day", "precipIntensity": 0, "precipProbability": 0, "temperature": 65.28, "apparentTemperature": 65.28, "dewPoint": 38.07, "humidity": 0.37, "pressure": 1013.01, "windSpeed": 3.11, "windGust": 8.6, "windBearing": 194, "cloudCover": 0.05, "uvIndex": 0, "visibility": 9.45}, {"time": 1456009200, "summary": "Clear", "icon": "clear-night", "precipIntensity": 0, "precipProbability": 0, "temperature": 61.93, "apparentTemperature": 61.93, "dewPoint": 37.81, "humidity": 0.41, "pressure": 1012.96, "windSpeed": 1.4, "windGust": 5.37, "windBearing": 197, "cloudCover": 0.01, "uvIndex": 0, "visibility": 7.78}, {"time": 1456012800, "summary": "Clear", "icon": "clear-night", "precipIntensity": 0, "precipProbability": 0, "temperature": 59.19, "apparentTemperature": 59.19, "dewPoint": 38.15, "humidity": 0.46, "pressure": 1013.24, "windSpeed": 1.02, "windGust": 4.01, "windBearing": 199, "cloudCover": 0, "uvIndex": 0, "visibility": 7.97}, {"time": 1456016400, "summary": "Clear", "icon": "clear-night", "precipIntensity": 0, "precipProbability": 0, "temperature": 57.85, "apparentTemperature": 57.85, "dewPoint": 39.1, "humidity": 0.5, "pressure": 1013.42, "windSpeed": 1.27, "windGust": 4.26, "windBearing": 204, "cloudCover": 0, "uvIndex": 0, "visibility": 8.31}, {"time": 1456020000, "summary": "Clear", "icon": "clear-night", "precipIntensity": 0, "precipProbability": 0, "temperature": 56.75, "apparentTemperature": 56.75, "dewPoint": 40.85, "humidity": 0.55, "pressure": 1013.06, "windSpeed": 1.14, "windGust": 4.46, "windBearing": 204, "cloudCover": 0, "uvIndex": 0, "visibility": 6.81}, {"time": 1456023600, "summary": "Clear", "icon": "clear-night", "precipIntensity": 0, "precipProbability": 0, "temperature": 55.75, "apparentTemperature": 55.75, "dewPoint": 42.26, "humidity": 0.6, "pressure": 1013.31, "windSpeed": 0.94, "windGust": 3.71, "windBearing": 212, "cloudCover": 0, "uvIndex": 0, "visibility": 7.15}, {"time": 1456027200, "summary": "Clear", "icon": "clear-night", "precipIntensity": 0, "precipProbability": 0, "temperature": 54.83, "apparentTemperature": 54.83, "dewPoint": 43.09, "humidity": 0.65, "pressure": 1013.25, "windSpeed": 1.07, "windGust": 3.73, "windBearing": 218, "cloudCover": 0, "uvIndex": 0, "visibility": 6.09}]}, "daily": {"data": [{"time": 1455944400, "summary": "Clear throughout the day.", "icon": "clear-day", "sunriseTime": 1455969287, "sunsetTime": 1456008705, "moonPhase": 0.44, "precipIntensity": 0, "precipIntensityMax": 0, "precipProbability": 0, "temperatureHigh": 66.27, "temperatureHighTime": 1456002000, "temperatureLow": 48.06, "temperatureLowTime": 1456056000, "apparentTemperatureHigh": 66.27, "apparentTemperatureHighTime": 1456002000, "apparentTemperatureLow": 48.06, "apparentTemperatureLowTime": 1456056000, "dewPoint": 34.47, "humidity": 0.5, "pressure": 1016.09, "windSpeed": 2.65, "windGust": 23.38, "windGustTime": 1455944400, "windBearing": 206, "cloudCover": 0.18, "uvIndex": 4, "uvIndexTime": 1455987600, "visibility": 8.11, "temperatureMin": 40.8, "temperatureMinTime": 1455944400, "temperatureMax": 66.27, "temperatureMaxTime": 1456002000, "apparentTemperatureMin": 33.8, "apparentTemperatureMinTime": 1455944400, "apparentTemperatureMax": 66.27, "apparentTemperatureMaxTime": 1456002000}]}, "flags": {"sources": ["cmc", "gfs", "hrrr", "icon", "isd", "madis", "nam", "sref"], "nearest-station": 1.106, "units": "us"}, "offset": -5}