{"latitude": 38.912659, "longitude": -77.017669, "timezone": "America/New_York", "currently": {"time": 1442980800, "summary": "Mostly Cloudy", "icon": "partly-cloudy-night", "precipIntensity": 0, "precipProbability": 0, "temperature": 63.44, "apparentTemperature": 63.44, "dewPoint": 57.31, "humidity": 0.8, "pressure": 1023.17, "windSpeed": 0.33, "windGust": 0.7, "windBearing": 8, "cloudCover": 0.87, "uvIndex": 0, "visibility": 8.53}, "hourly": {"summary": "Mostly cloudy until morning.", "icon": "partly-cloudy-night", "data": [{"time": 1442980800, "summary": "Mostly Cloudy", "icon": "partly-cloudy-night", "precipIntensity": 0, "precipProbability": 0, "temperature": 63.44, "apparentTemperature": 63.44, "dewPoint": 57.31, "humidity": 0.8, "pressure": 1023.17, "windSpeed": 0.33, "windGust": 0.7, "windBearing": 8, "cloudCover": 0.87, "uvIndex": 0, "visibility": 8.53}, {"time": 1442984400, "summary": "Mostly Cloudy", "icon": "partly-cloudy-night", "precipIntensity": 0, "precipProbability": 0, "temperature": 62.48, "apparentTemperature": 62.48, "dewPoint": 56.99, "humidity": 0.82, "pressure": 1022.94, "windSpeed": 0.37, "windGust": 0.68, "windBearing": 11, "cloudCover": 0.81, "uvIndex": 0, "visibility": 8.49}, {"time": 1442988000, "summary": "Mostly Cloudy", "icon": "partly-cloudy-night", "precipIntensity": 0, "precipProbability": 0, "temperature": 61.43, "apparentTemperature": 61.43, "dewPoint": 56.63, "humidity": 0.84, "pressure": 1023.13, "windSpeed": 0.22, "windGust": 0.62, "windBearing": 10, "cloudCover": 0.66, "uvIndex": 0, "visibility": 9.48}, {"time": 1442991600, "summary": "Mostly Cloudy", "icon": "partly-cloudy-night", "precipIntensity": 0, "precipProbability": 0, "temperature": 60.65, "apparentTemperature": 60.65, "dewPoint": 56.1, "humidity": 0.85, "pressure": 1023.25, "windSpeed": 0.32, "windGust": 0.47, "windBearing": 3, "cloudCover": 0.75, "uvIndex": 0, "visibility": 9.11}, {"time": 1442995200, "summary": "Partly Cloudy", "icon": "partly-cloudy-night", "precipIntensity": 0, "precipProbability": 0, "temperature": 59.57, "apparentTemperature": 59.57, "dewPoint": 55.76, "humidity": 0.87, "pressure": 1023.07, "windSpeed": 0.21, "windGust": 0.88, "windBearing": 359, "cloudCover": 0.47, "uvIndex": 0, "visibility": 8.7}, {"time": 1442998800, "summary": "Partly Cloudy", "icon": "partly-cloudy-night", "precipIntensity": 0, "precipProbability": 0, "temperature": 58.83, "apparentTemperature": 58.83, "dewPoint": 55.33, "humidity": 0.88, "pressure": 1023.07, "windSpeed": 0.49, "windGust": 1.06, "windBearing": 356, "cloudCover": 0.35, "uvIndex": 0, "visibility": 8.41}, {"time": 1443002400, "summary": "Clear", "icon": "clear-night", "precipIntensity": 0, "precipProbability": 0, "temperature": 57.99, "apparentTemperature": 57.99, "dewPoint": 54.74, "humidity": 0.89, "pressure": 1023.3, "windSpeed": 0.36, "windGust": 1.09, "windBearing": 359, "cloudCover": 0.1, "uvIndex": 0, "visibility": 8.24}, {"time": 1443006000, "summary": "Clear", "icon": "clear-night", "precipIntensity": 0, "precipProbability": 0, "temperature": 57.41, "apparentTemperature": 57.41, "dewPoint": 54.3, "humidity": 0.89, "pressure": 1023.62, "windSpeed": 0.26, "windGust": 1.05, "windBearing": 0, "cloudCover": 0.08, "uvIndex": 0, "visibility": 8.19}, {"time": 1443009600, "summary": "Clear", "icon": "clear-day", "precipIntensity": 0, "precipProbability": 0, "temperature": 58.07, "apparentTemperature": 58.07, "dewPoint": 54.87, "humidity": 0.89, "pressure": 1024.04, "windSpeed": 0.57, "windGust": 1.9, "windBearing": 12, "cloudCover": 0.05, "uvIndex": 0, "visibility": 10}, {"time": 1443013200, "summary": "Clear", "icon": "clear-day", "precipIntensity": 0, "precipProbability": 0, "temperature": 61.95, "apparentTemperature": 61.95, "dewPoint": 57.11, "humidity": 0.84, "pressure": 1024.21, "windSpeed": 1.4, "windGust": 3.89, "windBearing": 30, "cloudCover": 0.11, "uvIndex": 1, "visibility": 10}, {"time": 1443016800, "summary": "Clear", "icon": "clear-day", "precipIntensity": 0, "precipProbability": 0, "temperature": 66.45, "apparentTemperature": 66.45, "dewPoint": 58.03, "humidity": 0.74, "pressure": 1024.63, "windSpeed": 1.84, "windGust": 6.13, "windBearing": 37, "cloudCover": 0.13, "uvIndex": 3, "visibility": 7.94}, {"time": 1443020400, "summary": "Clear", "icon": "clear-day", "precipIntensity": 0, "precipProbability": 0, "temperature": 69.78, "apparentTemperature": 69.78, "dewPoint": 57.41, "humidity": 0.65, "pressure": 1024.62, "windSpeed": 2.57, "windGust": 7.33, "windBearing": 34, "cloudCover": 0.21, "uvIndex": 4, "visibility": 8.52}, {"time": 1443024000, "summary": "Clear", "icon": "clear-day", "precipIntensity": 0, "precipProbability": 0, "temperature": 72.19, "apparentTemperature": 72.19, "dewPoint": 56.03, "humidity": 0.57, "pressure": 1024.19, "windSpeed": 2.77, "windGust": 8.03, "windBearing": 39, "cloudCover": 0.19, "uvIndex": 6, "visibility": 8.59}, {"time": 1443027600, "summary": "Clear", "icon": "clear-day", "precipIntensity": 0, "precipProbability": 0, "temperature": 74.48, "apparentTemperature": 74.48, "dewPoint": 53.63, "humidity": 0.48, "pressure": 1024.03, "windSpeed": 1.82, "windGust": 7.88, "windBearing": 48, "cloudCover": 0.06, "uvIndex": 6, "visibility": 8.21}, {"time": 1443031200, "summary": "Clear", "icon": "clear-day", "precipIntensity": 0, "precipProbability": 0, "temperature": 76.11, "apparentTemperature": 76.11, "dewPoint": 51.32, "humidity": 0.42, "pressure": 1023.49, "windSpeed": 1.65, "windGust": 6.13, "windBearing": 40, "cloudCover": 0.06, "uvIndex": 6, "visibility": 8}, {"time": 1443034800, "summary": "Clear", "icon": "clear-day", "precipIntensity": 0, "precipProbability": 0, "temperature": 77.12, "apparentTemperature": 77.12, "dewPoint": 50.3, "humidity": 0.39, "pressure": 1022.79, "windSpeed": 1.94, "windGust": 6.6, "windBearing": 46, "cloudCover": 0, "uvIndex": 5, "visibility": 7.1}, {"time": 1443038400, "summary": "Clear", "icon": "clear-day", "precipIntensity": 0, "precipProbability": 0, "temperature": 77.88, "apparentTemperature": 77.88, "dewPoint": 49.16, "humidity": 0.37, "pressure": 1022.51, "windSpeed": 1.48, "windGust": 5.8, "windBearing": 49, "cloudCover": 0.12, "uvIndex": 3, "visibility": 8.17}, {"time": 1443042000, "summary": "Clear", "icon": "clear-day", "precipIntensity": 0, "precipProbability": 0, "temperature": 77.25, "apparentTemperature": 77.25, "dewPoint": 49.83, "humidity": 0.38, "pressure": 1022.15, "windSpeed": 1.44, "windGust": 4.98, "windBearing": 57, "cloudCover": 0.02, "uvIndex": 1, "visibility": 7.91}, {"time": 1443045600, "summary": "Clear", "icon": "clear-day", "precipIntensity": 0, "precipProbability": 0, "temperature": 76.03, "apparentTemperature": 76.03, "dewPoint": 50.82, "humidity": 0.41, "pressure": 1022.21, "windSpeed": 0.79, "windGust": 3.12, "windBearing": 61, "cloudCover": 0.14, "uvIndex": 0, "visibility": 7.97}, {"time": 1443049200, "summary": "Clear", "icon": "clear-day", "precipIntensity": 0, "precipProbability": 0, "temperature": 72.61, "apparentTemperature": 72.61, "dewPoint": 52.61, "humidity": 0.49, "pressure": 1022.33, "windSpeed": 0.16, "windGust": 0.65, "windBearing": 61, "cloudCover": 0.13, "uvIndex": 0, "visibility": 8.43}, {"time": 1443052800, "summary": "Partly Cloudy", "icon": "partly-cloudy-night", "precipIntensity": 0, "precipProbability": 0, "temperature": 66.96, "apparentTemperature": 66.96, "dewPoint": 54.03, "humidity": 0.63, "pressure": 1022.02, "windSpeed": 0, "windGust": 0.07, "cloudCover": 0.31, "uvIndex": 0, "visibility": 10}, {"time": 1443056400, "summary": "Clear", "icon": "clear-night", "precipIntensity": 0, "precipProbability": 0, "temperature": 63.44, "apparentTemperature": 63.44, "dewPoint": 54.11, "humidity": 0.72, "pressure": 1022.3, "windSpeed": 0, "windGust": 0.02, "cloudCover": 0.19, "uvIndex": 0, "visibility": 9.31}, {"time": 1443060000, "summary": "Clear", "icon": "clear-night", "precipIntensity": 0, "precipProbability": 0, "temperature": 61.46, "apparentTemperature": 61.46, "dewPoint": 53.98, "humidity": 0.76, "pressure": 1022.39, "windSpeed": 0.01, "windGust": 0.13, "windBearing": 0, "cloudCover": 0.17, "uvIndex": 0, "visibility": 10}, {"time": 1443063600, "summary": "Partly Cloudy", "icon": "partly-cloudy-night", "precipIntensity": 0, "precipProbability": 0, "temperature": 60.08, "apparentTemperature": 60.08, "dewPoint": 53.81, "humidity": 0.8, "pressure": 1023.14, "windSpeed": 0, "windGust": 0.1, "cloudCover": 0.38, "uvIndex": 0, "visibility": 9.34}]}, "daily": {"data": [{"time": 1442980800, "summary": "Partly cloudy overnight.", "icon": "partly-cloudy-night", "sunriseTime": 1443005871, "sunsetTime": 1443049538, "moonPhase": 0.33, "precipIntensity": 0, "precipIntensityMax": 0, "precipProbability": 0, "temperatureHigh": 77.88, "temperatureHighTime": 1443038400, "temperatureLow": 54.62, "temperatureLowTime": 1443092400, "apparentTemperatureHigh": 77.88, "apparentTemperatureHighTime": 1443038400, "apparentTemperatureLow": 54.62, "apparentTemperatureLowTime": 1443092400, "dewPoint": 54.34, "humidity": 0.68, "pressure": 1023.19, "windSpeed": 0.84, "windGust": 8.03, "windGustTime": 1443024000, "windBearing": 37, "cloudCover": 0.26, "uvIndex": 6, "uvIndexTime": 1443024000, "visibility": 8.69, "temperatureMin": 57.41, "temperatureMinTime": 1443006000, "temperatureMax": 77.88, "temperatureMaxTime": 1443038400, "apparentTemperatureMin": 57.41, "apparentTemperatureMinTime": 1443006000, "apparentTemperatureMax": 77.88, "apparentTemperatureMaxTime": 1443038400}]}, "flags": {"sources": ["cmc", "gfs", "hrrr", "icon", "isd", "madis", "nam", "sref"], "nearest-station": 1.106, "units": "us"}, "offset": -4}