{"latitude": 38.912659, "longitude": -77.017669, "timezone": "America/New_York", "currently": {"time": 1440648000, "summary": "Clear", "icon": "clear-night", "precipIntensity": 0, "precipProbability": 0, "temperature": 62.71, "apparentTemperature": 62.71, "dewPoint": 56.92, "humidity": 0.81, "pressure": 1018.37, "windSpeed": 0, "windGust": 0.03, "cloudCover": 0, "uvIndex": 0, "visibility": 10}, "hourly": {"summary": "Partly cloudy starting in the afternoon, continuing until evening.", "icon": "partly-cloudy-day", "data": [{"time": 1440648000, "summary": "Clear", "icon": "clear-night", "precipIntensity": 0, "precipProbability": 0, "temperature": 62.71, "apparentTemperature": 62.71, "dewPoint": 56.92, "humidity": 0.81, "pressure": 1018.37, "windSpeed": 0, "windGust": 0.03, "cloudCover": 0, "uvIndex": 0, "visibility": 10}, {"time": 1440651600, "summary": "Clear", "icon": "clear-night", "precipIntensity": 0, "precipProbability": 0, "temperature": 61.96, "apparentTemperature": 61.96, "dewPoint": 56.69, "humidity": 0.83, "pressure": 1018.36, "windSpeed": 0.01, "windGust": 0.19, "windBearing": 288, "cloudCover": 0.12, "uvIndex": 0, "visibility": 8.2}, {"time": 1440655200, "summary": "Clear", "icon": "clear-night", "precipIntensity": 0, "precipProbability": 0, "temperature": 61.56, "apparentTemperature": 61.56, "dewPoint": 56.62, "humidity": 0.84, "pressure": 1018.37, "windSpeed": 0.01, "windGust": 0.14, "windBearing": 297, "cloudCover": 0.24, "uvIndex": 0, "visibility": 7.7}, {"time": 1440658800, "summary": "Clear", "icon": "clear-night", "precipIntensity": 0, "precipProbability": 0, "temperature": 60.86, "apparentTemperature": 60.86, "dewPoint": 56.04, "humidity": 0.84, "pressure": 1018.15, "windSpeed": 0.02, "windGust": 0.52, "windBearing": 338, "cloudCover": 0.07, "uvIndex": 0, "visibility": 7.64}, {"time": 1440662400, "summary": "Clear", "icon": "clear-night", "precipIntensity": 0, "precipProbability": 0, "temperature": 60.21, "apparentTemperature": 60.21, "dewPoint": 55.81, "humidity": 0.85, "pressure": 1018.58, "windSpeed": 0.01, "windGust": 0.47, "windBearing": 319, "cloudCover": 0, "uvIndex": 0, "visibility": 8.57}, {"time": 1440666000, "summary": "Clear", "icon": "clear-night", "precipIntensity": 0, "precipProbability": 0, "temperature": 60.07, "apparentTemperature": 60.07, "dewPoint": 55.42, "humidity": 0.85, "pressure": 1018.2, "windSpeed": 0.2, "windGust": 0.3, "windBearing": 309, "cloudCover": 0, "uvIndex": 0, "visibility": 9.18}, {"time": 1440669600, "summary": "Clear", "icon": "clear-night", "precipIntensity": 0, "precipProbability": 0, "temperature": 59.55, "apparentTemperature": 59.55, "dewPoint": 55.15, "humidity": 0.85, "pressure": 1018.29, "windSpeed": 0.21, "windGust": 0.54, "windBearing": 336, "cloudCover": 0.01, "uvIndex": 0, "visibility": 9.43}, {"time": 1440673200, "summary": "Clear", "icon": "clear-day", "precipIntensity": 0, "precipProbability": 0, "temperature": 59.56, "apparentTemperature": 59.56, "dewPoint": 55.11, "humidity": 0.85, "pressure": 1018.99, "windSpeed": 0.27, "windGust": 0.76, "windBearing": 336, "cloudCover": 0.19, "uvIndex": 0, "visibility": 7.71}, {"time": 1440676800, "summary": "Clear", "icon": "clear-day", "precipIntensity": 0, "precipProbability": 0, "temperature": 62.28, "apparentTemperature": 62.28, "dewPoint": 57.02, "humidity": 0.83, "pressure": 1019.62, "windSpeed": 0.82, "windGust": 2.17, "windBearing": 340, "cloudCover": 0.2, "uvIndex": 1, "visibility": 10}, {"time": 1440680400, "summary": "Clear", "icon": "clear-day", "precipIntensity": 0, "precipProbability": 0, "temperature": 67.2, "apparentTemperature": 67.2, "dewPoint": 58.02, "humidity": 0.72, "pressure": 1019.98, "windSpeed": 1.06, "windGust": 4.13, "windBearing": 342, "cloudCover": 0.09, "uvIndex": 2, "visibility": 8.8}, {"time": 1440684000, "summary": "Clear", "icon": "clear-day", "precipIntensity": 0, "precipProbability": 0, "temperature": 70.8, "apparentTemperature": 70.8, "dewPoint": 57.72, "humidity": 0.63, "pressure": 1020.13, "windSpeed": 2.01, "windGust": 6.39, "windBearing": 357, "cloudCover": 0.02, "uvIndex": 4, "visibility": 8.32}, {"time": 1440687600, "summary": "Clear", "icon": "clear-day", "precipIntensity": 0, "precipProbability": 0, "temperature": 73.32, "apparentTemperature": 73.32, "dewPoint": 57.71, "humidity": 0.58, "pressure": 1020.46, "windSpeed": 1.66, "windGust": 5.75, "windBearing": 3, "cloudCover": 0.19, "uvIndex": 6, "visibility": 8.1}, {"time": 1440691200, "summary": "Clear", "icon": "clear-day", "precipIntensity": 0, "precipProbability": 0, "temperature": 75.79, "apparentTemperature": 75.79, "dewPoint": 57.26, "humidity": 0.53, "pressure": 1020.19, "windSpeed": 1.58, "windGust": 5.95, "windBearing": 358, "cloudCover": 0.16, "uvIndex": 7, "visibility": 8.59}, {"time": 1440694800, "summary": "Clear", "icon": "clear-day", "precipIntensity": 0, "precipProbability": 0, "temperature": 77.59, "apparentTemperature": 77.59, "dewPoint": 57.05, "humidity": 0.49, "pressure": 1019.82, "windSpeed": 0.82, "windGust": 5.26, "windBearing": 326, "cloudCover": 0.2, "uvIndex": 8, "visibility": 8.32}, {"time": 1440698400, "summary": "Partly Cloudy", "icon": "partly-cloudy-day", "precipIntensity": 0, "precipProbability": 0, "temperature": 78.59, "apparentTemperature": 78.59, "dewPoint": 56.5, "humidity": 0.47, "pressure": 1019.33, "windSpeed": 0.78, "windGust": 4.64, "windBearing": 354, "cloudCover": 0.58, "uvIndex": 6, "visibility": 8.21}, {"time": 1440702000, "summary": "Mostly Cloudy", "icon": "partly-cloudy-day", "precipIntensity": 0, "precipProbability": 0, "temperature": 79.12, "apparentTemperature": 79.12, "dewPoint": 56.72, "humidity": 0.46, "pressure": 1018.88, "windSpeed": 0.86, "windGust": 4.55, "windBearing": 338, "cloudCover": 0.69, "uvIndex": 5, "visibility": 7.91}, {"time": 1440705600, "summary": "Mostly Cloudy", "icon": "partly-cloudy-day", "precipIntensity": 0, "precipProbability": 0, "temperature": 79.02, "apparentTemperature": 79.02, "dewPoint": 56.78, "humidity": 0.47, "pressure": 1018.46, "windSpeed": 0.91, "windGust": 4.51, "windBearing": 340, "cloudCover": 0.65, "uvIndex": 4, "visibility": 8.21}, {"time": 1440709200, "summary": "Mostly Cloudy", "icon": "partly-cloudy-day", "precipIntensity": 0, "precipProbability": 0, "temperature": 78.73, "apparentTemperature": 78.73, "dewPoint": 57.26, "humidity": 0.48, "pressure": 1018.41, "windSpeed": 0.89, "windGust": 4.29, "windBearing": 343, "cloudCover": 0.7, "uvIndex": 2, "visibility": 8.59}, {"time": 1440712800, "summary": "Mostly Cloudy", "icon": "partly-cloudy-day", "precipIntensity": 0, "precipProbability": 0, "temperature": 77.82, "apparentTemperature": 77.82, "dewPoint": 57.61, "humidity": 0.5, "pressure": 1018.65, "windSpeed": 0.77, "windGust": 3.29, "windBearing": 354, "cloudCover": 0.64, "uvIndex": 1, "visibility": 7.97}, {"time": 1440716400, "summary": "Partly Cloudy", "icon": "partly-cloudy-day", "precipIntensity": 0, "precipProbability": 0, "temperature": 76.14, "apparentTemperature": 76.14, "dewPoint": 58.28, "humidity": 0.54, "pressure": 1018.81, "windSpeed": 0.25, "windGust": 1.64, "windBearing": 26, "cloudCover": 0.37, "uvIndex": 0, "visibility": 8.07}, {"time": 1440720000, "summary": "Partly Cloudy", "icon": "partly-cloudy-night", "precipIntensity": 0, "precipProbability": 0, "temperature": 72.4, "apparentTemperature": 72.4, "dewPoint": 58.98, "humidity": 0.63, "pressure": 1018.95, "windSpeed": 0.12, "windGust": 0.4, "windBearing": 0, "cloudCover": 0.34, "uvIndex": 0, "visibility": 9.3}, {"time": 1440723600, "summary": "Clear", "icon": "clear-night", "precipIntensity": 0, "precipProbability": 0, "temperature": 69.06, "apparentTemperature": 69.06, "dewPoint": 59.01, "humidity": 0.7, "pressure": 1019.81, "windSpeed": 0, "windGust": 0.07, "cloudCover": 0.19, "uvIndex": 0, "visibility": 10}, {"time": 1440727200, "summary": "Clear", "icon": "clear-night", "precipIntensity": 0, "precipProbability": 0, "temperature": 66.77, "apparentTemperature": 66.77, "dewPoint": 58.82, "humidity": 0.76, "pressure": 1020.41, "windSpeed": 0, "windGust": 0.04, "cloudCover": 0.02, "uvIndex": 0, "visibility": 9.14}, {"time": 1440730800, "summary": "Partly Cloudy", "icon": "partly-cloudy-night", "precipIntensity": 0, "precipProbability": 0, "temperature": 64.92, "apparentTemperature": 64.92, "dewPoint": 58.82, "humidity": 0.81, "pressure": 1020.72, "windSpeed": 0, "windGust": 0.11, "cloudCover": 0.33, "uvIndex": 0, "visibility": 10}]}, "daily": {"data": [{"time": 1440648000, "summary": "Partly cloudy starting in the afternoon, continuing until evening.", "icon": "partly-cloudy-day", "sunriseTime": 1440671636, "sunsetTime": 1440719298, "moonPhase": 0.42, "precipIntensity": 0, "precipIntensityMax": 0, "precipProbability": 0, "temperatureHigh": 79.12, "temperatureHighTime": 1440702000, "temperatureLow": 58.95, "temperatureLowTime": 1440759600, "apparentTemperatureHigh": 79.12, "apparentTemperatureHighTime": 1440702000, "apparentTemperatureLow": 58.95, "apparentTemperatureLowTime": 1440759600, "dewPoint": 57.14, "humidity": 0.68, "pressure": 1019.16, "windSpeed": 0.54, "windGust": 6.39, "windGustTime": 1440684000, "windBearing": 349, "cloudCover": 0.25, "uvIndex": 8, "uvIndexTime": 1440694800, "visibility": 8.66, "temperatureMin": 59.55, "temperatureMinTime": 1440669600, "temperatureMax": 79.12, "temperatureMaxTime": 1440702000, "apparentTemperatureMin": 59.55, "apparentTemperatureMinTime": 1440669600, "apparentTemperatureMax": 79.12, "apparentTemperatureMaxTime": 1440702000}]}, "flags": {"sources": ["cmc", "gfs", "hrrr", "icon", "isd", "madis", "nam", "sref"], "nearest-station": 1.106, "units": "us"}, "offset": -4}