{"latitude": 38.912659, "longitude": -77.017669, "timezone": "America/New_York", "currently": {"time": 1435809600, "summary": "Mostly Cloudy", "icon": "partly-cloudy-night", "precipIntensity": 0, "precipProbability": 0, "temperature": 70.51, "apparentTemperature": 71.29, "dewPoint": 66.05, "humidity": 0.86, "pressure": 1012.61, "windSpeed": 0.01, "windGust": 0.31, "windBearing": 155, "cloudCover": 0.72, "uvIndex": 0, "visibility": 8.09}, "hourly": {"summary": "Mostly cloudy until evening.", "icon": "partly-cloudy-day", "data": [{"time": 1435809600, "summary": "Mostly Cloudy", "icon": "partly-cloudy-night", "precipIntensity": 0, "precipProbability": 0, "temperature": 70.51, "apparentTemperature": 71.29, "dewPoint": 66.05, "humidity": 0.86, "pressure": 1012.61, "windSpeed": 0.01, "windGust": 0.31, "windBearing": 155, "cloudCover": 0.72, "uvIndex": 0, "visibility": 8.09}, {"time": 1435813200, "summary": "Partly Cloudy", "icon": "partly-cloudy-night", "precipIntensity": 0, "precipProbability": 0, "temperature": 70.2, "apparentTemperature": 71.01, "dewPoint": 66.19, "humidity": 0.87, "pressure": 1012.59, "windSpeed": 0, "windGust": 0.14, "cloudCover": 0.48, "uvIndex": 0, "visibility": 6.97}, {"time": 1435816800, "summary": "Partly Cloudy", "icon": "partly-cloudy-night", "precipIntensity": 0, "precipProbability": 0, "temperature": 69.5, "apparentTemperature": 70.3, "dewPoint": 65.9, "humidity": 0.88, "pressure": 1012.2, "windSpeed": 0.01, "windGust": 0.02, "windBearing": 270, "cloudCover": 0.49, "uvIndex": 0, "visibility": 7.39}, {"time": 1435820400, "summary": "Partly Cloudy", "icon": "partly-cloudy-night", "precipIntensity": 0, "precipProbability": 0, "temperature": 68.26, "apparentTemperature": 69.01, "dewPoint": 65.15, "humidity": 0.9, "pressure": 1011.82, "windSpeed": 0, "windGust": 0.01, "cloudCover": 0.4, "uvIndex": 0, "visibility": 5.51}, {"time": 1435824000, "summary": "Partly Cloudy", "icon": "partly-cloudy-night", "precipIntensity": 0, "precipProbability": 0, "temperature": 67.96, "apparentTemperature": 68.7, "dewPoint": 65, "humidity": 0.9, "pressure": 1011.56, "windSpeed": 0, "windGust": 0.03, "cloudCover": 0.35, "uvIndex": 0, "visibility": 5.17}, {"time": 1435827600, "summary": "Mostly Cloudy", "icon": "partly-cloudy-night", "precipIntensity": 0, "precipProbability": 0, "temperature": 67.73, "apparentTemperature": 68.46, "dewPoint": 64.87, "humidity": 0.91, "pressure": 1011.1, "windSpeed": 0, "windGust": 0.06, "cloudCover": 0.67, "uvIndex": 0, "visibility": 5.5}, {"time": 1435831200, "summary": "Mostly Cloudy", "icon": "partly-cloudy-day", "precipIntensity": 0, "precipProbability": 0, "temperature": 68.01, "apparentTemperature": 68.75, "dewPoint": 65.01, "humidity": 0.9, "pressure": 1011.6, "windSpeed": 0.07, "windGust": 0.42, "windBearing": 0, "cloudCover": 0.76, "uvIndex": 0, "visibility": 6.56}, {"time": 1435834800, "summary": "Overcast", "icon": "cloudy", "precipIntensity": 0.0075, "precipProbability": 0.38, "precipType": "rain", "temperature": 68.21, "apparentTemperature": 68.9, "dewPoint": 64.8, "humidity": 0.89, "pressure": 1012.06, "windSpeed": 0.38, "windGust": 0.83, "windBearing": 354, "cloudCover": 0.94, "uvIndex": 0, "visibility": 4.94}, {"time": 1435838400, "summary": "Mostly Cloudy", "icon": "partly-cloudy-day", "precipIntensity": 0.0126, "precipProbability": 0.45, "precipType": "rain", "temperature": 68.32, "apparentTemperature": 68.98, "dewPoint": 64.57, "humidity": 0.88, "pressure": 1012.77, "windSpeed": 0.49, "windGust": 0.79, "windBearing": 355, "cloudCover": 0.93, "uvIndex": 1, "visibility": 5.76}, {"time": 1435842000, "summary": "Mostly Cloudy", "icon": "partly-cloudy-day", "precipIntensity": 0.0068, "precipProbability": 0.37, "precipType": "rain", "temperature": 68.44, "apparentTemperature": 69.1, "dewPoint": 64.59, "humidity": 0.88, "pressure": 1012.52, "windSpeed": 0.39, "windGust": 0.9, "windBearing": 12, "cloudCover": 0.71, "uvIndex": 2, "visibility": 5.85}, {"time": 1435845600, "summary": "Mostly Cloudy", "icon": "partly-cloudy-day", "precipIntensity": 0.0056, "precipProbability": 0.35, "precipType": "rain", "temperature": 69.07, "apparentTemperature": 69.73, "dewPoint": 64.8, "humidity": 0.86, "pressure": 1012.76, "windSpeed": 0.74, "windGust": 1.58, "windBearing": 11, "cloudCover": 0.84, "uvIndex": 4, "visibility": 7.59}, {"time": 1435849200, "summary": "Mostly Cloudy", "icon": "partly-cloudy-day", "precipIntensity": 0.0021, "precipProbability": 0.25, "precipType": "rain", "temperature": 70.36, "apparentTemperature": 71.04, "dewPoint": 65.23, "humidity": 0.84, "pressure": 1012.39, "windSpeed": 0.67, "windGust": 1.68, "windBearing": 31, "cloudCover": 0.77, "uvIndex": 5, "visibility": 7.88}, {"time": 1435852800, "summary": "Mostly Cloudy", "icon": "partly-cloudy-day", "precipIntensity": 0, "precipProbability": 0, "temperature": 71.27, "apparentTemperature": 72.01, "dewPoint": 65.94, "humidity": 0.83, "pressure": 1012.17, "windSpeed": 0.49, "windGust": 1.67, "windBearing": 24, "cloudCover": 0.93, "uvIndex": 5, "visibility": 6.47}, {"time": 1435856400, "summary": "Overcast", "icon": "cloudy", "precipIntensity": 0, "precipProbability": 0, "temperature": 72.29, "apparentTemperature": 73.05, "dewPoint": 66.33, "humidity": 0.82, "pressure": 1012.21, "windSpeed": 0.47, "windGust": 1.85, "windBearing": 8, "cloudCover": 0.97, "uvIndex": 5, "visibility": 7.67}, {"time": 1435860000, "summary": "Mostly Cloudy", "icon": "partly-cloudy-day", "precipIntensity": 0, "precipProbability": 0, "temperature": 73.31, "apparentTemperature": 74.04, "dewPoint": 66.29, "humidity": 0.79, "pressure": 1012.21, "windSpeed": 0.66, "windGust": 1.8, "windBearing": 3, "cloudCover": 0.9, "uvIndex": 5, "visibility": 7.63}, {"time": 1435863600, "summary": "Overcast", "icon": "cloudy", "precipIntensity": 0, "precipProbability": 0, "temperature": 73.51, "apparentTemperature": 74.22, "dewPoint": 66.2, "humidity": 0.78, "pressure": 1012.33, "windSpeed": 0.41, "windGust": 1.41, "windBearing": 10, "cloudCover": 1, "uvIndex": 4, "visibility": 7.71}, {"time": 1435867200, "summary": "Overcast", "icon": "cloudy", "precipIntensity": 0, "precipProbability": 0, "temperature": 73.02, "apparentTemperature": 73.73, "dewPoint": 66.14, "humidity": 0.79, "pressure": 1012.36, "windSpeed": 0.38, "windGust": 1.01, "windBearing": 5, "cloudCover": 1, "uvIndex": 4, "visibility": 8.65}, {"time": 1435870800, "summary": "Overcast", "icon": "cloudy", "precipIntensity": 0, "precipProbability": 0, "temperature": 72.99, "apparentTemperature": 73.72, "dewPoint": 66.23, "humidity": 0.79, "pressure": 1012.1, "windSpeed": 0.18, "windGust": 0.78, "windBearing": 76, "cloudCover": 1, "uvIndex": 3, "visibility": 7.72}, {"time": 1435874400, "summary": "Mostly Cloudy", "icon": "partly-cloudy-day", "precipIntensity": 0, "precipProbability": 0, "temperature": 72.97, "apparentTemperature": 73.74, "dewPoint": 66.5, "humidity": 0.8, "pressure": 1011.72, "windSpeed": 0.01, "windGust": 0.34, "windBearing": 59, "cloudCover": 0.9, "uvIndex": 2, "visibility": 7.6}, {"time": 1435878000, "summary": "Mostly Cloudy", "icon": "partly-cloudy-day", "precipIntensity": 0, "precipProbability": 0, "temperature": 72.62, "apparentTemperature": 73.4, "dewPoint": 66.57, "humidity": 0.81, "pressure": 1011.72, "windSpeed": 0, "windGust": 0.17, "cloudCover": 0.69, "uvIndex": 1, "visibility": 6.89}, {"time": 1435881600, "summary": "Partly Cloudy", "icon": "partly-cloudy-day", "precipIntensity": 0, "precipProbability": 0, "temperature": 71.8, "apparentTemperature": 72.62, "dewPoint": 66.59, "humidity": 0.84, "pressure": 1011.77, "windSpeed": 0, "windGust": 0.09, "cloudCover": 0.27, "uvIndex": 0, "visibility": 5.61}, {"time": 1435885200, "summary": "Clear", "icon": "clear-night", "precipIntensity": 0, "precipProbability": 0, "temperature": 70.18, "apparentTemperature": 70.94, "dewPoint": 65.84, "humidity": 0.86, "pressure": 1011.96, "windSpeed": 0.01, "windGust": 0.07, "windBearing": 270, "cloudCover": 0.1, "uvIndex": 0, "visibility": 5.65}, {"time": 1435888800, "summary": "Clear", "icon": "clear-night", "precipIntensity": 0, "precipProbability": 0, "temperature": 68.23, "apparentTemperature": 68.93, "dewPoint": 64.85, "humidity": 0.89, "pressure": 1012.74, "windSpeed": 0, "windGust": 0.02, "cloudCover": 0.05, "uvIndex": 0, "visibility": 3.9}, {"time": 1435892400, "summary": "Clear", "icon": "clear-night", "precipIntensity": 0, "precipProbability": 0, "temperature": 67.07, "apparentTemperature": 67.72, "dewPoint": 64.14, "humidity": 0.9, "pressure": 1012.3, "windSpeed": 0, "windGust": 0, "cloudCover": 0.17, "uvIndex": 0, "visibility": 2.75}]}, "daily": {"data": [{"time": 1435809600, "summary": "Mostly cloudy until evening.", "icon": "partly-cloudy-day", "sunriseTime": 1435830484, "sunsetTime": 1435883911, "moonPhase": 0.52, "precipIntensity": 0.0014, "precipIntensityMax": 0.0126, "precipIntensityMaxTime": 1435838400, "precipProbability": 0.45, "precipType": "rain", "temperatureHigh": 73.51, "temperatureHighTime": 1435863600, "temperatureLow": 62.57, "temperatureLowTime": 1435917600, "apparentTemperatureHigh": 74.22, "apparentTemperatureHighTime": 1435863600, "apparentTemperatureLow": 62.85, "apparentTemperatureLowTime": 1435917600, "dewPoint": 65.57, "humidity": 0.85, "pressure": 1012.15, "windSpeed": 0.21, "windGust": 1.85, "windGustTime": 1435856400, "windBearing": 12, "cloudCover": 0.67, "uvIndex": 5, "uvIndexTime": 1435849200, "visibility": 6.48, "temperatureMin": 67.07, "temperatureMinTime": 1435892400, "temperatureMax": 73.51, "temperatureMaxTime": 1435863600, "apparentTemperatureMin": 67.72, "apparentTemperatureMinTime": 1435892400, "apparentTemperatureMax": 74.22, "apparentTemperatureMaxTime": 1435863600}]}, "flags": {"sources": ["cmc", "gfs", "hrrr", "icon", "isd", "madis", "nam", "sref"], "nearest-station": 0.675, "units": "us"}, "offset": -4}