{"latitude": 38.912659, "longitude": -77.017669, "timezone": "America/New_York", "currently": {"time": 1435118400, "summary": "Partly Cloudy", "icon": "partly-cloudy-night", "precipIntensity": 0, "precipProbability": 0, "temperature": 72.46, "apparentTemperature": 73.77, "dewPoint": 70.33, "humidity": 0.93, "pressure": 1014.24, "windSpeed": 0.24, "windGust": 0.64, "windBearing": 260, "cloudCover": 0.49, "uvIndex": 0, "visibility": 6.62}, "hourly": {"summary": "Partly cloudy in the afternoon.", "icon": "partly-cloudy-day", "data": [{"time": 1435118400, "summary": "Partly Cloudy", "icon": "partly-cloudy-night", "precipIntensity": 0, "precipProbability": 0, "temperature": 72.46, "apparentTemperature": 73.77, "dewPoint": 70.33, "humidity": 0.93, "pressure": 1014.24, "windSpeed": 0.24, "windGust": 0.64, "windBearing": 260, "cloudCover": 0.49, "uvIndex": 0, "visibility": 6.62}, {"time": 1435122000, "summary": "Partly Cloudy", "icon": "partly-cloudy-night", "precipIntensity": 0, "precipProbability": 0, "temperature": 72.09, "apparentTemperature": 73.36, "dewPoint": 69.85, "humidity": 0.93, "pressure": 1013.84, "windSpeed": 0.57, "windGust": 0.73, "windBearing": 287, "cloudCover": 0.4, "uvIndex": 0, "visibility": 6.18}, {"time": 1435125600, "summary": "Clear", "icon": "clear-night", "precipIntensity": 0, "precipProbability": 0, "temperature": 71.63, "apparentTemperature": 72.81, "dewPoint": 69.13, "humidity": 0.92, "pressure": 1013.54, "windSpeed": 0.7, "windGust": 1.45, "windBearing": 305, "cloudCover": 0.21, "uvIndex": 0, "visibility": 7.52}, {"time": 1435129200, "summary": "Clear", "icon": "clear-night", "precipIntensity": 0, "precipProbability": 0, "temperature": 70.42, "apparentTemperature": 71.44, "dewPoint": 67.7, "humidity": 0.91, "pressure": 1014.11, "windSpeed": 0.96, "windGust": 2.14, "windBearing": 311, "cloudCover": 0.03, "uvIndex": 0, "visibility": 6.65}, {"time": 1435132800, "summary": "Clear", "icon": "clear-night", "precipIntensity": 0, "precipProbability": 0, "temperature": 68.7, "apparentTemperature": 69.47, "dewPoint": 65.47, "humidity": 0.89, "pressure": 1015.13, "windSpeed": 0.74, "windGust": 1.24, "windBearing": 326, "cloudCover": 0.18, "uvIndex": 0, "visibility": 7.57}, {"time": 1435136400, "summary": "Clear", "icon": "clear-night", "precipIntensity": 0, "precipProbability": 0, "temperature": 66.95, "apparentTemperature": 67.55, "dewPoint": 63.74, "humidity": 0.89, "pressure": 1016.22, "windSpeed": 0.57, "windGust": 0.99, "windBearing": 324, "cloudCover": 0.2, "uvIndex": 0, "visibility": 8.9}, {"time": 1435140000, "summary": "Clear", "icon": "clear-day", "precipIntensity": 0, "precipProbability": 0, "temperature": 65.64, "apparentTemperature": 66.13, "dewPoint": 62.59, "humidity": 0.9, "pressure": 1016.73, "windSpeed": 0.48, "windGust": 0.76, "windBearing": 332, "cloudCover": 0.08, "uvIndex": 0, "visibility": 8.84}, {"time": 1435143600, "summary": "Clear", "icon": "clear-day", "precipIntensity": 0, "precipProbability": 0, "temperature": 65.88, "apparentTemperature": 66.39, "dewPoint": 62.8, "humidity": 0.9, "pressure": 1017.36, "windSpeed": 0.49, "windGust": 1.11, "windBearing": 326, "cloudCover": 0.06, "uvIndex": 0, "visibility": 10}, {"time": 1435147200, "summary": "Clear", "icon": "clear-day", "precipIntensity": 0, "precipProbability": 0, "temperature": 68.03, "apparentTemperature": 68.55, "dewPoint": 63.5, "humidity": 0.85, "pressure": 1018.15, "windSpeed": 1.49, "windGust": 3.08, "windBearing": 329, "cloudCover": 0.03, "uvIndex": 1, "visibility": 8.95}, {"time": 1435150800, "summary": "Clear", "icon": "clear-day", "precipIntensity": 0, "precipProbability": 0, "temperature": 70.62, "apparentTemperature": 71.01, "dewPoint": 63.11, "humidity": 0.77, "pressure": 1018.35, "windSpeed": 1.41, "windGust": 4.69, "windBearing": 355, "cloudCover": 0.21, "uvIndex": 3, "visibility": 8.37}, {"time": 1435154400, "summary": "Clear", "icon": "clear-day", "precipIntensity": 0, "precipProbability": 0, "temperature": 72.98, "apparentTemperature": 73.29, "dewPoint": 62.86, "humidity": 0.71, "pressure": 1018.41, "windSpeed": 1.43, "windGust": 4.4, "windBearing": 344, "cloudCover": 0.13, "uvIndex": 5, "visibility": 8.74}, {"time": 1435158000, "summary": "Clear", "icon": "clear-day", "precipIntensity": 0, "precipProbability": 0, "temperature": 75.19, "apparentTemperature": 75.48, "dewPoint": 62.77, "humidity": 0.65, "pressure": 1018.33, "windSpeed": 1.18, "windGust": 4.83, "windBearing": 333, "cloudCover": 0.15, "uvIndex": 7, "visibility": 7.73}, {"time": 1435161600, "summary": "Partly Cloudy", "icon": "partly-cloudy-day", "precipIntensity": 0, "precipProbability": 0, "temperature": 77.18, "apparentTemperature": 77.47, "dewPoint": 62.79, "humidity": 0.61, "pressure": 1018.67, "windSpeed": 1.56, "windGust": 6.08, "windBearing": 320, "cloudCover": 0.37, "uvIndex": 8, "visibility": 7.8}, {"time": 1435165200, "summary": "Partly Cloudy", "icon": "partly-cloudy-day", "precipIntensity": 0, "precipProbability": 0, "temperature": 79.21, "apparentTemperature": 79.46, "dewPoint": 62.07, "humidity": 0.56, "pressure": 1018.16, "windSpeed": 1.41, "windGust": 5.66, "windBearing": 327, "cloudCover": 0.39, "uvIndex": 8, "visibility": 7.52}, {"time": 1435168800, "summary": "Partly Cloudy", "icon": "partly-cloudy-day", "precipIntensity": 0, "precipProbability": 0, "temperature": 80.82, "apparentTemperature": 81.84, "dewPoint": 61.73, "humidity": 0.52, "pressure": 1017.63, "windSpeed": 2.44, "windGust": 7.65, "windBearing": 299, "cloudCover": 0.46, "uvIndex": 8, "visibility": 8}, {"time": 1435172400, "summary": "Partly Cloudy", "icon": "partly-cloudy-day", "precipIntensity": 0, "precipProbability": 0, "temperature": 82.12, "apparentTemperature": 82.72, "dewPoint": 60.91, "humidity": 0.49, "pressure": 1017.44, "windSpeed": 3.05, "windGust": 8.61, "windBearing": 309, "cloudCover": 0.26, "uvIndex": 8, "visibility": 7.66}, {"time": 1435176000, "summary": "Clear", "icon": "clear-day", "precipIntensity": 0, "precipProbability": 0, "temperature": 82.55, "apparentTemperature": 82.91, "dewPoint": 60.29, "humidity": 0.47, "pressure": 1017.33, "windSpeed": 2.87, "windGust": 8.6, "windBearing": 318, "cloudCover": 0.06, "uvIndex": 6, "visibility": 8.2}, {"time": 1435179600, "summary": "Clear", "icon": "clear-day", "precipIntensity": 0, "precipProbability": 0, "temperature": 82.89, "apparentTemperature": 82.99, "dewPoint": 59.5, "humidity": 0.45, "pressure": 1017.33, "windSpeed": 2.96, "windGust": 8.56, "windBearing": 315, "cloudCover": 0.07, "uvIndex": 4, "visibility": 8.31}, {"time": 1435183200, "summary": "Clear", "icon": "clear-day", "precipIntensity": 0, "precipProbability": 0, "temperature": 82.66, "apparentTemperature": 82.66, "dewPoint": 58.89, "humidity": 0.45, "pressure": 1017.39, "windSpeed": 2.68, "windGust": 7.21, "windBearing": 312, "cloudCover": 0.04, "uvIndex": 2, "visibility": 7.87}, {"time": 1435186800, "summary": "Clear", "icon": "clear-day", "precipIntensity": 0, "precipProbability": 0, "temperature": 81.79, "apparentTemperature": 81.89, "dewPoint": 58.47, "humidity": 0.45, "pressure": 1017.23, "windSpeed": 1.33, "windGust": 4.99, "windBearing": 324, "cloudCover": 0.11, "uvIndex": 1, "visibility": 8.94}, {"time": 1435190400, "summary": "Clear", "icon": "clear-day", "precipIntensity": 0, "precipProbability": 0, "temperature": 79.7, "apparentTemperature": 79.73, "dewPoint": 59.5, "humidity": 0.5, "pressure": 1016.91, "windSpeed": 0.34, "windGust": 1.18, "windBearing": 320, "cloudCover": 0.12, "uvIndex": 0, "visibility": 8.79}, {"time": 1435194000, "summary": "Partly Cloudy", "icon": "partly-cloudy-night", "precipIntensity": 0, "precipProbability": 0, "temperature": 75.14, "apparentTemperature": 75.25, "dewPoint": 61.01, "humidity": 0.62, "pressure": 1016.9, "windSpeed": 0, "windGust": 0.06, "cloudCover": 0.27, "uvIndex": 0, "visibility": 10}, {"time": 1435197600, "summary": "Partly Cloudy", "icon": "partly-cloudy-night", "precipIntensity": 0, "precipProbability": 0, "temperature": 71.35, "apparentTemperature": 71.5, "dewPoint": 61.27, "humidity": 0.71, "pressure": 1017.59, "windSpeed": 0, "windGust": 0.02, "cloudCover": 0.27, "uvIndex": 0, "visibility": 9.94}, {"time": 1435201200, "summary": "Clear", "icon": "clear-night", "precipIntensity": 0, "precipProbability": 0, "temperature": 69.48, "apparentTemperature": 69.69, "dewPoint": 61.45, "humidity": 0.76, "pressure": 1018.17, "windSpeed": 0, "windGust": 0, "cloudCover": 0.12, "uvIndex": 0, "visibility": 8.73}]}, "daily": {"data": [{"time": 1435118400, "summary": "Partly cloudy in the afternoon.", "icon": "partly-cloudy-day", "sunriseTime": 1435139097, "sunsetTime": 1435192715, "moonPhase": 0.26, "precipIntensity": 0, "precipIntensityMax": 0, "precipProbability": 0, "temperatureHigh": 82.89, "temperatureHighTime": 1435179600, "temperatureLow": 63.6, "temperatureLowTime": 1435226400, "apparentTemperatureHigh": 82.99, "apparentTemperatureHighTime": 1435179600, "apparentTemperatureLow": 63.77, "apparentTemperatureLowTime": 1435226400, "dewPoint": 62.99, "humidity": 0.7, "pressure": 1016.88, "windSpeed": 1.16, "windGust": 8.61, "windGustTime": 1435172400, "windBearing": 319, "cloudCover": 0.2, "uvIndex": 8, "uvIndexTime": 1435161600, "visibility": 8.24, "temperatureMin": 65.64, "temperatureMinTime": 1435140000, "temperatureMax": 82.89, "temperatureMaxTime": 1435179600, "apparentTemperatureMin": 66.13, "apparentTemperatureMinTime": 1435140000, "apparentTemperatureMax": 82.99, "apparentTemperatureMaxTime": 1435179600}]}, "flags": {"sources": ["cmc", "gfs", "hrrr", "icon", "isd", "madis", "nam", "sref"], "nearest-station": 0.675, "units": "us"}, "offset": -4}