{"latitude": 38.912659, "longitude": -77.017669, "timezone": "America/New_York", "currently": {"time": 1437537600, "summary": "Mostly Cloudy", "icon": "partly-cloudy-night", "precipIntensity": 0, "precipProbability": 0, "temperature": 75.27, "apparentTemperature": 76.14, "dewPoint": 67.7, "humidity": 0.77, "pressure": 1006.52, "windSpeed": 0.51, "windGust": 1.03, "windBearing": 313, "cloudCover": 0.6, "uvIndex": 0, "visibility": 8.1}, "hourly": {"summary": "Partly cloudy starting in the afternoon, continuing until evening.", "icon": "partly-cloudy-day", "data": [{"time": 1437537600, "summary": "Mostly Cloudy", "icon": "partly-cloudy-night", "precipIntensity": 0, "precipProbability": 0, "temperature": 75.27, "apparentTemperature": 76.14, "dewPoint": 67.7, "humidity": 0.77, "pressure": 1006.52, "windSpeed": 0.51, "windGust": 1.03, "windBearing": 313, "cloudCover": 0.6, "uvIndex": 0, "visibility": 8.1}, {"time": 1437541200, "summary": "Clear", "icon": "clear-night", "precipIntensity": 0, "precipProbability": 0, "temperature": 74.3, "apparentTemperature": 75.08, "dewPoint": 66.85, "humidity": 0.78, "pressure": 1006.78, "windSpeed": 0.61, "windGust": 1.76, "windBearing": 330, "cloudCover": 0.15, "uvIndex": 0, "visibility": 7.97}, {"time": 1437544800, "summary": "Clear", "icon": "clear-night", "precipIntensity": 0, "precipProbability": 0, "temperature": 73.58, "apparentTemperature": 74.18, "dewPoint": 65.25, "humidity": 0.75, "pressure": 1007.4, "windSpeed": 0.87, "windGust": 3.37, "windBearing": 316, "cloudCover": 0.01, "uvIndex": 0, "visibility": 8}, {"time": 1437548400, "summary": "Clear", "icon": "clear-night", "precipIntensity": 0, "precipProbability": 0, "temperature": 72.31, "apparentTemperature": 72.76, "dewPoint": 63.88, "humidity": 0.75, "pressure": 1007.92, "windSpeed": 0.96, "windGust": 2.11, "windBearing": 318, "cloudCover": 0.04, "uvIndex": 0, "visibility": 8.92}, {"time": 1437552000, "summary": "Clear", "icon": "clear-night", "precipIntensity": 0, "precipProbability": 0, "temperature": 70.81, "apparentTemperature": 71.06, "dewPoint": 61.97, "humidity": 0.74, "pressure": 1008.58, "windSpeed": 0.65, "windGust": 2.4, "windBearing": 317, "cloudCover": 0, "uvIndex": 0, "visibility": 8.98}, {"time": 1437555600, "summary": "Clear", "icon": "clear-night", "precipIntensity": 0, "precipProbability": 0, "temperature": 68.91, "apparentTemperature": 69.04, "dewPoint": 60.74, "humidity": 0.75, "pressure": 1009.21, "windSpeed": 0.48, "windGust": 1.86, "windBearing": 311, "cloudCover": 0, "uvIndex": 0, "visibility": 7.5}, {"time": 1437559200, "summary": "Clear", "icon": "clear-night", "precipIntensity": 0, "precipProbability": 0, "temperature": 67.81, "apparentTemperature": 67.81, "dewPoint": 59.44, "humidity": 0.75, "pressure": 1009.71, "windSpeed": 0.42, "windGust": 1.43, "windBearing": 309, "cloudCover": 0.03, "uvIndex": 0, "visibility": 7.79}, {"time": 1437562800, "summary": "Clear", "icon": "clear-day", "precipIntensity": 0, "precipProbability": 0, "temperature": 66.82, "apparentTemperature": 66.82, "dewPoint": 59.29, "humidity": 0.77, "pressure": 1010.42, "windSpeed": 0.55, "windGust": 0.98, "windBearing": 308, "cloudCover": 0.03, "uvIndex": 0, "visibility": 9.52}, {"time": 1437566400, "summary": "Clear", "icon": "clear-day", "precipIntensity": 0, "precipProbability": 0, "temperature": 69.42, "apparentTemperature": 69.48, "dewPoint": 60.26, "humidity": 0.73, "pressure": 1011.17, "windSpeed": 0.87, "windGust": 2.7, "windBearing": 304, "cloudCover": 0.1, "uvIndex": 1, "visibility": 10}, {"time": 1437570000, "summary": "Clear", "icon": "clear-day", "precipIntensity": 0, "precipProbability": 0, "temperature": 72.48, "apparentTemperature": 72.48, "dewPoint": 60.02, "humidity": 0.65, "pressure": 1011.47, "windSpeed": 1.12, "windGust": 3.72, "windBearing": 314, "cloudCover": 0.01, "uvIndex": 3, "visibility": 9}, {"time": 1437573600, "summary": "Clear", "icon": "clear-day", "precipIntensity": 0, "precipProbability": 0, "temperature": 75.55, "apparentTemperature": 75.55, "dewPoint": 59.89, "humidity": 0.58, "pressure": 1011.7, "windSpeed": 1.78, "windGust": 5.14, "windBearing": 319, "cloudCover": 0.05, "uvIndex": 5, "visibility": 8.8}, {"time": 1437577200, "summary": "Clear", "icon": "clear-day", "precipIntensity": 0, "precipProbability": 0, "temperature": 78.57, "apparentTemperature": 78.57, "dewPoint": 59.04, "humidity": 0.51, "pressure": 1011.86, "windSpeed": 0.94, "windGust": 4.66, "windBearing": 318, "cloudCover": 0.05, "uvIndex": 7, "visibility": 8.11}, {"time": 1437580800, "summary": "Clear", "icon": "clear-day", "precipIntensity": 0, "precipProbability": 0, "temperature": 81.12, "apparentTemperature": 81.35, "dewPoint": 58.23, "humidity": 0.46, "pressure": 1011.53, "windSpeed": 1.14, "windGust": 5.77, "windBearing": 316, "cloudCover": 0.04, "uvIndex": 9, "visibility": 7.52}, {"time": 1437584400, "summary": "Clear", "icon": "clear-day", "precipIntensity": 0, "precipProbability": 0, "temperature": 82.8, "apparentTemperature": 82.8, "dewPoint": 57.85, "humidity": 0.43, "pressure": 1011.47, "windSpeed": 1.52, "windGust": 6.47, "windBearing": 307, "cloudCover": 0.05, "uvIndex": 10, "visibility": 7.48}, {"time": 1437588000, "summary": "Partly Cloudy", "icon": "partly-cloudy-day", "precipIntensity": 0, "precipProbability": 0, "temperature": 83.44, "apparentTemperature": 83.44, "dewPoint": 57.76, "humidity": 0.42, "pressure": 1011.08, "windSpeed": 1.63, "windGust": 7.02, "windBearing": 300, "cloudCover": 0.28, "uvIndex": 8, "visibility": 7.63}, {"time": 1437591600, "summary": "Clear", "icon": "clear-day", "precipIntensity": 0, "precipProbability": 0, "temperature": 83.95, "apparentTemperature": 83.95, "dewPoint": 57.69, "humidity": 0.41, "pressure": 1010.79, "windSpeed": 2.98, "windGust": 9.15, "windBearing": 289, "cloudCover": 0.24, "uvIndex": 7, "visibility": 7.36}, {"time": 1437595200, "summary": "Partly Cloudy", "icon": "partly-cloudy-day", "precipIntensity": 0, "precipProbability": 0, "temperature": 84.27, "apparentTemperature": 84.27, "dewPoint": 58.07, "humidity": 0.41, "pressure": 1010.78, "windSpeed": 2, "windGust": 7.71, "windBearing": 285, "cloudCover": 0.39, "uvIndex": 5, "visibility": 7.66}, {"time": 1437598800, "summary": "Partly Cloudy", "icon": "partly-cloudy-day", "precipIntensity": 0, "precipProbability": 0, "temperature": 84.07, "apparentTemperature": 84.07, "dewPoint": 58.9, "humidity": 0.43, "pressure": 1010.73, "windSpeed": 2.39, "windGust": 7.44, "windBearing": 278, "cloudCover": 0.45, "uvIndex": 3, "visibility": 7.88}, {"time": 1437602400, "summary": "Partly Cloudy", "icon": "partly-cloudy-day", "precipIntensity": 0, "precipProbability": 0, "temperature": 83.57, "apparentTemperature": 83.57, "dewPoint": 59.15, "humidity": 0.44, "pressure": 1010.93, "windSpeed": 2.17, "windGust": 6.95, "windBearing": 287, "cloudCover": 0.36, "uvIndex": 2, "visibility": 8.91}, {"time": 1437606000, "summary": "Clear", "icon": "clear-day", "precipIntensity": 0, "precipProbability": 0, "temperature": 82.64, "apparentTemperature": 82.79, "dewPoint": 59.5, "humidity": 0.46, "pressure": 1011.13, "windSpeed": 1.27, "windGust": 4.21, "windBearing": 292, "cloudCover": 0.24, "uvIndex": 0, "visibility": 7.74}, {"time": 1437609600, "summary": "Clear", "icon": "clear-day", "precipIntensity": 0, "precipProbability": 0, "temperature": 79.91, "apparentTemperature": 80.9, "dewPoint": 60.61, "humidity": 0.52, "pressure": 1011.27, "windSpeed": 0.47, "windGust": 1.7, "windBearing": 309, "cloudCover": 0.15, "uvIndex": 0, "visibility": 8.08}, {"time": 1437613200, "summary": "Clear", "icon": "clear-night", "precipIntensity": 0, "precipProbability": 0, "temperature": 76.18, "apparentTemperature": 76.24, "dewPoint": 60.48, "humidity": 0.58, "pressure": 1011.8, "windSpeed": 0.46, "windGust": 1.34, "windBearing": 339, "cloudCover": 0.19, "uvIndex": 0, "visibility": 8.84}, {"time": 1437616800, "summary": "Clear", "icon": "clear-night", "precipIntensity": 0, "precipProbability": 0, "temperature": 73.72, "apparentTemperature": 73.72, "dewPoint": 60.04, "humidity": 0.62, "pressure": 1012.51, "windSpeed": 0.44, "windGust": 0.82, "windBearing": 356, "cloudCover": 0.16, "uvIndex": 0, "visibility": 8.4}, {"time": 1437620400, "summary": "Partly Cloudy", "icon": "partly-cloudy-night", "precipIntensity": 0, "precipProbability": 0, "temperature": 71.36, "apparentTemperature": 71.37, "dewPoint": 60, "humidity": 0.67, "pressure": 1012.85, "windSpeed": 0.04, "windGust": 0.11, "windBearing": 0, "cloudCover": 0.41, "uvIndex": 0, "visibility": 8.05}]}, "daily": {"data": [{"time": 1437537600, "summary": "Partly cloudy overnight.", "icon": "partly-cloudy-night", "sunriseTime": 1437559295, "sunsetTime": 1437611385, "moonPhase": 0.21, "precipIntensity": 0, "precipIntensityMax": 0, "precipProbability": 0, "temperatureHigh": 84.27, "temperatureHighTime": 1437595200, "temperatureLow": 64.4, "temperatureLowTime": 1437649200, "apparentTemperatureHigh": 84.27, "apparentTemperatureHighTime": 1437595200, "apparentTemperatureLow": 64.4, "apparentTemperatureLowTime": 1437649200, "dewPoint": 60.53, "humidity": 0.6, "pressure": 1010.4, "windSpeed": 1.05, "windGust": 9.15, "windGustTime": 1437591600, "windBearing": 303, "cloudCover": 0.17, "uvIndex": 10, "uvIndexTime": 1437584400, "visibility": 8.26, "temperatureMin": 66.82, "temperatureMinTime": 1437562800, "temperatureMax": 84.27, "temperatureMaxTime": 1437595200, "apparentTemperatureMin": 66.82, "apparentTemperatureMinTime": 1437562800, "apparentTemperatureMax": 84.27, "apparentTemperatureMaxTime": 1437595200}]}, "flags": {"sources": ["cmc", "gfs", "hrrr", "icon", "isd", "madis", "nam", "sref"], "nearest-station": 0.675, "units": "us"}, "offset": -4}