{"latitude": 38.912659, "longitude": -77.017669, "timezone": "America/New_York", "currently": {"time": 1434340800, "summary": "Humid and Partly Cloudy", "icon": "partly-cloudy-night", "precipIntensity": 0, "precipProbability": 0, "temperature": 76.15, "apparentTemperature": 77.71, "dewPoint": 73.09, "humidity": 0.9, "pressure": 1016.3, "windSpeed": 0.08, "windGust": 0.16, "windBearing": 180, "cloudCover": 0.43, "uvIndex": 0, "visibility": 5.23}, "hourly": {"summary": "Partly cloudy until night.", "icon": "partly-cloudy-day", "data": [{"time": 1434340800, "summary": "Humid and Partly Cloudy", "icon": "partly-cloudy-night", "precipIntensity": 0, "precipProbability": 0, "temperature": 76.15, "apparentTemperature": 77.71, "dewPoint": 73.09, "humidity": 0.9, "pressure": 1016.3, "windSpeed": 0.08, "windGust": 0.16, "windBearing": 180, "cloudCover": 0.43, "uvIndex": 0, "visibility": 5.23}, {"time": 1434344400, "summary": "Humid and Partly Cloudy", "icon": "partly-cloudy-night", "precipIntensity": 0, "precipProbability": 0, "temperature": 75.75, "apparentTemperature": 77.29, "dewPoint": 72.8, "humidity": 0.91, "pressure": 1015.85, "windSpeed": 0.18, "windGust": 0.21, "windBearing": 181, "cloudCover": 0.36, "uvIndex": 0, "visibility": 5.2}, {"time": 1434348000, "summary": "Humid and Partly Cloudy", "icon": "partly-cloudy-night", "precipIntensity": 0, "precipProbability": 0, "temperature": 75.51, "apparentTemperature": 77.03, "dewPoint": 72.66, "humidity": 0.91, "pressure": 1015.6, "windSpeed": 0.28, "windGust": 0.48, "windBearing": 198, "cloudCover": 0.4, "uvIndex": 0, "visibility": 6.22}, {"time": 1434351600, "summary": "Humid and Partly Cloudy", "icon": "partly-cloudy-night", "precipIntensity": 0, "precipProbability": 0, "temperature": 75.33, "apparentTemperature": 76.87, "dewPoint": 72.73, "humidity": 0.92, "pressure": 1015.21, "windSpeed": 0.29, "windGust": 0.44, "windBearing": 214, "cloudCover": 0.38, "uvIndex": 0, "visibility": 6.38}, {"time": 1434355200, "summary": "Humid and Mostly Cloudy", "icon": "partly-cloudy-night", "precipIntensity": 0, "precipProbability": 0, "temperature": 75.32, "apparentTemperature": 76.87, "dewPoint": 72.81, "humidity": 0.92, "pressure": 1015.14, "windSpeed": 0.23, "windGust": 1.18, "windBearing": 227, "cloudCover": 0.6, "uvIndex": 0, "visibility": 5.21}, {"time": 1434358800, "summary": "Humid and Partly Cloudy", "icon": "partly-cloudy-night", "precipIntensity": 0.0002, "precipProbability": 0.05, "precipType": "rain", "temperature": 74.98, "apparentTemperature": 76.51, "dewPoint": 72.57, "humidity": 0.92, "pressure": 1015.33, "windSpeed": 0.03, "windGust": 0.33, "windBearing": 249, "cloudCover": 0.37, "uvIndex": 0, "visibility": 5.77}, {"time": 1434362400, "summary": "Humid and Foggy", "icon": "fog", "precipIntensity": 0, "precipProbability": 0, "temperature": 74.53, "apparentTemperature": 76.03, "dewPoint": 72.23, "humidity": 0.93, "pressure": 1015.31, "windSpeed": 0.03, "windGust": 0.15, "windBearing": 180, "cloudCover": 0.27, "uvIndex": 0, "visibility": 1.98}, {"time": 1434366000, "summary": "Humid and Mostly Cloudy", "icon": "partly-cloudy-day", "precipIntensity": 0, "precipProbability": 0, "temperature": 74.67, "apparentTemperature": 76.18, "dewPoint": 72.3, "humidity": 0.92, "pressure": 1015.55, "windSpeed": 0.2, "windGust": 1.44, "windBearing": 303, "cloudCover": 0.61, "uvIndex": 0, "visibility": 6.01}, {"time": 1434369600, "summary": "Humid and Mostly Cloudy", "icon": "partly-cloudy-day", "precipIntensity": 0, "precipProbability": 0, "temperature": 75.45, "apparentTemperature": 76.95, "dewPoint": 72.5, "humidity": 0.91, "pressure": 1015.85, "windSpeed": 0.58, "windGust": 1.71, "windBearing": 312, "cloudCover": 0.72, "uvIndex": 1, "visibility": 8.05}, {"time": 1434373200, "summary": "Humid and Partly Cloudy", "icon": "partly-cloudy-day", "precipIntensity": 0, "precipProbability": 0, "temperature": 77.4, "apparentTemperature": 78.86, "dewPoint": 72.73, "humidity": 0.86, "pressure": 1016, "windSpeed": 0.7, "windGust": 2.73, "windBearing": 292, "cloudCover": 0.34, "uvIndex": 3, "visibility": 8.2}, {"time": 1434376800, "summary": "Humid", "icon": "clear-day", "precipIntensity": 0, "precipProbability": 0, "temperature": 79.01, "apparentTemperature": 82.31, "dewPoint": 72.79, "humidity": 0.81, "pressure": 1015.68, "windSpeed": 0.87, "windGust": 3.24, "windBearing": 278, "cloudCover": 0.21, "uvIndex": 5, "visibility": 8.15}, {"time": 1434380400, "summary": "Humid and Partly Cloudy", "icon": "partly-cloudy-day", "precipIntensity": 0, "precipProbability": 0, "temperature": 79.88, "apparentTemperature": 83.84, "dewPoint": 72.74, "humidity": 0.79, "pressure": 1015.89, "windSpeed": 0.93, "windGust": 3.01, "windBearing": 293, "cloudCover": 0.32, "uvIndex": 7, "visibility": 7.77}, {"time": 1434384000, "summary": "Humid and Partly Cloudy", "icon": "partly-cloudy-day", "precipIntensity": 0, "precipProbability": 0, "temperature": 81.27, "apparentTemperature": 86.16, "dewPoint": 72.81, "humidity": 0.76, "pressure": 1015.73, "windSpeed": 1.22, "windGust": 3.88, "windBearing": 284, "cloudCover": 0.27, "uvIndex": 8, "visibility": 7.59}, {"time": 1434387600, "summary": "Humid and Partly Cloudy", "icon": "partly-cloudy-day", "precipIntensity": 0, "precipProbability": 0, "temperature": 83.51, "apparentTemperature": 89.77, "dewPoint": 73.14, "humidity": 0.71, "pressure": 1015.52, "windSpeed": 1.65, "windGust": 5.69, "windBearing": 289, "cloudCover": 0.27, "uvIndex": 9, "visibility": 8.21}, {"time": 1434391200, "summary": "Humid and Partly Cloudy", "icon": "partly-cloudy-day", "precipIntensity": 0, "precipProbability": 0, "temperature": 86.5, "apparentTemperature": 94.22, "dewPoint": 73.46, "humidity": 0.65, "pressure": 1015.17, "windSpeed": 2.25, "windGust": 7.18, "windBearing": 302, "cloudCover": 0.4, "uvIndex": 8, "visibility": 8.62}, {"time": 1434394800, "summary": "Humid and Partly Cloudy", "icon": "partly-cloudy-day", "precipIntensity": 0, "precipProbability": 0, "temperature": 87.54, "apparentTemperature": 95.54, "dewPoint": 73.38, "humidity": 0.63, "pressure": 1014.65, "windSpeed": 2.02, "windGust": 6.71, "windBearing": 299, "cloudCover": 0.37, "uvIndex": 7, "visibility": 7.71}, {"time": 1434398400, "summary": "Humid and Partly Cloudy", "icon": "partly-cloudy-day", "precipIntensity": 0, "precipProbability": 0, "temperature": 88.63, "apparentTemperature": 96.9, "dewPoint": 73.31, "humidity": 0.61, "pressure": 1013.96, "windSpeed": 2.03, "windGust": 6.3, "windBearing": 288, "cloudCover": 0.43, "uvIndex": 5, "visibility": 7.56}, {"time": 1434402000, "summary": "Humid and Partly Cloudy", "icon": "partly-cloudy-day", "precipIntensity": 0, "precipProbability": 0, "temperature": 88.78, "apparentTemperature": 96.93, "dewPoint": 73.14, "humidity": 0.6, "pressure": 1013.47, "windSpeed": 1.6, "windGust": 4.17, "windBearing": 283, "cloudCover": 0.33, "uvIndex": 3, "visibility": 8.25}, {"time": 1434405600, "summary": "Humid and Mostly Cloudy", "icon": "partly-cloudy-day", "precipIntensity": 0.0017, "precipProbability": 0.18, "precipType": "rain", "temperature": 85.37, "apparentTemperature": 92.82, "dewPoint": 73.62, "humidity": 0.68, "pressure": 1013.31, "windSpeed": 1.65, "windGust": 5.89, "windBearing": 315, "cloudCover": 0.64, "uvIndex": 2, "visibility": 7.11}, {"time": 1434409200, "summary": "Humid and Mostly Cloudy", "icon": "partly-cloudy-day", "precipIntensity": 0.0104, "precipProbability": 0.5, "precipType": "rain", "temperature": 79.89, "apparentTemperature": 83.99, "dewPoint": 73.15, "humidity": 0.8, "pressure": 1013.63, "windSpeed": 0.59, "windGust": 2.64, "windBearing": 316, "cloudCover": 0.67, "uvIndex": 1, "visibility": 6.76}, {"time": 1434412800, "summary": "Humid and Partly Cloudy", "icon": "partly-cloudy-day", "precipIntensity": 0.0009, "precipProbability": 0.18, "precipType": "rain", "temperature": 79.23, "apparentTemperature": 82.79, "dewPoint": 73.07, "humidity": 0.82, "pressure": 1013.27, "windSpeed": 0.17, "windGust": 1.15, "windBearing": 286, "cloudCover": 0.3, "uvIndex": 0, "visibility": 8.76}, {"time": 1434416400, "summary": "Humid and Partly Cloudy", "icon": "partly-cloudy-night", "precipIntensity": 0, "precipProbability": 0, "temperature": 77.98, "apparentTemperature": 79.39, "dewPoint": 72.47, "humidity": 0.83, "pressure": 1014.13, "windSpeed": 0.17, "windGust": 0.77, "windBearing": 228, "cloudCover": 0.42, "uvIndex": 0, "visibility": 7.88}, {"time": 1434420000, "summary": "Humid and Partly Cloudy", "icon": "partly-cloudy-night", "precipIntensity": 0, "precipProbability": 0, "temperature": 76.73, "apparentTemperature": 78.12, "dewPoint": 72.07, "humidity": 0.86, "pressure": 1014.19, "windSpeed": 0.08, "windGust": 0.38, "windBearing": 251, "cloudCover": 0.31, "uvIndex": 0, "visibility": 7.96}, {"time": 1434423600, "summary": "Clear", "icon": "clear-night", "precipIntensity": 0, "precipProbability": 0, "temperature": 75.67, "apparentTemperature": 77.07, "dewPoint": 71.84, "humidity": 0.88, "pressure": 1014.42, "windSpeed": 0.17, "windGust": 0.48, "windBearing": 232, "cloudCover": 0.17, "uvIndex": 0, "visibility": 7.87}]}, "daily": {"data": [{"time": 1434340800, "summary": "Humid and partly cloudy throughout the day.", "icon": "partly-cloudy-day", "sunriseTime": 1434361411, "sunsetTime": 1434414982, "moonPhase": 0.97, "precipIntensity": 0.0006, "precipIntensityMax": 0.0104, "precipIntensityMaxTime": 1434409200, "precipProbability": 0.5, "precipType": "rain", "temperatureHigh": 88.78, "temperatureHighTime": 1434402000, "temperatureLow": 72.93, "temperatureLowTime": 1434448800, "apparentTemperatureHigh": 96.93, "apparentTemperatureHighTime": 1434402000, "apparentTemperatureLow": 74.22, "apparentTemperatureLowTime": 1434448800, "dewPoint": 72.81, "humidity": 0.81, "pressure": 1014.96, "windSpeed": 0.68, "windGust": 7.18, "windGustTime": 1434391200, "windBearing": 290, "cloudCover": 0.4, "uvIndex": 9, "uvIndexTime": 1434387600, "visibility": 7.02, "temperatureMin": 74.53, "temperatureMinTime": 1434362400, "temperatureMax": 88.78, "temperatureMaxTime": 1434402000, "apparentTemperatureMin": 76.03, "apparentTemperatureMinTime": 1434362400, "apparentTemperatureMax": 96.93, "apparentTemperatureMaxTime": 1434402000}]}, "flags": {"sources": ["cmc", "gfs", "hrrr", "icon", "isd", "madis", "nam", "sref"], "nearest-station": 0.675, "units": "us"}, "offset": -4}