{"latitude": 38.912659, "longitude": -77.017669, "timezone": "America/New_York", "currently": {"time": 1426996800, "summary": "Partly Cloudy", "icon": "partly-cloudy-night", "precipIntensity": 0, "precipProbability": 0, "temperature": 48.31, "apparentTemperature": 48.31, "dewPoint": 38.58, "humidity": 0.69, "pressure": 1014.84, "windSpeed": 0.1, "windGust": 0.88, "windBearing": 281, "cloudCover": 0.33, "uvIndex": 0, "visibility": 7.23}, "hourly": {"summary": "Partly cloudy overnight.", "icon": "partly-cloudy-night", "data": [{"time": 1426996800, "summary": "Partly Cloudy", "icon": "partly-cloudy-night", "precipIntensity": 0, "precipProbability": 0, "temperature": 48.31, "apparentTemperature": 48.31, "dewPoint": 38.58, "humidity": 0.69, "pressure": 1014.84, "windSpeed": 0.1, "windGust": 0.88, "windBearing": 281, "cloudCover": 0.33, "uvIndex": 0, "visibility": 7.23}, {"time": 1427000400, "summary": "Partly Cloudy", "icon": "partly-cloudy-night", "precipIntensity": 0, "precipProbability": 0, "temperature": 48.66, "apparentTemperature": 48.66, "dewPoint": 39.13, "humidity": 0.69, "pressure": 1015.57, "windSpeed": 1.35, "windGust": 5.64, "windBearing": 342, "cloudCover": 0.39, "uvIndex": 0, "visibility": 6.78}, {"time": 1427004000, "summary": "Partly Cloudy", "icon": "partly-cloudy-night", "precipIntensity": 0, "precipProbability": 0, "temperature": 48.87, "apparentTemperature": 48.87, "dewPoint": 38.84, "humidity": 0.68, "pressure": 1016.29, "windSpeed": 1.86, "windGust": 6.49, "windBearing": 344, "cloudCover": 0.55, "uvIndex": 0, "visibility": 7.16}, {"time": 1427007600, "summary": "Partly Cloudy", "icon": "partly-cloudy-night", "precipIntensity": 0, "precipProbability": 0, "temperature": 47.52, "apparentTemperature": 47.52, "dewPoint": 37.16, "humidity": 0.67, "pressure": 1016.87, "windSpeed": 2.41, "windGust": 6.89, "windBearing": 337, "cloudCover": 0.33, "uvIndex": 0, "visibility": 7.36}, {"time": 1427011200, "summary": "Clear", "icon": "clear-night", "precipIntensity": 0, "precipProbability": 0, "temperature": 45.64, "apparentTemperature": 45.64, "dewPoint": 34.73, "humidity": 0.65, "pressure": 1017.24, "windSpeed": 1.82, "windGust": 5.66, "windBearing": 340, "cloudCover": 0.07, "uvIndex": 0, "visibility": 8.19}, {"time": 1427014800, "summary": "Clear", "icon": "clear-night", "precipIntensity": 0, "precipProbability": 0, "temperature": 44.03, "apparentTemperature": 44.03, "dewPoint": 32.97, "humidity": 0.65, "pressure": 1017.6, "windSpeed": 1.38, "windGust": 4.05, "windBearing": 337, "cloudCover": 0.18, "uvIndex": 0, "visibility": 8.01}, {"time": 1427018400, "summary": "Clear", "icon": "clear-night", "precipIntensity": 0, "precipProbability": 0, "temperature": 42.94, "apparentTemperature": 42.94, "dewPoint": 31.93, "humidity": 0.65, "pressure": 1018.06, "windSpeed": 1.62, "windGust": 4.61, "windBearing": 341, "cloudCover": 0.21, "uvIndex": 0, "visibility": 8.32}, {"time": 1427022000, "summary": "Clear", "icon": "clear-night", "precipIntensity": 0, "precipProbability": 0, "temperature": 41.91, "apparentTemperature": 41.91, "dewPoint": 30.52, "humidity": 0.64, "pressure": 1018.72, "windSpeed": 1.89, "windGust": 5.21, "windBearing": 344, "cloudCover": 0.19, "uvIndex": 0, "visibility": 8.4}, {"time": 1427025600, "summary": "Clear", "icon": "clear-day", "precipIntensity": 0, "precipProbability": 0, "temperature": 41.33, "apparentTemperature": 41.33, "dewPoint": 29.64, "humidity": 0.63, "pressure": 1019.49, "windSpeed": 1.76, "windGust": 5.27, "windBearing": 332, "cloudCover": 0.21, "uvIndex": 0, "visibility": 8.29}, {"time": 1427029200, "summary": "Clear", "icon": "clear-day", "precipIntensity": 0, "precipProbability": 0, "temperature": 42.64, "apparentTemperature": 40.62, "dewPoint": 29.15, "humidity": 0.59, "pressure": 1020.29, "windSpeed": 3.72, "windGust": 9.33, "windBearing": 335, "cloudCover": 0.24, "uvIndex": 1, "visibility": 8.28}, {"time": 1427032800, "summary": "Clear", "icon": "clear-day", "precipIntensity": 0, "precipProbability": 0, "temperature": 44.74, "apparentTemperature": 42.48, "dewPoint": 27.62, "humidity": 0.51, "pressure": 1020.65, "windSpeed": 4.4, "windGust": 11.88, "windBearing": 332, "cloudCover": 0.2, "uvIndex": 2, "visibility": 8.28}, {"time": 1427036400, "summary": "Partly Cloudy", "icon": "partly-cloudy-day", "precipIntensity": 0, "precipProbability": 0, "temperature": 46.46, "apparentTemperature": 44.44, "dewPoint": 24.01, "humidity": 0.41, "pressure": 1020.97, "windSpeed": 4.45, "windGust": 12.04, "windBearing": 326, "cloudCover": 0.25, "uvIndex": 4, "visibility": 7.9}, {"time": 1427040000, "summary": "Clear", "icon": "clear-day", "precipIntensity": 0, "precipProbability": 0, "temperature": 48, "apparentTemperature": 46.59, "dewPoint": 21.85, "humidity": 0.35, "pressure": 1020.92, "windSpeed": 3.97, "windGust": 12.1, "windBearing": 323, "cloudCover": 0.24, "uvIndex": 5, "visibility": 8.63}, {"time": 1427043600, "summary": "Clear", "icon": "clear-day", "precipIntensity": 0, "precipProbability": 0, "temperature": 49.2, "apparentTemperature": 47.72, "dewPoint": 20.09, "humidity": 0.31, "pressure": 1020.36, "windSpeed": 4.31, "windGust": 12.17, "windBearing": 318, "cloudCover": 0.2, "uvIndex": 6, "visibility": 8.32}, {"time": 1427047200, "summary": "Clear", "icon": "clear-day", "precipIntensity": 0, "precipProbability": 0, "temperature": 50.48, "apparentTemperature": 50.48, "dewPoint": 18.91, "humidity": 0.28, "pressure": 1019.73, "windSpeed": 3.83, "windGust": 11.93, "windBearing": 327, "cloudCover": 0.2, "uvIndex": 6, "visibility": 8.63}, {"time": 1427050800, "summary": "Clear", "icon": "clear-day", "precipIntensity": 0, "precipProbability": 0, "temperature": 51.68, "apparentTemperature": 51.68, "dewPoint": 18.62, "humidity": 0.27, "pressure": 1018.83, "windSpeed": 3.57, "windGust": 10.6, "windBearing": 322, "cloudCover": 0.2, "uvIndex": 5, "visibility": 8.58}, {"time": 1427054400, "summary": "Clear", "icon": "clear-day", "precipIntensity": 0, "precipProbability": 0, "temperature": 52.77, "apparentTemperature": 52.77, "dewPoint": 17.78, "humidity": 0.25, "pressure": 1018.33, "windSpeed": 3.57, "windGust": 10.25, "windBearing": 320, "cloudCover": 0.24, "uvIndex": 3, "visibility": 8.63}, {"time": 1427058000, "summary": "Clear", "icon": "clear-day", "precipIntensity": 0, "precipProbability": 0, "temperature": 53.47, "apparentTemperature": 53.47, "dewPoint": 16.76, "humidity": 0.23, "pressure": 1017.85, "windSpeed": 3.13, "windGust": 9.35, "windBearing": 319, "cloudCover": 0.12, "uvIndex": 2, "visibility": 8.75}, {"time": 1427061600, "summary": "Clear", "icon": "clear-day", "precipIntensity": 0, "precipProbability": 0, "temperature": 53.26, "apparentTemperature": 53.26, "dewPoint": 15.78, "humidity": 0.22, "pressure": 1017.82, "windSpeed": 2.91, "windGust": 8.15, "windBearing": 320, "cloudCover": 0.19, "uvIndex": 0, "visibility": 9.1}, {"time": 1427065200, "summary": "Partly Cloudy", "icon": "partly-cloudy-day", "precipIntensity": 0, "precipProbability": 0, "temperature": 51.31, "apparentTemperature": 51.31, "dewPoint": 15.63, "humidity": 0.24, "pressure": 1018.07, "windSpeed": 0.69, "windGust": 3.1, "windBearing": 333, "cloudCover": 0.37, "uvIndex": 0, "visibility": 8.62}, {"time": 1427068800, "summary": "Partly Cloudy", "icon": "partly-cloudy-night", "precipIntensity": 0, "precipProbability": 0, "temperature": 48.2, "apparentTemperature": 48.2, "dewPoint": 17.43, "humidity": 0.29, "pressure": 1018.28, "windSpeed": 0.24, "windGust": 1.04, "windBearing": 355, "cloudCover": 0.3, "uvIndex": 0, "visibility": 9.44}, {"time": 1427072400, "summary": "Partly Cloudy", "icon": "partly-cloudy-night", "precipIntensity": 0, "precipProbability": 0, "temperature": 45.18, "apparentTemperature": 45.18, "dewPoint": 18.42, "humidity": 0.34, "pressure": 1018.97, "windSpeed": 0.28, "windGust": 1.37, "windBearing": 353, "cloudCover": 0.59, "uvIndex": 0, "visibility": 8.34}, {"time": 1427076000, "summary": "Clear", "icon": "clear-night", "precipIntensity": 0, "precipProbability": 0, "temperature": 44.02, "apparentTemperature": 44.02, "dewPoint": 17.57, "humidity": 0.34, "pressure": 1019.79, "windSpeed": 0.19, "windGust": 1.44, "windBearing": 1, "cloudCover": 0.2, "uvIndex": 0, "visibility": 9.39}, {"time": 1427079600, "summary": "Clear", "icon": "clear-night", "precipIntensity": 0, "precipProbability": 0, "temperature": 42.45, "apparentTemperature": 42.45, "dewPoint": 18.08, "humidity": 0.37, "pressure": 1020.27, "windSpeed": 0.3, "windGust": 1.63, "windBearing": 349, "cloudCover": 0.14, "uvIndex": 0, "visibility": 9.35}]}, "daily": {"data": [{"time": 1426996800, "summary": "Partly cloudy starting in the evening.", "icon": "partly-cloudy-night", "sunriseTime": 1427022582, "sunsetTime": 1427066559, "moonPhase": 0.09, "precipIntensity": 0, "precipIntensityMax": 0, "precipProbability": 0, "temperatureHigh": 53.47, "temperatureHighTime": 1427058000, "temperatureLow": 32.45, "temperatureLowTime": 1427112000, "apparentTemperatureHigh": 53.47, "apparentTemperatureHighTime": 1427058000, "apparentTemperatureLow": 32.45, "apparentTemperatureLowTime": 1427112000, "dewPoint": 25.47, "humidity": 0.46, "pressure": 1018.57, "windSpeed": 2.21, "windGust": 12.17, "windGustTime": 1427043600, "windBearing": 329, "cloudCover": 0.26, "uvIndex": 6, "uvIndexTime": 1427043600, "visibility": 8.33, "temperatureMin": 41.33, "temperatureMinTime": 1427025600, "temperatureMax": 53.47, "temperatureMaxTime": 1427058000, "apparentTemperatureMin": 40.62, "apparentTemperatureMinTime": 1427029200, "apparentTemperatureMax": 53.47, "apparentTemperatureMaxTime": 1427058000}]}, "flags": {"sources": ["cmc", "gfs", "hrrr", "icon", "isd", "madis", "nam", "sref"], "nearest-station": 0.675, "units": "us"}, "offset": -4}