{"latitude": 38.912659, "longitude": -77.017669, "timezone": "America/New_York", "currently": {"time": 1457672400, "summary": "Partly Cloudy", "icon": "partly-cloudy-night", "precipIntensity": 0, "precipProbability": 0, "temperature": 70.95, "apparentTemperature": 70.95, "dewPoint": 55.62, "humidity": 0.58, "pressure": 1013.73, "windSpeed": 3.02, "windGust": 9.49, "windBearing": 236, "cloudCover": 0.25, "uvIndex": 0, "visibility": 8.13}, "hourly": {"summary": "Partly cloudy until night.", "icon": "partly-cloudy-day", "data": [{"time": 1457672400, "summary": "Partly Cloudy", "icon": "partly-cloudy-night", "precipIntensity": 0, "precipProbability": 0, "temperature": 70.95, "apparentTemperature": 70.95, "dewPoint": 55.62, "humidity": 0.58, "pressure": 1013.73, "windSpeed": 3.02, "windGust": 9.49, "windBearing": 236, "cloudCover": 0.25, "uvIndex": 0, "visibility": 8.13}, {"time": 1457676000, "summary": "Partly Cloudy", "icon": "partly-cloudy-night", "precipIntensity": 0, "precipProbability": 0, "temperature": 70.29, "apparentTemperature": 70.29, "dewPoint": 55.5, "humidity": 0.59, "pressure": 1013.58, "windSpeed": 1.6, "windGust": 5.88, "windBearing": 245, "cloudCover": 0.33, "uvIndex": 0, "visibility": 7.76}, {"time": 1457679600, "summary": "Partly Cloudy", "icon": "partly-cloudy-night", "precipIntensity": 0, "precipProbability": 0, "temperature": 69.09, "apparentTemperature": 69.09, "dewPoint": 55.39, "humidity": 0.62, "pressure": 1013.32, "windSpeed": 0.84, "windGust": 3.44, "windBearing": 249, "cloudCover": 0.44, "uvIndex": 0, "visibility": 7.74}, {"time": 1457683200, "summary": "Mostly Cloudy", "icon": "partly-cloudy-night", "precipIntensity": 0, "precipProbability": 0, "temperature": 67.9, "apparentTemperature": 67.9, "dewPoint": 55.45, "humidity": 0.64, "pressure": 1013.82, "windSpeed": 0.93, "windGust": 2.98, "windBearing": 280, "cloudCover": 0.8, "uvIndex": 0, "visibility": 8.94}, {"time": 1457686800, "summary": "Overcast", "icon": "cloudy", "precipIntensity": 0, "precipProbability": 0, "temperature": 67.14, "apparentTemperature": 67.14, "dewPoint": 55.45, "humidity": 0.66, "pressure": 1014.4, "windSpeed": 0.39, "windGust": 1.86, "windBearing": 278, "cloudCover": 0.97, "uvIndex": 0, "visibility": 7.83}, {"time": 1457690400, "summary": "Overcast", "icon": "cloudy", "precipIntensity": 0, "precipProbability": 0, "temperature": 66.27, "apparentTemperature": 66.27, "dewPoint": 55.4, "humidity": 0.68, "pressure": 1014.9, "windSpeed": 0.5, "windGust": 2.79, "windBearing": 302, "cloudCover": 1, "uvIndex": 0, "visibility": 9.49}, {"time": 1457694000, "summary": "Overcast", "icon": "cloudy", "precipIntensity": 0, "precipProbability": 0, "temperature": 63.99, "apparentTemperature": 63.99, "dewPoint": 52.67, "humidity": 0.67, "pressure": 1017, "windSpeed": 4.92, "windGust": 14.72, "windBearing": 350, "cloudCover": 1, "uvIndex": 0, "visibility": 9}, {"time": 1457697600, "summary": "Overcast", "icon": "cloudy", "precipIntensity": 0, "precipProbability": 0, "temperature": 60.3, "apparentTemperature": 60.3, "dewPoint": 51.25, "humidity": 0.72, "pressure": 1019.08, "windSpeed": 2.39, "windGust": 6.94, "windBearing": 7, "cloudCover": 1, "uvIndex": 0, "visibility": 8.56}, {"time": 1457701200, "summary": "Overcast", "icon": "cloudy", "precipIntensity": 0, "precipProbability": 0, "temperature": 60.1, "apparentTemperature": 60.1, "dewPoint": 51.48, "humidity": 0.73, "pressure": 1019.6, "windSpeed": 0.67, "windGust": 3.51, "windBearing": 355, "cloudCover": 1, "uvIndex": 1, "visibility": 8.5}, {"time": 1457704800, "summary": "Overcast", "icon": "cloudy", "precipIntensity": 0, "precipProbability": 0, "temperature": 60.49, "apparentTemperature": 60.49, "dewPoint": 51.69, "humidity": 0.73, "pressure": 1021.31, "windSpeed": 1.17, "windGust": 3.97, "windBearing": 336, "cloudCover": 0.98, "uvIndex": 2, "visibility": 8.65}, {"time": 1457708400, "summary": "Mostly Cloudy", "icon": "partly-cloudy-day", "precipIntensity": 0, "precipProbability": 0, "temperature": 62.81, "apparentTemperature": 62.81, "dewPoint": 51.95, "humidity": 0.68, "pressure": 1021.62, "windSpeed": 1.99, "windGust": 6.73, "windBearing": 335, "cloudCover": 0.71, "uvIndex": 3, "visibility": 8.75}, {"time": 1457712000, "summary": "Partly Cloudy", "icon": "partly-cloudy-day", "precipIntensity": 0, "precipProbability": 0, "temperature": 65.61, "apparentTemperature": 65.61, "dewPoint": 51.84, "humidity": 0.61, "pressure": 1021.78, "windSpeed": 3.19, "windGust": 8.84, "windBearing": 325, "cloudCover": 0.42, "uvIndex": 4, "visibility": 8.58}, {"time": 1457715600, "summary": "Partly Cloudy", "icon": "partly-cloudy-day", "precipIntensity": 0, "precipProbability": 0, "temperature": 67.78, "apparentTemperature": 67.78, "dewPoint": 51.07, "humidity": 0.55, "pressure": 1022.5, "windSpeed": 3.34, "windGust": 9.26, "windBearing": 318, "cloudCover": 0.58, "uvIndex": 5, "visibility": 8.58}, {"time": 1457719200, "summary": "Mostly Cloudy", "icon": "partly-cloudy-day", "precipIntensity": 0, "precipProbability": 0, "temperature": 69.5, "apparentTemperature": 69.5, "dewPoint": 49.51, "humidity": 0.49, "pressure": 1022.07, "windSpeed": 2.81, "windGust": 8.48, "windBearing": 313, "cloudCover": 0.6, "uvIndex": 4, "visibility": 8.21}, {"time": 1457722800, "summary": "Clear", "icon": "clear-day", "precipIntensity": 0, "precipProbability": 0, "temperature": 70.65, "apparentTemperature": 70.65, "dewPoint": 47.97, "humidity": 0.45, "pressure": 1021.85, "windSpeed": 2.92, "windGust": 8.55, "windBearing": 312, "cloudCover": 0.24, "uvIndex": 4, "visibility": 8.2}, {"time": 1457726400, "summary": "Partly Cloudy", "icon": "partly-cloudy-day", "precipIntensity": 0, "precipProbability": 0, "temperature": 72.04, "apparentTemperature": 72.04, "dewPoint": 46.37, "humidity": 0.4, "pressure": 1022.02, "windSpeed": 2.77, "windGust": 9.05, "windBearing": 322, "cloudCover": 0.33, "uvIndex": 3, "visibility": 8.27}, {"time": 1457730000, "summary": "Partly Cloudy", "icon": "partly-cloudy-day", "precipIntensity": 0, "precipProbability": 0, "temperature": 71.89, "apparentTemperature": 71.89, "dewPoint": 44.37, "humidity": 0.37, "pressure": 1022.29, "windSpeed": 2.6, "windGust": 8.17, "windBearing": 324, "cloudCover": 0.29, "uvIndex": 1, "visibility": 8.42}, {"time": 1457733600, "summary": "Clear", "icon": "clear-day", "precipIntensity": 0, "precipProbability": 0, "temperature": 70.62, "apparentTemperature": 70.62, "dewPoint": 42.92, "humidity": 0.37, "pressure": 1023.05, "windSpeed": 2.21, "windGust": 6.49, "windBearing": 342, "cloudCover": 0.2, "uvIndex": 0, "visibility": 8.06}, {"time": 1457737200, "summary": "Partly Cloudy", "icon": "partly-cloudy-day", "precipIntensity": 0, "precipProbability": 0, "temperature": 68.45, "apparentTemperature": 68.45, "dewPoint": 41.79, "humidity": 0.38, "pressure": 1023.55, "windSpeed": 0.82, "windGust": 3.78, "windBearing": 354, "cloudCover": 0.25, "uvIndex": 0, "visibility": 8.7}, {"time": 1457740800, "summary": "Partly Cloudy", "icon": "partly-cloudy-night", "precipIntensity": 0, "precipProbability": 0, "temperature": 64.38, "apparentTemperature": 64.38, "dewPoint": 40.22, "humidity": 0.41, "pressure": 1024.75, "windSpeed": 0.45, "windGust": 1.41, "windBearing": 10, "cloudCover": 0.27, "uvIndex": 0, "visibility": 10}, {"time": 1457744400, "summary": "Partly Cloudy", "icon": "partly-cloudy-night", "precipIntensity": 0, "precipProbability": 0, "temperature": 61.28, "apparentTemperature": 61.28, "dewPoint": 39.04, "humidity": 0.44, "pressure": 1025.82, "windSpeed": 0.43, "windGust": 1.18, "windBearing": 30, "cloudCover": 0.26, "uvIndex": 0, "visibility": 10}, {"time": 1457748000, "summary": "Clear", "icon": "clear-night", "precipIntensity": 0, "precipProbability": 0, "temperature": 59.27, "apparentTemperature": 59.27, "dewPoint": 37.57, "humidity": 0.44, "pressure": 1025.86, "windSpeed": 0.54, "windGust": 2.02, "windBearing": 44, "cloudCover": 0.24, "uvIndex": 0, "visibility": 10}, {"time": 1457751600, "summary": "Partly Cloudy", "icon": "partly-cloudy-night", "precipIntensity": 0, "precipProbability": 0, "temperature": 57.6, "apparentTemperature": 57.6, "dewPoint": 36.53, "humidity": 0.45, "pressure": 1026.29, "windSpeed": 0.5, "windGust": 2.4, "windBearing": 42, "cloudCover": 0.25, "uvIndex": 0, "visibility": 8.54}, {"time": 1457755200, "summary": "Partly Cloudy", "icon": "partly-cloudy-night", "precipIntensity": 0, "precipProbability": 0, "temperature": 55.44, "apparentTemperature": 55.44, "dewPoint": 35.31, "humidity": 0.47, "pressure": 1027.02, "windSpeed": 0.24, "windGust": 0.94, "windBearing": 68, "cloudCover": 0.32, "uvIndex": 0, "visibility": 7.66}]}, "daily": {"data": [{"time": 1457672400, "summary": "Mostly cloudy throughout the day.", "icon": "partly-cloudy-day", "sunriseTime": 1457695547, "sunsetTime": 1457737963, "moonPhase": 0.1, "precipIntensity": 0, "precipIntensityMax": 0, "precipProbability": 0, "temperatureHigh": 72.04, "temperatureHighTime": 1457726400, "temperatureLow": 46.51, "temperatureLowTime": 1457776800, "apparentTemperatureHigh": 72.04, "apparentTemperatureHighTime": 1457726400, "apparentTemperatureLow": 46.51, "apparentTemperatureLowTime": 1457776800, "dewPoint": 48.18, "humidity": 0.55, "pressure": 1020.47, "windSpeed": 1.37, "windGust": 14.72, "windGustTime": 1457694000, "windBearing": 324, "cloudCover": 0.53, "uvIndex": 5, "uvIndexTime": 1457715600, "visibility": 8.61, "temperatureMin": 55.44, "temperatureMinTime": 1457755200, "temperatureMax": 72.04, "temperatureMaxTime": 1457726400, "apparentTemperatureMin": 55.44, "apparentTemperatureMinTime": 1457755200, "apparentTemperatureMax": 72.04, "apparentTemperatureMaxTime": 1457726400}]}, "flags": {"sources": ["cmc", "gfs", "hrrr", "icon", "isd", "madis", "nam", "sref"], "nearest-station": 1.106, "units": "us"}, "offset": -5}