{"latitude": 38.912659, "longitude": -77.017669, "timezone": "America/New_York", "currently": {"time": 1461643200, "summary": "Partly Cloudy", "icon": "partly-cloudy-night", "precipIntensity": 0, "precipProbability": 0, "temperature": 65.83, "apparentTemperature": 65.83, "dewPoint": 57.02, "humidity": 0.73, "pressure": 1008.76, "windSpeed": 0.48, "windGust": 1.67, "windBearing": 178, "cloudCover": 0.32, "uvIndex": 0, "visibility": 7.75}, "hourly": {"summary": "Partly cloudy starting in the afternoon, continuing until night.", "icon": "partly-cloudy-day", "data": [{"time": 1461643200, "summary": "Partly Cloudy", "icon": "partly-cloudy-night", "precipIntensity": 0, "precipProbability": 0, "temperature": 65.83, "apparentTemperature": 65.83, "dewPoint": 57.02, "humidity": 0.73, "pressure": 1008.76, "windSpeed": 0.48, "windGust": 1.67, "windBearing": 178, "cloudCover": 0.32, "uvIndex": 0, "visibility": 7.75}, {"time": 1461646800, "summary": "Partly Cloudy", "icon": "partly-cloudy-night", "precipIntensity": 0, "precipProbability": 0, "temperature": 66, "apparentTemperature": 66, "dewPoint": 56.85, "humidity": 0.72, "pressure": 1008.64, "windSpeed": 0.76, "windGust": 1.68, "windBearing": 195, "cloudCover": 0.46, "uvIndex": 0, "visibility": 8.24}, {"time": 1461650400, "summary": "Partly Cloudy", "icon": "partly-cloudy-night", "precipIntensity": 0, "precipProbability": 0, "temperature": 66.6, "apparentTemperature": 66.6, "dewPoint": 56.35, "humidity": 0.7, "pressure": 1007.88, "windSpeed": 0.83, "windGust": 2.68, "windBearing": 200, "cloudCover": 0.49, "uvIndex": 0, "visibility": 7.55}, {"time": 1461654000, "summary": "Partly Cloudy", "icon": "partly-cloudy-night", "precipIntensity": 0, "precipProbability": 0, "temperature": 67.18, "apparentTemperature": 67.18, "dewPoint": 55.99, "humidity": 0.67, "pressure": 1007.64, "windSpeed": 0.89, "windGust": 3.6, "windBearing": 221, "cloudCover": 0.28, "uvIndex": 0, "visibility": 8.31}, {"time": 1461657600, "summary": "Clear", "icon": "clear-night", "precipIntensity": 0, "precipProbability": 0, "temperature": 66.74, "apparentTemperature": 66.74, "dewPoint": 55.8, "humidity": 0.68, "pressure": 1007.32, "windSpeed": 0.96, "windGust": 2.93, "windBearing": 212, "cloudCover": 0.18, "uvIndex": 0, "visibility": 8.55}, {"time": 1461661200, "summary": "Clear", "icon": "clear-night", "precipIntensity": 0, "precipProbability": 0, "temperature": 65.73, "apparentTemperature": 65.73, "dewPoint": 55.5, "humidity": 0.7, "pressure": 1007.34, "windSpeed": 0.91, "windGust": 3.06, "windBearing": 230, "cloudCover": 0.06, "uvIndex": 0, "visibility": 8.21}, {"time": 1461664800, "summary": "Clear", "icon": "clear-night", "precipIntensity": 0, "precipProbability": 0, "temperature": 64.94, "apparentTemperature": 64.94, "dewPoint": 55.47, "humidity": 0.71, "pressure": 1007.69, "windSpeed": 0.87, "windGust": 3.17, "windBearing": 220, "cloudCover": 0.1, "uvIndex": 0, "visibility": 8.31}, {"time": 1461668400, "summary": "Clear", "icon": "clear-day", "precipIntensity": 0, "precipProbability": 0, "temperature": 64.57, "apparentTemperature": 64.57, "dewPoint": 55.71, "humidity": 0.73, "pressure": 1007.97, "windSpeed": 0.95, "windGust": 3.19, "windBearing": 226, "cloudCover": 0.12, "uvIndex": 0, "visibility": 8.55}, {"time": 1461672000, "summary": "Partly Cloudy", "icon": "partly-cloudy-day", "precipIntensity": 0, "precipProbability": 0, "temperature": 67.23, "apparentTemperature": 67.23, "dewPoint": 57.06, "humidity": 0.7, "pressure": 1008.1, "windSpeed": 1.49, "windGust": 5.05, "windBearing": 224, "cloudCover": 0.29, "uvIndex": 1, "visibility": 9.05}, {"time": 1461675600, "summary": "Partly Cloudy", "icon": "partly-cloudy-day", "precipIntensity": 0, "precipProbability": 0, "temperature": 70.76, "apparentTemperature": 70.76, "dewPoint": 58.02, "humidity": 0.64, "pressure": 1008.13, "windSpeed": 2.76, "windGust": 8.36, "windBearing": 218, "cloudCover": 0.53, "uvIndex": 2, "visibility": 8.72}, {"time": 1461679200, "summary": "Partly Cloudy", "icon": "partly-cloudy-day", "precipIntensity": 0, "precipProbability": 0, "temperature": 74.75, "apparentTemperature": 74.75, "dewPoint": 57.99, "humidity": 0.56, "pressure": 1007.94, "windSpeed": 2.82, "windGust": 8.69, "windBearing": 234, "cloudCover": 0.5, "uvIndex": 4, "visibility": 9.03}, {"time": 1461682800, "summary": "Partly Cloudy", "icon": "partly-cloudy-day", "precipIntensity": 0, "precipProbability": 0, "temperature": 76.7, "apparentTemperature": 76.7, "dewPoint": 56.67, "humidity": 0.5, "pressure": 1007.93, "windSpeed": 3.23, "windGust": 9.96, "windBearing": 272, "cloudCover": 0.55, "uvIndex": 5, "visibility": 8.59}, {"time": 1461686400, "summary": "Clear", "icon": "clear-day", "precipIntensity": 0, "precipProbability": 0, "temperature": 78.6, "apparentTemperature": 78.6, "dewPoint": 55.88, "humidity": 0.46, "pressure": 1006.86, "windSpeed": 3.3, "windGust": 11.22, "windBearing": 262, "cloudCover": 0.21, "uvIndex": 8, "visibility": 8.02}, {"time": 1461690000, "summary": "Partly Cloudy", "icon": "partly-cloudy-day", "precipIntensity": 0, "precipProbability": 0, "temperature": 80.2, "apparentTemperature": 80.2, "dewPoint": 55.77, "humidity": 0.43, "pressure": 1006.31, "windSpeed": 4.42, "windGust": 13.09, "windBearing": 258, "cloudCover": 0.32, "uvIndex": 8, "visibility": 8.71}, {"time": 1461693600, "summary": "Partly Cloudy", "icon": "partly-cloudy-day", "precipIntensity": 0, "precipProbability": 0, "temperature": 82.19, "apparentTemperature": 82.19, "dewPoint": 54.82, "humidity": 0.39, "pressure": 1005.86, "windSpeed": 4.47, "windGust": 14.32, "windBearing": 257, "cloudCover": 0.25, "uvIndex": 8, "visibility": 8.51}, {"time": 1461697200, "summary": "Clear", "icon": "clear-day", "precipIntensity": 0, "precipProbability": 0, "temperature": 83.76, "apparentTemperature": 83.76, "dewPoint": 54.15, "humidity": 0.36, "pressure": 1005.38, "windSpeed": 4.97, "windGust": 16.19, "windBearing": 265, "cloudCover": 0.17, "uvIndex": 7, "visibility": 8.33}, {"time": 1461700800, "summary": "Partly Cloudy", "icon": "partly-cloudy-day", "precipIntensity": 0, "precipProbability": 0, "temperature": 84.01, "apparentTemperature": 84.01, "dewPoint": 54.81, "humidity": 0.37, "pressure": 1005.17, "windSpeed": 4.75, "windGust": 15.02, "windBearing": 267, "cloudCover": 0.44, "uvIndex": 4, "visibility": 8.59}, {"time": 1461704400, "summary": "Mostly Cloudy", "icon": "partly-cloudy-day", "precipIntensity": 0, "precipProbability": 0, "temperature": 83.98, "apparentTemperature": 83.98, "dewPoint": 56.12, "humidity": 0.39, "pressure": 1004.92, "windSpeed": 4.62, "windGust": 14.07, "windBearing": 275, "cloudCover": 0.62, "uvIndex": 2, "visibility": 8.51}, {"time": 1461708000, "summary": "Partly Cloudy", "icon": "partly-cloudy-day", "precipIntensity": 0, "precipProbability": 0, "temperature": 83.09, "apparentTemperature": 83.09, "dewPoint": 56.73, "humidity": 0.41, "pressure": 1005, "windSpeed": 4.34, "windGust": 12.83, "windBearing": 275, "cloudCover": 0.54, "uvIndex": 1, "visibility": 7.73}, {"time": 1461711600, "summary": "Partly Cloudy", "icon": "partly-cloudy-day", "precipIntensity": 0, "precipProbability": 0, "temperature": 81.17, "apparentTemperature": 81.19, "dewPoint": 57.14, "humidity": 0.44, "pressure": 1005.32, "windSpeed": 3.44, "windGust": 10.91, "windBearing": 281, "cloudCover": 0.4, "uvIndex": 0, "visibility": 7.87}, {"time": 1461715200, "summary": "Clear", "icon": "clear-night", "precipIntensity": 0, "precipProbability": 0, "temperature": 78.48, "apparentTemperature": 78.48, "dewPoint": 57.19, "humidity": 0.48, "pressure": 1005.56, "windSpeed": 1.4, "windGust": 4.6, "windBearing": 288, "cloudCover": 0.23, "uvIndex": 0, "visibility": 8.26}, {"time": 1461718800, "summary": "Partly Cloudy", "icon": "partly-cloudy-night", "precipIntensity": 0, "precipProbability": 0, "temperature": 75.57, "apparentTemperature": 75.57, "dewPoint": 57.47, "humidity": 0.53, "pressure": 1005.94, "windSpeed": 0.57, "windGust": 1.87, "windBearing": 282, "cloudCover": 0.35, "uvIndex": 0, "visibility": 7.74}, {"time": 1461722400, "summary": "Partly Cloudy", "icon": "partly-cloudy-night", "precipIntensity": 0, "precipProbability": 0, "temperature": 72.69, "apparentTemperature": 72.69, "dewPoint": 57.95, "humidity": 0.6, "pressure": 1006.48, "windSpeed": 0.19, "windGust": 0.48, "windBearing": 274, "cloudCover": 0.5, "uvIndex": 0, "visibility": 10}, {"time": 1461726000, "summary": "Partly Cloudy", "icon": "partly-cloudy-night", "precipIntensity": 0, "precipProbability": 0, "temperature": 70.62, "apparentTemperature": 70.62, "dewPoint": 58.13, "humidity": 0.65, "pressure": 1006.44, "windSpeed": 0.06, "windGust": 0.41, "windBearing": 250, "cloudCover": 0.41, "uvIndex": 0, "visibility": 8.66}]}, "daily": {"data": [{"time": 1461643200, "summary": "Partly cloudy throughout the day.", "icon": "partly-cloudy-day", "sunriseTime": 1461665799, "sunsetTime": 1461715029, "moonPhase": 0.64, "precipIntensity": 0, "precipIntensityMax": 0, "precipProbability": 0, "temperatureHigh": 84.01, "temperatureHighTime": 1461700800, "temperatureLow": 55.6, "temperatureLowTime": 1461758400, "apparentTemperatureHigh": 84.01, "apparentTemperatureHighTime": 1461700800, "apparentTemperatureLow": 55.6, "apparentTemperatureLowTime": 1461758400, "dewPoint": 56.44, "humidity": 0.56, "pressure": 1006.86, "windSpeed": 2.05, "windGust": 16.19, "windGustTime": 1461697200, "windBearing": 257, "cloudCover": 0.35, "uvIndex": 8, "uvIndexTime": 1461686400, "visibility": 8.41, "temperatureMin": 64.57, "temperatureMinTime": 1461668400, "temperatureMax": 84.01, "temperatureMaxTime": 1461700800, "apparentTemperatureMin": 64.57, "apparentTemperatureMinTime": 1461668400, "apparentTemperatureMax": 84.01, "apparentTemperatureMaxTime": 1461700800}]}, "flags": {"sources": ["cmc", "gfs", "hrrr", "icon", "isd", "madis", "nam", "sref"], "nearest-station": 1.106, "units": "us"}, "offset": -4}