{"latitude": 38.912659, "longitude": -77.017669, "timezone": "America/New_York", "currently": {"time": 1431489600, "summary": "Clear", "icon": "clear-night", "precipIntensity": 0, "precipProbability": 0, "temperature": 72.1, "apparentTemperature": 72.1, "dewPoint": 45.92, "humidity": 0.39, "pressure": 1014.62, "windSpeed": 4.59, "windGust": 12.86, "windBearing": 325, "cloudCover": 0.1, "uvIndex": 0, "visibility": 7.65}, "hourly": {"summary": "Mostly cloudy starting in the morning, continuing until evening.", "icon": "partly-cloudy-day", "data": [{"time": 1431489600, "summary": "Clear", "icon": "clear-night", "precipIntensity": 0, "precipProbability": 0, "temperature": 72.1, "apparentTemperature": 72.1, "dewPoint": 45.92, "humidity": 0.39, "pressure": 1014.62, "windSpeed": 4.59, "windGust": 12.86, "windBearing": 325, "cloudCover": 0.1, "uvIndex": 0, "visibility": 7.65}, {"time": 1431493200, "summary": "Clear", "icon": "clear-night", "precipIntensity": 0, "precipProbability": 0, "temperature": 69.4, "apparentTemperature": 69.4, "dewPoint": 45.41, "humidity": 0.42, "pressure": 1015.51, "windSpeed": 3.56, "windGust": 10.99, "windBearing": 325, "cloudCover": 0.2, "uvIndex": 0, "visibility": 7.97}, {"time": 1431496800, "summary": "Partly Cloudy", "icon": "partly-cloudy-night", "precipIntensity": 0, "precipProbability": 0, "temperature": 67.65, "apparentTemperature": 67.65, "dewPoint": 45.42, "humidity": 0.45, "pressure": 1015.92, "windSpeed": 2.77, "windGust": 8.22, "windBearing": 329, "cloudCover": 0.28, "uvIndex": 0, "visibility": 8.25}, {"time": 1431500400, "summary": "Clear", "icon": "clear-night", "precipIntensity": 0, "precipProbability": 0, "temperature": 65.77, "apparentTemperature": 65.77, "dewPoint": 45.68, "humidity": 0.48, "pressure": 1016.49, "windSpeed": 2.73, "windGust": 7.92, "windBearing": 324, "cloudCover": 0.24, "uvIndex": 0, "visibility": 9.05}, {"time": 1431504000, "summary": "Partly Cloudy", "icon": "partly-cloudy-night", "precipIntensity": 0, "precipProbability": 0, "temperature": 63.86, "apparentTemperature": 63.86, "dewPoint": 45.32, "humidity": 0.51, "pressure": 1017.13, "windSpeed": 2.37, "windGust": 6.86, "windBearing": 325, "cloudCover": 0.54, "uvIndex": 0, "visibility": 8.65}, {"time": 1431507600, "summary": "Mostly Cloudy", "icon": "partly-cloudy-night", "precipIntensity": 0, "precipProbability": 0, "temperature": 62.39, "apparentTemperature": 62.39, "dewPoint": 44.73, "humidity": 0.52, "pressure": 1017.97, "windSpeed": 1.57, "windGust": 5.42, "windBearing": 326, "cloudCover": 0.8, "uvIndex": 0, "visibility": 8.7}, {"time": 1431511200, "summary": "Mostly Cloudy", "icon": "partly-cloudy-night", "precipIntensity": 0, "precipProbability": 0, "temperature": 61.3, "apparentTemperature": 61.3, "dewPoint": 43.77, "humidity": 0.52, "pressure": 1018.79, "windSpeed": 2.95, "windGust": 8.06, "windBearing": 318, "cloudCover": 0.62, "uvIndex": 0, "visibility": 8.98}, {"time": 1431514800, "summary": "Mostly Cloudy", "icon": "partly-cloudy-day", "precipIntensity": 0, "precipProbability": 0, "temperature": 60.63, "apparentTemperature": 60.63, "dewPoint": 43.14, "humidity": 0.52, "pressure": 1020.05, "windSpeed": 2.99, "windGust": 9.16, "windBearing": 314, "cloudCover": 0.64, "uvIndex": 0, "visibility": 9.05}, {"time": 1431518400, "summary": "Partly Cloudy", "icon": "partly-cloudy-day", "precipIntensity": 0, "precipProbability": 0, "temperature": 60.91, "apparentTemperature": 60.91, "dewPoint": 42.54, "humidity": 0.51, "pressure": 1021.16, "windSpeed": 3.79, "windGust": 11.76, "windBearing": 318, "cloudCover": 0.49, "uvIndex": 1, "visibility": 9.05}, {"time": 1431522000, "summary": "Partly Cloudy", "icon": "partly-cloudy-day", "precipIntensity": 0, "precipProbability": 0, "temperature": 61.33, "apparentTemperature": 61.33, "dewPoint": 41.78, "humidity": 0.49, "pressure": 1022.01, "windSpeed": 4.34, "windGust": 12.79, "windBearing": 313, "cloudCover": 0.31, "uvIndex": 3, "visibility": 9.52}, {"time": 1431525600, "summary": "Mostly Cloudy", "icon": "partly-cloudy-day", "precipIntensity": 0, "precipProbability": 0, "temperature": 61.54, "apparentTemperature": 61.54, "dewPoint": 42.11, "humidity": 0.49, "pressure": 1022.62, "windSpeed": 4.25, "windGust": 12.28, "windBearing": 311, "cloudCover": 0.72, "uvIndex": 4, "visibility": 8.87}, {"time": 1431529200, "summary": "Mostly Cloudy", "icon": "partly-cloudy-day", "precipIntensity": 0, "precipProbability": 0, "temperature": 61.83, "apparentTemperature": 61.83, "dewPoint": 42.45, "humidity": 0.49, "pressure": 1023.17, "windSpeed": 4.8, "windGust": 12.58, "windBearing": 320, "cloudCover": 0.82, "uvIndex": 5, "visibility": 8.1}, {"time": 1431532800, "summary": "Mostly Cloudy", "icon": "partly-cloudy-day", "precipIntensity": 0, "precipProbability": 0, "temperature": 62.18, "apparentTemperature": 62.18, "dewPoint": 43.31, "humidity": 0.5, "pressure": 1023.54, "windSpeed": 4.1, "windGust": 11.88, "windBearing": 315, "cloudCover": 0.88, "uvIndex": 5, "visibility": 7.72}, {"time": 1431536400, "summary": "Mostly Cloudy", "icon": "partly-cloudy-day", "precipIntensity": 0, "precipProbability": 0, "temperature": 62.8, "apparentTemperature": 62.8, "dewPoint": 43.82, "humidity": 0.5, "pressure": 1023.16, "windSpeed": 4.16, "windGust": 12.3, "windBearing": 318, "cloudCover": 0.87, "uvIndex": 5, "visibility": 8.24}, {"time": 1431540000, "summary": "Mostly Cloudy", "icon": "partly-cloudy-day", "precipIntensity": 0, "precipProbability": 0, "temperature": 63.61, "apparentTemperature": 63.61, "dewPoint": 43.81, "humidity": 0.48, "pressure": 1023.04, "windSpeed": 4.33, "windGust": 12.71, "windBearing": 318, "cloudCover": 0.81, "uvIndex": 5, "visibility": 8.33}, {"time": 1431543600, "summary": "Mostly Cloudy", "icon": "partly-cloudy-day", "precipIntensity": 0, "precipProbability": 0, "temperature": 64.31, "apparentTemperature": 64.31, "dewPoint": 43.55, "humidity": 0.47, "pressure": 1022.82, "windSpeed": 4.32, "windGust": 12.6, "windBearing": 309, "cloudCover": 0.71, "uvIndex": 5, "visibility": 7.65}, {"time": 1431547200, "summary": "Mostly Cloudy", "icon": "partly-cloudy-day", "precipIntensity": 0, "precipProbability": 0, "temperature": 64.37, "apparentTemperature": 64.37, "dewPoint": 43.51, "humidity": 0.47, "pressure": 1022.91, "windSpeed": 4.32, "windGust": 12.7, "windBearing": 316, "cloudCover": 0.75, "uvIndex": 4, "visibility": 7.65}, {"time": 1431550800, "summary": "Mostly Cloudy", "icon": "partly-cloudy-day", "precipIntensity": 0, "precipProbability": 0, "temperature": 63.92, "apparentTemperature": 63.92, "dewPoint": 43.47, "humidity": 0.47, "pressure": 1023.12, "windSpeed": 4.13, "windGust": 12.36, "windBearing": 309, "cloudCover": 0.79, "uvIndex": 3, "visibility": 7.96}, {"time": 1431554400, "summary": "Mostly Cloudy", "icon": "partly-cloudy-day", "precipIntensity": 0, "precipProbability": 0, "temperature": 62.95, "apparentTemperature": 62.95, "dewPoint": 43.03, "humidity": 0.48, "pressure": 1023.57, "windSpeed": 3.54, "windGust": 11.56, "windBearing": 314, "cloudCover": 0.75, "uvIndex": 1, "visibility": 8.59}, {"time": 1431558000, "summary": "Partly Cloudy", "icon": "partly-cloudy-day", "precipIntensity": 0, "precipProbability": 0, "temperature": 61.8, "apparentTemperature": 61.8, "dewPoint": 42.75, "humidity": 0.5, "pressure": 1023.74, "windSpeed": 3.43, "windGust": 10.64, "windBearing": 306, "cloudCover": 0.58, "uvIndex": 0, "visibility": 9.52}, {"time": 1431561600, "summary": "Partly Cloudy", "icon": "partly-cloudy-day", "precipIntensity": 0, "precipProbability": 0, "temperature": 60.1, "apparentTemperature": 60.1, "dewPoint": 42.42, "humidity": 0.52, "pressure": 1024.7, "windSpeed": 3.51, "windGust": 9.52, "windBearing": 313, "cloudCover": 0.4, "uvIndex": 0, "visibility": 8.59}, {"time": 1431565200, "summary": "Clear", "icon": "clear-night", "precipIntensity": 0, "precipProbability": 0, "temperature": 58.16, "apparentTemperature": 58.16, "dewPoint": 42.29, "humidity": 0.55, "pressure": 1025.29, "windSpeed": 2.99, "windGust": 8.44, "windBearing": 305, "cloudCover": 0.17, "uvIndex": 0, "visibility": 8.32}, {"time": 1431568800, "summary": "Clear", "icon": "clear-night", "precipIntensity": 0, "precipProbability": 0, "temperature": 56.55, "apparentTemperature": 56.55, "dewPoint": 42.21, "humidity": 0.59, "pressure": 1026.01, "windSpeed": 1.73, "windGust": 5.38, "windBearing": 304, "cloudCover": 0.08, "uvIndex": 0, "visibility": 7.94}, {"time": 1431572400, "summary": "Clear", "icon": "clear-night", "precipIntensity": 0, "precipProbability": 0, "temperature": 55.08, "apparentTemperature": 55.08, "dewPoint": 42.17, "humidity": 0.62, "pressure": 1026.39, "windSpeed": 1.76, "windGust": 4.33, "windBearing": 298, "cloudCover": 0.04, "uvIndex": 0, "visibility": 7.99}]}, "daily": {"data": [{"time": 1431489600, "summary": "Mostly cloudy until evening.", "icon": "partly-cloudy-day", "sunriseTime": 1431511124, "sunsetTime": 1431562371, "moonPhase": 0.84, "precipIntensity": 0, "precipIntensityMax": 0, "precipProbability": 0, "temperatureHigh": 64.37, "temperatureHighTime": 1431547200, "temperatureLow": 48.37, "temperatureLowTime": 1431597600, "apparentTemperatureHigh": 64.37, "apparentTemperatureHighTime": 1431547200, "apparentTemperatureLow": 48.37, "apparentTemperatureLowTime": 1431597600, "dewPoint": 43.52, "humidity": 0.5, "pressure": 1021.41, "windSpeed": 3.43, "windGust": 12.86, "windGustTime": 1431489600, "windBearing": 316, "cloudCover": 0.53, "uvIndex": 5, "uvIndexTime": 1431529200, "visibility": 8.43, "temperatureMin": 55.08, "temperatureMinTime": 1431572400, "temperatureMax": 72.1, "temperatureMaxTime": 1431489600, "apparentTemperatureMin": 55.08, "apparentTemperatureMinTime": 1431572400, "apparentTemperatureMax": 72.1, "apparentTemperatureMaxTime": 1431489600}]}, "flags": {"sources": ["cmc", "gfs", "hrrr", "icon", "isd", "madis", "nam", "sref"], "nearest-station": 0.675, "units": "us"}, "offset": -4}