{"latitude": 38.912659, "longitude": -77.017669, "timezone": "America/New_York", "currently": {"time": 1442894400, "summary": "Drizzle", "icon": "rain", "precipIntensity": 0.0053, "precipProbability": 0.48, "precipType": "rain", "temperature": 61.18, "apparentTemperature": 61.22, "dewPoint": 58.17, "humidity": 0.9, "pressure": 1022.34, "windSpeed": 0.65, "windGust": 1.39, "windBearing": 16, "cloudCover": 0.89, "uvIndex": 0, "visibility": 7.86}, "hourly": {"summary": "Mostly cloudy throughout the day.", "icon": "partly-cloudy-day", "data": [{"time": 1442894400, "summary": "Mostly Cloudy", "icon": "partly-cloudy-night", "precipIntensity": 0.0053, "precipProbability": 0.48, "precipType": "rain", "temperature": 61.18, "apparentTemperature": 61.22, "dewPoint": 58.17, "humidity": 0.9, "pressure": 1022.34, "windSpeed": 0.65, "windGust": 1.39, "windBearing": 16, "cloudCover": 0.89, "uvIndex": 0, "visibility": 7.86}, {"time": 1442898000, "summary": "Overcast", "icon": "cloudy", "precipIntensity": 0.006, "precipProbability": 0.6, "precipType": "rain", "temperature": 60.88, "apparentTemperature": 60.92, "dewPoint": 58.05, "humidity": 0.9, "pressure": 1022.21, "windSpeed": 0.58, "windGust": 1.42, "windBearing": 4, "cloudCover": 0.96, "uvIndex": 0, "visibility": 8.1}, {"time": 1442901600, "summary": "Overcast", "icon": "cloudy", "precipIntensity": 0.0091, "precipProbability": 0.63, "precipType": "rain", "temperature": 60.65, "apparentTemperature": 60.68, "dewPoint": 57.91, "humidity": 0.91, "pressure": 1022.21, "windSpeed": 0.62, "windGust": 1.25, "windBearing": 11, "cloudCover": 1, "uvIndex": 0, "visibility": 8.98}, {"time": 1442905200, "summary": "Overcast", "icon": "cloudy", "precipIntensity": 0.0053, "precipProbability": 0.52, "precipType": "rain", "temperature": 60.4, "apparentTemperature": 60.41, "dewPoint": 57.69, "humidity": 0.91, "pressure": 1022.04, "windSpeed": 0.62, "windGust": 1.5, "windBearing": 7, "cloudCover": 0.98, "uvIndex": 0, "visibility": 8.81}, {"time": 1442908800, "summary": "Overcast", "icon": "cloudy", "precipIntensity": 0.0016, "precipProbability": 0.24, "precipType": "rain", "temperature": 60.13, "apparentTemperature": 60.13, "dewPoint": 57.29, "humidity": 0.9, "pressure": 1022.09, "windSpeed": 0.56, "windGust": 1.52, "windBearing": 9, "cloudCover": 0.96, "uvIndex": 0, "visibility": 8.66}, {"time": 1442912400, "summary": "Mostly Cloudy", "icon": "partly-cloudy-night", "precipIntensity": 0.0002, "precipProbability": 0.05, "precipType": "rain", "temperature": 59.79, "apparentTemperature": 59.79, "dewPoint": 57, "humidity": 0.9, "pressure": 1021.97, "windSpeed": 0.41, "windGust": 1.47, "windBearing": 8, "cloudCover": 0.86, "uvIndex": 0, "visibility": 8.7}, {"time": 1442916000, "summary": "Overcast", "icon": "cloudy", "precipIntensity": 0, "precipProbability": 0, "temperature": 59.46, "apparentTemperature": 59.46, "dewPoint": 56.75, "humidity": 0.91, "pressure": 1022.31, "windSpeed": 0.43, "windGust": 1.41, "windBearing": 14, "cloudCover": 0.97, "uvIndex": 0, "visibility": 9.41}, {"time": 1442919600, "summary": "Mostly Cloudy", "icon": "partly-cloudy-night", "precipIntensity": 0, "precipProbability": 0, "temperature": 59.56, "apparentTemperature": 59.56, "dewPoint": 56.54, "humidity": 0.9, "pressure": 1022.54, "windSpeed": 0.67, "windGust": 1.61, "windBearing": 20, "cloudCover": 0.92, "uvIndex": 0, "visibility": 9.42}, {"time": 1442923200, "summary": "Mostly Cloudy", "icon": "partly-cloudy-day", "precipIntensity": 0, "precipProbability": 0, "temperature": 59.84, "apparentTemperature": 59.84, "dewPoint": 56.7, "humidity": 0.89, "pressure": 1023.02, "windSpeed": 0.72, "windGust": 2.16, "windBearing": 9, "cloudCover": 0.81, "uvIndex": 0, "visibility": 8.99}, {"time": 1442926800, "summary": "Mostly Cloudy", "icon": "partly-cloudy-day", "precipIntensity": 0, "precipProbability": 0, "temperature": 61.06, "apparentTemperature": 61.06, "dewPoint": 57.39, "humidity": 0.88, "pressure": 1023.45, "windSpeed": 1.01, "windGust": 2.82, "windBearing": 13, "cloudCover": 0.8, "uvIndex": 1, "visibility": 9.48}, {"time": 1442930400, "summary": "Partly Cloudy", "icon": "partly-cloudy-day", "precipIntensity": 0, "precipProbability": 0, "temperature": 62.84, "apparentTemperature": 62.84, "dewPoint": 58.31, "humidity": 0.85, "pressure": 1023.99, "windSpeed": 1.56, "windGust": 4.51, "windBearing": 28, "cloudCover": 0.58, "uvIndex": 2, "visibility": 8.63}, {"time": 1442934000, "summary": "Partly Cloudy", "icon": "partly-cloudy-day", "precipIntensity": 0, "precipProbability": 0, "temperature": 65.17, "apparentTemperature": 65.17, "dewPoint": 58.85, "humidity": 0.8, "pressure": 1024.14, "windSpeed": 1.96, "windGust": 6.02, "windBearing": 32, "cloudCover": 0.54, "uvIndex": 4, "visibility": 7.9}, {"time": 1442937600, "summary": "Mostly Cloudy", "icon": "partly-cloudy-day", "precipIntensity": 0, "precipProbability": 0, "temperature": 67.61, "apparentTemperature": 67.62, "dewPoint": 59.54, "humidity": 0.75, "pressure": 1023.93, "windSpeed": 1.66, "windGust": 5.43, "windBearing": 47, "cloudCover": 0.81, "uvIndex": 4, "visibility": 7.88}, {"time": 1442941200, "summary": "Mostly Cloudy", "icon": "partly-cloudy-day", "precipIntensity": 0, "precipProbability": 0, "temperature": 69.18, "apparentTemperature": 69.18, "dewPoint": 59.75, "humidity": 0.72, "pressure": 1023.49, "windSpeed": 1.67, "windGust": 4.96, "windBearing": 19, "cloudCover": 0.75, "uvIndex": 4, "visibility": 7.88}, {"time": 1442944800, "summary": "Mostly Cloudy", "icon": "partly-cloudy-day", "precipIntensity": 0, "precipProbability": 0, "temperature": 70.72, "apparentTemperature": 70.72, "dewPoint": 59.34, "humidity": 0.67, "pressure": 1023.18, "windSpeed": 1.86, "windGust": 6.13, "windBearing": 20, "cloudCover": 0.69, "uvIndex": 4, "visibility": 8.56}, {"time": 1442948400, "summary": "Mostly Cloudy", "icon": "partly-cloudy-day", "precipIntensity": 0, "precipProbability": 0, "temperature": 71.68, "apparentTemperature": 71.68, "dewPoint": 58.93, "humidity": 0.64, "pressure": 1022.93, "windSpeed": 1.56, "windGust": 5.37, "windBearing": 26, "cloudCover": 0.8, "uvIndex": 3, "visibility": 8.58}, {"time": 1442952000, "summary": "Partly Cloudy", "icon": "partly-cloudy-day", "precipIntensity": 0, "precipProbability": 0, "temperature": 71.67, "apparentTemperature": 71.67, "dewPoint": 58.7, "humidity": 0.64, "pressure": 1022.47, "windSpeed": 1.44, "windGust": 4.95, "windBearing": 33, "cloudCover": 0.55, "uvIndex": 3, "visibility": 8.32}, {"time": 1442955600, "summary": "Partly Cloudy", "icon": "partly-cloudy-day", "precipIntensity": 0, "precipProbability": 0, "temperature": 72.16, "apparentTemperature": 72.16, "dewPoint": 58.4, "humidity": 0.62, "pressure": 1022.17, "windSpeed": 1.44, "windGust": 5.15, "windBearing": 23, "cloudCover": 0.47, "uvIndex": 1, "visibility": 7.9}, {"time": 1442959200, "summary": "Mostly Cloudy", "icon": "partly-cloudy-day", "precipIntensity": 0, "precipProbability": 0, "temperature": 71.46, "apparentTemperature": 71.46, "dewPoint": 58.51, "humidity": 0.64, "pressure": 1022.47, "windSpeed": 0.9, "windGust": 3.54, "windBearing": 36, "cloudCover": 0.74, "uvIndex": 0, "visibility": 8.11}, {"time": 1442962800, "summary": "Mostly Cloudy", "icon": "partly-cloudy-day", "precipIntensity": 0, "precipProbability": 0, "temperature": 69.45, "apparentTemperature": 69.45, "dewPoint": 58.72, "humidity": 0.69, "pressure": 1022.66, "windSpeed": 0.58, "windGust": 1.75, "windBearing": 30, "cloudCover": 0.72, "uvIndex": 0, "visibility": 7.87}, {"time": 1442966400, "summary": "Mostly Cloudy", "icon": "partly-cloudy-night", "precipIntensity": 0, "precipProbability": 0, "temperature": 66.76, "apparentTemperature": 66.76, "dewPoint": 58.52, "humidity": 0.75, "pressure": 1022.71, "windSpeed": 0.33, "windGust": 0.66, "windBearing": 27, "cloudCover": 0.65, "uvIndex": 0, "visibility": 9.02}, {"time": 1442970000, "summary": "Mostly Cloudy", "icon": "partly-cloudy-night", "precipIntensity": 0, "precipProbability": 0, "temperature": 65.45, "apparentTemperature": 65.45, "dewPoint": 58.44, "humidity": 0.78, "pressure": 1022.96, "windSpeed": 0.28, "windGust": 0.75, "windBearing": 11, "cloudCover": 0.9, "uvIndex": 0, "visibility": 9.18}, {"time": 1442973600, "summary": "Mostly Cloudy", "icon": "partly-cloudy-night", "precipIntensity": 0, "precipProbability": 0, "temperature": 64.16, "apparentTemperature": 64.16, "dewPoint": 57.9, "humidity": 0.8, "pressure": 1023, "windSpeed": 0.46, "windGust": 1.08, "windBearing": 10, "cloudCover": 0.68, "uvIndex": 0, "visibility": 9.35}, {"time": 1442977200, "summary": "Partly Cloudy", "icon": "partly-cloudy-night", "precipIntensity": 0, "precipProbability": 0, "temperature": 63.66, "apparentTemperature": 63.66, "dewPoint": 57.45, "humidity": 0.8, "pressure": 1023.2, "windSpeed": 0.35, "windGust": 0.87, "windBearing": 11, "cloudCover": 0.57, "uvIndex": 0, "visibility": 9.03}]}, "daily": {"data": [{"time": 1442894400, "summary": "Mostly cloudy throughout the day.", "icon": "partly-cloudy-day", "sunriseTime": 1442919418, "sunsetTime": 1442963235, "moonPhase": 0.3, "precipIntensity": 0.0011, "precipIntensityMax": 0.0091, "precipIntensityMaxTime": 1442901600, "precipProbability": 0.63, "precipType": "rain", "temperatureHigh": 72.16, "temperatureHighTime": 1442955600, "temperatureLow": 57.41, "temperatureLowTime": 1443006000, "apparentTemperatureHigh": 72.16, "apparentTemperatureHighTime": 1442955600, "apparentTemperatureLow": 57.41, "apparentTemperatureLowTime": 1443006000, "dewPoint": 58.12, "humidity": 0.8, "pressure": 1022.81, "windSpeed": 0.91, "windGust": 6.13, "windGustTime": 1442944800, "windBearing": 23, "cloudCover": 0.77, "uvIndex": 4, "uvIndexTime": 1442934000, "visibility": 8.61, "temperatureMin": 59.46, "temperatureMinTime": 1442916000, "temperatureMax": 72.16, "temperatureMaxTime": 1442955600, "apparentTemperatureMin": 59.46, "apparentTemperatureMinTime": 1442916000, "apparentTemperatureMax": 72.16, "apparentTemperatureMaxTime": 1442955600}]}, "flags": {"sources": ["cmc", "gfs", "hrrr", "icon", "isd", "madis", "nam", "sref"], "nearest-station": 1.106, "units": "us"}, "offset": -4}