{"latitude": 38.912659, "longitude": -77.017669, "timezone": "America/New_York", "currently": {"time": 1434254400, "summary": "Partly Cloudy", "icon": "partly-cloudy-night", "precipIntensity": 0, "precipProbability": 0, "temperature": 76.83, "apparentTemperature": 78.11, "dewPoint": 71.19, "humidity": 0.83, "pressure": 1015.87, "windSpeed": 0, "windGust": 0.23, "cloudCover": 0.56, "uvIndex": 0, "visibility": 6.72}, "hourly": {"summary": "Light rain in the evening.", "icon": "rain", "data": [{"time": 1434254400, "summary": "Partly Cloudy", "icon": "partly-cloudy-night", "precipIntensity": 0, "precipProbability": 0, "temperature": 76.83, "apparentTemperature": 78.11, "dewPoint": 71.19, "humidity": 0.83, "pressure": 1015.87, "windSpeed": 0, "windGust": 0.23, "cloudCover": 0.56, "uvIndex": 0, "visibility": 6.72}, {"time": 1434258000, "summary": "Mostly Cloudy", "icon": "partly-cloudy-night", "precipIntensity": 0.0012, "precipProbability": 0.15, "precipType": "rain", "temperature": 76.57, "apparentTemperature": 77.89, "dewPoint": 71.5, "humidity": 0.84, "pressure": 1016.23, "windSpeed": 0.16, "windGust": 1.27, "windBearing": 280, "cloudCover": 0.74, "uvIndex": 0, "visibility": 8.47}, {"time": 1434261600, "summary": "Mostly Cloudy", "icon": "partly-cloudy-night", "precipIntensity": 0.0044, "precipProbability": 0.3, "precipType": "rain", "temperature": 75.8, "apparentTemperature": 77.14, "dewPoint": 71.44, "humidity": 0.86, "pressure": 1016.38, "windSpeed": 0.01, "windGust": 0.38, "windBearing": 0, "cloudCover": 0.76, "uvIndex": 0, "visibility": 6.25}, {"time": 1434265200, "summary": "Partly Cloudy", "icon": "partly-cloudy-night", "precipIntensity": 0.0024, "precipProbability": 0.28, "precipType": "rain", "temperature": 74.93, "apparentTemperature": 76.28, "dewPoint": 71.25, "humidity": 0.88, "pressure": 1016.32, "windSpeed": 0, "windGust": 0.29, "cloudCover": 0.42, "uvIndex": 0, "visibility": 3.62}, {"time": 1434268800, "summary": "Mostly Cloudy", "icon": "partly-cloudy-night", "precipIntensity": 0.0009, "precipProbability": 0.16, "precipType": "rain", "temperature": 74.28, "apparentTemperature": 75.62, "dewPoint": 71.07, "humidity": 0.9, "pressure": 1016.07, "windSpeed": 0, "windGust": 0.15, "cloudCover": 0.66, "uvIndex": 0, "visibility": 5.69}, {"time": 1434272400, "summary": "Partly Cloudy", "icon": "partly-cloudy-night", "precipIntensity": 0, "precipProbability": 0, "temperature": 73.94, "apparentTemperature": 75.27, "dewPoint": 70.87, "humidity": 0.9, "pressure": 1016.33, "windSpeed": 0, "windGust": 0.17, "cloudCover": 0.55, "uvIndex": 0, "visibility": 4.46}, {"time": 1434276000, "summary": "Partly Cloudy", "icon": "partly-cloudy-day", "precipIntensity": 0, "precipProbability": 0, "temperature": 73.62, "apparentTemperature": 74.96, "dewPoint": 70.8, "humidity": 0.91, "pressure": 1016.86, "windSpeed": 0.1, "windGust": 0.16, "windBearing": 351, "cloudCover": 0.58, "uvIndex": 0, "visibility": 3.21}, {"time": 1434279600, "summary": "Partly Cloudy", "icon": "partly-cloudy-day", "precipIntensity": 0, "precipProbability": 0, "temperature": 73.95, "apparentTemperature": 75.33, "dewPoint": 71.16, "humidity": 0.91, "pressure": 1017.11, "windSpeed": 0.01, "windGust": 0.12, "windBearing": 0, "cloudCover": 0.42, "uvIndex": 0, "visibility": 2.62}, {"time": 1434283200, "summary": "Humid", "icon": "clear-day", "precipIntensity": 0, "precipProbability": 0, "temperature": 76.32, "apparentTemperature": 77.81, "dewPoint": 72.69, "humidity": 0.89, "pressure": 1017.94, "windSpeed": 0.15, "windGust": 0.79, "windBearing": 345, "cloudCover": 0.13, "uvIndex": 1, "visibility": 7.7}, {"time": 1434286800, "summary": "Humid", "icon": "clear-day", "precipIntensity": 0, "precipProbability": 0, "temperature": 79.98, "apparentTemperature": 84.05, "dewPoint": 72.83, "humidity": 0.79, "pressure": 1018.18, "windSpeed": 0.31, "windGust": 2.21, "windBearing": 6, "cloudCover": 0.16, "uvIndex": 3, "visibility": 9.05}, {"time": 1434290400, "summary": "Partly Cloudy", "icon": "partly-cloudy-day", "precipIntensity": 0, "precipProbability": 0, "temperature": 82.94, "apparentTemperature": 88.05, "dewPoint": 71.77, "humidity": 0.69, "pressure": 1017.83, "windSpeed": 0.38, "windGust": 2.69, "windBearing": 4, "cloudCover": 0.27, "uvIndex": 5, "visibility": 7.9}, {"time": 1434294000, "summary": "Clear", "icon": "clear-day", "precipIntensity": 0, "precipProbability": 0, "temperature": 85.44, "apparentTemperature": 90.91, "dewPoint": 71.16, "humidity": 0.63, "pressure": 1017.67, "windSpeed": 0.5, "windGust": 3.32, "windBearing": 17, "cloudCover": 0.17, "uvIndex": 7, "visibility": 7.05}, {"time": 1434297600, "summary": "Clear", "icon": "clear-day", "precipIntensity": 0, "precipProbability": 0, "temperature": 87.23, "apparentTemperature": 93.37, "dewPoint": 71.43, "humidity": 0.6, "pressure": 1017.3, "windSpeed": 0.21, "windGust": 3.27, "windBearing": 41, "cloudCover": 0.22, "uvIndex": 9, "visibility": 8.25}, {"time": 1434301200, "summary": "Partly Cloudy", "icon": "partly-cloudy-day", "precipIntensity": 0, "precipProbability": 0, "temperature": 88.53, "apparentTemperature": 95.31, "dewPoint": 71.79, "humidity": 0.58, "pressure": 1017.14, "windSpeed": 0.27, "windGust": 3.31, "windBearing": 145, "cloudCover": 0.46, "uvIndex": 8, "visibility": 8.17}, {"time": 1434304800, "summary": "Humid and Partly Cloudy", "icon": "partly-cloudy-day", "precipIntensity": 0, "precipProbability": 0, "temperature": 89.25, "apparentTemperature": 96.82, "dewPoint": 72.42, "humidity": 0.58, "pressure": 1016.83, "windSpeed": 0.27, "windGust": 3.61, "windBearing": 198, "cloudCover": 0.53, "uvIndex": 7, "visibility": 7.97}, {"time": 1434308400, "summary": "Humid and Mostly Cloudy", "icon": "partly-cloudy-day", "precipIntensity": 0, "precipProbability": 0, "temperature": 89.88, "apparentTemperature": 98.01, "dewPoint": 72.81, "humidity": 0.57, "pressure": 1016.22, "windSpeed": 0.95, "windGust": 3.86, "windBearing": 193, "cloudCover": 0.6, "uvIndex": 6, "visibility": 7.6}, {"time": 1434312000, "summary": "Humid and Partly Cloudy", "icon": "partly-cloudy-day", "precipIntensity": 0, "precipProbability": 0, "temperature": 89.63, "apparentTemperature": 98.01, "dewPoint": 73.12, "humidity": 0.59, "pressure": 1015.29, "windSpeed": 1.09, "windGust": 3.72, "windBearing": 183, "cloudCover": 0.58, "uvIndex": 5, "visibility": 8.32}, {"time": 1434315600, "summary": "Humid and Partly Cloudy", "icon": "partly-cloudy-day", "precipIntensity": 0, "precipProbability": 0, "temperature": 87.8, "apparentTemperature": 95.79, "dewPoint": 73.28, "humidity": 0.62, "pressure": 1015.5, "windSpeed": 1.21, "windGust": 3.78, "windBearing": 197, "cloudCover": 0.59, "uvIndex": 3, "visibility": 5.97}, {"time": 1434319200, "summary": "Light Rain", "icon": "rain", "precipIntensity": 0.0338, "precipProbability": 0.6, "precipType": "rain", "temperature": 80.31, "apparentTemperature": 84.78, "dewPoint": 73.3, "humidity": 0.79, "pressure": 1015.7, "windSpeed": 0.37, "windGust": 3.39, "windBearing": 263, "cloudCover": 0.66, "uvIndex": 2, "visibility": 6.46}, {"time": 1434322800, "summary": "Light Rain", "icon": "rain", "precipIntensity": 0.03, "precipProbability": 0.64, "precipType": "rain", "temperature": 79.17, "apparentTemperature": 82.88, "dewPoint": 73.89, "humidity": 0.84, "pressure": 1015.9, "windSpeed": 0.03, "windGust": 1.28, "windBearing": 250, "cloudCover": 0.65, "uvIndex": 1, "visibility": 8.81}, {"time": 1434326400, "summary": "Humid and Partly Cloudy", "icon": "partly-cloudy-day", "precipIntensity": 0.0019, "precipProbability": 0.17, "precipType": "rain", "temperature": 79.19, "apparentTemperature": 82.94, "dewPoint": 74, "humidity": 0.84, "pressure": 1015.56, "windSpeed": 0.03, "windGust": 0.43, "windBearing": 184, "cloudCover": 0.26, "uvIndex": 0, "visibility": 7.65}, {"time": 1434330000, "summary": "Humid and Partly Cloudy", "icon": "partly-cloudy-night", "precipIntensity": 0, "precipProbability": 0, "temperature": 77.68, "apparentTemperature": 79.25, "dewPoint": 73.58, "humidity": 0.87, "pressure": 1015.84, "windSpeed": 0.15, "windGust": 0.28, "windBearing": 124, "cloudCover": 0.29, "uvIndex": 0, "visibility": 7.57}, {"time": 1434333600, "summary": "Humid and Partly Cloudy", "icon": "partly-cloudy-night", "precipIntensity": 0, "precipProbability": 0, "temperature": 77.04, "apparentTemperature": 78.6, "dewPoint": 73.38, "humidity": 0.89, "pressure": 1016.2, "windSpeed": 0.09, "windGust": 0.4, "windBearing": 146, "cloudCover": 0.28, "uvIndex": 0, "visibility": 7.22}, {"time": 1434337200, "summary": "Humid", "icon": "clear-night", "precipIntensity": 0, "precipProbability": 0, "temperature": 76.59, "apparentTemperature": 78.17, "dewPoint": 73.36, "humidity": 0.9, "pressure": 1016.37, "windSpeed": 0.08, "windGust": 0.18, "windBearing": 157, "cloudCover": 0.19, "uvIndex": 0, "visibility": 6.98}]}, "daily": {"data": [{"time": 1434254400, "summary": "Light rain in the evening.", "icon": "rain", "sunriseTime": 1434275011, "sunsetTime": 1434328559, "moonPhase": 0.94, "precipIntensity": 0.0031, "precipIntensityMax": 0.0338, "precipIntensityMaxTime": 1434319200, "precipProbability": 0.64, "precipType": "rain", "temperatureHigh": 89.88, "temperatureHighTime": 1434308400, "temperatureLow": 74.53, "temperatureLowTime": 1434362400, "apparentTemperatureHigh": 98.01, "apparentTemperatureHighTime": 1434312000, "apparentTemperatureLow": 76.03, "apparentTemperatureLowTime": 1434362400, "dewPoint": 72.25, "humidity": 0.78, "pressure": 1016.53, "windSpeed": 0.1, "windGust": 3.86, "windGustTime": 1434308400, "windBearing": 195, "cloudCover": 0.45, "uvIndex": 9, "uvIndexTime": 1434297600, "visibility": 6.82, "temperatureMin": 73.62, "temperatureMinTime": 1434276000, "temperatureMax": 89.88, "temperatureMaxTime": 1434308400, "apparentTemperatureMin": 74.96, "apparentTemperatureMinTime": 1434276000, "apparentTemperatureMax": 98.01, "apparentTemperatureMaxTime": 1434312000}]}, "flags": {"sources": ["cmc", "gfs", "hrrr", "icon", "isd", "madis", "nam", "sref"], "nearest-station": 0.675, "units": "us"}, "offset": -4}