{"latitude": 38.912659, "longitude": -77.017669, "timezone": "America/New_York", "currently": {"time": 1453006800, "summary": "Clear", "icon": "clear-night", "precipIntensity": 0, "precipProbability": 0, "temperature": 37.59, "apparentTemperature": 37.59, "dewPoint": 28.92, "humidity": 0.71, "pressure": 1011.58, "windSpeed": 0.51, "windGust": 2.12, "windBearing": 312, "cloudCover": 0.23, "uvIndex": 0, "visibility": 7.94}, "hourly": {"summary": "Foggy in the afternoon.", "icon": "fog", "data": [{"time": 1453006800, "summary": "Clear", "icon": "clear-night", "precipIntensity": 0, "precipProbability": 0, "temperature": 37.59, "apparentTemperature": 37.59, "dewPoint": 28.92, "humidity": 0.71, "pressure": 1011.58, "windSpeed": 0.51, "windGust": 2.12, "windBearing": 312, "cloudCover": 0.23, "uvIndex": 0, "visibility": 7.94}, {"time": 1453010400, "summary": "Partly Cloudy", "icon": "partly-cloudy-night", "precipIntensity": 0, "precipProbability": 0, "temperature": 35.84, "apparentTemperature": 35.84, "dewPoint": 28.37, "humidity": 0.74, "pressure": 1011.1, "windSpeed": 0.19, "windGust": 1.5, "windBearing": 332, "cloudCover": 0.46, "uvIndex": 0, "visibility": 8.4}, {"time": 1453014000, "summary": "Clear", "icon": "clear-night", "precipIntensity": 0, "precipProbability": 0, "temperature": 34.23, "apparentTemperature": 34.23, "dewPoint": 27.85, "humidity": 0.77, "pressure": 1011.28, "windSpeed": 0.08, "windGust": 0.78, "windBearing": 354, "cloudCover": 0.2, "uvIndex": 0, "visibility": 10}, {"time": 1453017600, "summary": "Clear", "icon": "clear-night", "precipIntensity": 0, "precipProbability": 0, "temperature": 33.58, "apparentTemperature": 33.58, "dewPoint": 27.4, "humidity": 0.78, "pressure": 1011.91, "windSpeed": 0.12, "windGust": 0.71, "windBearing": 343, "cloudCover": 0.22, "uvIndex": 0, "visibility": 8.3}, {"time": 1453021200, "summary": "Mostly Cloudy", "icon": "partly-cloudy-night", "precipIntensity": 0, "precipProbability": 0, "temperature": 33.05, "apparentTemperature": 33.05, "dewPoint": 27.19, "humidity": 0.79, "pressure": 1011.57, "windSpeed": 0.14, "windGust": 0.65, "windBearing": 349, "cloudCover": 0.64, "uvIndex": 0, "visibility": 8.83}, {"time": 1453024800, "summary": "Mostly Cloudy", "icon": "partly-cloudy-night", "precipIntensity": 0, "precipProbability": 0, "temperature": 33.29, "apparentTemperature": 33.29, "dewPoint": 26.97, "humidity": 0.77, "pressure": 1010.84, "windSpeed": 0.17, "windGust": 0.94, "windBearing": 1, "cloudCover": 0.72, "uvIndex": 0, "visibility": 9.48}, {"time": 1453028400, "summary": "Mostly Cloudy", "icon": "partly-cloudy-night", "precipIntensity": 0, "precipProbability": 0, "temperature": 33.68, "apparentTemperature": 33.68, "dewPoint": 27.16, "humidity": 0.77, "pressure": 1011.53, "windSpeed": 0.08, "windGust": 0.29, "windBearing": 358, "cloudCover": 0.67, "uvIndex": 0, "visibility": 8.44}, {"time": 1453032000, "summary": "Mostly Cloudy", "icon": "partly-cloudy-night", "precipIntensity": 0, "precipProbability": 0, "temperature": 33.95, "apparentTemperature": 33.95, "dewPoint": 27.38, "humidity": 0.77, "pressure": 1011.36, "windSpeed": 0.22, "windGust": 0.63, "windBearing": 3, "cloudCover": 0.74, "uvIndex": 0, "visibility": 8.87}, {"time": 1453035600, "summary": "Mostly Cloudy", "icon": "partly-cloudy-day", "precipIntensity": 0, "precipProbability": 0, "temperature": 34.53, "apparentTemperature": 34.53, "dewPoint": 27.21, "humidity": 0.74, "pressure": 1011.64, "windSpeed": 0.23, "windGust": 0.77, "windBearing": 4, "cloudCover": 0.88, "uvIndex": 0, "visibility": 9.48}, {"time": 1453039200, "summary": "Overcast", "icon": "cloudy", "precipIntensity": 0, "precipProbability": 0, "temperature": 35.38, "apparentTemperature": 35.38, "dewPoint": 27.66, "humidity": 0.73, "pressure": 1012.81, "windSpeed": 0.05, "windGust": 0.32, "windBearing": 10, "cloudCover": 0.95, "uvIndex": 0, "visibility": 7.87}, {"time": 1453042800, "summary": "Overcast", "icon": "cloudy", "precipIntensity": 0, "precipProbability": 0, "temperature": 36.19, "apparentTemperature": 36.19, "dewPoint": 27.73, "humidity": 0.71, "pressure": 1012.24, "windSpeed": 0.34, "windGust": 1.16, "windBearing": 16, "cloudCover": 1, "uvIndex": 1, "visibility": 7.07}, {"time": 1453046400, "summary": "Overcast", "icon": "cloudy", "precipIntensity": 0, "precipProbability": 0, "temperature": 36.38, "apparentTemperature": 36.38, "dewPoint": 27.51, "humidity": 0.7, "pressure": 1012.05, "windSpeed": 0.42, "windGust": 2.69, "windBearing": 35, "cloudCover": 1, "uvIndex": 2, "visibility": 5.31}, {"time": 1453050000, "summary": "Overcast", "icon": "cloudy", "precipIntensity": 0, "precipProbability": 0, "temperature": 35.16, "apparentTemperature": 35.16, "dewPoint": 28.84, "humidity": 0.77, "pressure": 1011.13, "windSpeed": 0.28, "windGust": 2.64, "windBearing": 45, "cloudCover": 1, "uvIndex": 2, "visibility": 2.17}, {"time": 1453053600, "summary": "Foggy", "icon": "fog", "precipIntensity": 0.0009, "precipProbability": 0.19, "precipAccumulation": 0.007, "precipType": "snow", "temperature": 33.82, "apparentTemperature": 33.82, "dewPoint": 29.72, "humidity": 0.85, "pressure": 1010.2, "windSpeed": 0.21, "windGust": 1.28, "windBearing": 348, "cloudCover": 1, "uvIndex": 2, "visibility": 1.85}, {"time": 1453057200, "summary": "Foggy", "icon": "fog", "precipIntensity": 0.0053, "precipProbability": 0.51, "precipAccumulation": 0.04, "precipType": "snow", "temperature": 33.57, "apparentTemperature": 33.57, "dewPoint": 30.52, "humidity": 0.88, "pressure": 1009.13, "windSpeed": 0.24, "windGust": 1.25, "windBearing": 347, "cloudCover": 1, "uvIndex": 1, "visibility": 1.17}, {"time": 1453060800, "summary": "Light Snow", "icon": "snow", "precipIntensity": 0.0098, "precipProbability": 0.76, "precipAccumulation": 0.075, "precipType": "snow", "temperature": 34.5, "apparentTemperature": 34.5, "dewPoint": 31.3, "humidity": 0.88, "pressure": 1008.56, "windSpeed": 0.82, "windGust": 2.66, "windBearing": 338, "cloudCover": 0.98, "uvIndex": 1, "visibility": 4.94}, {"time": 1453064400, "summary": "Mostly Cloudy", "icon": "partly-cloudy-day", "precipIntensity": 0.0049, "precipProbability": 0.51, "precipType": "rain", "temperature": 35.02, "apparentTemperature": 35.02, "dewPoint": 31.1, "humidity": 0.85, "pressure": 1008.19, "windSpeed": 1.23, "windGust": 3.77, "windBearing": 334, "cloudCover": 0.83, "uvIndex": 0, "visibility": 7.53}, {"time": 1453068000, "summary": "Mostly Cloudy", "icon": "partly-cloudy-day", "precipIntensity": 0.0004, "precipProbability": 0.15, "precipType": "rain", "temperature": 34.8, "apparentTemperature": 34.8, "dewPoint": 30.56, "humidity": 0.84, "pressure": 1008.25, "windSpeed": 0.92, "windGust": 2.63, "windBearing": 324, "cloudCover": 0.86, "uvIndex": 0, "visibility": 7.73}, {"time": 1453071600, "summary": "Overcast", "icon": "cloudy", "precipIntensity": 0, "precipProbability": 0, "temperature": 34.41, "apparentTemperature": 34.41, "dewPoint": 30.35, "humidity": 0.85, "pressure": 1008.76, "windSpeed": 0.29, "windGust": 1.2, "windBearing": 308, "cloudCover": 0.97, "uvIndex": 0, "visibility": 7.37}, {"time": 1453075200, "summary": "Overcast", "icon": "cloudy", "precipIntensity": 0, "precipProbability": 0, "temperature": 34.18, "apparentTemperature": 34.18, "dewPoint": 30.31, "humidity": 0.86, "pressure": 1009.14, "windSpeed": 0.26, "windGust": 1.16, "windBearing": 292, "cloudCover": 1, "uvIndex": 0, "visibility": 7.55}, {"time": 1453078800, "summary": "Mostly Cloudy", "icon": "partly-cloudy-night", "precipIntensity": 0, "precipProbability": 0, "temperature": 33.53, "apparentTemperature": 33.53, "dewPoint": 29.75, "humidity": 0.86, "pressure": 1009.27, "windSpeed": 0.11, "windGust": 0.78, "windBearing": 278, "cloudCover": 0.89, "uvIndex": 0, "visibility": 6.48}, {"time": 1453082400, "summary": "Partly Cloudy", "icon": "partly-cloudy-night", "precipIntensity": 0, "precipProbability": 0, "temperature": 32.08, "apparentTemperature": 32.08, "dewPoint": 28.63, "humidity": 0.87, "pressure": 1009.3, "windSpeed": 0.09, "windGust": 0.49, "windBearing": 264, "cloudCover": 0.39, "uvIndex": 0, "visibility": 6.07}, {"time": 1453086000, "summary": "Clear", "icon": "clear-night", "precipIntensity": 0, "precipProbability": 0, "temperature": 31.12, "apparentTemperature": 31.12, "dewPoint": 27.68, "humidity": 0.87, "pressure": 1009.45, "windSpeed": 0.27, "windGust": 1.2, "windBearing": 269, "cloudCover": 0.07, "uvIndex": 0, "visibility": 4.92}, {"time": 1453089600, "summary": "Clear", "icon": "clear-night", "precipIntensity": 0, "precipProbability": 0, "temperature": 30.71, "apparentTemperature": 30.71, "dewPoint": 27.04, "humidity": 0.86, "pressure": 1009.41, "windSpeed": 0.45, "windGust": 1.36, "windBearing": 265, "cloudCover": 0.07, "uvIndex": 0, "visibility": 6.88}]}, "daily": {"data": [{"time": 1453006800, "summary": "Foggy in the afternoon.", "icon": "fog", "sunriseTime": 1453033537, "sunsetTime": 1453068762, "moonPhase": 0.28, "precipIntensity": 0.0009, "precipIntensityMax": 0.0098, "precipIntensityMaxTime": 1453060800, "precipProbability": 0.76, "precipAccumulation": 0.122, "precipType": "snow", "temperatureHigh": 36.38, "temperatureHighTime": 1453046400, "temperatureLow": 17.06, "temperatureLowTime": 1453122000, "apparentTemperatureHigh": 36.38, "apparentTemperatureHighTime": 1453046400, "apparentTemperatureLow": 9.38, "apparentTemperatureLowTime": 1453122000, "dewPoint": 28.63, "humidity": 0.8, "pressure": 1010.45, "windSpeed": 0.27, "windGust": 3.77, "windGustTime": 1453064400, "windBearing": 334, "cloudCover": 0.7, "uvIndex": 2, "uvIndexTime": 1453046400, "visibility": 6.86, "temperatureMin": 30.71, "temperatureMinTime": 1453089600, "temperatureMax": 37.59, "temperatureMaxTime": 1453006800, "apparentTemperatureMin": 30.71, "apparentTemperatureMinTime": 1453089600, "apparentTemperatureMax": 37.59, "apparentTemperatureMaxTime": 1453006800}]}, "flags": {"sources": ["cmc", "gfs", "hrrr", "icon", "isd", "madis", "nam", "sref"], "nearest-station": 1.106, "units": "us"}, "offset": -5}