{"latitude": 38.912659, "longitude": -77.017669, "timezone": "America/New_York", "currently": {"time": 1444363200, "summary": "Partly Cloudy", "icon": "partly-cloudy-night", "precipIntensity": 0, "precipProbability": 0, "temperature": 62.64, "apparentTemperature": 62.64, "dewPoint": 57.91, "humidity": 0.85, "pressure": 1018.28, "windSpeed": 0.16, "windGust": 0.39, "windBearing": 180, "cloudCover": 0.44, "uvIndex": 0, "visibility": 8.09}, "hourly": {"summary": "Rain in the evening.", "icon": "rain", "data": [{"time": 1444363200, "summary": "Partly Cloudy", "icon": "partly-cloudy-night", "precipIntensity": 0, "precipProbability": 0, "temperature": 62.64, "apparentTemperature": 62.64, "dewPoint": 57.91, "humidity": 0.85, "pressure": 1018.28, "windSpeed": 0.16, "windGust": 0.39, "windBearing": 180, "cloudCover": 0.44, "uvIndex": 0, "visibility": 8.09}, {"time": 1444366800, "summary": "Mostly Cloudy", "icon": "partly-cloudy-night", "precipIntensity": 0, "precipProbability": 0, "temperature": 62.58, "apparentTemperature": 62.59, "dewPoint": 58.4, "humidity": 0.86, "pressure": 1017.91, "windSpeed": 0.25, "windGust": 1.01, "windBearing": 180, "cloudCover": 0.64, "uvIndex": 0, "visibility": 7.23}, {"time": 1444370400, "summary": "Partly Cloudy", "icon": "partly-cloudy-night", "precipIntensity": 0, "precipProbability": 0, "temperature": 62.62, "apparentTemperature": 62.65, "dewPoint": 58.55, "humidity": 0.87, "pressure": 1017.48, "windSpeed": 0.43, "windGust": 1.45, "windBearing": 179, "cloudCover": 0.3, "uvIndex": 0, "visibility": 7.86}, {"time": 1444374000, "summary": "Partly Cloudy", "icon": "partly-cloudy-night", "precipIntensity": 0, "precipProbability": 0, "temperature": 62.3, "apparentTemperature": 62.35, "dewPoint": 58.53, "humidity": 0.87, "pressure": 1016.81, "windSpeed": 0.44, "windGust": 1.51, "windBearing": 181, "cloudCover": 0.34, "uvIndex": 0, "visibility": 6.4}, {"time": 1444377600, "summary": "Partly Cloudy", "icon": "partly-cloudy-night", "precipIntensity": 0, "precipProbability": 0, "temperature": 62.02, "apparentTemperature": 62.07, "dewPoint": 58.46, "humidity": 0.88, "pressure": 1016.26, "windSpeed": 0.33, "windGust": 1.59, "windBearing": 181, "cloudCover": 0.25, "uvIndex": 0, "visibility": 7.94}, {"time": 1444381200, "summary": "Clear", "icon": "clear-night", "precipIntensity": 0, "precipProbability": 0, "temperature": 61.67, "apparentTemperature": 61.71, "dewPoint": 58.37, "humidity": 0.89, "pressure": 1015.83, "windSpeed": 0.28, "windGust": 1.54, "windBearing": 189, "cloudCover": 0.24, "uvIndex": 0, "visibility": 6.49}, {"time": 1444384800, "summary": "Mostly Cloudy", "icon": "partly-cloudy-night", "precipIntensity": 0, "precipProbability": 0, "temperature": 61.76, "apparentTemperature": 61.85, "dewPoint": 58.7, "humidity": 0.9, "pressure": 1015.67, "windSpeed": 0.56, "windGust": 1.55, "windBearing": 186, "cloudCover": 0.66, "uvIndex": 0, "visibility": 6.61}, {"time": 1444388400, "summary": "Mostly Cloudy", "icon": "partly-cloudy-night", "precipIntensity": 0, "precipProbability": 0, "temperature": 62.05, "apparentTemperature": 62.21, "dewPoint": 59.21, "humidity": 0.9, "pressure": 1015.55, "windSpeed": 0.33, "windGust": 1.72, "windBearing": 181, "cloudCover": 0.82, "uvIndex": 0, "visibility": 6.82}, {"time": 1444392000, "summary": "Mostly Cloudy", "icon": "partly-cloudy-day", "precipIntensity": 0.0009, "precipProbability": 0.21, "precipType": "rain", "temperature": 62.18, "apparentTemperature": 62.39, "dewPoint": 59.63, "humidity": 0.91, "pressure": 1015.37, "windSpeed": 0.23, "windGust": 1.25, "windBearing": 195, "cloudCover": 0.73, "uvIndex": 0, "visibility": 7.85}, {"time": 1444395600, "summary": "Partly Cloudy", "icon": "partly-cloudy-day", "precipIntensity": 0, "precipProbability": 0, "temperature": 63.86, "apparentTemperature": 64.23, "dewPoint": 61.21, "humidity": 0.91, "pressure": 1015.25, "windSpeed": 0.64, "windGust": 3.09, "windBearing": 189, "cloudCover": 0.53, "uvIndex": 1, "visibility": 7.47}, {"time": 1444399200, "summary": "Partly Cloudy", "icon": "partly-cloudy-day", "precipIntensity": 0, "precipProbability": 0, "temperature": 67.21, "apparentTemperature": 67.73, "dewPoint": 63.23, "humidity": 0.87, "pressure": 1015.05, "windSpeed": 1.03, "windGust": 4.41, "windBearing": 213, "cloudCover": 0.32, "uvIndex": 2, "visibility": 8.6}, {"time": 1444402800, "summary": "Partly Cloudy", "icon": "partly-cloudy-day", "precipIntensity": 0, "precipProbability": 0, "temperature": 71.66, "apparentTemperature": 72.22, "dewPoint": 64.58, "humidity": 0.78, "pressure": 1014.34, "windSpeed": 1.64, "windGust": 5.54, "windBearing": 209, "cloudCover": 0.25, "uvIndex": 3, "visibility": 8.37}, {"time": 1444406400, "summary": "Partly Cloudy", "icon": "partly-cloudy-day", "precipIntensity": 0, "precipProbability": 0, "temperature": 75.49, "apparentTemperature": 76.05, "dewPoint": 65.17, "humidity": 0.7, "pressure": 1013.77, "windSpeed": 1.44, "windGust": 5.98, "windBearing": 210, "cloudCover": 0.41, "uvIndex": 4, "visibility": 7.99}, {"time": 1444410000, "summary": "Partly Cloudy", "icon": "partly-cloudy-day", "precipIntensity": 0, "precipProbability": 0, "temperature": 76.34, "apparentTemperature": 76.93, "dewPoint": 65.46, "humidity": 0.69, "pressure": 1013.21, "windSpeed": 1.43, "windGust": 5.38, "windBearing": 216, "cloudCover": 0.46, "uvIndex": 4, "visibility": 7.77}, {"time": 1444413600, "summary": "Mostly Cloudy", "icon": "partly-cloudy-day", "precipIntensity": 0, "precipProbability": 0, "temperature": 75.42, "apparentTemperature": 76.04, "dewPoint": 65.7, "humidity": 0.72, "pressure": 1011.97, "windSpeed": 1.55, "windGust": 6.81, "windBearing": 214, "cloudCover": 0.82, "uvIndex": 3, "visibility": 8.59}, {"time": 1444417200, "summary": "Partly Cloudy", "icon": "partly-cloudy-day", "precipIntensity": 0, "precipProbability": 0, "temperature": 77.65, "apparentTemperature": 78.27, "dewPoint": 65.85, "humidity": 0.67, "pressure": 1010.98, "windSpeed": 2.28, "windGust": 7.61, "windBearing": 225, "cloudCover": 0.44, "uvIndex": 3, "visibility": 8.59}, {"time": 1444420800, "summary": "Mostly Cloudy", "icon": "partly-cloudy-day", "precipIntensity": 0, "precipProbability": 0, "temperature": 78.15, "apparentTemperature": 78.78, "dewPoint": 65.94, "humidity": 0.66, "pressure": 1010.32, "windSpeed": 1.36, "windGust": 6.02, "windBearing": 225, "cloudCover": 0.61, "uvIndex": 2, "visibility": 8.2}, {"time": 1444424400, "summary": "Partly Cloudy", "icon": "partly-cloudy-day", "precipIntensity": 0, "precipProbability": 0, "temperature": 78.18, "apparentTemperature": 78.82, "dewPoint": 66.13, "humidity": 0.67, "pressure": 1010.1, "windSpeed": 1.72, "windGust": 5.78, "windBearing": 226, "cloudCover": 0.27, "uvIndex": 1, "visibility": 8.72}, {"time": 1444428000, "summary": "Partly Cloudy", "icon": "partly-cloudy-day", "precipIntensity": 0, "precipProbability": 0, "temperature": 76.45, "apparentTemperature": 77.11, "dewPoint": 66.14, "humidity": 0.71, "pressure": 1010.16, "windSpeed": 0.96, "windGust": 4.57, "windBearing": 222, "cloudCover": 0.28, "uvIndex": 0, "visibility": 8.32}, {"time": 1444431600, "summary": "Rain", "icon": "rain", "precipIntensity": 0.0791, "precipProbability": 0.72, "precipType": "rain", "temperature": 67.63, "apparentTemperature": 68.18, "dewPoint": 63.64, "humidity": 0.87, "pressure": 1011.57, "windSpeed": 0.76, "windGust": 4.07, "windBearing": 320, "cloudCover": 0.88, "uvIndex": 0, "visibility": 3.35}, {"time": 1444435200, "summary": "Rain", "icon": "rain", "precipIntensity": 0.115, "precipProbability": 0.81, "precipType": "rain", "temperature": 66.1, "apparentTemperature": 66.63, "dewPoint": 63.03, "humidity": 0.9, "pressure": 1012.64, "windSpeed": 0.05, "windGust": 0.94, "windBearing": 297, "cloudCover": 0.93, "uvIndex": 0, "visibility": 7.43}, {"time": 1444438800, "summary": "Mostly Cloudy", "icon": "partly-cloudy-night", "precipIntensity": 0.0012, "precipProbability": 0.17, "precipType": "rain", "temperature": 65.16, "apparentTemperature": 65.66, "dewPoint": 62.51, "humidity": 0.91, "pressure": 1013.01, "windSpeed": 0.01, "windGust": 0.34, "windBearing": 270, "cloudCover": 0.78, "uvIndex": 0, "visibility": 5.46}, {"time": 1444442400, "summary": "Mostly Cloudy", "icon": "partly-cloudy-night", "precipIntensity": 0, "precipProbability": 0, "temperature": 64.9, "apparentTemperature": 65.38, "dewPoint": 62.28, "humidity": 0.91, "pressure": 1013.73, "windSpeed": 0.18, "windGust": 0.76, "windBearing": 289, "cloudCover": 0.74, "uvIndex": 0, "visibility": 7.89}, {"time": 1444446000, "summary": "Partly Cloudy", "icon": "partly-cloudy-night", "precipIntensity": 0, "precipProbability": 0, "temperature": 64.69, "apparentTemperature": 65.12, "dewPoint": 61.86, "humidity": 0.91, "pressure": 1014, "windSpeed": 0.47, "windGust": 1.83, "windBearing": 311, "cloudCover": 0.56, "uvIndex": 0, "visibility": 6.85}]}, "daily": {"data": [{"time": 1444363200, "summary": "Rain in the evening.", "icon": "rain", "sunriseTime": 1444389157, "sunsetTime": 1444430418, "moonPhase": 0.9, "precipIntensity": 0.0082, "precipIntensityMax": 0.115, "precipIntensityMaxTime": 1444435200, "precipProbability": 0.81, "precipType": "rain", "temperatureHigh": 78.18, "temperatureHighTime": 1444424400, "temperatureLow": 53.53, "temperatureLowTime": 1444478400, "apparentTemperatureHigh": 78.82, "apparentTemperatureHighTime": 1444424400, "apparentTemperatureLow": 53.53, "apparentTemperatureLowTime": 1444478400, "dewPoint": 62.1, "humidity": 0.83, "pressure": 1014.14, "windSpeed": 0.68, "windGust": 7.61, "windGustTime": 1444417200, "windBearing": 216, "cloudCover": 0.53, "uvIndex": 4, "uvIndexTime": 1444406400, "visibility": 7.45, "temperatureMin": 61.67, "temperatureMinTime": 1444381200, "temperatureMax": 78.18, "temperatureMaxTime": 1444424400, "apparentTemperatureMin": 61.71, "apparentTemperatureMinTime": 1444381200, "apparentTemperatureMax": 78.82, "apparentTemperatureMaxTime": 1444424400}]}, "flags": {"sources": ["cmc", "gfs", "hrrr", "icon", "isd", "madis", "nam", "sref"], "nearest-station": 1.106, "units": "us"}, "offset": -4}