{"latitude": 38.912659, "longitude": -77.017669, "timezone": "America/New_York", "currently": {"time": 1424494800, "summary": "Clear", "icon": "clear-night", "precipIntensity": 0, "precipProbability": 0, "temperature": 11.5, "apparentTemperature": 11.5, "dewPoint": -2.88, "humidity": 0.51, "pressure": 1032.89, "windSpeed": 0.33, "windGust": 1.49, "windBearing": 182, "cloudCover": 0, "uvIndex": 0, "visibility": 6.85}, "hourly": {"summary": "Foggy starting in the afternoon, continuing until evening.", "icon": "fog", "data": [{"time": 1424494800, "summary": "Clear", "icon": "clear-night", "precipIntensity": 0, "precipProbability": 0, "temperature": 11.5, "apparentTemperature": 11.5, "dewPoint": -2.88, "humidity": 0.51, "pressure": 1032.89, "windSpeed": 0.33, "windGust": 1.49, "windBearing": 182, "cloudCover": 0, "uvIndex": 0, "visibility": 6.85}, {"time": 1424498400, "summary": "Clear", "icon": "clear-night", "precipIntensity": 0, "precipProbability": 0, "temperature": 11.25, "apparentTemperature": 11.25, "dewPoint": -2.83, "humidity": 0.52, "pressure": 1032.8, "windSpeed": 0.28, "windGust": 1.36, "windBearing": 178, "cloudCover": 0, "uvIndex": 0, "visibility": 7.35}, {"time": 1424502000, "summary": "Partly Cloudy", "icon": "partly-cloudy-night", "precipIntensity": 0, "precipProbability": 0, "temperature": 11.22, "apparentTemperature": 11.22, "dewPoint": -2.65, "humidity": 0.53, "pressure": 1032.15, "windSpeed": 0.39, "windGust": 2.12, "windBearing": 171, "cloudCover": 0.35, "uvIndex": 0, "visibility": 6.92}, {"time": 1424505600, "summary": "Clear", "icon": "clear-night", "precipIntensity": 0, "precipProbability": 0, "temperature": 11.74, "apparentTemperature": 11.74, "dewPoint": -2.43, "humidity": 0.52, "pressure": 1032.08, "windSpeed": 0.54, "windGust": 2.52, "windBearing": 172, "cloudCover": 0.17, "uvIndex": 0, "visibility": 7}, {"time": 1424509200, "summary": "Clear", "icon": "clear-night", "precipIntensity": 0, "precipProbability": 0, "temperature": 12.05, "apparentTemperature": 12.05, "dewPoint": -2.28, "humidity": 0.52, "pressure": 1031.39, "windSpeed": 0.48, "windGust": 2.24, "windBearing": 176, "cloudCover": 0.09, "uvIndex": 0, "visibility": 7.82}, {"time": 1424512800, "summary": "Clear", "icon": "clear-night", "precipIntensity": 0, "precipProbability": 0, "temperature": 12, "apparentTemperature": 12, "dewPoint": -2.03, "humidity": 0.52, "pressure": 1031.2, "windSpeed": 0.61, "windGust": 2.69, "windBearing": 171, "cloudCover": 0.03, "uvIndex": 0, "visibility": 7.08}, {"time": 1424516400, "summary": "Clear", "icon": "clear-night", "precipIntensity": 0, "precipProbability": 0, "temperature": 12.49, "apparentTemperature": 12.49, "dewPoint": -1.64, "humidity": 0.52, "pressure": 1032.07, "windSpeed": 0.61, "windGust": 3.07, "windBearing": 172, "cloudCover": 0.1, "uvIndex": 0, "visibility": 8.06}, {"time": 1424520000, "summary": "Partly Cloudy", "icon": "partly-cloudy-day", "precipIntensity": 0, "precipProbability": 0, "temperature": 14.06, "apparentTemperature": 14.06, "dewPoint": -0.36, "humidity": 0.52, "pressure": 1031.62, "windSpeed": 1.26, "windGust": 5.45, "windBearing": 164, "cloudCover": 0.4, "uvIndex": 0, "visibility": 7.25}, {"time": 1424523600, "summary": "Partly Cloudy", "icon": "partly-cloudy-day", "precipIntensity": 0, "precipProbability": 0, "temperature": 15.96, "apparentTemperature": 15.96, "dewPoint": 0.98, "humidity": 0.51, "pressure": 1031.47, "windSpeed": 2.42, "windGust": 7.52, "windBearing": 176, "cloudCover": 0.49, "uvIndex": 0, "visibility": 9.03}, {"time": 1424527200, "summary": "Mostly Cloudy", "icon": "partly-cloudy-day", "precipIntensity": 0, "precipProbability": 0, "temperature": 18.27, "apparentTemperature": 18.27, "dewPoint": 2.45, "humidity": 0.49, "pressure": 1031.6, "windSpeed": 2.73, "windGust": 8.69, "windBearing": 182, "cloudCover": 0.8, "uvIndex": 1, "visibility": 8.38}, {"time": 1424530800, "summary": "Overcast", "icon": "cloudy", "precipIntensity": 0, "precipProbability": 0, "temperature": 19.99, "apparentTemperature": 15.72, "dewPoint": 4.44, "humidity": 0.5, "pressure": 1031.07, "windSpeed": 3.01, "windGust": 9.16, "windBearing": 175, "cloudCover": 1, "uvIndex": 2, "visibility": 7.33}, {"time": 1424534400, "summary": "Overcast", "icon": "cloudy", "precipIntensity": 0, "precipProbability": 0, "temperature": 20.59, "apparentTemperature": 15.85, "dewPoint": 9.91, "humidity": 0.63, "pressure": 1030.56, "windSpeed": 3.34, "windGust": 9.96, "windBearing": 183, "cloudCover": 1, "uvIndex": 3, "visibility": 5.13}, {"time": 1424538000, "summary": "Foggy", "icon": "fog", "precipIntensity": 0, "precipProbability": 0, "temperature": 20.5, "apparentTemperature": 15.91, "dewPoint": 14.64, "humidity": 0.78, "pressure": 1029.73, "windSpeed": 3.24, "windGust": 9.08, "windBearing": 181, "cloudCover": 1, "uvIndex": 3, "visibility": 1.27}, {"time": 1424541600, "summary": "Foggy", "icon": "fog", "precipIntensity": 0, "precipProbability": 0, "temperature": 21.23, "apparentTemperature": 21.23, "dewPoint": 16.8, "humidity": 0.83, "pressure": 1027.99, "windSpeed": 2.47, "windGust": 8.32, "windBearing": 179, "cloudCover": 1, "uvIndex": 3, "visibility": 1.03}, {"time": 1424545200, "summary": "Foggy", "icon": "fog", "precipIntensity": 0.0003, "precipProbability": 0.04, "precipAccumulation": 0.005, "precipType": "snow", "temperature": 22.07, "apparentTemperature": 22.07, "dewPoint": 17.91, "humidity": 0.84, "pressure": 1026.79, "windSpeed": 2.33, "windGust": 6.69, "windBearing": 174, "cloudCover": 1, "uvIndex": 2, "visibility": 1.5}, {"time": 1424548800, "summary": "Foggy", "icon": "fog", "precipIntensity": 0.0005, "precipProbability": 0.07, "precipAccumulation": 0.007, "precipType": "snow", "temperature": 23.15, "apparentTemperature": 23.15, "dewPoint": 19.31, "humidity": 0.85, "pressure": 1025.73, "windSpeed": 2.21, "windGust": 6.8, "windBearing": 174, "cloudCover": 1, "uvIndex": 2, "visibility": 1.06}, {"time": 1424552400, "summary": "Foggy", "icon": "fog", "precipIntensity": 0.0005, "precipProbability": 0.03, "precipAccumulation": 0.007, "precipType": "snow", "temperature": 24.34, "apparentTemperature": 24.34, "dewPoint": 20.91, "humidity": 0.87, "pressure": 1024.92, "windSpeed": 1.74, "windGust": 4.97, "windBearing": 172, "cloudCover": 1, "uvIndex": 1, "visibility": 1.07}, {"time": 1424556000, "summary": "Foggy", "icon": "fog", "precipIntensity": 0.0005, "precipProbability": 0.08, "precipAccumulation": 0.006, "precipType": "snow", "temperature": 24.96, "apparentTemperature": 24.96, "dewPoint": 21.75, "humidity": 0.87, "pressure": 1023.94, "windSpeed": 0.83, "windGust": 3.18, "windBearing": 164, "cloudCover": 1, "uvIndex": 0, "visibility": 0.97}, {"time": 1424559600, "summary": "Overcast", "icon": "cloudy", "precipIntensity": 0, "precipProbability": 0, "temperature": 26.18, "apparentTemperature": 26.18, "dewPoint": 23.27, "humidity": 0.89, "pressure": 1023.81, "windSpeed": 0.76, "windGust": 3.46, "windBearing": 165, "cloudCover": 1, "uvIndex": 0, "visibility": 2.52}, {"time": 1424563200, "summary": "Overcast", "icon": "cloudy", "precipIntensity": 0.0005, "precipProbability": 0.03, "precipAccumulation": 0.005, "precipType": "snow", "temperature": 28.11, "apparentTemperature": 28.11, "dewPoint": 25.51, "humidity": 0.9, "pressure": 1023.48, "windSpeed": 0.99, "windGust": 3.19, "windBearing": 175, "cloudCover": 1, "uvIndex": 0, "visibility": 2.6}, {"time": 1424566800, "summary": "Overcast", "icon": "cloudy", "precipIntensity": 0.0006, "precipProbability": 0.08, "precipType": "sleet", "temperature": 30.04, "apparentTemperature": 30.04, "dewPoint": 27.74, "humidity": 0.91, "pressure": 1022.94, "windSpeed": 0.79, "windGust": 3.13, "windBearing": 181, "cloudCover": 1, "uvIndex": 0, "visibility": 3.57}, {"time": 1424570400, "summary": "Overcast", "icon": "cloudy", "precipIntensity": 0.0009, "precipProbability": 0.12, "precipAccumulation": 0.007, "precipType": "snow", "temperature": 31.94, "apparentTemperature": 31.94, "dewPoint": 29.75, "humidity": 0.91, "pressure": 1022.49, "windSpeed": 1.46, "windGust": 4.35, "windBearing": 188, "cloudCover": 1, "uvIndex": 0, "visibility": 3.72}, {"time": 1424574000, "summary": "Overcast", "icon": "cloudy", "precipIntensity": 0.0033, "precipProbability": 0.26, "precipType": "rain", "temperature": 32.87, "apparentTemperature": 32.87, "dewPoint": 30.75, "humidity": 0.92, "pressure": 1022.34, "windSpeed": 1.12, "windGust": 4.18, "windBearing": 204, "cloudCover": 1, "uvIndex": 0, "visibility": 3.89}, {"time": 1424577600, "summary": "Overcast", "icon": "cloudy", "precipIntensity": 0.0056, "precipProbability": 0.26, "precipType": "rain", "temperature": 33.27, "apparentTemperature": 33.27, "dewPoint": 31.22, "humidity": 0.92, "pressure": 1022.07, "windSpeed": 0.92, "windGust": 2.9, "windBearing": 197, "cloudCover": 1, "uvIndex": 0, "visibility": 3.86}]}, "daily": {"data": [{"time": 1424494800, "summary": "Foggy starting in the afternoon, continuing until evening.", "icon": "fog", "sunriseTime": 1424519588, "sunsetTime": 1424559187, "moonPhase": 0.1, "precipIntensity": 0.0005, "precipIntensityMax": 0.0056, "precipIntensityMaxTime": 1424577600, "precipProbability": 0.26, "precipAccumulation": 0.04, "precipType": "snow", "temperatureHigh": 28.11, "temperatureHighTime": 1424563200, "temperatureLow": 30.04, "temperatureLowTime": 1424566800, "apparentTemperatureHigh": 28.11, "apparentTemperatureHighTime": 1424563200, "apparentTemperatureLow": 30.04, "apparentTemperatureLowTime": 1424566800, "dewPoint": 11.68, "humidity": 0.7, "pressure": 1028.21, "windSpeed": 1.44, "windGust": 9.96, "windGustTime": 1424534400, "windBearing": 178, "cloudCover": 0.68, "uvIndex": 3, "uvIndexTime": 1424534400, "visibility": 4.8, "temperatureMin": 11.22, "temperatureMinTime": 1424502000, "temperatureMax": 33.27, "temperatureMaxTime": 1424577600, "apparentTemperatureMin": 11.22, "apparentTemperatureMinTime": 1424502000, "apparentTemperatureMax": 33.27, "apparentTemperatureMaxTime": 1424577600}]}, "flags": {"sources": ["cmc", "gfs", "hrrr", "icon", "isd", "madis", "nam", "sref"], "nearest-station": 0.675, "units": "us"}, "offset": -5}