{"latitude": 38.912659, "longitude": -77.017669, "timezone": "America/New_York", "currently": {"time": 1450069200, "summary": "Mostly Cloudy", "icon": "partly-cloudy-night", "precipIntensity": 0, "precipProbability": 0, "temperature": 58.56, "apparentTemperature": 58.56, "dewPoint": 55.05, "humidity": 0.88, "pressure": 1017.1, "windSpeed": 0.43, "windGust": 1.95, "windBearing": 170, "cloudCover": 0.76, "uvIndex": 0, "visibility": 7.01}, "hourly": {"summary": "Light rain in the evening.", "icon": "rain", "data": [{"time": 1450069200, "summary": "Mostly Cloudy", "icon": "partly-cloudy-night", "precipIntensity": 0, "precipProbability": 0, "temperature": 58.56, "apparentTemperature": 58.56, "dewPoint": 55.05, "humidity": 0.88, "pressure": 1017.1, "windSpeed": 0.43, "windGust": 1.95, "windBearing": 170, "cloudCover": 0.76, "uvIndex": 0, "visibility": 7.01}, {"time": 1450072800, "summary": "Partly Cloudy", "icon": "partly-cloudy-night", "precipIntensity": 0, "precipProbability": 0, "temperature": 58.39, "apparentTemperature": 58.39, "dewPoint": 55.21, "humidity": 0.89, "pressure": 1016.47, "windSpeed": 0.56, "windGust": 2.15, "windBearing": 170, "cloudCover": 0.48, "uvIndex": 0, "visibility": 8.17}, {"time": 1450076400, "summary": "Partly Cloudy", "icon": "partly-cloudy-night", "precipIntensity": 0, "precipProbability": 0, "temperature": 58.24, "apparentTemperature": 58.24, "dewPoint": 55.31, "humidity": 0.9, "pressure": 1015.97, "windSpeed": 0.91, "windGust": 2.71, "windBearing": 175, "cloudCover": 0.58, "uvIndex": 0, "visibility": 7.83}, {"time": 1450080000, "summary": "Partly Cloudy", "icon": "partly-cloudy-night", "precipIntensity": 0, "precipProbability": 0, "temperature": 57.85, "apparentTemperature": 57.85, "dewPoint": 55.06, "humidity": 0.9, "pressure": 1015.64, "windSpeed": 1.08, "windGust": 2.92, "windBearing": 175, "cloudCover": 0.53, "uvIndex": 0, "visibility": 7.2}, {"time": 1450083600, "summary": "Partly Cloudy", "icon": "partly-cloudy-night", "precipIntensity": 0, "precipProbability": 0, "temperature": 57.72, "apparentTemperature": 57.72, "dewPoint": 55.07, "humidity": 0.91, "pressure": 1014.93, "windSpeed": 0.93, "windGust": 3.24, "windBearing": 174, "cloudCover": 0.57, "uvIndex": 0, "visibility": 7.21}, {"time": 1450087200, "summary": "Partly Cloudy", "icon": "partly-cloudy-night", "precipIntensity": 0, "precipProbability": 0, "temperature": 57.21, "apparentTemperature": 57.21, "dewPoint": 54.66, "humidity": 0.91, "pressure": 1013.96, "windSpeed": 0.99, "windGust": 3.05, "windBearing": 174, "cloudCover": 0.47, "uvIndex": 0, "visibility": 6.24}, {"time": 1450090800, "summary": "Partly Cloudy", "icon": "partly-cloudy-night", "precipIntensity": 0, "precipProbability": 0, "temperature": 56.91, "apparentTemperature": 56.91, "dewPoint": 54.54, "humidity": 0.92, "pressure": 1013.47, "windSpeed": 4.17, "windGust": 4.58, "windBearing": 166, "cloudCover": 0.46, "uvIndex": 0, "visibility": 4.62}, {"time": 1450094400, "summary": "Partly Cloudy", "icon": "partly-cloudy-night", "precipIntensity": 0, "precipProbability": 0, "temperature": 56.99, "apparentTemperature": 56.99, "dewPoint": 54.76, "humidity": 0.92, "pressure": 1013.17, "windSpeed": 1.55, "windGust": 3.72, "windBearing": 165, "cloudCover": 0.48, "uvIndex": 0, "visibility": 6.63}, {"time": 1450098000, "summary": "Mostly Cloudy", "icon": "partly-cloudy-day", "precipIntensity": 0, "precipProbability": 0, "temperature": 58.21, "apparentTemperature": 58.21, "dewPoint": 56.21, "humidity": 0.93, "pressure": 1012.9, "windSpeed": 1.99, "windGust": 5.21, "windBearing": 185, "cloudCover": 0.9, "uvIndex": 0, "visibility": 6.02}, {"time": 1450101600, "summary": "Overcast", "icon": "cloudy", "precipIntensity": 0, "precipProbability": 0, "temperature": 59.88, "apparentTemperature": 59.9, "dewPoint": 57.63, "humidity": 0.92, "pressure": 1011.96, "windSpeed": 2.09, "windGust": 6.15, "windBearing": 179, "cloudCover": 1, "uvIndex": 0, "visibility": 7.18}, {"time": 1450105200, "summary": "Overcast", "icon": "cloudy", "precipIntensity": 0, "precipProbability": 0, "temperature": 61.55, "apparentTemperature": 61.7, "dewPoint": 59, "humidity": 0.91, "pressure": 1011.59, "windSpeed": 2.4, "windGust": 7.74, "windBearing": 195, "cloudCover": 1, "uvIndex": 1, "visibility": 8.47}, {"time": 1450108800, "summary": "Overcast", "icon": "cloudy", "precipIntensity": 0, "precipProbability": 0, "temperature": 63.81, "apparentTemperature": 64.03, "dewPoint": 60.22, "humidity": 0.88, "pressure": 1010.95, "windSpeed": 2.39, "windGust": 7.75, "windBearing": 190, "cloudCover": 0.97, "uvIndex": 1, "visibility": 9.47}, {"time": 1450112400, "summary": "Overcast", "icon": "cloudy", "precipIntensity": 0, "precipProbability": 0, "temperature": 66.71, "apparentTemperature": 66.96, "dewPoint": 61.2, "humidity": 0.82, "pressure": 1009.77, "windSpeed": 3.28, "windGust": 9.3, "windBearing": 187, "cloudCover": 0.99, "uvIndex": 2, "visibility": 8.59}, {"time": 1450116000, "summary": "Mostly Cloudy", "icon": "partly-cloudy-day", "precipIntensity": 0, "precipProbability": 0, "temperature": 68.94, "apparentTemperature": 69.16, "dewPoint": 61.53, "humidity": 0.77, "pressure": 1008.06, "windSpeed": 3.19, "windGust": 9.67, "windBearing": 177, "cloudCover": 0.88, "uvIndex": 2, "visibility": 8.11}, {"time": 1450119600, "summary": "Overcast", "icon": "cloudy", "precipIntensity": 0, "precipProbability": 0, "temperature": 69.19, "apparentTemperature": 69.33, "dewPoint": 60.95, "humidity": 0.75, "pressure": 1006.72, "windSpeed": 3.22, "windGust": 9.83, "windBearing": 174, "cloudCover": 1, "uvIndex": 1, "visibility": 8.25}, {"time": 1450123200, "summary": "Mostly Cloudy", "icon": "partly-cloudy-day", "precipIntensity": 0, "precipProbability": 0, "temperature": 68.84, "apparentTemperature": 68.94, "dewPoint": 60.53, "humidity": 0.75, "pressure": 1005.14, "windSpeed": 2.41, "windGust": 7.63, "windBearing": 155, "cloudCover": 0.92, "uvIndex": 0, "visibility": 8.24}, {"time": 1450126800, "summary": "Overcast", "icon": "cloudy", "precipIntensity": 0, "precipProbability": 0, "temperature": 68.11, "apparentTemperature": 68.2, "dewPoint": 60.27, "humidity": 0.76, "pressure": 1003.87, "windSpeed": 3.68, "windGust": 10.22, "windBearing": 146, "cloudCover": 1, "uvIndex": 0, "visibility": 7.9}, {"time": 1450130400, "summary": "Overcast", "icon": "cloudy", "precipIntensity": 0, "precipProbability": 0, "temperature": 66.72, "apparentTemperature": 66.91, "dewPoint": 60.82, "humidity": 0.81, "pressure": 1003.4, "windSpeed": 3.79, "windGust": 11.46, "windBearing": 169, "cloudCover": 1, "uvIndex": 0, "visibility": 6.84}, {"time": 1450134000, "summary": "Light Rain", "icon": "rain", "precipIntensity": 0.0254, "precipProbability": 0.92, "precipType": "rain", "temperature": 64.23, "apparentTemperature": 64.63, "dewPoint": 61.57, "humidity": 0.91, "pressure": 1002.45, "windSpeed": 3.24, "windGust": 8.89, "windBearing": 160, "cloudCover": 1, "uvIndex": 0, "visibility": 5.31}, {"time": 1450137600, "summary": "Light Rain", "icon": "rain", "precipIntensity": 0.0223, "precipProbability": 0.86, "precipType": "rain", "temperature": 64.51, "apparentTemperature": 65, "dewPoint": 62.24, "humidity": 0.92, "pressure": 1001.33, "windSpeed": 3.94, "windGust": 10.8, "windBearing": 174, "cloudCover": 1, "uvIndex": 0, "visibility": 8}, {"time": 1450141200, "summary": "Overcast", "icon": "cloudy", "precipIntensity": 0.0022, "precipProbability": 0.34, "precipType": "rain", "temperature": 65.58, "apparentTemperature": 66.18, "dewPoint": 63.3, "humidity": 0.92, "pressure": 1000.48, "windSpeed": 3.76, "windGust": 10.84, "windBearing": 185, "cloudCover": 1, "uvIndex": 0, "visibility": 8.74}, {"time": 1450144800, "summary": "Overcast", "icon": "cloudy", "precipIntensity": 0.0004, "precipProbability": 0.14, "precipType": "rain", "temperature": 66.24, "apparentTemperature": 66.89, "dewPoint": 63.9, "humidity": 0.92, "pressure": 999.33, "windSpeed": 3.35, "windGust": 10.87, "windBearing": 185, "cloudCover": 1, "uvIndex": 0, "visibility": 8.77}, {"time": 1450148400, "summary": "Overcast", "icon": "cloudy", "precipIntensity": 0, "precipProbability": 0, "temperature": 66.89, "apparentTemperature": 67.57, "dewPoint": 64.24, "humidity": 0.91, "pressure": 998.59, "windSpeed": 3.47, "windGust": 10.31, "windBearing": 199, "cloudCover": 1, "uvIndex": 0, "visibility": 8.42}, {"time": 1450152000, "summary": "Overcast", "icon": "cloudy", "precipIntensity": 0, "precipProbability": 0, "temperature": 67.23, "apparentTemperature": 67.86, "dewPoint": 64.08, "humidity": 0.9, "pressure": 998.43, "windSpeed": 3.11, "windGust": 9.65, "windBearing": 210, "cloudCover": 0.95, "uvIndex": 0, "visibility": 8.32}]}, "daily": {"data": [{"time": 1450069200, "summary": "Light rain in the evening.", "icon": "rain", "sunriseTime": 1450095613, "sunsetTime": 1450129681, "moonPhase": 0.11, "precipIntensity": 0.0021, "precipIntensityMax": 0.0254, "precipIntensityMaxTime": 1450134000, "precipProbability": 0.92, "precipType": "rain", "temperatureHigh": 69.19, "temperatureHighTime": 1450119600, "temperatureLow": 56.9, "temperatureLowTime": 1450184400, "apparentTemperatureHigh": 69.33, "apparentTemperatureHighTime": 1450119600, "apparentTemperatureLow": 56.9, "apparentTemperatureLowTime": 1450184400, "dewPoint": 59.06, "humidity": 0.88, "pressure": 1008.57, "windSpeed": 2.41, "windGust": 11.46, "windGustTime": 1450130400, "windBearing": 177, "cloudCover": 0.83, "uvIndex": 2, "uvIndexTime": 1450112400, "visibility": 7.56, "temperatureMin": 56.91, "temperatureMinTime": 1450090800, "temperatureMax": 69.19, "temperatureMaxTime": 1450119600, "apparentTemperatureMin": 56.91, "apparentTemperatureMinTime": 1450090800, "apparentTemperatureMax": 69.33, "apparentTemperatureMaxTime": 1450119600}]}, "flags": {"sources": ["cmc", "gfs", "hrrr", "icon", "isd", "madis", "nam", "sref"], "nearest-station": 1.106, "units": "us"}, "offset": -5}