{"latitude": 38.912659, "longitude": -77.017669, "timezone": "America/New_York", "currently": {"time": 1422680400, "summary": "Clear", "icon": "clear-night", "precipIntensity": 0, "precipProbability": 0, "temperature": 20.76, "apparentTemperature": 12.38, "dewPoint": 5.85, "humidity": 0.52, "pressure": 1024.79, "windSpeed": 6.5, "windGust": 16.18, "windBearing": 310, "cloudCover": 0, "uvIndex": 0, "visibility": 9.53}, "hourly": {"summary": "Clear throughout the day.", "icon": "clear-day", "data": [{"time": 1422680400, "summary": "Clear", "icon": "clear-night", "precipIntensity": 0, "precipProbability": 0, "temperature": 20.76, "apparentTemperature": 12.38, "dewPoint": 5.85, "humidity": 0.52, "pressure": 1024.79, "windSpeed": 6.5, "windGust": 16.18, "windBearing": 310, "cloudCover": 0, "uvIndex": 0, "visibility": 9.53}, {"time": 1422684000, "summary": "Clear", "icon": "clear-night", "precipIntensity": 0, "precipProbability": 0, "temperature": 19.94, "apparentTemperature": 11.32, "dewPoint": 5.25, "humidity": 0.52, "pressure": 1025.07, "windSpeed": 6.6, "windGust": 16.68, "windBearing": 315, "cloudCover": 0, "uvIndex": 0, "visibility": 8.63}, {"time": 1422687600, "summary": "Clear", "icon": "clear-night", "precipIntensity": 0, "precipProbability": 0, "temperature": 19.3, "apparentTemperature": 11.17, "dewPoint": 4.98, "humidity": 0.53, "pressure": 1025.63, "windSpeed": 5.93, "windGust": 15.3, "windBearing": 314, "cloudCover": 0, "uvIndex": 0, "visibility": 9.53}, {"time": 1422691200, "summary": "Clear", "icon": "clear-night", "precipIntensity": 0, "precipProbability": 0, "temperature": 18.96, "apparentTemperature": 11.26, "dewPoint": 5.32, "humidity": 0.55, "pressure": 1025.81, "windSpeed": 5.45, "windGust": 13.66, "windBearing": 314, "cloudCover": 0, "uvIndex": 0, "visibility": 9}, {"time": 1422694800, "summary": "Clear", "icon": "clear-night", "precipIntensity": 0, "precipProbability": 0, "temperature": 18.71, "apparentTemperature": 11.85, "dewPoint": 5.51, "humidity": 0.56, "pressure": 1025.84, "windSpeed": 4.67, "windGust": 12.88, "windBearing": 313, "cloudCover": 0, "uvIndex": 0, "visibility": 8.63}, {"time": 1422698400, "summary": "Clear", "icon": "clear-night", "precipIntensity": 0, "precipProbability": 0, "temperature": 18.34, "apparentTemperature": 11.49, "dewPoint": 5.58, "humidity": 0.57, "pressure": 1025.68, "windSpeed": 4.61, "windGust": 12.07, "windBearing": 314, "cloudCover": 0, "uvIndex": 0, "visibility": 9.14}, {"time": 1422702000, "summary": "Clear", "icon": "clear-night", "precipIntensity": 0, "precipProbability": 0, "temperature": 18.03, "apparentTemperature": 11.71, "dewPoint": 5.54, "humidity": 0.57, "pressure": 1025.82, "windSpeed": 4.17, "windGust": 10.86, "windBearing": 313, "cloudCover": 0, "uvIndex": 0, "visibility": 9.53}, {"time": 1422705600, "summary": "Clear", "icon": "clear-night", "precipIntensity": 0, "precipProbability": 0, "temperature": 17.84, "apparentTemperature": 11.86, "dewPoint": 5.32, "humidity": 0.57, "pressure": 1026.54, "windSpeed": 3.91, "windGust": 10.39, "windBearing": 308, "cloudCover": 0, "uvIndex": 0, "visibility": 8.95}, {"time": 1422709200, "summary": "Clear", "icon": "clear-day", "precipIntensity": 0, "precipProbability": 0, "temperature": 18.13, "apparentTemperature": 11.3, "dewPoint": 5.1, "humidity": 0.56, "pressure": 1027.1, "windSpeed": 4.57, "windGust": 9.95, "windBearing": 304, "cloudCover": 0, "uvIndex": 0, "visibility": 9.02}, {"time": 1422712800, "summary": "Clear", "icon": "clear-day", "precipIntensity": 0, "precipProbability": 0, "temperature": 20.32, "apparentTemperature": 13.4, "dewPoint": 4.59, "humidity": 0.5, "pressure": 1027.3, "windSpeed": 4.97, "windGust": 12.41, "windBearing": 319, "cloudCover": 0, "uvIndex": 1, "visibility": 8.86}, {"time": 1422716400, "summary": "Clear", "icon": "clear-day", "precipIntensity": 0, "precipProbability": 0, "temperature": 22.82, "apparentTemperature": 15.79, "dewPoint": 4.59, "humidity": 0.45, "pressure": 1027.74, "windSpeed": 5.48, "windGust": 14.28, "windBearing": 319, "cloudCover": 0, "uvIndex": 2, "visibility": 9.05}, {"time": 1422720000, "summary": "Clear", "icon": "clear-day", "precipIntensity": 0, "precipProbability": 0, "temperature": 24.65, "apparentTemperature": 18.28, "dewPoint": 5.53, "humidity": 0.43, "pressure": 1027.78, "windSpeed": 5.15, "windGust": 13.66, "windBearing": 321, "cloudCover": 0, "uvIndex": 2, "visibility": 8.92}, {"time": 1422723600, "summary": "Clear", "icon": "clear-day", "precipIntensity": 0, "precipProbability": 0, "temperature": 26.63, "apparentTemperature": 20.64, "dewPoint": 6.6, "humidity": 0.42, "pressure": 1027.23, "windSpeed": 5.13, "windGust": 13.07, "windBearing": 310, "cloudCover": 0, "uvIndex": 3, "visibility": 9.08}, {"time": 1422727200, "summary": "Clear", "icon": "clear-day", "precipIntensity": 0, "precipProbability": 0, "temperature": 28.13, "apparentTemperature": 23.29, "dewPoint": 7.28, "humidity": 0.41, "pressure": 1026.19, "windSpeed": 4.28, "windGust": 12.2, "windBearing": 309, "cloudCover": 0, "uvIndex": 3, "visibility": 8.63}, {"time": 1422730800, "summary": "Clear", "icon": "clear-day", "precipIntensity": 0, "precipProbability": 0, "temperature": 29.74, "apparentTemperature": 25.11, "dewPoint": 8.4, "humidity": 0.4, "pressure": 1025.68, "windSpeed": 4.32, "windGust": 11.35, "windBearing": 301, "cloudCover": 0, "uvIndex": 2, "visibility": 8.52}, {"time": 1422734400, "summary": "Clear", "icon": "clear-day", "precipIntensity": 0, "precipProbability": 0, "temperature": 31.24, "apparentTemperature": 27.37, "dewPoint": 9.08, "humidity": 0.39, "pressure": 1025.35, "windSpeed": 3.84, "windGust": 10.93, "windBearing": 303, "cloudCover": 0.05, "uvIndex": 1, "visibility": 9.09}, {"time": 1422738000, "summary": "Clear", "icon": "clear-day", "precipIntensity": 0, "precipProbability": 0, "temperature": 32.33, "apparentTemperature": 28.74, "dewPoint": 9.62, "humidity": 0.38, "pressure": 1024.92, "windSpeed": 3.75, "windGust": 9.09, "windBearing": 301, "cloudCover": 0.05, "uvIndex": 0, "visibility": 9.05}, {"time": 1422741600, "summary": "Clear", "icon": "clear-day", "precipIntensity": 0, "precipProbability": 0, "temperature": 32.16, "apparentTemperature": 32.16, "dewPoint": 10.02, "humidity": 0.39, "pressure": 1025.13, "windSpeed": 2.17, "windGust": 6.01, "windBearing": 297, "cloudCover": 0.05, "uvIndex": 0, "visibility": 9.08}, {"time": 1422745200, "summary": "Clear", "icon": "clear-night", "precipIntensity": 0, "precipProbability": 0, "temperature": 30.18, "apparentTemperature": 30.18, "dewPoint": 10.77, "humidity": 0.44, "pressure": 1025.45, "windSpeed": 0.2, "windGust": 0.82, "windBearing": 282, "cloudCover": 0.05, "uvIndex": 0, "visibility": 9.51}, {"time": 1422748800, "summary": "Clear", "icon": "clear-night", "precipIntensity": 0, "precipProbability": 0, "temperature": 27.64, "apparentTemperature": 27.64, "dewPoint": 11.65, "humidity": 0.5, "pressure": 1025.77, "windSpeed": 0, "windGust": 0.1, "cloudCover": 0, "uvIndex": 0, "visibility": 10}, {"time": 1422752400, "summary": "Clear", "icon": "clear-night", "precipIntensity": 0, "precipProbability": 0, "temperature": 25.69, "apparentTemperature": 25.69, "dewPoint": 12.54, "humidity": 0.57, "pressure": 1025.54, "windSpeed": 0, "windGust": 0.13, "cloudCover": 0, "uvIndex": 0, "visibility": 10}, {"time": 1422756000, "summary": "Clear", "icon": "clear-night", "precipIntensity": 0, "precipProbability": 0, "temperature": 24.24, "apparentTemperature": 24.24, "dewPoint": 12.84, "humidity": 0.61, "pressure": 1025.43, "windSpeed": 0, "windGust": 0.03, "cloudCover": 0, "uvIndex": 0, "visibility": 10}, {"time": 1422759600, "summary": "Clear", "icon": "clear-night", "precipIntensity": 0, "precipProbability": 0, "temperature": 22.94, "apparentTemperature": 22.94, "dewPoint": 13.05, "humidity": 0.65, "pressure": 1025.24, "windSpeed": 0, "windGust": 0.02, "cloudCover": 0, "uvIndex": 0, "visibility": 10}, {"time": 1422763200, "summary": "Clear", "icon": "clear-night", "precipIntensity": 0, "precipProbability": 0, "temperature": 22.04, "apparentTemperature": 22.04, "dewPoint": 13.24, "humidity": 0.68, "pressure": 1025.32, "windSpeed": 0, "windGust": 0.04, "cloudCover": 0.05, "uvIndex": 0, "visibility": 10}]}, "daily": {"data": [{"time": 1422680400, "summary": "Clear throughout the day.", "icon": "clear-day", "sunriseTime": 1422706589, "sunsetTime": 1422743339, "moonPhase": 0.4, "precipIntensity": 0, "precipIntensityMax": 0, "precipProbability": 0, "temperatureHigh": 32.33, "temperatureHighTime": 1422738000, "temperatureLow": 20.83, "temperatureLowTime": 1422770400, "apparentTemperatureHigh": 32.16, "apparentTemperatureHighTime": 1422741600, "apparentTemperatureLow": 20.83, "apparentTemperatureLowTime": 1422770400, "dewPoint": 7.84, "humidity": 0.51, "pressure": 1025.93, "windSpeed": 3.55, "windGust": 16.68, "windGustTime": 1422684000, "windBearing": 311, "cloudCover": 0.01, "uvIndex": 3, "uvIndexTime": 1422723600, "visibility": 9.24, "temperatureMin": 17.84, "temperatureMinTime": 1422705600, "temperatureMax": 32.33, "temperatureMaxTime": 1422738000, "apparentTemperatureMin": 11.17, "apparentTemperatureMinTime": 1422687600, "apparentTemperatureMax": 32.16, "apparentTemperatureMaxTime": 1422741600}]}, "flags": {"sources": ["cmc", "gfs", "hrrr", "icon", "isd", "madis", "nam", "sref"], "nearest-station": 0.675, "units": "us"}, "offset": -5}