{"latitude": 38.912659, "longitude": -77.017669, "timezone": "America/New_York", "currently": {"time": 1436068800, "summary": "Mostly Cloudy", "icon": "partly-cloudy-night", "precipIntensity": 0, "precipProbability": 0, "temperature": 69.77, "apparentTemperature": 70.8, "dewPoint": 67.48, "humidity": 0.92, "pressure": 1016.74, "windSpeed": 0.06, "windGust": 0.15, "windBearing": 0, "cloudCover": 0.61, "uvIndex": 0, "visibility": 2.28}, "hourly": {"summary": "Foggy in the morning.", "icon": "fog", "data": [{"time": 1436068800, "summary": "Mostly Cloudy", "icon": "partly-cloudy-night", "precipIntensity": 0, "precipProbability": 0, "temperature": 69.77, "apparentTemperature": 70.8, "dewPoint": 67.48, "humidity": 0.92, "pressure": 1016.74, "windSpeed": 0.06, "windGust": 0.15, "windBearing": 0, "cloudCover": 0.61, "uvIndex": 0, "visibility": 2.28}, {"time": 1436072400, "summary": "Foggy", "icon": "fog", "precipIntensity": 0, "precipProbability": 0, "temperature": 69.09, "apparentTemperature": 70.04, "dewPoint": 66.78, "humidity": 0.92, "pressure": 1017.01, "windSpeed": 0.03, "windGust": 0.13, "windBearing": 0, "cloudCover": 0.85, "uvIndex": 0, "visibility": 1.89}, {"time": 1436076000, "summary": "Mostly Cloudy", "icon": "partly-cloudy-night", "precipIntensity": 0, "precipProbability": 0, "temperature": 68.75, "apparentTemperature": 69.68, "dewPoint": 66.53, "humidity": 0.93, "pressure": 1017.13, "windSpeed": 0.17, "windGust": 0.27, "windBearing": 0, "cloudCover": 0.7, "uvIndex": 0, "visibility": 2.39}, {"time": 1436079600, "summary": "Mostly Cloudy", "icon": "partly-cloudy-night", "precipIntensity": 0, "precipProbability": 0, "temperature": 68.38, "apparentTemperature": 69.27, "dewPoint": 66.19, "humidity": 0.93, "pressure": 1017.65, "windSpeed": 0.22, "windGust": 0.35, "windBearing": 354, "cloudCover": 0.61, "uvIndex": 0, "visibility": 2.52}, {"time": 1436083200, "summary": "Mostly Cloudy", "icon": "partly-cloudy-night", "precipIntensity": 0, "precipProbability": 0, "temperature": 67.61, "apparentTemperature": 68.45, "dewPoint": 65.53, "humidity": 0.93, "pressure": 1017.83, "windSpeed": 0.09, "windGust": 0.23, "windBearing": 0, "cloudCover": 0.73, "uvIndex": 0, "visibility": 2.11}, {"time": 1436086800, "summary": "Mostly Cloudy", "icon": "partly-cloudy-night", "precipIntensity": 0, "precipProbability": 0, "temperature": 67.11, "apparentTemperature": 67.89, "dewPoint": 64.96, "humidity": 0.93, "pressure": 1017.88, "windSpeed": 0.08, "windGust": 0.14, "windBearing": 1, "cloudCover": 0.6, "uvIndex": 0, "visibility": 2.49}, {"time": 1436090400, "summary": "Foggy", "icon": "fog", "precipIntensity": 0, "precipProbability": 0, "temperature": 66.68, "apparentTemperature": 67.44, "dewPoint": 64.74, "humidity": 0.93, "pressure": 1018.42, "windSpeed": 0.19, "windGust": 0.34, "windBearing": 10, "cloudCover": 0.61, "uvIndex": 0, "visibility": 1.6}, {"time": 1436094000, "summary": "Foggy", "icon": "fog", "precipIntensity": 0, "precipProbability": 0, "temperature": 66.95, "apparentTemperature": 67.75, "dewPoint": 65.06, "humidity": 0.94, "pressure": 1019.64, "windSpeed": 0.2, "windGust": 0.37, "windBearing": 0, "cloudCover": 0.77, "uvIndex": 0, "visibility": 1.82}, {"time": 1436097600, "summary": "Mostly Cloudy", "icon": "partly-cloudy-day", "precipIntensity": 0, "precipProbability": 0, "temperature": 68.11, "apparentTemperature": 69, "dewPoint": 66.05, "humidity": 0.93, "pressure": 1020.16, "windSpeed": 0.19, "windGust": 0.7, "windBearing": 21, "cloudCover": 0.61, "uvIndex": 1, "visibility": 3.03}, {"time": 1436101200, "summary": "Mostly Cloudy", "icon": "partly-cloudy-day", "precipIntensity": 0, "precipProbability": 0, "temperature": 69.61, "apparentTemperature": 70.57, "dewPoint": 67.03, "humidity": 0.92, "pressure": 1020.73, "windSpeed": 0.1, "windGust": 0.74, "windBearing": 42, "cloudCover": 0.68, "uvIndex": 2, "visibility": 4.67}, {"time": 1436104800, "summary": "Partly Cloudy", "icon": "partly-cloudy-day", "precipIntensity": 0, "precipProbability": 0, "temperature": 71.94, "apparentTemperature": 72.92, "dewPoint": 67.81, "humidity": 0.87, "pressure": 1020.85, "windSpeed": 0.11, "windGust": 1.34, "windBearing": 52, "cloudCover": 0.53, "uvIndex": 4, "visibility": 5.54}, {"time": 1436108400, "summary": "Mostly Cloudy", "icon": "partly-cloudy-day", "precipIntensity": 0, "precipProbability": 0, "temperature": 74.93, "apparentTemperature": 75.92, "dewPoint": 68.59, "humidity": 0.81, "pressure": 1021.08, "windSpeed": 0.2, "windGust": 2.1, "windBearing": 41, "cloudCover": 0.72, "uvIndex": 5, "visibility": 7.65}, {"time": 1436112000, "summary": "Mostly Cloudy", "icon": "partly-cloudy-day", "precipIntensity": 0, "precipProbability": 0, "temperature": 77.38, "apparentTemperature": 78.39, "dewPoint": 69.17, "humidity": 0.76, "pressure": 1020.9, "windSpeed": 0.32, "windGust": 2.3, "windBearing": 87, "cloudCover": 0.71, "uvIndex": 6, "visibility": 8.35}, {"time": 1436115600, "summary": "Partly Cloudy", "icon": "partly-cloudy-day", "precipIntensity": 0, "precipProbability": 0, "temperature": 79.29, "apparentTemperature": 82.11, "dewPoint": 69.83, "humidity": 0.73, "pressure": 1020.92, "windSpeed": 0.28, "windGust": 2.8, "windBearing": 126, "cloudCover": 0.55, "uvIndex": 7, "visibility": 8.31}, {"time": 1436119200, "summary": "Mostly Cloudy", "icon": "partly-cloudy-day", "precipIntensity": 0, "precipProbability": 0, "temperature": 80.73, "apparentTemperature": 84.15, "dewPoint": 69.99, "humidity": 0.7, "pressure": 1020.62, "windSpeed": 0.25, "windGust": 2.71, "windBearing": 150, "cloudCover": 0.72, "uvIndex": 6, "visibility": 7.37}, {"time": 1436122800, "summary": "Mostly Cloudy", "icon": "partly-cloudy-day", "precipIntensity": 0, "precipProbability": 0, "temperature": 81.78, "apparentTemperature": 85.5, "dewPoint": 69.89, "humidity": 0.67, "pressure": 1019.91, "windSpeed": 0.34, "windGust": 2.36, "windBearing": 150, "cloudCover": 0.62, "uvIndex": 6, "visibility": 8.26}, {"time": 1436126400, "summary": "Partly Cloudy", "icon": "partly-cloudy-day", "precipIntensity": 0, "precipProbability": 0, "temperature": 82.49, "apparentTemperature": 86.56, "dewPoint": 70.19, "humidity": 0.67, "pressure": 1019.59, "windSpeed": 0.55, "windGust": 2.46, "windBearing": 153, "cloudCover": 0.51, "uvIndex": 5, "visibility": 7.63}, {"time": 1436130000, "summary": "Partly Cloudy", "icon": "partly-cloudy-day", "precipIntensity": 0, "precipProbability": 0, "temperature": 82.38, "apparentTemperature": 86.58, "dewPoint": 70.52, "humidity": 0.68, "pressure": 1019.17, "windSpeed": 0.64, "windGust": 2.31, "windBearing": 149, "cloudCover": 0.41, "uvIndex": 3, "visibility": 7.56}, {"time": 1436133600, "summary": "Partly Cloudy", "icon": "partly-cloudy-day", "precipIntensity": 0, "precipProbability": 0, "temperature": 81.43, "apparentTemperature": 85.42, "dewPoint": 70.77, "humidity": 0.7, "pressure": 1019.01, "windSpeed": 0.68, "windGust": 2.03, "windBearing": 133, "cloudCover": 0.51, "uvIndex": 2, "visibility": 7.98}, {"time": 1436137200, "summary": "Mostly Cloudy", "icon": "partly-cloudy-day", "precipIntensity": 0, "precipProbability": 0, "temperature": 80.31, "apparentTemperature": 83.87, "dewPoint": 70.86, "humidity": 0.73, "pressure": 1019.04, "windSpeed": 0.66, "windGust": 1.31, "windBearing": 129, "cloudCover": 0.65, "uvIndex": 1, "visibility": 7.91}, {"time": 1436140800, "summary": "Partly Cloudy", "icon": "partly-cloudy-day", "precipIntensity": 0, "precipProbability": 0, "temperature": 78.99, "apparentTemperature": 81.81, "dewPoint": 70.54, "humidity": 0.75, "pressure": 1019.68, "windSpeed": 0.44, "windGust": 1.21, "windBearing": 142, "cloudCover": 0.5, "uvIndex": 0, "visibility": 8.49}, {"time": 1436144400, "summary": "Partly Cloudy", "icon": "partly-cloudy-night", "precipIntensity": 0, "precipProbability": 0, "temperature": 77.32, "apparentTemperature": 78.5, "dewPoint": 70.53, "humidity": 0.8, "pressure": 1019.75, "windSpeed": 0.21, "windGust": 0.61, "windBearing": 123, "cloudCover": 0.55, "uvIndex": 0, "visibility": 7.71}, {"time": 1436148000, "summary": "Partly Cloudy", "icon": "partly-cloudy-night", "precipIntensity": 0, "precipProbability": 0, "temperature": 75.91, "apparentTemperature": 77.06, "dewPoint": 70.06, "humidity": 0.82, "pressure": 1020.02, "windSpeed": 0.07, "windGust": 0.52, "windBearing": 119, "cloudCover": 0.41, "uvIndex": 0, "visibility": 8.04}, {"time": 1436151600, "summary": "Partly Cloudy", "icon": "partly-cloudy-night", "precipIntensity": 0, "precipProbability": 0, "temperature": 74.96, "apparentTemperature": 76.1, "dewPoint": 69.72, "humidity": 0.84, "pressure": 1020.17, "windSpeed": 0.11, "windGust": 0.35, "windBearing": 134, "cloudCover": 0.4, "uvIndex": 0, "visibility": 7.13}]}, "daily": {"data": [{"time": 1436068800, "summary": "Foggy in the morning.", "icon": "fog", "sunriseTime": 1436089777, "sunsetTime": 1436143079, "moonPhase": 0.63, "precipIntensity": 0, "precipIntensityMax": 0, "precipProbability": 0, "temperatureHigh": 82.49, "temperatureHighTime": 1436126400, "temperatureLow": 73.18, "temperatureLowTime": 1436173200, "apparentTemperatureHigh": 86.58, "apparentTemperatureHighTime": 1436130000, "apparentTemperatureLow": 74.54, "apparentTemperatureLowTime": 1436173200, "dewPoint": 68.28, "humidity": 0.82, "pressure": 1019.33, "windSpeed": 0.16, "windGust": 2.8, "windGustTime": 1436115600, "windBearing": 116, "cloudCover": 0.61, "uvIndex": 7, "uvIndexTime": 1436115600, "visibility": 5.53, "temperatureMin": 66.68, "temperatureMinTime": 1436090400, "temperatureMax": 82.49, "temperatureMaxTime": 1436126400, "apparentTemperatureMin": 67.44, "apparentTemperatureMinTime": 1436090400, "apparentTemperatureMax": 86.58, "apparentTemperatureMaxTime": 1436130000}]}, "flags": {"sources": ["cmc", "gfs", "hrrr", "icon", "isd", "madis", "nam", "sref"], "nearest-station": 0.675, "units": "us"}, "offset": -4}