{"latitude": 38.912659, "longitude": -77.017669, "timezone": "America/New_York", "currently": {"time": 1447736400, "summary": "Clear", "icon": "clear-night", "precipIntensity": 0, "precipProbability": 0, "temperature": 44.25, "apparentTemperature": 44.25, "dewPoint": 36.01, "humidity": 0.73, "pressure": 1025.32, "windSpeed": 0, "windGust": 0.04, "cloudCover": 0.15, "uvIndex": 0, "visibility": 9.87}, "hourly": {"summary": "Mostly cloudy starting overnight, continuing until night.", "icon": "partly-cloudy-day", "data": [{"time": 1447736400, "summary": "Clear", "icon": "clear-night", "precipIntensity": 0, "precipProbability": 0, "temperature": 44.25, "apparentTemperature": 44.25, "dewPoint": 36.01, "humidity": 0.73, "pressure": 1025.32, "windSpeed": 0, "windGust": 0.04, "cloudCover": 0.15, "uvIndex": 0, "visibility": 9.87}, {"time": 1447740000, "summary": "Clear", "icon": "clear-night", "precipIntensity": 0, "precipProbability": 0, "temperature": 43.5, "apparentTemperature": 43.5, "dewPoint": 36.06, "humidity": 0.75, "pressure": 1025.18, "windSpeed": 0, "windGust": 0.05, "cloudCover": 0.19, "uvIndex": 0, "visibility": 8.47}, {"time": 1447743600, "summary": "Partly Cloudy", "icon": "partly-cloudy-night", "precipIntensity": 0, "precipProbability": 0, "temperature": 42.94, "apparentTemperature": 42.94, "dewPoint": 35.77, "humidity": 0.76, "pressure": 1025.72, "windSpeed": 0.01, "windGust": 0.15, "windBearing": 355, "cloudCover": 0.59, "uvIndex": 0, "visibility": 7.98}, {"time": 1447747200, "summary": "Partly Cloudy", "icon": "partly-cloudy-night", "precipIntensity": 0, "precipProbability": 0, "temperature": 42.99, "apparentTemperature": 42.99, "dewPoint": 36.13, "humidity": 0.77, "pressure": 1026.5, "windSpeed": 0.01, "windGust": 0.31, "windBearing": 0, "cloudCover": 0.43, "uvIndex": 0, "visibility": 8.41}, {"time": 1447750800, "summary": "Partly Cloudy", "icon": "partly-cloudy-night", "precipIntensity": 0, "precipProbability": 0, "temperature": 44.43, "apparentTemperature": 44.43, "dewPoint": 36.68, "humidity": 0.74, "pressure": 1026.86, "windSpeed": 0.15, "windGust": 0.83, "windBearing": 49, "cloudCover": 0.57, "uvIndex": 0, "visibility": 10}, {"time": 1447754400, "summary": "Partly Cloudy", "icon": "partly-cloudy-night", "precipIntensity": 0, "precipProbability": 0, "temperature": 46.53, "apparentTemperature": 46.53, "dewPoint": 38.11, "humidity": 0.72, "pressure": 1027.27, "windSpeed": 0.52, "windGust": 2.51, "windBearing": 61, "cloudCover": 0.37, "uvIndex": 0, "visibility": 10}, {"time": 1447758000, "summary": "Partly Cloudy", "icon": "partly-cloudy-night", "precipIntensity": 0, "precipProbability": 0, "temperature": 49.52, "apparentTemperature": 49.52, "dewPoint": 39.8, "humidity": 0.69, "pressure": 1028.29, "windSpeed": 0.83, "windGust": 3.62, "windBearing": 67, "cloudCover": 0.49, "uvIndex": 0, "visibility": 8.73}, {"time": 1447761600, "summary": "Partly Cloudy", "icon": "partly-cloudy-day", "precipIntensity": 0, "precipProbability": 0, "temperature": 49.53, "apparentTemperature": 49.53, "dewPoint": 39.91, "humidity": 0.69, "pressure": 1029.04, "windSpeed": 0.74, "windGust": 3.61, "windBearing": 60, "cloudCover": 0.34, "uvIndex": 0, "visibility": 8.56}, {"time": 1447765200, "summary": "Clear", "icon": "clear-day", "precipIntensity": 0, "precipProbability": 0, "temperature": 50.03, "apparentTemperature": 50.03, "dewPoint": 40.19, "humidity": 0.69, "pressure": 1029.77, "windSpeed": 1.33, "windGust": 4.94, "windBearing": 55, "cloudCover": 0.21, "uvIndex": 0, "visibility": 8.62}, {"time": 1447768800, "summary": "Clear", "icon": "clear-day", "precipIntensity": 0, "precipProbability": 0, "temperature": 52.64, "apparentTemperature": 52.64, "dewPoint": 41.95, "humidity": 0.67, "pressure": 1030.02, "windSpeed": 2.94, "windGust": 8.82, "windBearing": 71, "cloudCover": 0.16, "uvIndex": 1, "visibility": 7.98}, {"time": 1447772400, "summary": "Partly Cloudy", "icon": "partly-cloudy-day", "precipIntensity": 0, "precipProbability": 0, "temperature": 55.15, "apparentTemperature": 55.15, "dewPoint": 44.07, "humidity": 0.66, "pressure": 1030.41, "windSpeed": 3.52, "windGust": 10.41, "windBearing": 74, "cloudCover": 0.41, "uvIndex": 2, "visibility": 8.75}, {"time": 1447776000, "summary": "Partly Cloudy", "icon": "partly-cloudy-day", "precipIntensity": 0, "precipProbability": 0, "temperature": 57.11, "apparentTemperature": 57.11, "dewPoint": 45.69, "humidity": 0.66, "pressure": 1030.97, "windSpeed": 3.73, "windGust": 10.26, "windBearing": 81, "cloudCover": 0.32, "uvIndex": 2, "visibility": 8.75}, {"time": 1447779600, "summary": "Clear", "icon": "clear-day", "precipIntensity": 0, "precipProbability": 0, "temperature": 58.83, "apparentTemperature": 58.83, "dewPoint": 46.48, "humidity": 0.64, "pressure": 1030.7, "windSpeed": 3.07, "windGust": 9.13, "windBearing": 87, "cloudCover": 0.16, "uvIndex": 3, "visibility": 9}, {"time": 1447783200, "summary": "Mostly Cloudy", "icon": "partly-cloudy-day", "precipIntensity": 0, "precipProbability": 0, "temperature": 59.68, "apparentTemperature": 59.68, "dewPoint": 46.95, "humidity": 0.63, "pressure": 1030.34, "windSpeed": 3.41, "windGust": 9.37, "windBearing": 85, "cloudCover": 0.74, "uvIndex": 2, "visibility": 9.15}, {"time": 1447786800, "summary": "Mostly Cloudy", "icon": "partly-cloudy-day", "precipIntensity": 0, "precipProbability": 0, "temperature": 59.68, "apparentTemperature": 59.68, "dewPoint": 47.49, "humidity": 0.64, "pressure": 1030.3, "windSpeed": 3.19, "windGust": 9.32, "windBearing": 90, "cloudCover": 0.83, "uvIndex": 1, "visibility": 8.09}, {"time": 1447790400, "summary": "Overcast", "icon": "cloudy", "precipIntensity": 0, "precipProbability": 0, "temperature": 58.94, "apparentTemperature": 58.94, "dewPoint": 47.42, "humidity": 0.66, "pressure": 1029.99, "windSpeed": 3.57, "windGust": 8.94, "windBearing": 89, "cloudCover": 1, "uvIndex": 1, "visibility": 8.38}, {"time": 1447794000, "summary": "Mostly Cloudy", "icon": "partly-cloudy-day", "precipIntensity": 0, "precipProbability": 0, "temperature": 57.8, "apparentTemperature": 57.8, "dewPoint": 47.16, "humidity": 0.68, "pressure": 1030.37, "windSpeed": 3.28, "windGust": 8.29, "windBearing": 98, "cloudCover": 0.9, "uvIndex": 0, "visibility": 8.64}, {"time": 1447797600, "summary": "Overcast", "icon": "cloudy", "precipIntensity": 0, "precipProbability": 0, "temperature": 56.27, "apparentTemperature": 56.27, "dewPoint": 46.55, "humidity": 0.7, "pressure": 1030.59, "windSpeed": 3.01, "windGust": 8.4, "windBearing": 100, "cloudCover": 0.95, "uvIndex": 0, "visibility": 8.59}, {"time": 1447801200, "summary": "Mostly Cloudy", "icon": "partly-cloudy-night", "precipIntensity": 0, "precipProbability": 0, "temperature": 55.04, "apparentTemperature": 55.04, "dewPoint": 45.93, "humidity": 0.71, "pressure": 1031.53, "windSpeed": 3.1, "windGust": 7.36, "windBearing": 101, "cloudCover": 0.9, "uvIndex": 0, "visibility": 8}, {"time": 1447804800, "summary": "Overcast", "icon": "cloudy", "precipIntensity": 0, "precipProbability": 0, "temperature": 54.18, "apparentTemperature": 54.18, "dewPoint": 45.29, "humidity": 0.72, "pressure": 1032.13, "windSpeed": 3.44, "windGust": 8.54, "windBearing": 104, "cloudCover": 1, "uvIndex": 0, "visibility": 8.87}, {"time": 1447808400, "summary": "Mostly Cloudy", "icon": "partly-cloudy-night", "precipIntensity": 0, "precipProbability": 0, "temperature": 53.1, "apparentTemperature": 53.1, "dewPoint": 44.25, "humidity": 0.72, "pressure": 1032.12, "windSpeed": 2.7, "windGust": 7.48, "windBearing": 100, "cloudCover": 0.91, "uvIndex": 0, "visibility": 7.9}, {"time": 1447812000, "summary": "Mostly Cloudy", "icon": "partly-cloudy-night", "precipIntensity": 0, "precipProbability": 0, "temperature": 51.94, "apparentTemperature": 51.94, "dewPoint": 43.26, "humidity": 0.72, "pressure": 1031.86, "windSpeed": 2.15, "windGust": 7.52, "windBearing": 102, "cloudCover": 0.64, "uvIndex": 0, "visibility": 8.25}, {"time": 1447815600, "summary": "Partly Cloudy", "icon": "partly-cloudy-night", "precipIntensity": 0, "precipProbability": 0, "temperature": 50.87, "apparentTemperature": 50.87, "dewPoint": 42.64, "humidity": 0.73, "pressure": 1031.66, "windSpeed": 1.49, "windGust": 5.38, "windBearing": 93, "cloudCover": 0.59, "uvIndex": 0, "visibility": 7.79}, {"time": 1447819200, "summary": "Mostly Cloudy", "icon": "partly-cloudy-night", "precipIntensity": 0, "precipProbability": 0, "temperature": 49.99, "apparentTemperature": 49.99, "dewPoint": 42.43, "humidity": 0.75, "pressure": 1031.08, "windSpeed": 1.06, "windGust": 3.85, "windBearing": 91, "cloudCover": 0.76, "uvIndex": 0, "visibility": 7.76}]}, "daily": {"data": [{"time": 1447736400, "summary": "Mostly cloudy starting in the afternoon.", "icon": "partly-cloudy-night", "sunriseTime": 1447761263, "sunsetTime": 1447797272, "moonPhase": 0.2, "precipIntensity": 0, "precipIntensityMax": 0, "precipProbability": 0, "temperatureHigh": 59.68, "temperatureHighTime": 1447783200, "temperatureLow": 45.83, "temperatureLowTime": 1447837200, "apparentTemperatureHigh": 59.68, "apparentTemperatureHighTime": 1447783200, "apparentTemperatureLow": 45.83, "apparentTemperatureLowTime": 1447837200, "dewPoint": 42.34, "humidity": 0.7, "pressure": 1029.5, "windSpeed": 1.92, "windGust": 10.41, "windGustTime": 1447772400, "windBearing": 88, "cloudCover": 0.57, "uvIndex": 3, "uvIndexTime": 1447779600, "visibility": 8.61, "temperatureMin": 42.94, "temperatureMinTime": 1447743600, "temperatureMax": 59.68, "temperatureMaxTime": 1447783200, "apparentTemperatureMin": 42.94, "apparentTemperatureMinTime": 1447743600, "apparentTemperatureMax": 59.68, "apparentTemperatureMaxTime": 1447783200}]}, "flags": {"sources": ["cmc", "gfs", "hrrr", "icon", "isd", "madis", "nam", "sref"], "nearest-station": 1.106, "units": "us"}, "offset": -5}