{"latitude": 38.912659, "longitude": -77.017669, "timezone": "America/New_York", "currently": {"time": 1436846400, "summary": "Mostly Cloudy", "icon": "partly-cloudy-night", "precipIntensity": 0, "precipProbability": 0, "temperature": 72.94, "apparentTemperature": 74.14, "dewPoint": 69.67, "humidity": 0.9, "pressure": 1007.27, "windSpeed": 0.09, "windGust": 0.73, "windBearing": 163, "cloudCover": 0.82, "uvIndex": 0, "visibility": 5.81}, "hourly": {"summary": "Mostly cloudy until afternoon.", "icon": "partly-cloudy-day", "data": [{"time": 1436846400, "summary": "Mostly Cloudy", "icon": "partly-cloudy-night", "precipIntensity": 0, "precipProbability": 0, "temperature": 72.94, "apparentTemperature": 74.14, "dewPoint": 69.67, "humidity": 0.9, "pressure": 1007.27, "windSpeed": 0.09, "windGust": 0.73, "windBearing": 163, "cloudCover": 0.82, "uvIndex": 0, "visibility": 5.81}, {"time": 1436850000, "summary": "Mostly Cloudy", "icon": "partly-cloudy-night", "precipIntensity": 0, "precipProbability": 0, "temperature": 72.8, "apparentTemperature": 74.05, "dewPoint": 69.95, "humidity": 0.91, "pressure": 1006.99, "windSpeed": 0.24, "windGust": 0.51, "windBearing": 152, "cloudCover": 0.9, "uvIndex": 0, "visibility": 6.83}, {"time": 1436853600, "summary": "Overcast", "icon": "cloudy", "precipIntensity": 0, "precipProbability": 0, "temperature": 72.98, "apparentTemperature": 74.25, "dewPoint": 70.22, "humidity": 0.91, "pressure": 1006.48, "windSpeed": 0.11, "windGust": 0.48, "windBearing": 180, "cloudCover": 0.96, "uvIndex": 0, "visibility": 6.91}, {"time": 1436857200, "summary": "Overcast", "icon": "cloudy", "precipIntensity": 0, "precipProbability": 0, "temperature": 73.1, "apparentTemperature": 74.39, "dewPoint": 70.33, "humidity": 0.91, "pressure": 1005.68, "windSpeed": 0.02, "windGust": 0.36, "windBearing": 180, "cloudCover": 0.99, "uvIndex": 0, "visibility": 6.39}, {"time": 1436860800, "summary": "Overcast", "icon": "cloudy", "precipIntensity": 0, "precipProbability": 0, "temperature": 73.09, "apparentTemperature": 74.43, "dewPoint": 70.63, "humidity": 0.92, "pressure": 1004.76, "windSpeed": 0, "windGust": 0.08, "cloudCover": 0.94, "uvIndex": 0, "visibility": 6.79}, {"time": 1436864400, "summary": "Overcast", "icon": "cloudy", "precipIntensity": 0.0003, "precipProbability": 0.03, "precipType": "rain", "temperature": 73.1, "apparentTemperature": 74.45, "dewPoint": 70.76, "humidity": 0.92, "pressure": 1004.44, "windSpeed": 0, "windGust": 0.15, "cloudCover": 1, "uvIndex": 0, "visibility": 6.07}, {"time": 1436868000, "summary": "Overcast", "icon": "cloudy", "precipIntensity": 0, "precipProbability": 0, "temperature": 72.94, "apparentTemperature": 74.28, "dewPoint": 70.61, "humidity": 0.92, "pressure": 1004.62, "windSpeed": 0, "windGust": 0.07, "cloudCover": 1, "uvIndex": 0, "visibility": 4.31}, {"time": 1436871600, "summary": "Overcast", "icon": "cloudy", "precipIntensity": 0, "precipProbability": 0, "temperature": 73.24, "apparentTemperature": 74.6, "dewPoint": 70.87, "humidity": 0.92, "pressure": 1004.61, "windSpeed": 0.06, "windGust": 0.41, "windBearing": 251, "cloudCover": 0.95, "uvIndex": 0, "visibility": 3.71}, {"time": 1436875200, "summary": "Overcast", "icon": "cloudy", "precipIntensity": 0, "precipProbability": 0, "temperature": 73.91, "apparentTemperature": 75.32, "dewPoint": 71.4, "humidity": 0.92, "pressure": 1004.7, "windSpeed": 0.08, "windGust": 0.99, "windBearing": 268, "cloudCover": 0.99, "uvIndex": 1, "visibility": 5.62}, {"time": 1436878800, "summary": "Mostly Cloudy", "icon": "partly-cloudy-day", "precipIntensity": 0, "precipProbability": 0, "temperature": 75.55, "apparentTemperature": 76.97, "dewPoint": 71.93, "humidity": 0.89, "pressure": 1004.73, "windSpeed": 0.18, "windGust": 1.64, "windBearing": 224, "cloudCover": 0.85, "uvIndex": 2, "visibility": 9.03}, {"time": 1436882400, "summary": "Mostly Cloudy", "icon": "partly-cloudy-day", "precipIntensity": 0, "precipProbability": 0, "temperature": 77.39, "apparentTemperature": 78.7, "dewPoint": 71.57, "humidity": 0.82, "pressure": 1004.33, "windSpeed": 0.22, "windGust": 1.95, "windBearing": 205, "cloudCover": 0.81, "uvIndex": 4, "visibility": 7.63}, {"time": 1436886000, "summary": "Partly Cloudy", "icon": "partly-cloudy-day", "precipIntensity": 0, "precipProbability": 0, "temperature": 79.91, "apparentTemperature": 83.56, "dewPoint": 71.71, "humidity": 0.76, "pressure": 1003.86, "windSpeed": 0.63, "windGust": 3.39, "windBearing": 183, "cloudCover": 0.58, "uvIndex": 6, "visibility": 8.03}, {"time": 1436889600, "summary": "Mostly Cloudy", "icon": "partly-cloudy-day", "precipIntensity": 0, "precipProbability": 0, "temperature": 81.2, "apparentTemperature": 85.49, "dewPoint": 71.62, "humidity": 0.73, "pressure": 1003.78, "windSpeed": 1.51, "windGust": 4.86, "windBearing": 185, "cloudCover": 0.63, "uvIndex": 6, "visibility": 7.61}, {"time": 1436893200, "summary": "Humid and Mostly Cloudy", "icon": "partly-cloudy-day", "precipIntensity": 0, "precipProbability": 0, "temperature": 82.62, "apparentTemperature": 87.86, "dewPoint": 72.19, "humidity": 0.71, "pressure": 1003.84, "windSpeed": 1.67, "windGust": 5.78, "windBearing": 205, "cloudCover": 0.75, "uvIndex": 6, "visibility": 7.66}, {"time": 1436896800, "summary": "Mostly Cloudy", "icon": "partly-cloudy-day", "precipIntensity": 0, "precipProbability": 0, "temperature": 84, "apparentTemperature": 89.63, "dewPoint": 71.99, "humidity": 0.67, "pressure": 1003.05, "windSpeed": 1.77, "windGust": 6.32, "windBearing": 197, "cloudCover": 0.66, "uvIndex": 6, "visibility": 8.19}, {"time": 1436900400, "summary": "Mostly Cloudy", "icon": "partly-cloudy-day", "precipIntensity": 0, "precipProbability": 0, "temperature": 85.79, "apparentTemperature": 91.39, "dewPoint": 71.2, "humidity": 0.62, "pressure": 1002.05, "windSpeed": 1.24, "windGust": 6.11, "windBearing": 191, "cloudCover": 0.75, "uvIndex": 5, "visibility": 7.65}, {"time": 1436904000, "summary": "Partly Cloudy", "icon": "partly-cloudy-day", "precipIntensity": 0, "precipProbability": 0, "temperature": 86.59, "apparentTemperature": 92.33, "dewPoint": 71.14, "humidity": 0.6, "pressure": 1001.58, "windSpeed": 1.73, "windGust": 7.04, "windBearing": 177, "cloudCover": 0.29, "uvIndex": 6, "visibility": 7.98}, {"time": 1436907600, "summary": "Clear", "icon": "clear-day", "precipIntensity": 0, "precipProbability": 0, "temperature": 86.03, "apparentTemperature": 91.67, "dewPoint": 71.17, "humidity": 0.61, "pressure": 1001.25, "windSpeed": 2.55, "windGust": 7.14, "windBearing": 181, "cloudCover": 0.17, "uvIndex": 4, "visibility": 7.86}, {"time": 1436911200, "summary": "Partly Cloudy", "icon": "partly-cloudy-day", "precipIntensity": 0, "precipProbability": 0, "temperature": 85.29, "apparentTemperature": 90.94, "dewPoint": 71.45, "humidity": 0.63, "pressure": 1000.73, "windSpeed": 1.9, "windGust": 6.22, "windBearing": 185, "cloudCover": 0.29, "uvIndex": 2, "visibility": 8.48}, {"time": 1436914800, "summary": "Clear", "icon": "clear-day", "precipIntensity": 0, "precipProbability": 0, "temperature": 83.31, "apparentTemperature": 88.37, "dewPoint": 71.48, "humidity": 0.68, "pressure": 1000.27, "windSpeed": 1.23, "windGust": 3.61, "windBearing": 182, "cloudCover": 0.24, "uvIndex": 1, "visibility": 8.59}, {"time": 1436918400, "summary": "Clear", "icon": "clear-day", "precipIntensity": 0, "precipProbability": 0, "temperature": 81.76, "apparentTemperature": 86.24, "dewPoint": 71.52, "humidity": 0.71, "pressure": 1000.33, "windSpeed": 0.8, "windGust": 2.17, "windBearing": 188, "cloudCover": 0.23, "uvIndex": 0, "visibility": 8.41}, {"time": 1436922000, "summary": "Partly Cloudy", "icon": "partly-cloudy-night", "precipIntensity": 0, "precipProbability": 0, "temperature": 80.27, "apparentTemperature": 84.08, "dewPoint": 71.62, "humidity": 0.75, "pressure": 1000.49, "windSpeed": 0.26, "windGust": 1.23, "windBearing": 167, "cloudCover": 0.43, "uvIndex": 0, "visibility": 7.33}, {"time": 1436925600, "summary": "Partly Cloudy", "icon": "partly-cloudy-night", "precipIntensity": 0, "precipProbability": 0, "temperature": 79.07, "apparentTemperature": 82.21, "dewPoint": 71.83, "humidity": 0.79, "pressure": 1000.6, "windSpeed": 0.31, "windGust": 1.27, "windBearing": 175, "cloudCover": 0.5, "uvIndex": 0, "visibility": 7.92}, {"time": 1436929200, "summary": "Humid and Partly Cloudy", "icon": "partly-cloudy-night", "precipIntensity": 0, "precipProbability": 0, "temperature": 78.54, "apparentTemperature": 79.9, "dewPoint": 72.15, "humidity": 0.81, "pressure": 1000.48, "windSpeed": 0.46, "windGust": 1.58, "windBearing": 173, "cloudCover": 0.56, "uvIndex": 0, "visibility": 7}]}, "daily": {"data": [{"time": 1436846400, "summary": "Humid and mostly cloudy throughout the day.", "icon": "partly-cloudy-day", "sunriseTime": 1436867723, "sunsetTime": 1436920482, "moonPhase": 0.96, "precipIntensity": 0, "precipIntensityMax": 0.0003, "precipIntensityMaxTime": 1436864400, "precipProbability": 0, "temperatureHigh": 86.59, "temperatureHighTime": 1436904000, "temperatureLow": 69.38, "temperatureLowTime": 1436954400, "apparentTemperatureHigh": 92.33, "apparentTemperatureHighTime": 1436904000, "apparentTemperatureLow": 70.12, "apparentTemperatureLowTime": 1436954400, "dewPoint": 71.21, "humidity": 0.79, "pressure": 1003.37, "windSpeed": 0.69, "windGust": 7.14, "windGustTime": 1436907600, "windBearing": 187, "cloudCover": 0.68, "uvIndex": 6, "uvIndexTime": 1436886000, "visibility": 7.16, "temperatureMin": 72.8, "temperatureMinTime": 1436850000, "temperatureMax": 86.59, "temperatureMaxTime": 1436904000, "apparentTemperatureMin": 74.05, "apparentTemperatureMinTime": 1436850000, "apparentTemperatureMax": 92.33, "apparentTemperatureMaxTime": 1436904000}]}, "flags": {"sources": ["cmc", "gfs", "hrrr", "icon", "isd", "madis", "nam", "sref"], "nearest-station": 0.675, "units": "us"}, "offset": -4}