{"latitude": 38.912659, "longitude": -77.017669, "timezone": "America/New_York", "currently": {"time": 1430107200, "summary": "Partly Cloudy", "icon": "partly-cloudy-night", "precipIntensity": 0, "precipProbability": 0, "temperature": 46.38, "apparentTemperature": 46.38, "dewPoint": 36.93, "humidity": 0.69, "pressure": 1006.68, "windSpeed": 0.03, "windGust": 0.26, "windBearing": 356, "cloudCover": 0.3, "uvIndex": 0, "visibility": 8.75}, "hourly": {"summary": "Mostly cloudy starting in the morning.", "icon": "partly-cloudy-day", "data": [{"time": 1430107200, "summary": "Partly Cloudy", "icon": "partly-cloudy-night", "precipIntensity": 0, "precipProbability": 0, "temperature": 46.38, "apparentTemperature": 46.38, "dewPoint": 36.93, "humidity": 0.69, "pressure": 1006.68, "windSpeed": 0.03, "windGust": 0.26, "windBearing": 356, "cloudCover": 0.3, "uvIndex": 0, "visibility": 8.75}, {"time": 1430110800, "summary": "Clear", "icon": "clear-night", "precipIntensity": 0, "precipProbability": 0, "temperature": 45.67, "apparentTemperature": 45.67, "dewPoint": 36.81, "humidity": 0.71, "pressure": 1006.7, "windSpeed": 0.25, "windGust": 0.82, "windBearing": 355, "cloudCover": 0.05, "uvIndex": 0, "visibility": 8.11}, {"time": 1430114400, "summary": "Partly Cloudy", "icon": "partly-cloudy-night", "precipIntensity": 0, "precipProbability": 0, "temperature": 47.21, "apparentTemperature": 47.21, "dewPoint": 34.07, "humidity": 0.6, "pressure": 1006.85, "windSpeed": 0.67, "windGust": 2.51, "windBearing": 20, "cloudCover": 0.44, "uvIndex": 0, "visibility": 7.81}, {"time": 1430118000, "summary": "Clear", "icon": "clear-night", "precipIntensity": 0, "precipProbability": 0, "temperature": 46.59, "apparentTemperature": 46.59, "dewPoint": 33.31, "humidity": 0.6, "pressure": 1007, "windSpeed": 0.34, "windGust": 0.69, "windBearing": 2, "cloudCover": 0.21, "uvIndex": 0, "visibility": 9.39}, {"time": 1430121600, "summary": "Partly Cloudy", "icon": "partly-cloudy-night", "precipIntensity": 0, "precipProbability": 0, "temperature": 44.12, "apparentTemperature": 44.12, "dewPoint": 33.65, "humidity": 0.66, "pressure": 1007, "windSpeed": 0.18, "windGust": 0.4, "windBearing": 358, "cloudCover": 0.28, "uvIndex": 0, "visibility": 9.74}, {"time": 1430125200, "summary": "Mostly Cloudy", "icon": "partly-cloudy-night", "precipIntensity": 0, "precipProbability": 0, "temperature": 42.85, "apparentTemperature": 42.85, "dewPoint": 34.24, "humidity": 0.71, "pressure": 1007.16, "windSpeed": 0.07, "windGust": 0.24, "windBearing": 355, "cloudCover": 0.6, "uvIndex": 0, "visibility": 8.32}, {"time": 1430128800, "summary": "Mostly Cloudy", "icon": "partly-cloudy-night", "precipIntensity": 0, "precipProbability": 0, "temperature": 42.69, "apparentTemperature": 42.69, "dewPoint": 34.66, "humidity": 0.73, "pressure": 1007.24, "windSpeed": 0.08, "windGust": 0.35, "windBearing": 331, "cloudCover": 0.73, "uvIndex": 0, "visibility": 9.71}, {"time": 1430132400, "summary": "Mostly Cloudy", "icon": "partly-cloudy-day", "precipIntensity": 0, "precipProbability": 0, "temperature": 42.91, "apparentTemperature": 42.91, "dewPoint": 34.82, "humidity": 0.73, "pressure": 1007.67, "windSpeed": 0.12, "windGust": 0.34, "windBearing": 320, "cloudCover": 0.81, "uvIndex": 0, "visibility": 10}, {"time": 1430136000, "summary": "Partly Cloudy", "icon": "partly-cloudy-day", "precipIntensity": 0, "precipProbability": 0, "temperature": 47.16, "apparentTemperature": 47.16, "dewPoint": 35.61, "humidity": 0.64, "pressure": 1008.2, "windSpeed": 0.75, "windGust": 2.67, "windBearing": 319, "cloudCover": 0.35, "uvIndex": 1, "visibility": 10}, {"time": 1430139600, "summary": "Partly Cloudy", "icon": "partly-cloudy-day", "precipIntensity": 0, "precipProbability": 0, "temperature": 51.71, "apparentTemperature": 51.71, "dewPoint": 35.18, "humidity": 0.53, "pressure": 1008.55, "windSpeed": 2.43, "windGust": 6.4, "windBearing": 319, "cloudCover": 0.37, "uvIndex": 2, "visibility": 8.31}, {"time": 1430143200, "summary": "Partly Cloudy", "icon": "partly-cloudy-day", "precipIntensity": 0, "precipProbability": 0, "temperature": 53.87, "apparentTemperature": 53.87, "dewPoint": 34.53, "humidity": 0.48, "pressure": 1008.54, "windSpeed": 3.21, "windGust": 8.13, "windBearing": 318, "cloudCover": 0.57, "uvIndex": 4, "visibility": 8.44}, {"time": 1430146800, "summary": "Mostly Cloudy", "icon": "partly-cloudy-day", "precipIntensity": 0, "precipProbability": 0, "temperature": 55.81, "apparentTemperature": 55.81, "dewPoint": 36, "humidity": 0.47, "pressure": 1008.79, "windSpeed": 3.07, "windGust": 8.38, "windBearing": 323, "cloudCover": 0.76, "uvIndex": 5, "visibility": 8.63}, {"time": 1430150400, "summary": "Mostly Cloudy", "icon": "partly-cloudy-day", "precipIntensity": 0, "precipProbability": 0, "temperature": 57.59, "apparentTemperature": 57.59, "dewPoint": 36.46, "humidity": 0.45, "pressure": 1008.82, "windSpeed": 3.44, "windGust": 9.33, "windBearing": 320, "cloudCover": 0.82, "uvIndex": 5, "visibility": 9.1}, {"time": 1430154000, "summary": "Mostly Cloudy", "icon": "partly-cloudy-day", "precipIntensity": 0, "precipProbability": 0, "temperature": 56.94, "apparentTemperature": 56.94, "dewPoint": 35.39, "humidity": 0.44, "pressure": 1009.1, "windSpeed": 3.33, "windGust": 9.07, "windBearing": 309, "cloudCover": 0.91, "uvIndex": 5, "visibility": 8.68}, {"time": 1430157600, "summary": "Overcast", "icon": "cloudy", "precipIntensity": 0, "precipProbability": 0, "temperature": 56.88, "apparentTemperature": 56.88, "dewPoint": 35.6, "humidity": 0.45, "pressure": 1008.75, "windSpeed": 4.05, "windGust": 11.31, "windBearing": 308, "cloudCover": 0.98, "uvIndex": 4, "visibility": 9.1}, {"time": 1430161200, "summary": "Mostly Cloudy", "icon": "partly-cloudy-day", "precipIntensity": 0, "precipProbability": 0, "temperature": 58.03, "apparentTemperature": 58.03, "dewPoint": 35.26, "humidity": 0.42, "pressure": 1008.42, "windSpeed": 4.26, "windGust": 12.02, "windBearing": 309, "cloudCover": 0.83, "uvIndex": 5, "visibility": 8.68}, {"time": 1430164800, "summary": "Mostly Cloudy", "icon": "partly-cloudy-day", "precipIntensity": 0, "precipProbability": 0, "temperature": 58.1, "apparentTemperature": 58.1, "dewPoint": 34.36, "humidity": 0.41, "pressure": 1007.91, "windSpeed": 3.97, "windGust": 11.34, "windBearing": 309, "cloudCover": 0.93, "uvIndex": 3, "visibility": 8.44}, {"time": 1430168400, "summary": "Mostly Cloudy", "icon": "partly-cloudy-day", "precipIntensity": 0, "precipProbability": 0, "temperature": 57.37, "apparentTemperature": 57.37, "dewPoint": 33.98, "humidity": 0.41, "pressure": 1008.15, "windSpeed": 4.29, "windGust": 11.76, "windBearing": 311, "cloudCover": 0.89, "uvIndex": 2, "visibility": 8.63}, {"time": 1430172000, "summary": "Mostly Cloudy", "icon": "partly-cloudy-day", "precipIntensity": 0, "precipProbability": 0, "temperature": 57.23, "apparentTemperature": 57.23, "dewPoint": 34.23, "humidity": 0.42, "pressure": 1009.03, "windSpeed": 4.08, "windGust": 12.47, "windBearing": 316, "cloudCover": 0.86, "uvIndex": 1, "visibility": 8.57}, {"time": 1430175600, "summary": "Mostly Cloudy", "icon": "partly-cloudy-day", "precipIntensity": 0, "precipProbability": 0, "temperature": 56.33, "apparentTemperature": 56.33, "dewPoint": 35.15, "humidity": 0.45, "pressure": 1009.41, "windSpeed": 3.75, "windGust": 10.1, "windBearing": 318, "cloudCover": 0.87, "uvIndex": 0, "visibility": 8.68}, {"time": 1430179200, "summary": "Mostly Cloudy", "icon": "partly-cloudy-night", "precipIntensity": 0, "precipProbability": 0, "temperature": 54.61, "apparentTemperature": 54.61, "dewPoint": 37.03, "humidity": 0.51, "pressure": 1010.21, "windSpeed": 3.7, "windGust": 10.75, "windBearing": 325, "cloudCover": 0.9, "uvIndex": 0, "visibility": 8.63}, {"time": 1430182800, "summary": "Mostly Cloudy", "icon": "partly-cloudy-night", "precipIntensity": 0, "precipProbability": 0, "temperature": 52.74, "apparentTemperature": 52.74, "dewPoint": 37.99, "humidity": 0.57, "pressure": 1010.85, "windSpeed": 2.77, "windGust": 7.49, "windBearing": 317, "cloudCover": 0.8, "uvIndex": 0, "visibility": 7.55}, {"time": 1430186400, "summary": "Mostly Cloudy", "icon": "partly-cloudy-night", "precipIntensity": 0, "precipProbability": 0, "temperature": 51.62, "apparentTemperature": 51.62, "dewPoint": 38.75, "humidity": 0.61, "pressure": 1011.41, "windSpeed": 3.2, "windGust": 8.15, "windBearing": 303, "cloudCover": 0.69, "uvIndex": 0, "visibility": 7.87}, {"time": 1430190000, "summary": "Partly Cloudy", "icon": "partly-cloudy-night", "precipIntensity": 0, "precipProbability": 0, "temperature": 50.42, "apparentTemperature": 50.42, "dewPoint": 38.75, "humidity": 0.64, "pressure": 1011.61, "windSpeed": 3.4, "windGust": 9.61, "windBearing": 311, "cloudCover": 0.47, "uvIndex": 0, "visibility": 7.89}]}, "daily": {"data": [{"time": 1430107200, "summary": "Mostly cloudy throughout the day.", "icon": "partly-cloudy-day", "sunriseTime": 1430129781, "sunsetTime": 1430179043, "moonPhase": 0.3, "precipIntensity": 0, "precipIntensityMax": 0, "precipProbability": 0, "temperatureHigh": 58.1, "temperatureHighTime": 1430164800, "temperatureLow": 46.08, "temperatureLowTime": 1430215200, "apparentTemperatureHigh": 58.1, "apparentTemperatureHighTime": 1430164800, "apparentTemperatureLow": 45.55, "apparentTemperatureLowTime": 1430204400, "dewPoint": 35.53, "humidity": 0.56, "pressure": 1008.5, "windSpeed": 2.27, "windGust": 12.47, "windGustTime": 1430172000, "windBearing": 316, "cloudCover": 0.64, "uvIndex": 5, "uvIndexTime": 1430146800, "visibility": 8.71, "temperatureMin": 42.69, "temperatureMinTime": 1430128800, "temperatureMax": 58.1, "temperatureMaxTime": 1430164800, "apparentTemperatureMin": 42.69, "apparentTemperatureMinTime": 1430128800, "apparentTemperatureMax": 58.1, "apparentTemperatureMaxTime": 1430164800}]}, "flags": {"sources": ["cmc", "gfs", "hrrr", "icon", "isd", "madis", "nam", "sref"], "nearest-station": 0.675, "units": "us"}, "offset": -4}