{"latitude": 38.912659, "longitude": -77.017669, "timezone": "America/New_York", "currently": {"time": 1421643600, "summary": "Clear", "icon": "clear-night", "precipIntensity": 0, "precipProbability": 0, "temperature": 36.43, "apparentTemperature": 36.43, "dewPoint": 30.86, "humidity": 0.8, "pressure": 1011.39, "windSpeed": 0.51, "windGust": 1.64, "windBearing": 280, "cloudCover": 0.08, "uvIndex": 0, "visibility": 6.91}, "hourly": {"summary": "Mostly cloudy starting overnight, continuing until afternoon.", "icon": "partly-cloudy-day", "data": [{"time": 1421643600, "summary": "Clear", "icon": "clear-night", "precipIntensity": 0, "precipProbability": 0, "temperature": 36.43, "apparentTemperature": 36.43, "dewPoint": 30.86, "humidity": 0.8, "pressure": 1011.39, "windSpeed": 0.51, "windGust": 1.64, "windBearing": 280, "cloudCover": 0.08, "uvIndex": 0, "visibility": 6.91}, {"time": 1421647200, "summary": "Clear", "icon": "clear-night", "precipIntensity": 0, "precipProbability": 0, "temperature": 35.18, "apparentTemperature": 35.18, "dewPoint": 30.07, "humidity": 0.81, "pressure": 1011.49, "windSpeed": 0.24, "windGust": 1.01, "windBearing": 270, "cloudCover": 0.12, "uvIndex": 0, "visibility": 5.59}, {"time": 1421650800, "summary": "Partly Cloudy", "icon": "partly-cloudy-night", "precipIntensity": 0, "precipProbability": 0, "temperature": 34.5, "apparentTemperature": 34.5, "dewPoint": 29.56, "humidity": 0.82, "pressure": 1012.01, "windSpeed": 0.22, "windGust": 1.08, "windBearing": 263, "cloudCover": 0.38, "uvIndex": 0, "visibility": 6.02}, {"time": 1421654400, "summary": "Mostly Cloudy", "icon": "partly-cloudy-night", "precipIntensity": 0, "precipProbability": 0, "temperature": 35.66, "apparentTemperature": 35.66, "dewPoint": 30.2, "humidity": 0.8, "pressure": 1012.58, "windSpeed": 0.41, "windGust": 1.88, "windBearing": 273, "cloudCover": 0.9, "uvIndex": 0, "visibility": 6.86}, {"time": 1421658000, "summary": "Overcast", "icon": "cloudy", "precipIntensity": 0, "precipProbability": 0, "temperature": 36.79, "apparentTemperature": 36.79, "dewPoint": 30.91, "humidity": 0.79, "pressure": 1012.74, "windSpeed": 0.69, "windGust": 2.54, "windBearing": 277, "cloudCover": 1, "uvIndex": 0, "visibility": 7.86}, {"time": 1421661600, "summary": "Overcast", "icon": "cloudy", "precipIntensity": 0, "precipProbability": 0, "temperature": 37.33, "apparentTemperature": 37.33, "dewPoint": 30.52, "humidity": 0.76, "pressure": 1013.14, "windSpeed": 0.61, "windGust": 2.43, "windBearing": 266, "cloudCover": 1, "uvIndex": 0, "visibility": 8.05}, {"time": 1421665200, "summary": "Overcast", "icon": "cloudy", "precipIntensity": 0, "precipProbability": 0, "temperature": 38.19, "apparentTemperature": 38.19, "dewPoint": 29.76, "humidity": 0.71, "pressure": 1013.88, "windSpeed": 1.16, "windGust": 4.68, "windBearing": 270, "cloudCover": 1, "uvIndex": 0, "visibility": 7.34}, {"time": 1421668800, "summary": "Overcast", "icon": "cloudy", "precipIntensity": 0, "precipProbability": 0, "temperature": 38.89, "apparentTemperature": 38.89, "dewPoint": 29.26, "humidity": 0.68, "pressure": 1014.5, "windSpeed": 1.55, "windGust": 5.38, "windBearing": 286, "cloudCover": 1, "uvIndex": 0, "visibility": 8.28}, {"time": 1421672400, "summary": "Overcast", "icon": "cloudy", "precipIntensity": 0, "precipProbability": 0, "temperature": 39.5, "apparentTemperature": 39.5, "dewPoint": 28.78, "humidity": 0.65, "pressure": 1015.11, "windSpeed": 2.63, "windGust": 7.11, "windBearing": 286, "cloudCover": 0.99, "uvIndex": 0, "visibility": 7.13}, {"time": 1421676000, "summary": "Overcast", "icon": "cloudy", "precipIntensity": 0, "precipProbability": 0, "temperature": 40.13, "apparentTemperature": 40.13, "dewPoint": 28.42, "humidity": 0.63, "pressure": 1015.37, "windSpeed": 2.74, "windGust": 7.84, "windBearing": 286, "cloudCover": 1, "uvIndex": 0, "visibility": 7.77}, {"time": 1421679600, "summary": "Overcast", "icon": "cloudy", "precipIntensity": 0, "precipProbability": 0, "temperature": 41.26, "apparentTemperature": 38.88, "dewPoint": 28.5, "humidity": 0.6, "pressure": 1016.04, "windSpeed": 3.88, "windGust": 9.82, "windBearing": 290, "cloudCover": 0.99, "uvIndex": 1, "visibility": 7.51}, {"time": 1421683200, "summary": "Overcast", "icon": "cloudy", "precipIntensity": 0, "precipProbability": 0, "temperature": 42.09, "apparentTemperature": 39.65, "dewPoint": 28.91, "humidity": 0.59, "pressure": 1016.31, "windSpeed": 4.1, "windGust": 10.32, "windBearing": 291, "cloudCover": 0.95, "uvIndex": 2, "visibility": 7.91}, {"time": 1421686800, "summary": "Mostly Cloudy", "icon": "partly-cloudy-day", "precipIntensity": 0, "precipProbability": 0, "temperature": 43.09, "apparentTemperature": 40.53, "dewPoint": 29.01, "humidity": 0.57, "pressure": 1015.7, "windSpeed": 4.43, "windGust": 11.41, "windBearing": 292, "cloudCover": 0.82, "uvIndex": 2, "visibility": 7.8}, {"time": 1421690400, "summary": "Mostly Cloudy", "icon": "partly-cloudy-day", "precipIntensity": 0, "precipProbability": 0, "temperature": 44.05, "apparentTemperature": 41.81, "dewPoint": 27.62, "humidity": 0.52, "pressure": 1014.74, "windSpeed": 4.22, "windGust": 11.51, "windBearing": 292, "cloudCover": 0.8, "uvIndex": 2, "visibility": 7.94}, {"time": 1421694000, "summary": "Mostly Cloudy", "icon": "partly-cloudy-day", "precipIntensity": 0, "precipProbability": 0, "temperature": 44.73, "apparentTemperature": 42.58, "dewPoint": 26.73, "humidity": 0.49, "pressure": 1014.33, "windSpeed": 4.26, "windGust": 11.05, "windBearing": 300, "cloudCover": 0.77, "uvIndex": 2, "visibility": 8.33}, {"time": 1421697600, "summary": "Mostly Cloudy", "icon": "partly-cloudy-day", "precipIntensity": 0, "precipProbability": 0, "temperature": 45.57, "apparentTemperature": 44.15, "dewPoint": 25.59, "humidity": 0.45, "pressure": 1014.08, "windSpeed": 3.53, "windGust": 9.82, "windBearing": 295, "cloudCover": 0.6, "uvIndex": 1, "visibility": 8.21}, {"time": 1421701200, "summary": "Partly Cloudy", "icon": "partly-cloudy-day", "precipIntensity": 0, "precipProbability": 0, "temperature": 45.81, "apparentTemperature": 45.81, "dewPoint": 25.07, "humidity": 0.44, "pressure": 1013.94, "windSpeed": 2.57, "windGust": 7.41, "windBearing": 304, "cloudCover": 0.37, "uvIndex": 0, "visibility": 8}, {"time": 1421704800, "summary": "Clear", "icon": "clear-day", "precipIntensity": 0, "precipProbability": 0, "temperature": 44.42, "apparentTemperature": 44.42, "dewPoint": 24.71, "humidity": 0.46, "pressure": 1014.1, "windSpeed": 0.84, "windGust": 3.22, "windBearing": 298, "cloudCover": 0.15, "uvIndex": 0, "visibility": 7.61}, {"time": 1421708400, "summary": "Clear", "icon": "clear-night", "precipIntensity": 0, "precipProbability": 0, "temperature": 40.08, "apparentTemperature": 40.08, "dewPoint": 24.81, "humidity": 0.54, "pressure": 1014.58, "windSpeed": 0.08, "windGust": 0.67, "windBearing": 319, "cloudCover": 0.08, "uvIndex": 0, "visibility": 9.34}, {"time": 1421712000, "summary": "Clear", "icon": "clear-night", "precipIntensity": 0, "precipProbability": 0, "temperature": 36.33, "apparentTemperature": 36.33, "dewPoint": 24.77, "humidity": 0.63, "pressure": 1014.69, "windSpeed": 0, "windGust": 0.15, "cloudCover": 0.09, "uvIndex": 0, "visibility": 10}, {"time": 1421715600, "summary": "Clear", "icon": "clear-night", "precipIntensity": 0, "precipProbability": 0, "temperature": 33.17, "apparentTemperature": 33.17, "dewPoint": 24.54, "humidity": 0.7, "pressure": 1014.49, "windSpeed": 0, "windGust": 0.15, "cloudCover": 0, "uvIndex": 0, "visibility": 10}, {"time": 1421719200, "summary": "Clear", "icon": "clear-night", "precipIntensity": 0, "precipProbability": 0, "temperature": 31.43, "apparentTemperature": 31.43, "dewPoint": 24.25, "humidity": 0.74, "pressure": 1014.85, "windSpeed": 0, "windGust": 0.15, "cloudCover": 0.03, "uvIndex": 0, "visibility": 10}, {"time": 1421722800, "summary": "Partly Cloudy", "icon": "partly-cloudy-night", "precipIntensity": 0, "precipProbability": 0, "temperature": 30.63, "apparentTemperature": 30.63, "dewPoint": 24.42, "humidity": 0.77, "pressure": 1015.3, "windSpeed": 0, "windGust": 0.12, "cloudCover": 0.27, "uvIndex": 0, "visibility": 10}, {"time": 1421726400, "summary": "Partly Cloudy", "icon": "partly-cloudy-night", "precipIntensity": 0, "precipProbability": 0, "temperature": 29.95, "apparentTemperature": 29.95, "dewPoint": 24.31, "humidity": 0.79, "pressure": 1015.34, "windSpeed": 0, "windGust": 0.08, "cloudCover": 0.38, "uvIndex": 0, "visibility": 10}]}, "daily": {"data": [{"time": 1421643600, "summary": "Mostly cloudy until afternoon.", "icon": "partly-cloudy-day", "sunriseTime": 1421670276, "sunsetTime": 1421705710, "moonPhase": 0.96, "precipIntensity": 0, "precipIntensityMax": 0, "precipProbability": 0, "temperatureHigh": 45.81, "temperatureHighTime": 1421701200, "temperatureLow": 26.82, "temperatureLowTime": 1421751600, "apparentTemperatureHigh": 45.81, "apparentTemperatureHighTime": 1421701200, "apparentTemperatureLow": 26.82, "apparentTemperatureLowTime": 1421751600, "dewPoint": 27.57, "humidity": 0.66, "pressure": 1014.2, "windSpeed": 1.6, "windGust": 11.51, "windGustTime": 1421690400, "windBearing": 291, "cloudCover": 0.57, "uvIndex": 2, "uvIndexTime": 1421683200, "visibility": 8.1, "temperatureMin": 29.95, "temperatureMinTime": 1421726400, "temperatureMax": 45.81, "temperatureMaxTime": 1421701200, "apparentTemperatureMin": 29.95, "apparentTemperatureMinTime": 1421726400, "apparentTemperatureMax": 45.81, "apparentTemperatureMaxTime": 1421701200}]}, "flags": {"sources": ["cmc", "gfs", "hrrr", "icon", "isd", "madis", "nam", "sref"], "nearest-station": 0.675, "units": "us"}, "offset": -5}