{"latitude": 38.912659, "longitude": -77.017669, "timezone": "America/New_York", "currently": {"time": 1454821200, "summary": "Clear", "icon": "clear-night", "precipIntensity": 0, "precipProbability": 0, "temperature": 30.65, "apparentTemperature": 30.65, "dewPoint": 23.12, "humidity": 0.73, "pressure": 1024.92, "windSpeed": 0, "windGust": 0.05, "cloudCover": 0.13, "uvIndex": 0, "visibility": 10}, "hourly": {"summary": "Partly cloudy starting in the afternoon, continuing until night.", "icon": "partly-cloudy-night", "data": [{"time": 1454821200, "summary": "Clear", "icon": "clear-night", "precipIntensity": 0, "precipProbability": 0, "temperature": 30.65, "apparentTemperature": 30.65, "dewPoint": 23.12, "humidity": 0.73, "pressure": 1024.92, "windSpeed": 0, "windGust": 0.05, "cloudCover": 0.13, "uvIndex": 0, "visibility": 10}, {"time": 1454824800, "summary": "Partly Cloudy", "icon": "partly-cloudy-night", "precipIntensity": 0, "precipProbability": 0, "temperature": 29.97, "apparentTemperature": 29.97, "dewPoint": 23.42, "humidity": 0.76, "pressure": 1024.24, "windSpeed": 0, "windGust": 0.13, "cloudCover": 0.3, "uvIndex": 0, "visibility": 10}, {"time": 1454828400, "summary": "Clear", "icon": "clear-night", "precipIntensity": 0, "precipProbability": 0, "temperature": 29.71, "apparentTemperature": 29.71, "dewPoint": 23.67, "humidity": 0.78, "pressure": 1024.37, "windSpeed": 0, "windGust": 0.12, "cloudCover": 0.21, "uvIndex": 0, "visibility": 8.82}, {"time": 1454832000, "summary": "Clear", "icon": "clear-night", "precipIntensity": 0, "precipProbability": 0, "temperature": 28.7, "apparentTemperature": 28.7, "dewPoint": 23.38, "humidity": 0.8, "pressure": 1023.4, "windSpeed": 0, "windGust": 0.12, "cloudCover": 0.16, "uvIndex": 0, "visibility": 10}, {"time": 1454835600, "summary": "Clear", "icon": "clear-night", "precipIntensity": 0, "precipProbability": 0, "temperature": 27.6, "apparentTemperature": 27.6, "dewPoint": 23.04, "humidity": 0.83, "pressure": 1023.27, "windSpeed": 0, "windGust": 0.13, "cloudCover": 0.04, "uvIndex": 0, "visibility": 10}, {"time": 1454839200, "summary": "Clear", "icon": "clear-night", "precipIntensity": 0, "precipProbability": 0, "temperature": 26.98, "apparentTemperature": 26.98, "dewPoint": 22.81, "humidity": 0.84, "pressure": 1023.33, "windSpeed": 0, "windGust": 0.29, "cloudCover": 0.01, "uvIndex": 0, "visibility": 10}, {"time": 1454842800, "summary": "Clear", "icon": "clear-night", "precipIntensity": 0, "precipProbability": 0, "temperature": 26.7, "apparentTemperature": 26.7, "dewPoint": 22.5, "humidity": 0.84, "pressure": 1022.17, "windSpeed": 0.02, "windGust": 0.32, "windBearing": 338, "cloudCover": 0.06, "uvIndex": 0, "visibility": 9.27}, {"time": 1454846400, "summary": "Clear", "icon": "clear-night", "precipIntensity": 0, "precipProbability": 0, "temperature": 26.39, "apparentTemperature": 26.39, "dewPoint": 22.4, "humidity": 0.85, "pressure": 1022.61, "windSpeed": 0, "windGust": 0.11, "cloudCover": 0.24, "uvIndex": 0, "visibility": 9.96}, {"time": 1454850000, "summary": "Clear", "icon": "clear-day", "precipIntensity": 0, "precipProbability": 0, "temperature": 26.74, "apparentTemperature": 26.74, "dewPoint": 22.8, "humidity": 0.85, "pressure": 1022.8, "windSpeed": 0, "windGust": 0.09, "cloudCover": 0.1, "uvIndex": 0, "visibility": 9.83}, {"time": 1454853600, "summary": "Clear", "icon": "clear-day", "precipIntensity": 0, "precipProbability": 0, "temperature": 29.87, "apparentTemperature": 29.87, "dewPoint": 25.21, "humidity": 0.83, "pressure": 1021.86, "windSpeed": 0.02, "windGust": 0.67, "windBearing": 343, "cloudCover": 0.24, "uvIndex": 1, "visibility": 10}, {"time": 1454857200, "summary": "Clear", "icon": "clear-day", "precipIntensity": 0, "precipProbability": 0, "temperature": 34.07, "apparentTemperature": 34.07, "dewPoint": 26.36, "humidity": 0.73, "pressure": 1021.65, "windSpeed": 0.49, "windGust": 1.74, "windBearing": 318, "cloudCover": 0.16, "uvIndex": 2, "visibility": 7.9}, {"time": 1454860800, "summary": "Clear", "icon": "clear-day", "precipIntensity": 0, "precipProbability": 0, "temperature": 38.38, "apparentTemperature": 38.38, "dewPoint": 26.37, "humidity": 0.62, "pressure": 1021.1, "windSpeed": 0.65, "windGust": 2.82, "windBearing": 342, "cloudCover": 0.21, "uvIndex": 3, "visibility": 8.49}, {"time": 1454864400, "summary": "Partly Cloudy", "icon": "partly-cloudy-day", "precipIntensity": 0, "precipProbability": 0, "temperature": 42.18, "apparentTemperature": 42.18, "dewPoint": 24.68, "humidity": 0.5, "pressure": 1020.01, "windSpeed": 1.7, "windGust": 6.02, "windBearing": 358, "cloudCover": 0.38, "uvIndex": 3, "visibility": 8.3}, {"time": 1454868000, "summary": "Partly Cloudy", "icon": "partly-cloudy-day", "precipIntensity": 0, "precipProbability": 0, "temperature": 44.1, "apparentTemperature": 44.1, "dewPoint": 23.29, "humidity": 0.43, "pressure": 1019.27, "windSpeed": 1.25, "windGust": 5.32, "windBearing": 29, "cloudCover": 0.37, "uvIndex": 3, "visibility": 8.36}, {"time": 1454871600, "summary": "Partly Cloudy", "icon": "partly-cloudy-day", "precipIntensity": 0, "precipProbability": 0, "temperature": 44.87, "apparentTemperature": 44.87, "dewPoint": 22.56, "humidity": 0.41, "pressure": 1017.71, "windSpeed": 1.52, "windGust": 5.17, "windBearing": 33, "cloudCover": 0.54, "uvIndex": 2, "visibility": 8.37}, {"time": 1454875200, "summary": "Partly Cloudy", "icon": "partly-cloudy-day", "precipIntensity": 0, "precipProbability": 0, "temperature": 45.19, "apparentTemperature": 45.19, "dewPoint": 22.31, "humidity": 0.4, "pressure": 1016.36, "windSpeed": 2.31, "windGust": 5.76, "windBearing": 23, "cloudCover": 0.47, "uvIndex": 1, "visibility": 7.87}, {"time": 1454878800, "summary": "Clear", "icon": "clear-day", "precipIntensity": 0, "precipProbability": 0, "temperature": 45.07, "apparentTemperature": 45.07, "dewPoint": 22.41, "humidity": 0.4, "pressure": 1016.19, "windSpeed": 1.23, "windGust": 4.77, "windBearing": 48, "cloudCover": 0.14, "uvIndex": 1, "visibility": 8}, {"time": 1454882400, "summary": "Clear", "icon": "clear-day", "precipIntensity": 0, "precipProbability": 0, "temperature": 43.99, "apparentTemperature": 43.99, "dewPoint": 22.51, "humidity": 0.42, "pressure": 1015.23, "windSpeed": 0.6, "windGust": 2.58, "windBearing": 59, "cloudCover": 0.12, "uvIndex": 0, "visibility": 8.25}, {"time": 1454886000, "summary": "Clear", "icon": "clear-night", "precipIntensity": 0, "precipProbability": 0, "temperature": 42.01, "apparentTemperature": 42.01, "dewPoint": 22.91, "humidity": 0.46, "pressure": 1014.86, "windSpeed": 0.29, "windGust": 1.14, "windBearing": 24, "cloudCover": 0.14, "uvIndex": 0, "visibility": 7.77}, {"time": 1454889600, "summary": "Partly Cloudy", "icon": "partly-cloudy-night", "precipIntensity": 0, "precipProbability": 0, "temperature": 40.05, "apparentTemperature": 40.05, "dewPoint": 23.53, "humidity": 0.51, "pressure": 1014.23, "windSpeed": 0.11, "windGust": 0.54, "windBearing": 5, "cloudCover": 0.53, "uvIndex": 0, "visibility": 6.86}, {"time": 1454893200, "summary": "Partly Cloudy", "icon": "partly-cloudy-night", "precipIntensity": 0, "precipProbability": 0, "temperature": 38.32, "apparentTemperature": 38.32, "dewPoint": 23.87, "humidity": 0.56, "pressure": 1014.16, "windSpeed": 0.26, "windGust": 0.57, "windBearing": 1, "cloudCover": 0.38, "uvIndex": 0, "visibility": 9.11}, {"time": 1454896800, "summary": "Partly Cloudy", "icon": "partly-cloudy-night", "precipIntensity": 0, "precipProbability": 0, "temperature": 37.75, "apparentTemperature": 37.75, "dewPoint": 23.92, "humidity": 0.57, "pressure": 1013.19, "windSpeed": 0.78, "windGust": 1.99, "windBearing": 4, "cloudCover": 0.31, "uvIndex": 0, "visibility": 10}, {"time": 1454900400, "summary": "Partly Cloudy", "icon": "partly-cloudy-night", "precipIntensity": 0, "precipProbability": 0, "temperature": 37.46, "apparentTemperature": 37.46, "dewPoint": 23.73, "humidity": 0.57, "pressure": 1012.7, "windSpeed": 0.55, "windGust": 1.59, "windBearing": 3, "cloudCover": 0.49, "uvIndex": 0, "visibility": 8.72}, {"time": 1454904000, "summary": "Mostly Cloudy", "icon": "partly-cloudy-night", "precipIntensity": 0, "precipProbability": 0, "temperature": 36.38, "apparentTemperature": 36.38, "dewPoint": 24.12, "humidity": 0.61, "pressure": 1011.68, "windSpeed": 0.54, "windGust": 1.53, "windBearing": 3, "cloudCover": 0.67, "uvIndex": 0, "visibility": 8.63}]}, "daily": {"data": [{"time": 1454821200, "summary": "Partly cloudy starting in the afternoon.", "icon": "partly-cloudy-night", "sunriseTime": 1454847005, "sunsetTime": 1454884615, "moonPhase": 0.96, "precipIntensity": 0, "precipIntensityMax": 0, "precipProbability": 0, "temperatureHigh": 45.19, "temperatureHighTime": 1454875200, "temperatureLow": 31.7, "temperatureLowTime": 1454936400, "apparentTemperatureHigh": 45.19, "apparentTemperatureHighTime": 1454875200, "apparentTemperatureLow": 31.7, "apparentTemperatureLowTime": 1454936400, "dewPoint": 23.54, "humidity": 0.64, "pressure": 1019.22, "windSpeed": 0.47, "windGust": 6.02, "windGustTime": 1454864400, "windBearing": 18, "cloudCover": 0.27, "uvIndex": 3, "uvIndexTime": 1454860800, "visibility": 8.94, "temperatureMin": 26.39, "temperatureMinTime": 1454846400, "temperatureMax": 45.19, "temperatureMaxTime": 1454875200, "apparentTemperatureMin": 26.39, "apparentTemperatureMinTime": 1454846400, "apparentTemperatureMax": 45.19, "apparentTemperatureMaxTime": 1454875200}]}, "flags": {"sources": ["cmc", "gfs", "hrrr", "icon", "isd", "madis", "nam", "sref"], "nearest-station": 1.106, "units": "us"}, "offset": -5}