{"latitude": 38.912659, "longitude": -77.017669, "timezone": "America/New_York", "currently": {"time": 1463198400, "summary": "Clear", "icon": "clear-night", "precipIntensity": 0, "precipProbability": 0, "temperature": 57.5, "apparentTemperature": 57.5, "dewPoint": 50.82, "humidity": 0.78, "pressure": 1011.63, "windSpeed": 0.09, "windGust": 0.41, "windBearing": 297, "cloudCover": 0, "uvIndex": 0, "visibility": 7.89}, "hourly": {"summary": "Rain starting in the afternoon, continuing until evening.", "icon": "rain", "data": [{"time": 1463198400, "summary": "Clear", "icon": "clear-night", "precipIntensity": 0, "precipProbability": 0, "temperature": 57.5, "apparentTemperature": 57.5, "dewPoint": 50.82, "humidity": 0.78, "pressure": 1011.63, "windSpeed": 0.09, "windGust": 0.41, "windBearing": 297, "cloudCover": 0, "uvIndex": 0, "visibility": 7.89}, {"time": 1463202000, "summary": "Clear", "icon": "clear-night", "precipIntensity": 0, "precipProbability": 0, "temperature": 57.6, "apparentTemperature": 57.6, "dewPoint": 49.6, "humidity": 0.75, "pressure": 1011.27, "windSpeed": 0.27, "windGust": 0.84, "windBearing": 328, "cloudCover": 0, "uvIndex": 0, "visibility": 7.95}, {"time": 1463205600, "summary": "Clear", "icon": "clear-night", "precipIntensity": 0, "precipProbability": 0, "temperature": 56.68, "apparentTemperature": 56.68, "dewPoint": 48.71, "humidity": 0.75, "pressure": 1011.09, "windSpeed": 0.23, "windGust": 0.63, "windBearing": 314, "cloudCover": 0, "uvIndex": 0, "visibility": 7.28}, {"time": 1463209200, "summary": "Clear", "icon": "clear-night", "precipIntensity": 0, "precipProbability": 0, "temperature": 55.71, "apparentTemperature": 55.71, "dewPoint": 48.39, "humidity": 0.76, "pressure": 1011.13, "windSpeed": 0.2, "windGust": 0.86, "windBearing": 301, "cloudCover": 0, "uvIndex": 0, "visibility": 7.64}, {"time": 1463212800, "summary": "Clear", "icon": "clear-night", "precipIntensity": 0, "precipProbability": 0, "temperature": 53.63, "apparentTemperature": 53.63, "dewPoint": 47.84, "humidity": 0.81, "pressure": 1011.01, "windSpeed": 0, "windGust": 0.22, "cloudCover": 0, "uvIndex": 0, "visibility": 6.24}, {"time": 1463216400, "summary": "Clear", "icon": "clear-night", "precipIntensity": 0, "precipProbability": 0, "temperature": 51.99, "apparentTemperature": 51.99, "dewPoint": 47.33, "humidity": 0.84, "pressure": 1010.61, "windSpeed": 0, "windGust": 0.02, "cloudCover": 0, "uvIndex": 0, "visibility": 5.88}, {"time": 1463220000, "summary": "Clear", "icon": "clear-night", "precipIntensity": 0, "precipProbability": 0, "temperature": 50.35, "apparentTemperature": 50.35, "dewPoint": 46.62, "humidity": 0.87, "pressure": 1010.37, "windSpeed": 0, "windGust": 0, "cloudCover": 0.12, "uvIndex": 0, "visibility": 6.21}, {"time": 1463223600, "summary": "Clear", "icon": "clear-day", "precipIntensity": 0, "precipProbability": 0, "temperature": 50.88, "apparentTemperature": 50.88, "dewPoint": 47.56, "humidity": 0.88, "pressure": 1010.28, "windSpeed": 0, "windGust": 0, "cloudCover": 0.06, "uvIndex": 0, "visibility": 7.14}, {"time": 1463227200, "summary": "Clear", "icon": "clear-day", "precipIntensity": 0, "precipProbability": 0, "temperature": 56.8, "apparentTemperature": 56.8, "dewPoint": 51.5, "humidity": 0.82, "pressure": 1010.1, "windSpeed": 0.02, "windGust": 0.19, "windBearing": 182, "cloudCover": 0.03, "uvIndex": 1, "visibility": 10}, {"time": 1463230800, "summary": "Partly Cloudy", "icon": "partly-cloudy-day", "precipIntensity": 0, "precipProbability": 0, "temperature": 64.64, "apparentTemperature": 64.64, "dewPoint": 52.92, "humidity": 0.66, "pressure": 1009.87, "windSpeed": 0.11, "windGust": 1.68, "windBearing": 183, "cloudCover": 0.39, "uvIndex": 3, "visibility": 8.26}, {"time": 1463234400, "summary": "Partly Cloudy", "icon": "partly-cloudy-day", "precipIntensity": 0, "precipProbability": 0, "temperature": 68.75, "apparentTemperature": 68.75, "dewPoint": 51.76, "humidity": 0.55, "pressure": 1009.29, "windSpeed": 0.77, "windGust": 3.75, "windBearing": 186, "cloudCover": 0.33, "uvIndex": 5, "visibility": 8.25}, {"time": 1463238000, "summary": "Partly Cloudy", "icon": "partly-cloudy-day", "precipIntensity": 0, "precipProbability": 0, "temperature": 71.43, "apparentTemperature": 71.43, "dewPoint": 51.53, "humidity": 0.49, "pressure": 1008.47, "windSpeed": 2.83, "windGust": 8.3, "windBearing": 195, "cloudCover": 0.26, "uvIndex": 7, "visibility": 7.8}, {"time": 1463241600, "summary": "Partly Cloudy", "icon": "partly-cloudy-day", "precipIntensity": 0, "precipProbability": 0, "temperature": 72.08, "apparentTemperature": 72.08, "dewPoint": 51.51, "humidity": 0.48, "pressure": 1007.81, "windSpeed": 3.15, "windGust": 9.49, "windBearing": 207, "cloudCover": 0.41, "uvIndex": 7, "visibility": 7.43}, {"time": 1463245200, "summary": "Partly Cloudy", "icon": "partly-cloudy-day", "precipIntensity": 0, "precipProbability": 0, "temperature": 73.08, "apparentTemperature": 73.08, "dewPoint": 52.25, "humidity": 0.48, "pressure": 1006.74, "windSpeed": 2.74, "windGust": 10.09, "windBearing": 207, "cloudCover": 0.4, "uvIndex": 8, "visibility": 7.91}, {"time": 1463248800, "summary": "Partly Cloudy", "icon": "partly-cloudy-day", "precipIntensity": 0, "precipProbability": 0, "temperature": 74.93, "apparentTemperature": 74.93, "dewPoint": 52.27, "humidity": 0.45, "pressure": 1005.81, "windSpeed": 2.44, "windGust": 9.52, "windBearing": 222, "cloudCover": 0.48, "uvIndex": 7, "visibility": 7.97}, {"time": 1463252400, "summary": "Mostly Cloudy", "icon": "partly-cloudy-day", "precipIntensity": 0.001, "precipProbability": 0.17, "precipType": "rain", "temperature": 70.74, "apparentTemperature": 70.74, "dewPoint": 52.52, "humidity": 0.53, "pressure": 1005.43, "windSpeed": 4.09, "windGust": 14.54, "windBearing": 281, "cloudCover": 0.72, "uvIndex": 5, "visibility": 8.56}, {"time": 1463256000, "summary": "Light Rain", "icon": "rain", "precipIntensity": 0.0293, "precipProbability": 0.83, "precipType": "rain", "temperature": 58.68, "apparentTemperature": 58.68, "dewPoint": 54, "humidity": 0.84, "pressure": 1006.89, "windSpeed": 2.04, "windGust": 7.68, "windBearing": 287, "cloudCover": 1, "uvIndex": 3, "visibility": 5.26}, {"time": 1463259600, "summary": "Rain", "icon": "rain", "precipIntensity": 0.0591, "precipProbability": 0.94, "precipType": "rain", "temperature": 58.4, "apparentTemperature": 58.4, "dewPoint": 54.98, "humidity": 0.88, "pressure": 1005.71, "windSpeed": 0.71, "windGust": 3.23, "windBearing": 226, "cloudCover": 0.86, "uvIndex": 2, "visibility": 7.45}, {"time": 1463263200, "summary": "Partly Cloudy", "icon": "partly-cloudy-day", "precipIntensity": 0.0111, "precipProbability": 0.62, "precipType": "rain", "temperature": 61.71, "apparentTemperature": 61.71, "dewPoint": 56.92, "humidity": 0.84, "pressure": 1005.25, "windSpeed": 0.91, "windGust": 4.27, "windBearing": 235, "cloudCover": 0.53, "uvIndex": 1, "visibility": 8.71}, {"time": 1463266800, "summary": "Partly Cloudy", "icon": "partly-cloudy-day", "precipIntensity": 0, "precipProbability": 0, "temperature": 62.3, "apparentTemperature": 62.3, "dewPoint": 56.69, "humidity": 0.82, "pressure": 1005.19, "windSpeed": 0.53, "windGust": 2.72, "windBearing": 267, "cloudCover": 0.41, "uvIndex": 0, "visibility": 7.57}, {"time": 1463270400, "summary": "Mostly Cloudy", "icon": "partly-cloudy-day", "precipIntensity": 0, "precipProbability": 0, "temperature": 59.93, "apparentTemperature": 59.93, "dewPoint": 49.28, "humidity": 0.68, "pressure": 1006.64, "windSpeed": 4.34, "windGust": 12.41, "windBearing": 303, "cloudCover": 0.86, "uvIndex": 0, "visibility": 7.44}, {"time": 1463274000, "summary": "Partly Cloudy", "icon": "partly-cloudy-night", "precipIntensity": 0.0003, "precipProbability": 0.07, "precipType": "rain", "temperature": 57.62, "apparentTemperature": 57.62, "dewPoint": 43.31, "humidity": 0.59, "pressure": 1008.1, "windSpeed": 4.74, "windGust": 12.98, "windBearing": 307, "cloudCover": 0.51, "uvIndex": 0, "visibility": 7.83}, {"time": 1463277600, "summary": "Clear", "icon": "clear-night", "precipIntensity": 0, "precipProbability": 0, "temperature": 56, "apparentTemperature": 56, "dewPoint": 39.87, "humidity": 0.55, "pressure": 1009.21, "windSpeed": 4.57, "windGust": 12.47, "windBearing": 306, "cloudCover": 0.18, "uvIndex": 0, "visibility": 8.24}, {"time": 1463281200, "summary": "Clear", "icon": "clear-night", "precipIntensity": 0, "precipProbability": 0, "temperature": 54.3, "apparentTemperature": 54.3, "dewPoint": 40.07, "humidity": 0.59, "pressure": 1009.78, "windSpeed": 4.12, "windGust": 12.93, "windBearing": 309, "cloudCover": 0.02, "uvIndex": 0, "visibility": 7.87}]}, "daily": {"data": [{"time": 1463198400, "summary": "Rain starting in the afternoon, continuing until evening.", "icon": "rain", "sunriseTime": 1463219829, "sunsetTime": 1463271269, "moonPhase": 0.28, "precipIntensity": 0.0042, "precipIntensityMax": 0.0591, "precipIntensityMaxTime": 1463259600, "precipProbability": 0.94, "precipType": "rain", "temperatureHigh": 74.93, "temperatureHighTime": 1463248800, "temperatureLow": 47.45, "temperatureLowTime": 1463306400, "apparentTemperatureHigh": 74.93, "apparentTemperatureHighTime": 1463248800, "apparentTemperatureLow": 47.45, "apparentTemperatureLowTime": 1463306400, "dewPoint": 49.93, "humidity": 0.7, "pressure": 1008.65, "windSpeed": 1.16, "windGust": 14.54, "windGustTime": 1463252400, "windBearing": 271, "cloudCover": 0.32, "uvIndex": 8, "uvIndexTime": 1463245200, "visibility": 7.62, "temperatureMin": 50.35, "temperatureMinTime": 1463220000, "temperatureMax": 74.93, "temperatureMaxTime": 1463248800, "apparentTemperatureMin": 50.35, "apparentTemperatureMinTime": 1463220000, "apparentTemperatureMax": 74.93, "apparentTemperatureMaxTime": 1463248800}]}, "flags": {"sources": ["cmc", "gfs", "hrrr", "icon", "isd", "madis", "nam", "sref"], "nearest-station": 1.106, "units": "us"}, "offset": -4}