{"latitude": 38.912659, "longitude": -77.017669, "timezone": "America/New_York", "currently": {"time": 1450501200, "summary": "Clear", "icon": "clear-night", "precipIntensity": 0, "precipProbability": 0, "temperature": 33.81, "apparentTemperature": 33.81, "dewPoint": 21.23, "humidity": 0.6, "pressure": 1017.76, "windSpeed": 1.2, "windGust": 3.77, "windBearing": 283, "cloudCover": 0.16, "uvIndex": 0, "visibility": 7.65}, "hourly": {"summary": "Partly cloudy starting in the morning, continuing until afternoon.", "icon": "partly-cloudy-day", "data": [{"time": 1450501200, "summary": "Clear", "icon": "clear-night", "precipIntensity": 0, "precipProbability": 0, "temperature": 33.81, "apparentTemperature": 33.81, "dewPoint": 21.23, "humidity": 0.6, "pressure": 1017.76, "windSpeed": 1.2, "windGust": 3.77, "windBearing": 283, "cloudCover": 0.16, "uvIndex": 0, "visibility": 7.65}, {"time": 1450504800, "summary": "Clear", "icon": "clear-night", "precipIntensity": 0, "precipProbability": 0, "temperature": 33.12, "apparentTemperature": 33.12, "dewPoint": 21.32, "humidity": 0.61, "pressure": 1018.12, "windSpeed": 1.23, "windGust": 3.19, "windBearing": 274, "cloudCover": 0.15, "uvIndex": 0, "visibility": 7.81}, {"time": 1450508400, "summary": "Partly Cloudy", "icon": "partly-cloudy-night", "precipIntensity": 0, "precipProbability": 0, "temperature": 34.25, "apparentTemperature": 29.73, "dewPoint": 20.62, "humidity": 0.57, "pressure": 1019.12, "windSpeed": 4.99, "windGust": 14.98, "windBearing": 280, "cloudCover": 0.59, "uvIndex": 0, "visibility": 7.76}, {"time": 1450512000, "summary": "Partly Cloudy", "icon": "partly-cloudy-night", "precipIntensity": 0, "precipProbability": 0, "temperature": 33.5, "apparentTemperature": 27.68, "dewPoint": 17.01, "humidity": 0.5, "pressure": 1020.55, "windSpeed": 6.45, "windGust": 18.5, "windBearing": 291, "cloudCover": 0.48, "uvIndex": 0, "visibility": 7.95}, {"time": 1450515600, "summary": "Clear", "icon": "clear-night", "precipIntensity": 0, "precipProbability": 0, "temperature": 32.53, "apparentTemperature": 27.49, "dewPoint": 14.61, "humidity": 0.47, "pressure": 1021.34, "windSpeed": 5.24, "windGust": 14.98, "windBearing": 291, "cloudCover": 0.12, "uvIndex": 0, "visibility": 7.9}, {"time": 1450519200, "summary": "Clear", "icon": "clear-night", "precipIntensity": 0, "precipProbability": 0, "temperature": 31.95, "apparentTemperature": 31.95, "dewPoint": 15.07, "humidity": 0.49, "pressure": 1021.69, "windSpeed": 2.67, "windGust": 9.08, "windBearing": 293, "cloudCover": 0, "uvIndex": 0, "visibility": 7.8}, {"time": 1450522800, "summary": "Clear", "icon": "clear-night", "precipIntensity": 0, "precipProbability": 0, "temperature": 31.17, "apparentTemperature": 31.17, "dewPoint": 16.06, "humidity": 0.53, "pressure": 1022.41, "windSpeed": 1.45, "windGust": 5.03, "windBearing": 274, "cloudCover": 0, "uvIndex": 0, "visibility": 8.16}, {"time": 1450526400, "summary": "Clear", "icon": "clear-night", "precipIntensity": 0, "precipProbability": 0, "temperature": 30.18, "apparentTemperature": 30.18, "dewPoint": 16.89, "humidity": 0.57, "pressure": 1022.68, "windSpeed": 0.78, "windGust": 2.5, "windBearing": 262, "cloudCover": 0, "uvIndex": 0, "visibility": 9.4}, {"time": 1450530000, "summary": "Clear", "icon": "clear-day", "precipIntensity": 0, "precipProbability": 0, "temperature": 29.47, "apparentTemperature": 29.47, "dewPoint": 17.76, "humidity": 0.61, "pressure": 1023, "windSpeed": 0.31, "windGust": 1.12, "windBearing": 251, "cloudCover": 0, "uvIndex": 0, "visibility": 9.36}, {"time": 1450533600, "summary": "Clear", "icon": "clear-day", "precipIntensity": 0, "precipProbability": 0, "temperature": 33.19, "apparentTemperature": 33.19, "dewPoint": 18.03, "humidity": 0.53, "pressure": 1023.9, "windSpeed": 1.94, "windGust": 5.85, "windBearing": 233, "cloudCover": 0, "uvIndex": 0, "visibility": 8}, {"time": 1450537200, "summary": "Clear", "icon": "clear-day", "precipIntensity": 0, "precipProbability": 0, "temperature": 36.61, "apparentTemperature": 34.15, "dewPoint": 18.47, "humidity": 0.47, "pressure": 1024.47, "windSpeed": 3.32, "windGust": 10.17, "windBearing": 237, "cloudCover": 0, "uvIndex": 1, "visibility": 8.01}, {"time": 1450540800, "summary": "Partly Cloudy", "icon": "partly-cloudy-day", "precipIntensity": 0, "precipProbability": 0, "temperature": 38.4, "apparentTemperature": 35.45, "dewPoint": 18.94, "humidity": 0.45, "pressure": 1024.7, "windSpeed": 4.02, "windGust": 12.57, "windBearing": 250, "cloudCover": 0.27, "uvIndex": 2, "visibility": 7.44}, {"time": 1450544400, "summary": "Mostly Cloudy", "icon": "partly-cloudy-day", "precipIntensity": 0, "precipProbability": 0, "temperature": 39.39, "apparentTemperature": 36.4, "dewPoint": 19.08, "humidity": 0.44, "pressure": 1024.07, "windSpeed": 4.24, "windGust": 11.87, "windBearing": 266, "cloudCover": 0.76, "uvIndex": 2, "visibility": 8.25}, {"time": 1450548000, "summary": "Mostly Cloudy", "icon": "partly-cloudy-day", "precipIntensity": 0, "precipProbability": 0, "temperature": 41.12, "apparentTemperature": 38.38, "dewPoint": 19.42, "humidity": 0.41, "pressure": 1023.76, "windSpeed": 4.27, "windGust": 12.07, "windBearing": 270, "cloudCover": 0.72, "uvIndex": 2, "visibility": 8.22}, {"time": 1450551600, "summary": "Clear", "icon": "clear-day", "precipIntensity": 0, "precipProbability": 0, "temperature": 42.64, "apparentTemperature": 39.9, "dewPoint": 19.67, "humidity": 0.39, "pressure": 1023.49, "windSpeed": 4.57, "windGust": 12.73, "windBearing": 279, "cloudCover": 0.14, "uvIndex": 1, "visibility": 7.9}, {"time": 1450555200, "summary": "Clear", "icon": "clear-day", "precipIntensity": 0, "precipProbability": 0, "temperature": 43.25, "apparentTemperature": 40.52, "dewPoint": 19.23, "humidity": 0.38, "pressure": 1023.82, "windSpeed": 4.68, "windGust": 12.76, "windBearing": 292, "cloudCover": 0.13, "uvIndex": 1, "visibility": 7.9}, {"time": 1450558800, "summary": "Clear", "icon": "clear-day", "precipIntensity": 0, "precipProbability": 0, "temperature": 42.41, "apparentTemperature": 39.71, "dewPoint": 19.12, "humidity": 0.39, "pressure": 1024.67, "windSpeed": 4.47, "windGust": 11.01, "windBearing": 300, "cloudCover": 0.01, "uvIndex": 0, "visibility": 7.9}, {"time": 1450562400, "summary": "Clear", "icon": "clear-night", "precipIntensity": 0, "precipProbability": 0, "temperature": 40.29, "apparentTemperature": 40.29, "dewPoint": 19.12, "humidity": 0.42, "pressure": 1026.14, "windSpeed": 2.43, "windGust": 7.3, "windBearing": 307, "cloudCover": 0.01, "uvIndex": 0, "visibility": 7.84}, {"time": 1450566000, "summary": "Clear", "icon": "clear-night", "precipIntensity": 0, "precipProbability": 0, "temperature": 38.15, "apparentTemperature": 38.15, "dewPoint": 19.48, "humidity": 0.47, "pressure": 1027.1, "windSpeed": 0.95, "windGust": 3.23, "windBearing": 309, "cloudCover": 0, "uvIndex": 0, "visibility": 8.75}, {"time": 1450569600, "summary": "Clear", "icon": "clear-night", "precipIntensity": 0, "precipProbability": 0, "temperature": 36.49, "apparentTemperature": 36.49, "dewPoint": 19.37, "humidity": 0.49, "pressure": 1028.07, "windSpeed": 0.52, "windGust": 1.6, "windBearing": 312, "cloudCover": 0, "uvIndex": 0, "visibility": 8.14}, {"time": 1450573200, "summary": "Clear", "icon": "clear-night", "precipIntensity": 0, "precipProbability": 0, "temperature": 34.49, "apparentTemperature": 34.49, "dewPoint": 19.74, "humidity": 0.54, "pressure": 1028.65, "windSpeed": 0.24, "windGust": 1.08, "windBearing": 289, "cloudCover": 0, "uvIndex": 0, "visibility": 8.36}, {"time": 1450576800, "summary": "Clear", "icon": "clear-night", "precipIntensity": 0, "precipProbability": 0, "temperature": 32.61, "apparentTemperature": 32.61, "dewPoint": 20.03, "humidity": 0.59, "pressure": 1029.39, "windSpeed": 0.12, "windGust": 0.69, "windBearing": 271, "cloudCover": 0, "uvIndex": 0, "visibility": 10}, {"time": 1450580400, "summary": "Clear", "icon": "clear-night", "precipIntensity": 0, "precipProbability": 0, "temperature": 31.55, "apparentTemperature": 31.55, "dewPoint": 20.35, "humidity": 0.63, "pressure": 1029.77, "windSpeed": 0.12, "windGust": 0.66, "windBearing": 295, "cloudCover": 0, "uvIndex": 0, "visibility": 9.25}, {"time": 1450584000, "summary": "Clear", "icon": "clear-night", "precipIntensity": 0, "precipProbability": 0, "temperature": 30.98, "apparentTemperature": 30.98, "dewPoint": 20.43, "humidity": 0.64, "pressure": 1030.15, "windSpeed": 0.07, "windGust": 0.68, "windBearing": 276, "cloudCover": 0, "uvIndex": 0, "visibility": 9.26}]}, "daily": {"data": [{"time": 1450501200, "summary": "Partly cloudy until afternoon.", "icon": "partly-cloudy-day", "sunriseTime": 1450527801, "sunsetTime": 1450561776, "moonPhase": 0.29, "precipIntensity": 0, "precipIntensityMax": 0, "precipProbability": 0, "temperatureHigh": 43.25, "temperatureHighTime": 1450555200, "temperatureLow": 27.97, "temperatureLowTime": 1450616400, "apparentTemperatureHigh": 40.52, "apparentTemperatureHighTime": 1450555200, "apparentTemperatureLow": 27.97, "apparentTemperatureLowTime": 1450616400, "dewPoint": 18.79, "humidity": 0.51, "pressure": 1024.12, "windSpeed": 2.37, "windGust": 18.5, "windGustTime": 1450512000, "windBearing": 279, "cloudCover": 0.15, "uvIndex": 2, "uvIndexTime": 1450540800, "visibility": 8.29, "temperatureMin": 29.47, "temperatureMinTime": 1450530000, "temperatureMax": 43.25, "temperatureMaxTime": 1450555200, "apparentTemperatureMin": 27.49, "apparentTemperatureMinTime": 1450515600, "apparentTemperatureMax": 40.52, "apparentTemperatureMaxTime": 1450555200}]}, "flags": {"sources": ["cmc", "gfs", "hrrr", "icon", "isd", "madis", "nam", "sref"], "nearest-station": 1.106, "units": "us"}, "offset": -5}