{"latitude": 38.912659, "longitude": -77.017669, "timezone": "America/New_York", "currently": {"time": 1458014400, "summary": "Overcast", "icon": "cloudy", "precipIntensity": 0, "precipProbability": 0, "temperature": 46.55, "apparentTemperature": 46.55, "dewPoint": 44.31, "humidity": 0.92, "pressure": 1011.76, "windSpeed": 0.88, "windGust": 3.85, "windBearing": 60, "cloudCover": 1, "uvIndex": 0, "visibility": 5.93}, "hourly": {"summary": "Overcast until evening.", "icon": "cloudy", "data": [{"time": 1458014400, "summary": "Overcast", "icon": "cloudy", "precipIntensity": 0, "precipProbability": 0, "temperature": 46.55, "apparentTemperature": 46.55, "dewPoint": 44.31, "humidity": 0.92, "pressure": 1011.76, "windSpeed": 0.88, "windGust": 3.85, "windBearing": 60, "cloudCover": 1, "uvIndex": 0, "visibility": 5.93}, {"time": 1458018000, "summary": "Overcast", "icon": "cloudy", "precipIntensity": 0, "precipProbability": 0, "temperature": 46.51, "apparentTemperature": 46.51, "dewPoint": 44.2, "humidity": 0.92, "pressure": 1011.5, "windSpeed": 0.5, "windGust": 1.47, "windBearing": 16, "cloudCover": 1, "uvIndex": 0, "visibility": 5.11}, {"time": 1458021600, "summary": "Overcast", "icon": "cloudy", "precipIntensity": 0.0007, "precipProbability": 0.14, "precipType": "rain", "temperature": 46.42, "apparentTemperature": 46.42, "dewPoint": 44.19, "humidity": 0.92, "pressure": 1011.6, "windSpeed": 0.15, "windGust": 1.76, "windBearing": 23, "cloudCover": 1, "uvIndex": 0, "visibility": 5.26}, {"time": 1458025200, "summary": "Overcast", "icon": "cloudy", "precipIntensity": 0.0016, "precipProbability": 0.32, "precipType": "rain", "temperature": 46.01, "apparentTemperature": 46.01, "dewPoint": 43.95, "humidity": 0.92, "pressure": 1009.97, "windSpeed": 0.92, "windGust": 3.49, "windBearing": 39, "cloudCover": 1, "uvIndex": 0, "visibility": 5.86}, {"time": 1458028800, "summary": "Overcast", "icon": "cloudy", "precipIntensity": 0.0004, "precipProbability": 0.15, "precipType": "rain", "temperature": 45.61, "apparentTemperature": 45.61, "dewPoint": 43.48, "humidity": 0.92, "pressure": 1009.14, "windSpeed": 0.85, "windGust": 3.29, "windBearing": 41, "cloudCover": 1, "uvIndex": 0, "visibility": 6.84}, {"time": 1458032400, "summary": "Overcast", "icon": "cloudy", "precipIntensity": 0, "precipProbability": 0, "temperature": 45.52, "apparentTemperature": 45.52, "dewPoint": 43.24, "humidity": 0.92, "pressure": 1009.28, "windSpeed": 0.48, "windGust": 1.93, "windBearing": 40, "cloudCover": 1, "uvIndex": 0, "visibility": 7.01}, {"time": 1458036000, "summary": "Overcast", "icon": "cloudy", "precipIntensity": 0, "precipProbability": 0, "temperature": 45.56, "apparentTemperature": 45.56, "dewPoint": 43.3, "humidity": 0.92, "pressure": 1009.83, "windSpeed": 0.3, "windGust": 1.46, "windBearing": 19, "cloudCover": 1, "uvIndex": 0, "visibility": 6.81}, {"time": 1458039600, "summary": "Overcast", "icon": "cloudy", "precipIntensity": 0.0006, "precipProbability": 0.21, "precipType": "rain", "temperature": 45.54, "apparentTemperature": 45.54, "dewPoint": 43.35, "humidity": 0.92, "pressure": 1009.71, "windSpeed": 0.41, "windGust": 1.44, "windBearing": 4, "cloudCover": 1, "uvIndex": 0, "visibility": 5.51}, {"time": 1458043200, "summary": "Overcast", "icon": "cloudy", "precipIntensity": 0.0035, "precipProbability": 0.49, "precipType": "rain", "temperature": 45.48, "apparentTemperature": 45.48, "dewPoint": 43.35, "humidity": 0.92, "pressure": 1009.64, "windSpeed": 0.63, "windGust": 1.47, "windBearing": 352, "cloudCover": 0.99, "uvIndex": 0, "visibility": 3.6}, {"time": 1458046800, "summary": "Mostly Cloudy", "icon": "partly-cloudy-day", "precipIntensity": 0.0005, "precipProbability": 0.22, "precipType": "rain", "temperature": 46, "apparentTemperature": 46, "dewPoint": 43.83, "humidity": 0.92, "pressure": 1010.03, "windSpeed": 0.58, "windGust": 2.38, "windBearing": 330, "cloudCover": 0.91, "uvIndex": 1, "visibility": 5.02}, {"time": 1458050400, "summary": "Overcast", "icon": "cloudy", "precipIntensity": 0, "precipProbability": 0, "temperature": 47.23, "apparentTemperature": 47.23, "dewPoint": 44.62, "humidity": 0.91, "pressure": 1010.88, "windSpeed": 0.59, "windGust": 2.63, "windBearing": 325, "cloudCover": 0.97, "uvIndex": 2, "visibility": 6.82}, {"time": 1458054000, "summary": "Overcast", "icon": "cloudy", "precipIntensity": 0, "precipProbability": 0, "temperature": 48.88, "apparentTemperature": 48.88, "dewPoint": 45.39, "humidity": 0.88, "pressure": 1011.19, "windSpeed": 0.37, "windGust": 2.08, "windBearing": 319, "cloudCover": 1, "uvIndex": 3, "visibility": 6.81}, {"time": 1458057600, "summary": "Overcast", "icon": "cloudy", "precipIntensity": 0, "precipProbability": 0, "temperature": 50.48, "apparentTemperature": 50.48, "dewPoint": 46.06, "humidity": 0.85, "pressure": 1011.15, "windSpeed": 0.44, "windGust": 2.55, "windBearing": 296, "cloudCover": 1, "uvIndex": 3, "visibility": 7.18}, {"time": 1458061200, "summary": "Overcast", "icon": "cloudy", "precipIntensity": 0, "precipProbability": 0, "temperature": 52.45, "apparentTemperature": 52.45, "dewPoint": 46.98, "humidity": 0.82, "pressure": 1011.28, "windSpeed": 0.89, "windGust": 3.83, "windBearing": 288, "cloudCover": 1, "uvIndex": 4, "visibility": 9.03}, {"time": 1458064800, "summary": "Overcast", "icon": "cloudy", "precipIntensity": 0, "precipProbability": 0, "temperature": 55.01, "apparentTemperature": 55.01, "dewPoint": 48.07, "humidity": 0.77, "pressure": 1010.5, "windSpeed": 1.42, "windGust": 5.24, "windBearing": 300, "cloudCover": 0.94, "uvIndex": 4, "visibility": 8.89}, {"time": 1458068400, "summary": "Mostly Cloudy", "icon": "partly-cloudy-day", "precipIntensity": 0, "precipProbability": 0, "temperature": 58.23, "apparentTemperature": 58.23, "dewPoint": 49.47, "humidity": 0.73, "pressure": 1009.86, "windSpeed": 1.47, "windGust": 5.64, "windBearing": 316, "cloudCover": 0.93, "uvIndex": 3, "visibility": 7.79}, {"time": 1458072000, "summary": "Mostly Cloudy", "icon": "partly-cloudy-day", "precipIntensity": 0, "precipProbability": 0, "temperature": 60.46, "apparentTemperature": 60.46, "dewPoint": 50.67, "humidity": 0.7, "pressure": 1009.73, "windSpeed": 2.53, "windGust": 7.03, "windBearing": 299, "cloudCover": 0.88, "uvIndex": 2, "visibility": 8.02}, {"time": 1458075600, "summary": "Mostly Cloudy", "icon": "partly-cloudy-day", "precipIntensity": 0, "precipProbability": 0, "temperature": 61.28, "apparentTemperature": 61.28, "dewPoint": 51.37, "humidity": 0.7, "pressure": 1009.62, "windSpeed": 2.26, "windGust": 6.66, "windBearing": 301, "cloudCover": 0.81, "uvIndex": 1, "visibility": 8.12}, {"time": 1458079200, "summary": "Mostly Cloudy", "icon": "partly-cloudy-day", "precipIntensity": 0, "precipProbability": 0, "temperature": 61.77, "apparentTemperature": 61.77, "dewPoint": 51.76, "humidity": 0.7, "pressure": 1009.95, "windSpeed": 0.9, "windGust": 4.54, "windBearing": 320, "cloudCover": 0.7, "uvIndex": 0, "visibility": 7.65}, {"time": 1458082800, "summary": "Clear", "icon": "clear-day", "precipIntensity": 0, "precipProbability": 0, "temperature": 60.64, "apparentTemperature": 60.64, "dewPoint": 51.55, "humidity": 0.72, "pressure": 1010.02, "windSpeed": 0.36, "windGust": 1.71, "windBearing": 335, "cloudCover": 0.12, "uvIndex": 0, "visibility": 8.57}, {"time": 1458086400, "summary": "Clear", "icon": "clear-night", "precipIntensity": 0, "precipProbability": 0, "temperature": 57.01, "apparentTemperature": 57.01, "dewPoint": 50.28, "humidity": 0.78, "pressure": 1010.57, "windSpeed": 0, "windGust": 0.27, "cloudCover": 0.08, "uvIndex": 0, "visibility": 9.2}, {"time": 1458090000, "summary": "Clear", "icon": "clear-night", "precipIntensity": 0, "precipProbability": 0, "temperature": 53.92, "apparentTemperature": 53.92, "dewPoint": 48.98, "humidity": 0.83, "pressure": 1011.16, "windSpeed": 0, "windGust": 0.07, "cloudCover": 0, "uvIndex": 0, "visibility": 9.06}, {"time": 1458093600, "summary": "Clear", "icon": "clear-night", "precipIntensity": 0, "precipProbability": 0, "temperature": 51.85, "apparentTemperature": 51.85, "dewPoint": 48.08, "humidity": 0.87, "pressure": 1011.41, "windSpeed": 0, "windGust": 0.01, "cloudCover": 0, "uvIndex": 0, "visibility": 9.67}, {"time": 1458097200, "summary": "Clear", "icon": "clear-night", "precipIntensity": 0, "precipProbability": 0, "temperature": 50.26, "apparentTemperature": 50.26, "dewPoint": 47.09, "humidity": 0.89, "pressure": 1011.41, "windSpeed": 0, "windGust": 0.02, "cloudCover": 0.01, "uvIndex": 0, "visibility": 8.78}]}, "daily": {"data": [{"time": 1458014400, "summary": "Overcast until evening.", "icon": "cloudy", "sunriseTime": 1458040775, "sunsetTime": 1458083796, "moonPhase": 0.25, "precipIntensity": 0.0003, "precipIntensityMax": 0.0035, "precipIntensityMaxTime": 1458043200, "precipProbability": 0.49, "precipType": "rain", "temperatureHigh": 61.77, "temperatureHighTime": 1458079200, "temperatureLow": 44.84, "temperatureLowTime": 1458122400, "apparentTemperatureHigh": 61.77, "apparentTemperatureHighTime": 1458079200, "apparentTemperatureLow": 44.84, "apparentTemperatureLowTime": 1458122400, "dewPoint": 46.57, "humidity": 0.85, "pressure": 1010.47, "windSpeed": 0.54, "windGust": 7.03, "windGustTime": 1458072000, "windBearing": 328, "cloudCover": 0.76, "uvIndex": 4, "uvIndexTime": 1458061200, "visibility": 7.19, "temperatureMin": 45.48, "temperatureMinTime": 1458043200, "temperatureMax": 61.77, "temperatureMaxTime": 1458079200, "apparentTemperatureMin": 45.48, "apparentTemperatureMinTime": 1458043200, "apparentTemperatureMax": 61.77, "apparentTemperatureMaxTime": 1458079200}]}, "flags": {"sources": ["cmc", "gfs", "hrrr", "icon", "isd", "madis", "nam", "sref"], "nearest-station": 1.106, "units": "us"}, "offset": -4}