{"latitude": 38.912659, "longitude": -77.017669, "timezone": "America/New_York", "currently": {"time": 1430712000, "summary": "Clear", "icon": "clear-night", "precipIntensity": 0, "precipProbability": 0, "temperature": 60.66, "apparentTemperature": 60.66, "dewPoint": 47.95, "humidity": 0.63, "pressure": 1020.95, "windSpeed": 0.07, "windGust": 0.26, "windBearing": 183, "cloudCover": 0, "uvIndex": 0, "visibility": 9.22}, "hourly": {"summary": "Partly cloudy in the morning.", "icon": "partly-cloudy-night", "data": [{"time": 1430712000, "summary": "Clear", "icon": "clear-night", "precipIntensity": 0, "precipProbability": 0, "temperature": 60.66, "apparentTemperature": 60.66, "dewPoint": 47.95, "humidity": 0.63, "pressure": 1020.95, "windSpeed": 0.07, "windGust": 0.26, "windBearing": 183, "cloudCover": 0, "uvIndex": 0, "visibility": 9.22}, {"time": 1430715600, "summary": "Clear", "icon": "clear-night", "precipIntensity": 0, "precipProbability": 0, "temperature": 59.67, "apparentTemperature": 59.67, "dewPoint": 47.94, "humidity": 0.65, "pressure": 1021.23, "windSpeed": 0.16, "windGust": 0.29, "windBearing": 187, "cloudCover": 0, "uvIndex": 0, "visibility": 8.66}, {"time": 1430719200, "summary": "Clear", "icon": "clear-night", "precipIntensity": 0, "precipProbability": 0, "temperature": 57.74, "apparentTemperature": 57.74, "dewPoint": 47.79, "humidity": 0.69, "pressure": 1021.35, "windSpeed": 0.01, "windGust": 0.1, "windBearing": 180, "cloudCover": 0.13, "uvIndex": 0, "visibility": 8.21}, {"time": 1430722800, "summary": "Clear", "icon": "clear-night", "precipIntensity": 0, "precipProbability": 0, "temperature": 56.1, "apparentTemperature": 56.1, "dewPoint": 47.86, "humidity": 0.74, "pressure": 1021.33, "windSpeed": 0.02, "windGust": 0.06, "windBearing": 180, "cloudCover": 0.17, "uvIndex": 0, "visibility": 6.94}, {"time": 1430726400, "summary": "Clear", "icon": "clear-night", "precipIntensity": 0, "precipProbability": 0, "temperature": 55.05, "apparentTemperature": 55.05, "dewPoint": 47.81, "humidity": 0.77, "pressure": 1021.7, "windSpeed": 0.02, "windGust": 0.07, "windBearing": 180, "cloudCover": 0.14, "uvIndex": 0, "visibility": 7.36}, {"time": 1430730000, "summary": "Mostly Cloudy", "icon": "partly-cloudy-night", "precipIntensity": 0, "precipProbability": 0, "temperature": 54.08, "apparentTemperature": 54.08, "dewPoint": 47.27, "humidity": 0.78, "pressure": 1022.01, "windSpeed": 0.08, "windGust": 0.17, "windBearing": 180, "cloudCover": 0.68, "uvIndex": 0, "visibility": 6.81}, {"time": 1430733600, "summary": "Partly Cloudy", "icon": "partly-cloudy-night", "precipIntensity": 0, "precipProbability": 0, "temperature": 53.64, "apparentTemperature": 53.64, "dewPoint": 47.05, "humidity": 0.78, "pressure": 1022.45, "windSpeed": 0.02, "windGust": 0.08, "windBearing": 180, "cloudCover": 0.35, "uvIndex": 0, "visibility": 7.9}, {"time": 1430737200, "summary": "Partly Cloudy", "icon": "partly-cloudy-day", "precipIntensity": 0, "precipProbability": 0, "temperature": 54.1, "apparentTemperature": 54.1, "dewPoint": 47.7, "humidity": 0.79, "pressure": 1022.97, "windSpeed": 0.06, "windGust": 0.09, "windBearing": 180, "cloudCover": 0.27, "uvIndex": 0, "visibility": 6.95}, {"time": 1430740800, "summary": "Clear", "icon": "clear-day", "precipIntensity": 0, "precipProbability": 0, "temperature": 60.4, "apparentTemperature": 60.4, "dewPoint": 50.37, "humidity": 0.7, "pressure": 1023.51, "windSpeed": 0.26, "windGust": 0.77, "windBearing": 208, "cloudCover": 0.05, "uvIndex": 1, "visibility": 8.56}, {"time": 1430744400, "summary": "Clear", "icon": "clear-day", "precipIntensity": 0, "precipProbability": 0, "temperature": 66.39, "apparentTemperature": 66.39, "dewPoint": 51.12, "humidity": 0.58, "pressure": 1023.84, "windSpeed": 0.44, "windGust": 2.48, "windBearing": 215, "cloudCover": 0.06, "uvIndex": 3, "visibility": 10}, {"time": 1430748000, "summary": "Clear", "icon": "clear-day", "precipIntensity": 0, "precipProbability": 0, "temperature": 72.77, "apparentTemperature": 72.77, "dewPoint": 51.87, "humidity": 0.48, "pressure": 1024.1, "windSpeed": 0.98, "windGust": 3.25, "windBearing": 207, "cloudCover": 0.05, "uvIndex": 5, "visibility": 8.14}, {"time": 1430751600, "summary": "Clear", "icon": "clear-day", "precipIntensity": 0, "precipProbability": 0, "temperature": 77.88, "apparentTemperature": 77.88, "dewPoint": 52.32, "humidity": 0.41, "pressure": 1023.91, "windSpeed": 1.78, "windGust": 5.99, "windBearing": 201, "cloudCover": 0.01, "uvIndex": 7, "visibility": 7.66}, {"time": 1430755200, "summary": "Clear", "icon": "clear-day", "precipIntensity": 0, "precipProbability": 0, "temperature": 81.5, "apparentTemperature": 81.5, "dewPoint": 51.41, "humidity": 0.35, "pressure": 1023.66, "windSpeed": 3.09, "windGust": 9.49, "windBearing": 201, "cloudCover": 0.07, "uvIndex": 9, "visibility": 7.64}, {"time": 1430758800, "summary": "Clear", "icon": "clear-day", "precipIntensity": 0, "precipProbability": 0, "temperature": 83, "apparentTemperature": 83, "dewPoint": 47.63, "humidity": 0.29, "pressure": 1023.21, "windSpeed": 3.39, "windGust": 11.43, "windBearing": 200, "cloudCover": 0.07, "uvIndex": 9, "visibility": 7.47}, {"time": 1430762400, "summary": "Clear", "icon": "clear-day", "precipIntensity": 0, "precipProbability": 0, "temperature": 83.67, "apparentTemperature": 83.67, "dewPoint": 47.25, "humidity": 0.28, "pressure": 1022.59, "windSpeed": 3.72, "windGust": 11.84, "windBearing": 202, "cloudCover": 0.05, "uvIndex": 9, "visibility": 7.69}, {"time": 1430766000, "summary": "Clear", "icon": "clear-day", "precipIntensity": 0, "precipProbability": 0, "temperature": 84.18, "apparentTemperature": 84.18, "dewPoint": 47.93, "humidity": 0.28, "pressure": 1022.13, "windSpeed": 3.21, "windGust": 11.32, "windBearing": 196, "cloudCover": 0.07, "uvIndex": 7, "visibility": 7.05}, {"time": 1430769600, "summary": "Clear", "icon": "clear-day", "precipIntensity": 0, "precipProbability": 0, "temperature": 84.47, "apparentTemperature": 84.47, "dewPoint": 48.26, "humidity": 0.29, "pressure": 1021.45, "windSpeed": 3.47, "windGust": 10.92, "windBearing": 194, "cloudCover": 0.1, "uvIndex": 5, "visibility": 7.86}, {"time": 1430773200, "summary": "Clear", "icon": "clear-day", "precipIntensity": 0, "precipProbability": 0, "temperature": 84.3, "apparentTemperature": 84.3, "dewPoint": 48.53, "humidity": 0.29, "pressure": 1021.16, "windSpeed": 2.88, "windGust": 10.51, "windBearing": 185, "cloudCover": 0.05, "uvIndex": 3, "visibility": 7.69}, {"time": 1430776800, "summary": "Clear", "icon": "clear-day", "precipIntensity": 0, "precipProbability": 0, "temperature": 83.03, "apparentTemperature": 83.03, "dewPoint": 49.46, "humidity": 0.31, "pressure": 1020.79, "windSpeed": 4.02, "windGust": 10.71, "windBearing": 188, "cloudCover": 0.12, "uvIndex": 1, "visibility": 6.8}, {"time": 1430780400, "summary": "Clear", "icon": "clear-day", "precipIntensity": 0, "precipProbability": 0, "temperature": 81.31, "apparentTemperature": 81.31, "dewPoint": 50.51, "humidity": 0.34, "pressure": 1020.96, "windSpeed": 2.74, "windGust": 8.23, "windBearing": 177, "cloudCover": 0.01, "uvIndex": 0, "visibility": 7.41}, {"time": 1430784000, "summary": "Clear", "icon": "clear-night", "precipIntensity": 0, "precipProbability": 0, "temperature": 78.08, "apparentTemperature": 78.08, "dewPoint": 51.98, "humidity": 0.4, "pressure": 1021.2, "windSpeed": 1.02, "windGust": 3.79, "windBearing": 174, "cloudCover": 0.12, "uvIndex": 0, "visibility": 8.54}, {"time": 1430787600, "summary": "Clear", "icon": "clear-night", "precipIntensity": 0, "precipProbability": 0, "temperature": 74.46, "apparentTemperature": 74.46, "dewPoint": 52.69, "humidity": 0.47, "pressure": 1021.34, "windSpeed": 0.89, "windGust": 2.55, "windBearing": 172, "cloudCover": 0.14, "uvIndex": 0, "visibility": 9.42}, {"time": 1430791200, "summary": "Clear", "icon": "clear-night", "precipIntensity": 0, "precipProbability": 0, "temperature": 72.16, "apparentTemperature": 72.16, "dewPoint": 53.12, "humidity": 0.51, "pressure": 1021.92, "windSpeed": 0.66, "windGust": 2.11, "windBearing": 177, "cloudCover": 0.16, "uvIndex": 0, "visibility": 9.22}, {"time": 1430794800, "summary": "Clear", "icon": "clear-night", "precipIntensity": 0, "precipProbability": 0, "temperature": 70.88, "apparentTemperature": 70.88, "dewPoint": 53.67, "humidity": 0.55, "pressure": 1022.15, "windSpeed": 1.09, "windGust": 2.61, "windBearing": 182, "cloudCover": 0.07, "uvIndex": 0, "visibility": 8.42}]}, "daily": {"data": [{"time": 1430712000, "summary": "Partly cloudy in the morning.", "icon": "partly-cloudy-night", "sunriseTime": 1430734078, "sunsetTime": 1430784254, "moonPhase": 0.52, "precipIntensity": 0, "precipIntensityMax": 0, "precipProbability": 0, "temperatureHigh": 84.47, "temperatureHighTime": 1430769600, "temperatureLow": 62.54, "temperatureLowTime": 1430823600, "apparentTemperatureHigh": 84.47, "apparentTemperatureHighTime": 1430769600, "apparentTemperatureLow": 62.54, "apparentTemperatureLowTime": 1430823600, "dewPoint": 49.56, "humidity": 0.51, "pressure": 1022.16, "windSpeed": 1.4, "windGust": 11.84, "windGustTime": 1430762400, "windBearing": 193, "cloudCover": 0.12, "uvIndex": 9, "uvIndexTime": 1430755200, "visibility": 7.98, "temperatureMin": 53.64, "temperatureMinTime": 1430733600, "temperatureMax": 84.47, "temperatureMaxTime": 1430769600, "apparentTemperatureMin": 53.64, "apparentTemperatureMinTime": 1430733600, "apparentTemperatureMax": 84.47, "apparentTemperatureMaxTime": 1430769600}]}, "flags": {"sources": ["cmc", "gfs", "hrrr", "icon", "isd", "madis", "nam", "sref"], "nearest-station": 0.675, "units": "us"}, "offset": -4}