{"latitude": 38.912659, "longitude": -77.017669, "timezone": "America/New_York", "currently": {"time": 1433131200, "summary": "Mostly Cloudy", "icon": "partly-cloudy-night", "precipIntensity": 0, "precipProbability": 0, "temperature": 76.36, "apparentTemperature": 77.27, "dewPoint": 68.22, "humidity": 0.76, "pressure": 1015.86, "windSpeed": 1.29, "windGust": 3.71, "windBearing": 169, "cloudCover": 0.66, "uvIndex": 0, "visibility": 7.3}, "hourly": {"summary": "Rain starting in the evening, continuing until night.", "icon": "rain", "data": [{"time": 1433131200, "summary": "Mostly Cloudy", "icon": "partly-cloudy-night", "precipIntensity": 0, "precipProbability": 0, "temperature": 76.36, "apparentTemperature": 77.27, "dewPoint": 68.22, "humidity": 0.76, "pressure": 1015.86, "windSpeed": 1.29, "windGust": 3.71, "windBearing": 169, "cloudCover": 0.66, "uvIndex": 0, "visibility": 7.3}, {"time": 1433134800, "summary": "Mostly Cloudy", "icon": "partly-cloudy-night", "precipIntensity": 0.0003, "precipProbability": 0.04, "precipType": "rain", "temperature": 75.54, "apparentTemperature": 76.48, "dewPoint": 68.39, "humidity": 0.79, "pressure": 1015.89, "windSpeed": 0.86, "windGust": 3.46, "windBearing": 165, "cloudCover": 0.69, "uvIndex": 0, "visibility": 8.29}, {"time": 1433138400, "summary": "Mostly Cloudy", "icon": "partly-cloudy-night", "precipIntensity": 0.0042, "precipProbability": 0.17, "precipType": "rain", "temperature": 74.5, "apparentTemperature": 75.45, "dewPoint": 68.26, "humidity": 0.81, "pressure": 1015.54, "windSpeed": 0.85, "windGust": 2.74, "windBearing": 191, "cloudCover": 0.76, "uvIndex": 0, "visibility": 5.96}, {"time": 1433142000, "summary": "Mostly Cloudy", "icon": "partly-cloudy-night", "precipIntensity": 0.0067, "precipProbability": 0.41, "precipType": "rain", "temperature": 73.54, "apparentTemperature": 74.48, "dewPoint": 67.97, "humidity": 0.83, "pressure": 1015.82, "windSpeed": 0.73, "windGust": 2.39, "windBearing": 206, "cloudCover": 0.75, "uvIndex": 0, "visibility": 7.55}, {"time": 1433145600, "summary": "Mostly Cloudy", "icon": "partly-cloudy-night", "precipIntensity": 0.0022, "precipProbability": 0.23, "precipType": "rain", "temperature": 72.74, "apparentTemperature": 73.67, "dewPoint": 67.67, "humidity": 0.84, "pressure": 1015.45, "windSpeed": 0.35, "windGust": 1, "windBearing": 195, "cloudCover": 0.62, "uvIndex": 0, "visibility": 7.53}, {"time": 1433149200, "summary": "Mostly Cloudy", "icon": "partly-cloudy-night", "precipIntensity": 0.0002, "precipProbability": 0.08, "precipType": "rain", "temperature": 72.12, "apparentTemperature": 73.05, "dewPoint": 67.52, "humidity": 0.86, "pressure": 1015.56, "windSpeed": 0.19, "windGust": 0.52, "windBearing": 191, "cloudCover": 0.78, "uvIndex": 0, "visibility": 7.87}, {"time": 1433152800, "summary": "Mostly Cloudy", "icon": "partly-cloudy-day", "precipIntensity": 0, "precipProbability": 0, "temperature": 71.43, "apparentTemperature": 72.38, "dewPoint": 67.47, "humidity": 0.87, "pressure": 1016.12, "windSpeed": 0.16, "windGust": 0.5, "windBearing": 198, "cloudCover": 0.65, "uvIndex": 0, "visibility": 8.45}, {"time": 1433156400, "summary": "Partly Cloudy", "icon": "partly-cloudy-day", "precipIntensity": 0.0003, "precipProbability": 0.06, "precipType": "rain", "temperature": 71.54, "apparentTemperature": 72.52, "dewPoint": 67.75, "humidity": 0.88, "pressure": 1016.36, "windSpeed": 0.09, "windGust": 0.64, "windBearing": 192, "cloudCover": 0.59, "uvIndex": 0, "visibility": 7.89}, {"time": 1433160000, "summary": "Partly Cloudy", "icon": "partly-cloudy-day", "precipIntensity": 0, "precipProbability": 0, "temperature": 72.96, "apparentTemperature": 74, "dewPoint": 68.51, "humidity": 0.86, "pressure": 1016.8, "windSpeed": 0.43, "windGust": 1.85, "windBearing": 204, "cloudCover": 0.34, "uvIndex": 1, "visibility": 9.01}, {"time": 1433163600, "summary": "Partly Cloudy", "icon": "partly-cloudy-day", "precipIntensity": 0, "precipProbability": 0, "temperature": 75.16, "apparentTemperature": 76.22, "dewPoint": 69.2, "humidity": 0.82, "pressure": 1016.85, "windSpeed": 0.9, "windGust": 3.22, "windBearing": 216, "cloudCover": 0.34, "uvIndex": 3, "visibility": 9.42}, {"time": 1433167200, "summary": "Partly Cloudy", "icon": "partly-cloudy-day", "precipIntensity": 0, "precipProbability": 0, "temperature": 78.07, "apparentTemperature": 79.14, "dewPoint": 69.87, "humidity": 0.76, "pressure": 1016.59, "windSpeed": 1.05, "windGust": 3.3, "windBearing": 221, "cloudCover": 0.3, "uvIndex": 5, "visibility": 8.58}, {"time": 1433170800, "summary": "Clear", "icon": "clear-day", "precipIntensity": 0, "precipProbability": 0, "temperature": 81.5, "apparentTemperature": 85.02, "dewPoint": 69.64, "humidity": 0.67, "pressure": 1016.34, "windSpeed": 0.43, "windGust": 3.13, "windBearing": 206, "cloudCover": 0.16, "uvIndex": 7, "visibility": 8.24}, {"time": 1433174400, "summary": "Clear", "icon": "clear-day", "precipIntensity": 0, "precipProbability": 0, "temperature": 83.8, "apparentTemperature": 87.53, "dewPoint": 69.02, "humidity": 0.61, "pressure": 1016.13, "windSpeed": 0.37, "windGust": 3.71, "windBearing": 198, "cloudCover": 0.21, "uvIndex": 9, "visibility": 7.87}, {"time": 1433178000, "summary": "Partly Cloudy", "icon": "partly-cloudy-day", "precipIntensity": 0, "precipProbability": 0, "temperature": 85.67, "apparentTemperature": 89.64, "dewPoint": 68.9, "humidity": 0.57, "pressure": 1015.98, "windSpeed": 0.67, "windGust": 4.28, "windBearing": 161, "cloudCover": 0.36, "uvIndex": 8, "visibility": 7.89}, {"time": 1433181600, "summary": "Partly Cloudy", "icon": "partly-cloudy-day", "precipIntensity": 0, "precipProbability": 0, "temperature": 86.39, "apparentTemperature": 90.61, "dewPoint": 69.11, "humidity": 0.57, "pressure": 1015.02, "windSpeed": 1.04, "windGust": 4.95, "windBearing": 172, "cloudCover": 0.33, "uvIndex": 8, "visibility": 7.49}, {"time": 1433185200, "summary": "Partly Cloudy", "icon": "partly-cloudy-day", "precipIntensity": 0, "precipProbability": 0, "temperature": 86.03, "apparentTemperature": 90.27, "dewPoint": 69.24, "humidity": 0.57, "pressure": 1014.15, "windSpeed": 1.23, "windGust": 4.73, "windBearing": 174, "cloudCover": 0.28, "uvIndex": 7, "visibility": 7.58}, {"time": 1433188800, "summary": "Partly Cloudy", "icon": "partly-cloudy-day", "precipIntensity": 0.0007, "precipProbability": 0.14, "precipType": "rain", "temperature": 84.84, "apparentTemperature": 89.5, "dewPoint": 70.21, "humidity": 0.62, "pressure": 1013.46, "windSpeed": 0.73, "windGust": 5.49, "windBearing": 215, "cloudCover": 0.51, "uvIndex": 5, "visibility": 9.85}, {"time": 1433192400, "summary": "Mostly Cloudy", "icon": "partly-cloudy-day", "precipIntensity": 0.0054, "precipProbability": 0.34, "precipType": "rain", "temperature": 80.79, "apparentTemperature": 84.44, "dewPoint": 70.52, "humidity": 0.71, "pressure": 1013.5, "windSpeed": 0.35, "windGust": 4.03, "windBearing": 67, "cloudCover": 0.73, "uvIndex": 3, "visibility": 8.77}, {"time": 1433196000, "summary": "Mostly Cloudy", "icon": "partly-cloudy-day", "precipIntensity": 0.0096, "precipProbability": 0.37, "precipType": "rain", "temperature": 78, "apparentTemperature": 79.09, "dewPoint": 69.94, "humidity": 0.76, "pressure": 1013.29, "windSpeed": 0.66, "windGust": 3.43, "windBearing": 90, "cloudCover": 0.68, "uvIndex": 1, "visibility": 9.98}, {"time": 1433199600, "summary": "Light Rain", "icon": "rain", "precipIntensity": 0.0341, "precipProbability": 0.67, "precipType": "rain", "temperature": 73.93, "apparentTemperature": 74.98, "dewPoint": 68.81, "humidity": 0.84, "pressure": 1014.19, "windSpeed": 0.58, "windGust": 6.26, "windBearing": 136, "cloudCover": 0.79, "uvIndex": 0, "visibility": 4.96}, {"time": 1433203200, "summary": "Rain", "icon": "rain", "precipIntensity": 0.0976, "precipProbability": 0.71, "precipType": "rain", "temperature": 71.28, "apparentTemperature": 72.2, "dewPoint": 67.23, "humidity": 0.87, "pressure": 1015.1, "windSpeed": 0.72, "windGust": 3.21, "windBearing": 11, "cloudCover": 0.89, "uvIndex": 0, "visibility": 7.31}, {"time": 1433206800, "summary": "Rain", "icon": "rain", "precipIntensity": 0.102, "precipProbability": 0.71, "precipType": "rain", "temperature": 69.81, "apparentTemperature": 70.71, "dewPoint": 66.65, "humidity": 0.9, "pressure": 1015.78, "windSpeed": 0.87, "windGust": 2.19, "windBearing": 6, "cloudCover": 0.91, "uvIndex": 0, "visibility": 5}, {"time": 1433210400, "summary": "Light Rain", "icon": "rain", "precipIntensity": 0.0307, "precipProbability": 0.68, "precipType": "rain", "temperature": 69.54, "apparentTemperature": 70.45, "dewPoint": 66.7, "humidity": 0.91, "pressure": 1016.1, "windSpeed": 0.39, "windGust": 1.4, "windBearing": 50, "cloudCover": 0.9, "uvIndex": 0, "visibility": 8.72}, {"time": 1433214000, "summary": "Overcast", "icon": "cloudy", "precipIntensity": 0.0094, "precipProbability": 0.62, "precipType": "rain", "temperature": 69.36, "apparentTemperature": 70.32, "dewPoint": 66.95, "humidity": 0.92, "pressure": 1016.43, "windSpeed": 0.48, "windGust": 2.28, "windBearing": 83, "cloudCover": 1, "uvIndex": 0, "visibility": 6.86}]}, "daily": {"data": [{"time": 1433131200, "summary": "Rain starting in the evening.", "icon": "rain", "sunriseTime": 1433151965, "sunsetTime": 1433204924, "moonPhase": 0.46, "precipIntensity": 0.0126, "precipIntensityMax": 0.102, "precipIntensityMaxTime": 1433206800, "precipProbability": 0.71, "precipType": "rain", "temperatureHigh": 86.39, "temperatureHighTime": 1433181600, "temperatureLow": 63.21, "temperatureLowTime": 1433246400, "apparentTemperatureHigh": 90.61, "apparentTemperatureHighTime": 1433181600, "apparentTemperatureLow": 63.57, "apparentTemperatureLowTime": 1433246400, "dewPoint": 68.49, "humidity": 0.78, "pressure": 1015.51, "windSpeed": 0.37, "windGust": 6.26, "windGustTime": 1433199600, "windBearing": 176, "cloudCover": 0.59, "uvIndex": 9, "uvIndexTime": 1433174400, "visibility": 7.85, "temperatureMin": 69.36, "temperatureMinTime": 1433214000, "temperatureMax": 86.39, "temperatureMaxTime": 1433181600, "apparentTemperatureMin": 70.32, "apparentTemperatureMinTime": 1433214000, "apparentTemperatureMax": 90.61, "apparentTemperatureMaxTime": 1433181600}]}, "flags": {"sources": ["cmc", "gfs", "hrrr", "icon", "isd", "madis", "nam", "sref"], "nearest-station": 0.675, "units": "us"}, "offset": -4}