{"latitude": 38.912659, "longitude": -77.017669, "timezone": "America/New_York", "currently": {"time": 1442116800, "summary": "Mostly Cloudy", "icon": "partly-cloudy-night", "precipIntensity": 0, "precipProbability": 0, "temperature": 66.6, "apparentTemperature": 67.06, "dewPoint": 62.65, "humidity": 0.87, "pressure": 1005.79, "windSpeed": 0.78, "windGust": 3.03, "windBearing": 299, "cloudCover": 0.84, "uvIndex": 0, "visibility": 8.02}, "hourly": {"summary": "Mostly cloudy until evening.", "icon": "partly-cloudy-day", "data": [{"time": 1442116800, "summary": "Mostly Cloudy", "icon": "partly-cloudy-night", "precipIntensity": 0, "precipProbability": 0, "temperature": 66.6, "apparentTemperature": 67.06, "dewPoint": 62.65, "humidity": 0.87, "pressure": 1005.79, "windSpeed": 0.78, "windGust": 3.03, "windBearing": 299, "cloudCover": 0.84, "uvIndex": 0, "visibility": 8.02}, {"time": 1442120400, "summary": "Mostly Cloudy", "icon": "partly-cloudy-night", "precipIntensity": 0, "precipProbability": 0, "temperature": 65.58, "apparentTemperature": 65.7, "dewPoint": 59.95, "humidity": 0.82, "pressure": 1006.34, "windSpeed": 1.33, "windGust": 4.7, "windBearing": 293, "cloudCover": 0.74, "uvIndex": 0, "visibility": 7.96}, {"time": 1442124000, "summary": "Mostly Cloudy", "icon": "partly-cloudy-night", "precipIntensity": 0, "precipProbability": 0, "temperature": 64.57, "apparentTemperature": 64.57, "dewPoint": 57.95, "humidity": 0.79, "pressure": 1006.65, "windSpeed": 1.53, "windGust": 5.84, "windBearing": 303, "cloudCover": 0.9, "uvIndex": 0, "visibility": 7.78}, {"time": 1442127600, "summary": "Mostly Cloudy", "icon": "partly-cloudy-night", "precipIntensity": 0, "precipProbability": 0, "temperature": 63.01, "apparentTemperature": 63.01, "dewPoint": 56.41, "humidity": 0.79, "pressure": 1006.61, "windSpeed": 1.12, "windGust": 4.32, "windBearing": 294, "cloudCover": 0.73, "uvIndex": 0, "visibility": 7.53}, {"time": 1442131200, "summary": "Mostly Cloudy", "icon": "partly-cloudy-night", "precipIntensity": 0, "precipProbability": 0, "temperature": 62.28, "apparentTemperature": 62.28, "dewPoint": 55.6, "humidity": 0.79, "pressure": 1007.01, "windSpeed": 1.11, "windGust": 4.1, "windBearing": 289, "cloudCover": 0.86, "uvIndex": 0, "visibility": 8}, {"time": 1442134800, "summary": "Mostly Cloudy", "icon": "partly-cloudy-night", "precipIntensity": 0, "precipProbability": 0, "temperature": 61.87, "apparentTemperature": 61.87, "dewPoint": 54.93, "humidity": 0.78, "pressure": 1006.92, "windSpeed": 1.14, "windGust": 3.57, "windBearing": 293, "cloudCover": 0.8, "uvIndex": 0, "visibility": 7.86}, {"time": 1442138400, "summary": "Mostly Cloudy", "icon": "partly-cloudy-night", "precipIntensity": 0, "precipProbability": 0, "temperature": 61.49, "apparentTemperature": 61.49, "dewPoint": 54.84, "humidity": 0.79, "pressure": 1007.68, "windSpeed": 1.39, "windGust": 4.17, "windBearing": 290, "cloudCover": 0.88, "uvIndex": 0, "visibility": 8.38}, {"time": 1442142000, "summary": "Mostly Cloudy", "icon": "partly-cloudy-day", "precipIntensity": 0, "precipProbability": 0, "temperature": 60.91, "apparentTemperature": 60.91, "dewPoint": 54.77, "humidity": 0.8, "pressure": 1007.64, "windSpeed": 1.15, "windGust": 3.24, "windBearing": 301, "cloudCover": 0.9, "uvIndex": 0, "visibility": 7.62}, {"time": 1442145600, "summary": "Mostly Cloudy", "icon": "partly-cloudy-day", "precipIntensity": 0, "precipProbability": 0, "temperature": 61.26, "apparentTemperature": 61.26, "dewPoint": 54.55, "humidity": 0.79, "pressure": 1008.3, "windSpeed": 1.17, "windGust": 4.38, "windBearing": 307, "cloudCover": 0.81, "uvIndex": 0, "visibility": 7.85}, {"time": 1442149200, "summary": "Mostly Cloudy", "icon": "partly-cloudy-day", "precipIntensity": 0, "precipProbability": 0, "temperature": 63.02, "apparentTemperature": 63.02, "dewPoint": 54.04, "humidity": 0.73, "pressure": 1008.71, "windSpeed": 2.71, "windGust": 8.44, "windBearing": 316, "cloudCover": 0.6, "uvIndex": 1, "visibility": 7.52}, {"time": 1442152800, "summary": "Partly Cloudy", "icon": "partly-cloudy-day", "precipIntensity": 0, "precipProbability": 0, "temperature": 65.63, "apparentTemperature": 65.63, "dewPoint": 53.67, "humidity": 0.65, "pressure": 1009.29, "windSpeed": 3.54, "windGust": 11.3, "windBearing": 313, "cloudCover": 0.46, "uvIndex": 3, "visibility": 7.45}, {"time": 1442156400, "summary": "Mostly Cloudy", "icon": "partly-cloudy-day", "precipIntensity": 0, "precipProbability": 0, "temperature": 66.46, "apparentTemperature": 66.46, "dewPoint": 53.46, "humidity": 0.63, "pressure": 1009.8, "windSpeed": 3.23, "windGust": 9.47, "windBearing": 309, "cloudCover": 0.71, "uvIndex": 4, "visibility": 8.3}, {"time": 1442160000, "summary": "Mostly Cloudy", "icon": "partly-cloudy-day", "precipIntensity": 0, "precipProbability": 0, "temperature": 67.9, "apparentTemperature": 67.9, "dewPoint": 53.4, "humidity": 0.6, "pressure": 1010.11, "windSpeed": 3.41, "windGust": 10.57, "windBearing": 313, "cloudCover": 0.75, "uvIndex": 5, "visibility": 7.85}, {"time": 1442163600, "summary": "Mostly Cloudy", "icon": "partly-cloudy-day", "precipIntensity": 0, "precipProbability": 0, "temperature": 70.09, "apparentTemperature": 70.09, "dewPoint": 53.2, "humidity": 0.55, "pressure": 1010.12, "windSpeed": 3.71, "windGust": 11.21, "windBearing": 308, "cloudCover": 0.62, "uvIndex": 5, "visibility": 8.53}, {"time": 1442167200, "summary": "Mostly Cloudy", "icon": "partly-cloudy-day", "precipIntensity": 0, "precipProbability": 0, "temperature": 70.58, "apparentTemperature": 70.58, "dewPoint": 52.28, "humidity": 0.52, "pressure": 1010.29, "windSpeed": 3.4, "windGust": 11.66, "windBearing": 312, "cloudCover": 0.66, "uvIndex": 5, "visibility": 7.58}, {"time": 1442170800, "summary": "Mostly Cloudy", "icon": "partly-cloudy-day", "precipIntensity": 0, "precipProbability": 0, "temperature": 70.31, "apparentTemperature": 70.31, "dewPoint": 51, "humidity": 0.5, "pressure": 1010.64, "windSpeed": 3, "windGust": 11.5, "windBearing": 301, "cloudCover": 0.8, "uvIndex": 4, "visibility": 8.1}, {"time": 1442174400, "summary": "Mostly Cloudy", "icon": "partly-cloudy-day", "precipIntensity": 0, "precipProbability": 0, "temperature": 70.7, "apparentTemperature": 70.7, "dewPoint": 49.84, "humidity": 0.48, "pressure": 1010.61, "windSpeed": 3.65, "windGust": 11.9, "windBearing": 308, "cloudCover": 0.67, "uvIndex": 3, "visibility": 7.54}, {"time": 1442178000, "summary": "Partly Cloudy", "icon": "partly-cloudy-day", "precipIntensity": 0, "precipProbability": 0, "temperature": 70.61, "apparentTemperature": 70.61, "dewPoint": 48.62, "humidity": 0.46, "pressure": 1011.1, "windSpeed": 3.48, "windGust": 10.85, "windBearing": 307, "cloudCover": 0.53, "uvIndex": 2, "visibility": 7.02}, {"time": 1442181600, "summary": "Partly Cloudy", "icon": "partly-cloudy-day", "precipIntensity": 0, "precipProbability": 0, "temperature": 69.77, "apparentTemperature": 69.77, "dewPoint": 48, "humidity": 0.46, "pressure": 1011.31, "windSpeed": 3.08, "windGust": 9.79, "windBearing": 299, "cloudCover": 0.33, "uvIndex": 0, "visibility": 7.81}, {"time": 1442185200, "summary": "Partly Cloudy", "icon": "partly-cloudy-day", "precipIntensity": 0, "precipProbability": 0, "temperature": 67.46, "apparentTemperature": 67.46, "dewPoint": 48.37, "humidity": 0.5, "pressure": 1012.19, "windSpeed": 1.6, "windGust": 6.08, "windBearing": 296, "cloudCover": 0.25, "uvIndex": 0, "visibility": 8.55}, {"time": 1442188800, "summary": "Clear", "icon": "clear-night", "precipIntensity": 0, "precipProbability": 0, "temperature": 64.85, "apparentTemperature": 64.85, "dewPoint": 47.68, "humidity": 0.54, "pressure": 1013.26, "windSpeed": 1.24, "windGust": 3.76, "windBearing": 296, "cloudCover": 0.16, "uvIndex": 0, "visibility": 8.13}, {"time": 1442192400, "summary": "Clear", "icon": "clear-night", "precipIntensity": 0, "precipProbability": 0, "temperature": 62.42, "apparentTemperature": 62.42, "dewPoint": 47.82, "humidity": 0.59, "pressure": 1014.22, "windSpeed": 1.03, "windGust": 2.35, "windBearing": 294, "cloudCover": 0.02, "uvIndex": 0, "visibility": 8.71}, {"time": 1442196000, "summary": "Clear", "icon": "clear-night", "precipIntensity": 0, "precipProbability": 0, "temperature": 60.43, "apparentTemperature": 60.43, "dewPoint": 47.82, "humidity": 0.63, "pressure": 1015.12, "windSpeed": 0.66, "windGust": 1.72, "windBearing": 287, "cloudCover": 0.02, "uvIndex": 0, "visibility": 8.91}, {"time": 1442199600, "summary": "Clear", "icon": "clear-night", "precipIntensity": 0, "precipProbability": 0, "temperature": 58.4, "apparentTemperature": 58.4, "dewPoint": 48.22, "humidity": 0.69, "pressure": 1015.93, "windSpeed": 0.26, "windGust": 0.85, "windBearing": 275, "cloudCover": 0, "uvIndex": 0, "visibility": 9.3}]}, "daily": {"data": [{"time": 1442116800, "summary": "Mostly cloudy until evening.", "icon": "partly-cloudy-day", "sunriseTime": 1442141341, "sunsetTime": 1442186511, "moonPhase": 0.01, "precipIntensity": 0, "precipIntensityMax": 0, "precipProbability": 0, "temperatureHigh": 70.7, "temperatureHighTime": 1442174400, "temperatureLow": 51.73, "temperatureLowTime": 1442228400, "apparentTemperatureHigh": 70.7, "apparentTemperatureHighTime": 1442174400, "apparentTemperatureLow": 51.73, "apparentTemperatureLowTime": 1442228400, "dewPoint": 52.88, "humidity": 0.66, "pressure": 1009.82, "windSpeed": 2.01, "windGust": 11.9, "windGustTime": 1442174400, "windBearing": 304, "cloudCover": 0.59, "uvIndex": 5, "uvIndexTime": 1442160000, "visibility": 8.01, "temperatureMin": 58.4, "temperatureMinTime": 1442199600, "temperatureMax": 70.7, "temperatureMaxTime": 1442174400, "apparentTemperatureMin": 58.4, "apparentTemperatureMinTime": 1442199600, "apparentTemperatureMax": 70.7, "apparentTemperatureMaxTime": 1442174400}]}, "flags": {"sources": ["cmc", "gfs", "hrrr", "icon", "isd", "madis", "nam", "sref"], "nearest-station": 1.106, "units": "us"}, "offset": -4}