{"latitude": 38.912659, "longitude": -77.017669, "timezone": "America/New_York", "currently": {"time": 1441857600, "summary": "Partly Cloudy", "icon": "partly-cloudy-night", "precipIntensity": 0, "precipProbability": 0, "temperature": 77.62, "apparentTemperature": 78.84, "dewPoint": 70.95, "humidity": 0.8, "pressure": 1010.56, "windSpeed": 0.07, "windGust": 0.51, "windBearing": 190, "cloudCover": 0.35, "uvIndex": 0, "visibility": 8.13}, "hourly": {"summary": "Mostly cloudy throughout the day.", "icon": "partly-cloudy-day", "data": [{"time": 1441857600, "summary": "Partly Cloudy", "icon": "partly-cloudy-night", "precipIntensity": 0, "precipProbability": 0, "temperature": 77.62, "apparentTemperature": 78.84, "dewPoint": 70.95, "humidity": 0.8, "pressure": 1010.56, "windSpeed": 0.07, "windGust": 0.51, "windBearing": 190, "cloudCover": 0.35, "uvIndex": 0, "visibility": 8.13}, {"time": 1441861200, "summary": "Partly Cloudy", "icon": "partly-cloudy-night", "precipIntensity": 0, "precipProbability": 0, "temperature": 76.76, "apparentTemperature": 78, "dewPoint": 70.9, "humidity": 0.82, "pressure": 1010.12, "windSpeed": 0.09, "windGust": 0.34, "windBearing": 180, "cloudCover": 0.53, "uvIndex": 0, "visibility": 7.9}, {"time": 1441864800, "summary": "Partly Cloudy", "icon": "partly-cloudy-night", "precipIntensity": 0, "precipProbability": 0, "temperature": 76.29, "apparentTemperature": 77.55, "dewPoint": 70.97, "humidity": 0.84, "pressure": 1009.89, "windSpeed": 0.18, "windGust": 0.35, "windBearing": 189, "cloudCover": 0.55, "uvIndex": 0, "visibility": 8.55}, {"time": 1441868400, "summary": "Mostly Cloudy", "icon": "partly-cloudy-night", "precipIntensity": 0, "precipProbability": 0, "temperature": 75.96, "apparentTemperature": 77.25, "dewPoint": 71.11, "humidity": 0.85, "pressure": 1009.58, "windSpeed": 0.25, "windGust": 1.14, "windBearing": 193, "cloudCover": 0.76, "uvIndex": 0, "visibility": 7.66}, {"time": 1441872000, "summary": "Mostly Cloudy", "icon": "partly-cloudy-night", "precipIntensity": 0.0018, "precipProbability": 0.21, "precipType": "rain", "temperature": 75.21, "apparentTemperature": 76.52, "dewPoint": 71.06, "humidity": 0.87, "pressure": 1009.54, "windSpeed": 0.48, "windGust": 2.38, "windBearing": 230, "cloudCover": 0.75, "uvIndex": 0, "visibility": 7.37}, {"time": 1441875600, "summary": "Mostly Cloudy", "icon": "partly-cloudy-night", "precipIntensity": 0.0125, "precipProbability": 0.52, "precipType": "rain", "temperature": 74.31, "apparentTemperature": 75.63, "dewPoint": 70.87, "humidity": 0.89, "pressure": 1008.84, "windSpeed": 0.1, "windGust": 0.67, "windBearing": 274, "cloudCover": 0.8, "uvIndex": 0, "visibility": 8.24}, {"time": 1441879200, "summary": "Mostly Cloudy", "icon": "partly-cloudy-night", "precipIntensity": 0.0078, "precipProbability": 0.54, "precipType": "rain", "temperature": 73.68, "apparentTemperature": 74.99, "dewPoint": 70.64, "humidity": 0.9, "pressure": 1008.77, "windSpeed": 0.01, "windGust": 0.48, "windBearing": 270, "cloudCover": 0.62, "uvIndex": 0, "visibility": 7.41}, {"time": 1441882800, "summary": "Mostly Cloudy", "icon": "partly-cloudy-day", "precipIntensity": 0, "precipProbability": 0, "temperature": 73.07, "apparentTemperature": 74.36, "dewPoint": 70.29, "humidity": 0.91, "pressure": 1009.27, "windSpeed": 0.01, "windGust": 0.54, "windBearing": 270, "cloudCover": 0.66, "uvIndex": 0, "visibility": 6.97}, {"time": 1441886400, "summary": "Mostly Cloudy", "icon": "partly-cloudy-day", "precipIntensity": 0, "precipProbability": 0, "temperature": 73.38, "apparentTemperature": 74.72, "dewPoint": 70.73, "humidity": 0.91, "pressure": 1009.75, "windSpeed": 0.1, "windGust": 1.06, "windBearing": 263, "cloudCover": 0.76, "uvIndex": 0, "visibility": 7.45}, {"time": 1441890000, "summary": "Mostly Cloudy", "icon": "partly-cloudy-day", "precipIntensity": 0, "precipProbability": 0, "temperature": 74.84, "apparentTemperature": 76.23, "dewPoint": 71.47, "humidity": 0.89, "pressure": 1009.43, "windSpeed": 0.18, "windGust": 1.88, "windBearing": 317, "cloudCover": 0.78, "uvIndex": 1, "visibility": 7.68}, {"time": 1441893600, "summary": "Humid and Mostly Cloudy", "icon": "partly-cloudy-day", "precipIntensity": 0, "precipProbability": 0, "temperature": 76.5, "apparentTemperature": 77.9, "dewPoint": 72.02, "humidity": 0.86, "pressure": 1009.33, "windSpeed": 0.08, "windGust": 1.93, "windBearing": 340, "cloudCover": 0.92, "uvIndex": 2, "visibility": 7.74}, {"time": 1441897200, "summary": "Humid and Mostly Cloudy", "icon": "partly-cloudy-day", "precipIntensity": 0, "precipProbability": 0, "temperature": 78.4, "apparentTemperature": 79.78, "dewPoint": 72.34, "humidity": 0.82, "pressure": 1008.95, "windSpeed": 0.08, "windGust": 2.54, "windBearing": 278, "cloudCover": 0.83, "uvIndex": 4, "visibility": 7.54}, {"time": 1441900800, "summary": "Humid and Mostly Cloudy", "icon": "partly-cloudy-day", "precipIntensity": 0, "precipProbability": 0, "temperature": 79.15, "apparentTemperature": 82.47, "dewPoint": 72.38, "humidity": 0.8, "pressure": 1008.26, "windSpeed": 0.56, "windGust": 3.41, "windBearing": 250, "cloudCover": 0.85, "uvIndex": 4, "visibility": 7.98}, {"time": 1441904400, "summary": "Humid and Overcast", "icon": "cloudy", "precipIntensity": 0.0002, "precipProbability": 0.05, "precipType": "rain", "temperature": 78.95, "apparentTemperature": 82.06, "dewPoint": 72.05, "humidity": 0.79, "pressure": 1007.39, "windSpeed": 1.03, "windGust": 5.33, "windBearing": 291, "cloudCover": 0.95, "uvIndex": 4, "visibility": 8.71}, {"time": 1441908000, "summary": "Mostly Cloudy", "icon": "partly-cloudy-day", "precipIntensity": 0.0071, "precipProbability": 0.31, "precipType": "rain", "temperature": 76.49, "apparentTemperature": 77.71, "dewPoint": 70.72, "humidity": 0.82, "pressure": 1007.27, "windSpeed": 1.9, "windGust": 6.88, "windBearing": 315, "cloudCover": 0.9, "uvIndex": 4, "visibility": 6.82}, {"time": 1441911600, "summary": "Overcast", "icon": "cloudy", "precipIntensity": 0.0136, "precipProbability": 0.41, "precipType": "rain", "temperature": 74.88, "apparentTemperature": 76.06, "dewPoint": 70.05, "humidity": 0.85, "pressure": 1007.09, "windSpeed": 1.85, "windGust": 6.5, "windBearing": 329, "cloudCover": 0.99, "uvIndex": 3, "visibility": 6.6}, {"time": 1441915200, "summary": "Mostly Cloudy", "icon": "partly-cloudy-day", "precipIntensity": 0.0062, "precipProbability": 0.41, "precipType": "rain", "temperature": 75.1, "apparentTemperature": 76.24, "dewPoint": 69.8, "humidity": 0.84, "pressure": 1006.77, "windSpeed": 1.49, "windGust": 6.09, "windBearing": 346, "cloudCover": 0.85, "uvIndex": 3, "visibility": 7.45}, {"time": 1441918800, "summary": "Overcast", "icon": "cloudy", "precipIntensity": 0.0006, "precipProbability": 0.17, "precipType": "rain", "temperature": 74.84, "apparentTemperature": 75.85, "dewPoint": 68.78, "humidity": 0.81, "pressure": 1006.35, "windSpeed": 1.78, "windGust": 5.25, "windBearing": 340, "cloudCover": 1, "uvIndex": 1, "visibility": 8.66}, {"time": 1441922400, "summary": "Overcast", "icon": "cloudy", "precipIntensity": 0, "precipProbability": 0, "temperature": 73.42, "apparentTemperature": 74.27, "dewPoint": 67.24, "humidity": 0.81, "pressure": 1006.17, "windSpeed": 2.28, "windGust": 6.96, "windBearing": 347, "cloudCover": 1, "uvIndex": 0, "visibility": 7.89}, {"time": 1441926000, "summary": "Overcast", "icon": "cloudy", "precipIntensity": 0, "precipProbability": 0, "temperature": 71.6, "apparentTemperature": 72.27, "dewPoint": 65.47, "humidity": 0.81, "pressure": 1006.64, "windSpeed": 2.07, "windGust": 6.3, "windBearing": 330, "cloudCover": 1, "uvIndex": 0, "visibility": 7.28}, {"time": 1441929600, "summary": "Overcast", "icon": "cloudy", "precipIntensity": 0, "precipProbability": 0, "temperature": 70.49, "apparentTemperature": 71.1, "dewPoint": 64.8, "humidity": 0.82, "pressure": 1006.89, "windSpeed": 1.63, "windGust": 4.98, "windBearing": 329, "cloudCover": 1, "uvIndex": 0, "visibility": 7.78}, {"time": 1441933200, "summary": "Overcast", "icon": "cloudy", "precipIntensity": 0, "precipProbability": 0, "temperature": 69.79, "apparentTemperature": 70.38, "dewPoint": 64.48, "humidity": 0.83, "pressure": 1007.77, "windSpeed": 1.6, "windGust": 5.26, "windBearing": 324, "cloudCover": 1, "uvIndex": 0, "visibility": 8.12}, {"time": 1441936800, "summary": "Overcast", "icon": "cloudy", "precipIntensity": 0, "precipProbability": 0, "temperature": 69.31, "apparentTemperature": 69.88, "dewPoint": 64.17, "humidity": 0.84, "pressure": 1007.84, "windSpeed": 1.65, "windGust": 5.04, "windBearing": 335, "cloudCover": 1, "uvIndex": 0, "visibility": 7.81}, {"time": 1441940400, "summary": "Overcast", "icon": "cloudy", "precipIntensity": 0, "precipProbability": 0, "temperature": 68.58, "apparentTemperature": 69.12, "dewPoint": 63.74, "humidity": 0.85, "pressure": 1007.88, "windSpeed": 1.99, "windGust": 5.4, "windBearing": 323, "cloudCover": 1, "uvIndex": 0, "visibility": 7.25}]}, "daily": {"data": [{"time": 1441857600, "summary": "Humid and mostly cloudy throughout the day.", "icon": "partly-cloudy-day", "sunriseTime": 1441881982, "sunsetTime": 1441927600, "moonPhase": 0.92, "precipIntensity": 0.0021, "precipIntensityMax": 0.0136, "precipIntensityMaxTime": 1441911600, "precipProbability": 0.54, "precipType": "rain", "temperatureHigh": 79.15, "temperatureHighTime": 1441900800, "temperatureLow": 63.56, "temperatureLowTime": 1441969200, "apparentTemperatureHigh": 82.47, "apparentTemperatureHighTime": 1441900800, "apparentTemperatureLow": 63.59, "apparentTemperatureLowTime": 1441969200, "dewPoint": 69.46, "humidity": 0.84, "pressure": 1008.35, "windSpeed": 0.78, "windGust": 6.96, "windGustTime": 1441922400, "windBearing": 325, "cloudCover": 0.83, "uvIndex": 4, "uvIndexTime": 1441897200, "visibility": 7.71, "temperatureMin": 68.58, "temperatureMinTime": 1441940400, "temperatureMax": 79.15, "temperatureMaxTime": 1441900800, "apparentTemperatureMin": 69.12, "apparentTemperatureMinTime": 1441940400, "apparentTemperatureMax": 82.47, "apparentTemperatureMaxTime": 1441900800}]}, "flags": {"sources": ["cmc", "gfs", "hrrr", "icon", "isd", "madis", "nam", "sref"], "nearest-station": 1.106, "units": "us"}, "offset": -4}