{"latitude": 38.912659, "longitude": -77.017669, "timezone": "America/New_York", "currently": {"time": 1445400000, "summary": "Clear", "icon": "clear-night", "precipIntensity": 0, "precipProbability": 0, "temperature": 50.22, "apparentTemperature": 50.22, "dewPoint": 44.77, "humidity": 0.81, "pressure": 1025.47, "windSpeed": 0, "windGust": 0.04, "cloudCover": 0, "uvIndex": 0, "visibility": 8.81}, "hourly": {"summary": "Clear throughout the day.", "icon": "clear-day", "data": [{"time": 1445400000, "summary": "Clear", "icon": "clear-night", "precipIntensity": 0, "precipProbability": 0, "temperature": 50.22, "apparentTemperature": 50.22, "dewPoint": 44.77, "humidity": 0.81, "pressure": 1025.47, "windSpeed": 0, "windGust": 0.04, "cloudCover": 0, "uvIndex": 0, "visibility": 8.81}, {"time": 1445403600, "summary": "Clear", "icon": "clear-night", "precipIntensity": 0, "precipProbability": 0, "temperature": 49.17, "apparentTemperature": 49.17, "dewPoint": 44.06, "humidity": 0.82, "pressure": 1025.38, "windSpeed": 0.02, "windGust": 0.22, "windBearing": 182, "cloudCover": 0.07, "uvIndex": 0, "visibility": 8.44}, {"time": 1445407200, "summary": "Clear", "icon": "clear-night", "precipIntensity": 0, "precipProbability": 0, "temperature": 47.88, "apparentTemperature": 47.88, "dewPoint": 43.37, "humidity": 0.84, "pressure": 1025.51, "windSpeed": 0, "windGust": 0.09, "cloudCover": 0.1, "uvIndex": 0, "visibility": 6.92}, {"time": 1445410800, "summary": "Clear", "icon": "clear-night", "precipIntensity": 0, "precipProbability": 0, "temperature": 47.14, "apparentTemperature": 47.14, "dewPoint": 42.91, "humidity": 0.85, "pressure": 1025.49, "windSpeed": 0, "windGust": 0.03, "cloudCover": 0.07, "uvIndex": 0, "visibility": 9.12}, {"time": 1445414400, "summary": "Clear", "icon": "clear-night", "precipIntensity": 0, "precipProbability": 0, "temperature": 46.31, "apparentTemperature": 46.31, "dewPoint": 42.4, "humidity": 0.86, "pressure": 1025.47, "windSpeed": 0, "windGust": 0.07, "cloudCover": 0, "uvIndex": 0, "visibility": 6.87}, {"time": 1445418000, "summary": "Clear", "icon": "clear-night", "precipIntensity": 0, "precipProbability": 0, "temperature": 45.22, "apparentTemperature": 45.22, "dewPoint": 41.71, "humidity": 0.87, "pressure": 1025.86, "windSpeed": 0, "windGust": 0.01, "cloudCover": 0.05, "uvIndex": 0, "visibility": 7.08}, {"time": 1445421600, "summary": "Clear", "icon": "clear-night", "precipIntensity": 0, "precipProbability": 0, "temperature": 44.39, "apparentTemperature": 44.39, "dewPoint": 40.99, "humidity": 0.88, "pressure": 1026.46, "windSpeed": 0, "windGust": 0.03, "cloudCover": 0.05, "uvIndex": 0, "visibility": 7.3}, {"time": 1445425200, "summary": "Clear", "icon": "clear-night", "precipIntensity": 0, "precipProbability": 0, "temperature": 43.77, "apparentTemperature": 43.77, "dewPoint": 40.61, "humidity": 0.89, "pressure": 1026.71, "windSpeed": 0, "windGust": 0.03, "cloudCover": 0.07, "uvIndex": 0, "visibility": 9.25}, {"time": 1445428800, "summary": "Partly Cloudy", "icon": "partly-cloudy-day", "precipIntensity": 0, "precipProbability": 0, "temperature": 44, "apparentTemperature": 44, "dewPoint": 40.99, "humidity": 0.89, "pressure": 1026.86, "windSpeed": 0, "windGust": 0, "cloudCover": 0.29, "uvIndex": 0, "visibility": 7.32}, {"time": 1445432400, "summary": "Clear", "icon": "clear-day", "precipIntensity": 0, "precipProbability": 0, "temperature": 48.1, "apparentTemperature": 48.1, "dewPoint": 44.73, "humidity": 0.88, "pressure": 1027.57, "windSpeed": 0, "windGust": 0.31, "cloudCover": 0, "uvIndex": 1, "visibility": 10}, {"time": 1445436000, "summary": "Clear", "icon": "clear-day", "precipIntensity": 0, "precipProbability": 0, "temperature": 55.38, "apparentTemperature": 55.38, "dewPoint": 47.91, "humidity": 0.76, "pressure": 1027.84, "windSpeed": 0.05, "windGust": 1.37, "windBearing": 189, "cloudCover": 0.21, "uvIndex": 2, "visibility": 8.38}, {"time": 1445439600, "summary": "Clear", "icon": "clear-day", "precipIntensity": 0, "precipProbability": 0, "temperature": 61.84, "apparentTemperature": 61.84, "dewPoint": 49.12, "humidity": 0.63, "pressure": 1027.58, "windSpeed": 0.14, "windGust": 1.39, "windBearing": 150, "cloudCover": 0.18, "uvIndex": 3, "visibility": 8.66}, {"time": 1445443200, "summary": "Clear", "icon": "clear-day", "precipIntensity": 0, "precipProbability": 0, "temperature": 67.9, "apparentTemperature": 67.9, "dewPoint": 49.09, "humidity": 0.51, "pressure": 1027.24, "windSpeed": 0.08, "windGust": 2.52, "windBearing": 140, "cloudCover": 0.13, "uvIndex": 4, "visibility": 8.67}, {"time": 1445446800, "summary": "Clear", "icon": "clear-day", "precipIntensity": 0, "precipProbability": 0, "temperature": 71.91, "apparentTemperature": 71.91, "dewPoint": 48.55, "humidity": 0.44, "pressure": 1026.76, "windSpeed": 0.12, "windGust": 2.58, "windBearing": 86, "cloudCover": 0.12, "uvIndex": 4, "visibility": 9.44}, {"time": 1445450400, "summary": "Clear", "icon": "clear-day", "precipIntensity": 0, "precipProbability": 0, "temperature": 73.23, "apparentTemperature": 73.23, "dewPoint": 48.37, "humidity": 0.41, "pressure": 1025.99, "windSpeed": 0.21, "windGust": 2.75, "windBearing": 117, "cloudCover": 0.11, "uvIndex": 4, "visibility": 9.44}, {"time": 1445454000, "summary": "Clear", "icon": "clear-day", "precipIntensity": 0, "precipProbability": 0, "temperature": 74.17, "apparentTemperature": 74.17, "dewPoint": 48.37, "humidity": 0.4, "pressure": 1025.51, "windSpeed": 0.35, "windGust": 3.17, "windBearing": 154, "cloudCover": 0.11, "uvIndex": 3, "visibility": 8.19}, {"time": 1445457600, "summary": "Clear", "icon": "clear-day", "precipIntensity": 0, "precipProbability": 0, "temperature": 74.4, "apparentTemperature": 74.4, "dewPoint": 48.76, "humidity": 0.4, "pressure": 1025.16, "windSpeed": 0.63, "windGust": 3.35, "windBearing": 154, "cloudCover": 0.04, "uvIndex": 1, "visibility": 8.19}, {"time": 1445461200, "summary": "Clear", "icon": "clear-day", "precipIntensity": 0, "precipProbability": 0, "temperature": 72.86, "apparentTemperature": 72.86, "dewPoint": 49.46, "humidity": 0.44, "pressure": 1025, "windSpeed": 0.74, "windGust": 2.83, "windBearing": 172, "cloudCover": 0.02, "uvIndex": 0, "visibility": 7.97}, {"time": 1445464800, "summary": "Clear", "icon": "clear-day", "precipIntensity": 0, "precipProbability": 0, "temperature": 69.42, "apparentTemperature": 69.42, "dewPoint": 50.38, "humidity": 0.51, "pressure": 1024.78, "windSpeed": 0.34, "windGust": 1.21, "windBearing": 173, "cloudCover": 0.11, "uvIndex": 0, "visibility": 9.46}, {"time": 1445468400, "summary": "Clear", "icon": "clear-night", "precipIntensity": 0, "precipProbability": 0, "temperature": 63.93, "apparentTemperature": 63.93, "dewPoint": 50.55, "humidity": 0.62, "pressure": 1025.06, "windSpeed": 0.25, "windGust": 0.44, "windBearing": 169, "cloudCover": 0.04, "uvIndex": 0, "visibility": 9.35}, {"time": 1445472000, "summary": "Clear", "icon": "clear-night", "precipIntensity": 0, "precipProbability": 0, "temperature": 59.97, "apparentTemperature": 59.97, "dewPoint": 50.11, "humidity": 0.7, "pressure": 1025.5, "windSpeed": 0.01, "windGust": 0.12, "windBearing": 180, "cloudCover": 0.15, "uvIndex": 0, "visibility": 7.01}, {"time": 1445475600, "summary": "Clear", "icon": "clear-night", "precipIntensity": 0, "precipProbability": 0, "temperature": 57.21, "apparentTemperature": 57.21, "dewPoint": 49.36, "humidity": 0.75, "pressure": 1025.67, "windSpeed": 0.01, "windGust": 0.2, "windBearing": 180, "cloudCover": 0.07, "uvIndex": 0, "visibility": 9.28}, {"time": 1445479200, "summary": "Clear", "icon": "clear-night", "precipIntensity": 0, "precipProbability": 0, "temperature": 55.24, "apparentTemperature": 55.24, "dewPoint": 48.94, "humidity": 0.79, "pressure": 1025.48, "windSpeed": 0.01, "windGust": 0.3, "windBearing": 180, "cloudCover": 0.08, "uvIndex": 0, "visibility": 7.4}, {"time": 1445482800, "summary": "Clear", "icon": "clear-night", "precipIntensity": 0, "precipProbability": 0, "temperature": 54.43, "apparentTemperature": 54.43, "dewPoint": 48.5, "humidity": 0.8, "pressure": 1025.06, "windSpeed": 0.01, "windGust": 0.37, "windBearing": 180, "cloudCover": 0, "uvIndex": 0, "visibility": 7.3}]}, "daily": {"data": [{"time": 1445400000, "summary": "Clear throughout the day.", "icon": "clear-day", "sunriseTime": 1445426678, "sunsetTime": 1445466180, "moonPhase": 0.28, "precipIntensity": 0, "precipIntensityMax": 0, "precipProbability": 0, "temperatureHigh": 74.4, "temperatureHighTime": 1445457600, "temperatureLow": 45.71, "temperatureLowTime": 1445515200, "apparentTemperatureHigh": 74.4, "apparentTemperatureHighTime": 1445457600, "apparentTemperatureLow": 45.71, "apparentTemperatureLowTime": 1445515200, "dewPoint": 46.42, "humidity": 0.7, "pressure": 1025.98, "windSpeed": 0.12, "windGust": 3.35, "windGustTime": 1445457600, "windBearing": 158, "cloudCover": 0.09, "uvIndex": 4, "uvIndexTime": 1445443200, "visibility": 8.33, "temperatureMin": 43.77, "temperatureMinTime": 1445425200, "temperatureMax": 74.4, "temperatureMaxTime": 1445457600, "apparentTemperatureMin": 43.77, "apparentTemperatureMinTime": 1445425200, "apparentTemperatureMax": 74.4, "apparentTemperatureMaxTime": 1445457600}]}, "flags": {"sources": ["cmc", "gfs", "hrrr", "icon", "isd", "madis", "nam", "sref"], "nearest-station": 1.106, "units": "us"}, "offset": -4}