{"latitude": 38.912659, "longitude": -77.017669, "timezone": "America/New_York", "currently": {"time": 1451019600, "summary": "Mostly Cloudy", "icon": "partly-cloudy-night", "precipIntensity": 0, "precipProbability": 0, "temperature": 64.46, "apparentTemperature": 65, "dewPoint": 62.53, "humidity": 0.93, "pressure": 1019.74, "windSpeed": 0.07, "windGust": 0.76, "windBearing": 205, "cloudCover": 0.87, "uvIndex": 0, "visibility": 5.15}, "hourly": {"summary": "Rain starting in the afternoon, continuing until evening.", "icon": "rain", "data": [{"time": 1451019600, "summary": "Mostly Cloudy", "icon": "partly-cloudy-night", "precipIntensity": 0, "precipProbability": 0, "temperature": 64.46, "apparentTemperature": 65, "dewPoint": 62.53, "humidity": 0.93, "pressure": 1019.74, "windSpeed": 0.07, "windGust": 0.76, "windBearing": 205, "cloudCover": 0.87, "uvIndex": 0, "visibility": 5.15}, {"time": 1451023200, "summary": "Overcast", "icon": "cloudy", "precipIntensity": 0, "precipProbability": 0, "temperature": 64.81, "apparentTemperature": 65.4, "dewPoint": 62.96, "humidity": 0.94, "pressure": 1019.74, "windSpeed": 0.02, "windGust": 0.71, "windBearing": 194, "cloudCover": 0.95, "uvIndex": 0, "visibility": 5.56}, {"time": 1451026800, "summary": "Overcast", "icon": "cloudy", "precipIntensity": 0, "precipProbability": 0, "temperature": 65.25, "apparentTemperature": 65.9, "dewPoint": 63.54, "humidity": 0.94, "pressure": 1020.13, "windSpeed": 0.19, "windGust": 1.55, "windBearing": 211, "cloudCover": 1, "uvIndex": 0, "visibility": 4.56}, {"time": 1451030400, "summary": "Overcast", "icon": "cloudy", "precipIntensity": 0, "precipProbability": 0, "temperature": 65.39, "apparentTemperature": 66.06, "dewPoint": 63.69, "humidity": 0.94, "pressure": 1020.71, "windSpeed": 0.02, "windGust": 0.92, "windBearing": 270, "cloudCover": 1, "uvIndex": 0, "visibility": 4.98}, {"time": 1451034000, "summary": "Foggy", "icon": "fog", "precipIntensity": 0, "precipProbability": 0, "temperature": 65.11, "apparentTemperature": 65.77, "dewPoint": 63.5, "humidity": 0.95, "pressure": 1020.17, "windSpeed": 0, "windGust": 0.89, "cloudCover": 1, "uvIndex": 0, "visibility": 1.47}, {"time": 1451037600, "summary": "Overcast", "icon": "cloudy", "precipIntensity": 0, "precipProbability": 0, "temperature": 65.21, "apparentTemperature": 65.89, "dewPoint": 63.71, "humidity": 0.95, "pressure": 1020.24, "windSpeed": 0.16, "windGust": 1.05, "windBearing": 202, "cloudCover": 1, "uvIndex": 0, "visibility": 2.09}, {"time": 1451041200, "summary": "Overcast", "icon": "cloudy", "precipIntensity": 0, "precipProbability": 0, "temperature": 65.67, "apparentTemperature": 66.38, "dewPoint": 64.06, "humidity": 0.95, "pressure": 1020.46, "windSpeed": 0.05, "windGust": 0.86, "windBearing": 199, "cloudCover": 1, "uvIndex": 0, "visibility": 3.06}, {"time": 1451044800, "summary": "Overcast", "icon": "cloudy", "precipIntensity": 0, "precipProbability": 0, "temperature": 65.82, "apparentTemperature": 66.58, "dewPoint": 64.39, "humidity": 0.95, "pressure": 1020.85, "windSpeed": 0.1, "windGust": 1.56, "windBearing": 194, "cloudCover": 1, "uvIndex": 0, "visibility": 2.52}, {"time": 1451048400, "summary": "Foggy", "icon": "fog", "precipIntensity": 0, "precipProbability": 0, "temperature": 66.14, "apparentTemperature": 66.88, "dewPoint": 64.41, "humidity": 0.94, "pressure": 1021.59, "windSpeed": 0.17, "windGust": 0.78, "windBearing": 259, "cloudCover": 1, "uvIndex": 0, "visibility": 1.44}, {"time": 1451052000, "summary": "Foggy", "icon": "fog", "precipIntensity": 0, "precipProbability": 0, "temperature": 66.41, "apparentTemperature": 67.19, "dewPoint": 64.77, "humidity": 0.94, "pressure": 1022.06, "windSpeed": 0.08, "windGust": 0.52, "windBearing": 219, "cloudCover": 1, "uvIndex": 0, "visibility": 1.92}, {"time": 1451055600, "summary": "Overcast", "icon": "cloudy", "precipIntensity": 0, "precipProbability": 0, "temperature": 67.29, "apparentTemperature": 68.16, "dewPoint": 65.66, "humidity": 0.95, "pressure": 1022.17, "windSpeed": 0.02, "windGust": 0.41, "windBearing": 203, "cloudCover": 1, "uvIndex": 1, "visibility": 3.59}, {"time": 1451059200, "summary": "Overcast", "icon": "cloudy", "precipIntensity": 0, "precipProbability": 0, "temperature": 68.3, "apparentTemperature": 69.26, "dewPoint": 66.6, "humidity": 0.94, "pressure": 1021.85, "windSpeed": 0.1, "windGust": 1.26, "windBearing": 184, "cloudCover": 0.97, "uvIndex": 1, "visibility": 6.55}, {"time": 1451062800, "summary": "Overcast", "icon": "cloudy", "precipIntensity": 0, "precipProbability": 0, "temperature": 69.3, "apparentTemperature": 70.29, "dewPoint": 67.15, "humidity": 0.93, "pressure": 1020.28, "windSpeed": 0.12, "windGust": 1.69, "windBearing": 204, "cloudCover": 1, "uvIndex": 2, "visibility": 6.66}, {"time": 1451066400, "summary": "Overcast", "icon": "cloudy", "precipIntensity": 0.0018, "precipProbability": 0.33, "precipType": "rain", "temperature": 69.61, "apparentTemperature": 70.62, "dewPoint": 67.36, "humidity": 0.93, "pressure": 1019.43, "windSpeed": 0.11, "windGust": 0.6, "windBearing": 168, "cloudCover": 1, "uvIndex": 1, "visibility": 6.34}, {"time": 1451070000, "summary": "Overcast", "icon": "cloudy", "precipIntensity": 0.0012, "precipProbability": 0.2, "precipType": "rain", "temperature": 69.33, "apparentTemperature": 70.28, "dewPoint": 66.84, "humidity": 0.92, "pressure": 1019.56, "windSpeed": 0.17, "windGust": 1.65, "windBearing": 166, "cloudCover": 1, "uvIndex": 1, "visibility": 5.59}, {"time": 1451073600, "summary": "Overcast", "icon": "cloudy", "precipIntensity": 0.0105, "precipProbability": 0.78, "precipType": "rain", "temperature": 68.48, "apparentTemperature": 69.41, "dewPoint": 66.42, "humidity": 0.93, "pressure": 1019.33, "windSpeed": 0.47, "windGust": 2.14, "windBearing": 180, "cloudCover": 1, "uvIndex": 1, "visibility": 4.63}, {"time": 1451077200, "summary": "Light Rain", "icon": "rain", "precipIntensity": 0.0521, "precipProbability": 0.97, "precipType": "rain", "temperature": 67.48, "apparentTemperature": 68.32, "dewPoint": 65.53, "humidity": 0.93, "pressure": 1019.82, "windSpeed": 0.72, "windGust": 3.62, "windBearing": 193, "cloudCover": 1, "uvIndex": 0, "visibility": 3.25}, {"time": 1451080800, "summary": "Rain", "icon": "rain", "precipIntensity": 0.0619, "precipProbability": 0.9, "precipType": "rain", "temperature": 66.68, "apparentTemperature": 67.45, "dewPoint": 64.81, "humidity": 0.94, "pressure": 1020.19, "windSpeed": 0.88, "windGust": 4.48, "windBearing": 196, "cloudCover": 1, "uvIndex": 0, "visibility": 4.36}, {"time": 1451084400, "summary": "Rain", "icon": "rain", "precipIntensity": 0.0763, "precipProbability": 0.94, "precipType": "rain", "temperature": 64.4, "apparentTemperature": 64.94, "dewPoint": 62.49, "humidity": 0.94, "pressure": 1020.95, "windSpeed": 0.91, "windGust": 5.52, "windBearing": 335, "cloudCover": 0.83, "uvIndex": 0, "visibility": 7.01}, {"time": 1451088000, "summary": "Rain", "icon": "rain", "precipIntensity": 0.0876, "precipProbability": 0.95, "precipType": "rain", "temperature": 62.01, "apparentTemperature": 62.33, "dewPoint": 60.21, "humidity": 0.94, "pressure": 1022.01, "windSpeed": 0.15, "windGust": 2.42, "windBearing": 21, "cloudCover": 0.94, "uvIndex": 0, "visibility": 7.33}, {"time": 1451091600, "summary": "Mostly Cloudy", "icon": "partly-cloudy-night", "precipIntensity": 0.0084, "precipProbability": 0.63, "precipType": "rain", "temperature": 61.48, "apparentTemperature": 61.74, "dewPoint": 59.66, "humidity": 0.94, "pressure": 1022.15, "windSpeed": 0.28, "windGust": 1.57, "windBearing": 337, "cloudCover": 0.9, "uvIndex": 0, "visibility": 7.69}, {"time": 1451095200, "summary": "Overcast", "icon": "cloudy", "precipIntensity": 0, "precipProbability": 0, "temperature": 61.19, "apparentTemperature": 61.44, "dewPoint": 59.52, "humidity": 0.94, "pressure": 1022.85, "windSpeed": 0.37, "windGust": 1.62, "windBearing": 333, "cloudCover": 0.94, "uvIndex": 0, "visibility": 8.02}, {"time": 1451098800, "summary": "Mostly Cloudy", "icon": "partly-cloudy-night", "precipIntensity": 0, "precipProbability": 0, "temperature": 60.63, "apparentTemperature": 60.85, "dewPoint": 59.12, "humidity": 0.95, "pressure": 1023.26, "windSpeed": 0.08, "windGust": 0.72, "windBearing": 341, "cloudCover": 0.73, "uvIndex": 0, "visibility": 7.9}, {"time": 1451102400, "summary": "Mostly Cloudy", "icon": "partly-cloudy-night", "precipIntensity": 0, "precipProbability": 0, "temperature": 59.93, "apparentTemperature": 60.08, "dewPoint": 58.45, "humidity": 0.95, "pressure": 1023.42, "windSpeed": 0.06, "windGust": 0.21, "windBearing": 0, "cloudCover": 0.68, "uvIndex": 0, "visibility": 5.12}]}, "daily": {"data": [{"time": 1451019600, "summary": "Rain starting in the afternoon, continuing until evening.", "icon": "rain", "sunriseTime": 1451046369, "sunsetTime": 1451080355, "moonPhase": 0.52, "precipIntensity": 0.0125, "precipIntensityMax": 0.0876, "precipIntensityMaxTime": 1451088000, "precipProbability": 0.97, "precipType": "rain", "temperatureHigh": 69.61, "temperatureHighTime": 1451066400, "temperatureLow": 56.87, "temperatureLowTime": 1451134800, "apparentTemperatureHigh": 70.62, "apparentTemperatureHighTime": 1451066400, "apparentTemperatureLow": 56.87, "apparentTemperatureLowTime": 1451134800, "dewPoint": 63.64, "humidity": 0.94, "pressure": 1020.96, "windSpeed": 0.09, "windGust": 5.52, "windGustTime": 1451084400, "windBearing": 226, "cloudCover": 0.95, "uvIndex": 2, "uvIndexTime": 1451062800, "visibility": 4.87, "temperatureMin": 59.93, "temperatureMinTime": 1451102400, "temperatureMax": 69.61, "temperatureMaxTime": 1451066400, "apparentTemperatureMin": 60.08, "apparentTemperatureMinTime": 1451102400, "apparentTemperatureMax": 70.62, "apparentTemperatureMaxTime": 1451066400}]}, "flags": {"sources": ["cmc", "gfs", "hrrr", "icon", "isd", "madis", "nam", "sref"], "nearest-station": 1.106, "units": "us"}, "offset": -5}