{"latitude": 38.912659, "longitude": -77.017669, "timezone": "America/New_York", "currently": {"time": 1424581200, "summary": "Overcast", "icon": "cloudy", "precipIntensity": 0.0058, "precipProbability": 0.26, "precipType": "rain", "temperature": 33.31, "apparentTemperature": 33.31, "dewPoint": 31.41, "humidity": 0.93, "pressure": 1021.46, "windSpeed": 0.77, "windGust": 2.33, "windBearing": 192, "cloudCover": 1, "uvIndex": 0, "visibility": 3.66}, "hourly": {"summary": "Rain starting in the morning, continuing until afternoon.", "icon": "rain", "data": [{"time": 1424581200, "summary": "Overcast", "icon": "cloudy", "precipIntensity": 0.0058, "precipProbability": 0.26, "precipType": "rain", "temperature": 33.31, "apparentTemperature": 33.31, "dewPoint": 31.41, "humidity": 0.93, "pressure": 1021.46, "windSpeed": 0.77, "windGust": 2.33, "windBearing": 192, "cloudCover": 1, "uvIndex": 0, "visibility": 3.66}, {"time": 1424584800, "summary": "Overcast", "icon": "cloudy", "precipIntensity": 0.0047, "precipProbability": 0.27, "precipType": "rain", "temperature": 33.35, "apparentTemperature": 33.35, "dewPoint": 31.49, "humidity": 0.93, "pressure": 1020.82, "windSpeed": 0.58, "windGust": 1.53, "windBearing": 186, "cloudCover": 1, "uvIndex": 0, "visibility": 3.87}, {"time": 1424588400, "summary": "Overcast", "icon": "cloudy", "precipIntensity": 0.0026, "precipProbability": 0.31, "precipType": "rain", "temperature": 33.36, "apparentTemperature": 33.36, "dewPoint": 31.53, "humidity": 0.93, "pressure": 1020.42, "windSpeed": 0.38, "windGust": 1.51, "windBearing": 188, "cloudCover": 1, "uvIndex": 0, "visibility": 4.04}, {"time": 1424592000, "summary": "Overcast", "icon": "cloudy", "precipIntensity": 0.0021, "precipProbability": 0.28, "precipType": "rain", "temperature": 33.48, "apparentTemperature": 33.48, "dewPoint": 31.65, "humidity": 0.93, "pressure": 1019.99, "windSpeed": 0.42, "windGust": 1.23, "windBearing": 189, "cloudCover": 1, "uvIndex": 0, "visibility": 3.58}, {"time": 1424595600, "summary": "Overcast", "icon": "cloudy", "precipIntensity": 0.0032, "precipProbability": 0.28, "precipType": "rain", "temperature": 33.54, "apparentTemperature": 33.54, "dewPoint": 31.74, "humidity": 0.93, "pressure": 1019.73, "windSpeed": 0.29, "windGust": 0.64, "windBearing": 204, "cloudCover": 1, "uvIndex": 0, "visibility": 3.78}, {"time": 1424599200, "summary": "Overcast", "icon": "cloudy", "precipIntensity": 0.0014, "precipProbability": 0.25, "precipType": "rain", "temperature": 33.5, "apparentTemperature": 33.5, "dewPoint": 31.71, "humidity": 0.93, "pressure": 1019.94, "windSpeed": 0.03, "windGust": 0.22, "windBearing": 198, "cloudCover": 1, "uvIndex": 0, "visibility": 3.38}, {"time": 1424602800, "summary": "Overcast", "icon": "cloudy", "precipIntensity": 0.001, "precipProbability": 0.16, "precipType": "rain", "temperature": 33.46, "apparentTemperature": 33.46, "dewPoint": 31.63, "humidity": 0.93, "pressure": 1020.43, "windSpeed": 0.01, "windGust": 0.07, "windBearing": 270, "cloudCover": 1, "uvIndex": 0, "visibility": 2.4}, {"time": 1424606400, "summary": "Foggy", "icon": "fog", "precipIntensity": 0.0004, "precipProbability": 0.09, "precipType": "rain", "temperature": 33.34, "apparentTemperature": 33.34, "dewPoint": 31.62, "humidity": 0.93, "pressure": 1020.96, "windSpeed": 0, "windGust": 0.14, "cloudCover": 1, "uvIndex": 0, "visibility": 1.58}, {"time": 1424610000, "summary": "Foggy", "icon": "fog", "precipIntensity": 0.0005, "precipProbability": 0.09, "precipAccumulation": 0.004, "precipType": "snow", "temperature": 33.83, "apparentTemperature": 33.83, "dewPoint": 32.1, "humidity": 0.93, "pressure": 1021.51, "windSpeed": 0, "windGust": 0.21, "cloudCover": 1, "uvIndex": 0, "visibility": 1.85}, {"time": 1424613600, "summary": "Overcast", "icon": "cloudy", "precipIntensity": 0.0022, "precipProbability": 0.21, "precipType": "rain", "temperature": 34.68, "apparentTemperature": 34.68, "dewPoint": 32.93, "humidity": 0.93, "pressure": 1021.85, "windSpeed": 0.04, "windGust": 0.34, "windBearing": 316, "cloudCover": 0.94, "uvIndex": 1, "visibility": 2.52}, {"time": 1424617200, "summary": "Mostly Cloudy", "icon": "partly-cloudy-day", "precipIntensity": 0.0082, "precipProbability": 0.46, "precipType": "rain", "temperature": 36.09, "apparentTemperature": 36.09, "dewPoint": 34.25, "humidity": 0.93, "pressure": 1022.19, "windSpeed": 0.27, "windGust": 1.31, "windBearing": 334, "cloudCover": 0.89, "uvIndex": 2, "visibility": 3.68}, {"time": 1424620800, "summary": "Light Rain", "icon": "rain", "precipIntensity": 0.0285, "precipProbability": 0.61, "precipType": "rain", "temperature": 38.77, "apparentTemperature": 38.77, "dewPoint": 36.37, "humidity": 0.91, "pressure": 1022.68, "windSpeed": 0.53, "windGust": 3, "windBearing": 4, "cloudCover": 0.93, "uvIndex": 3, "visibility": 4.9}, {"time": 1424624400, "summary": "Rain", "icon": "rain", "precipIntensity": 0.0579, "precipProbability": 0.65, "precipType": "rain", "temperature": 42.81, "apparentTemperature": 42.81, "dewPoint": 37.94, "humidity": 0.83, "pressure": 1023.02, "windSpeed": 1.12, "windGust": 4.85, "windBearing": 353, "cloudCover": 0.67, "uvIndex": 3, "visibility": 6}, {"time": 1424628000, "summary": "Rain", "icon": "rain", "precipIntensity": 0.0638, "precipProbability": 0.74, "precipType": "rain", "temperature": 45.94, "apparentTemperature": 45.94, "dewPoint": 36.64, "humidity": 0.7, "pressure": 1022.37, "windSpeed": 2, "windGust": 7.14, "windBearing": 6, "cloudCover": 0.18, "uvIndex": 4, "visibility": 7.17}, {"time": 1424631600, "summary": "Light Rain", "icon": "rain", "precipIntensity": 0.0404, "precipProbability": 0.58, "precipType": "rain", "temperature": 47.4, "apparentTemperature": 47.4, "dewPoint": 35.7, "humidity": 0.64, "pressure": 1021.85, "windSpeed": 1.44, "windGust": 5.61, "windBearing": 351, "cloudCover": 0.1, "uvIndex": 3, "visibility": 7.57}, {"time": 1424635200, "summary": "Clear", "icon": "clear-day", "precipIntensity": 0.0206, "precipProbability": 0.52, "precipType": "rain", "temperature": 47.59, "apparentTemperature": 47.59, "dewPoint": 34.42, "humidity": 0.6, "pressure": 1021.91, "windSpeed": 1.4, "windGust": 6.04, "windBearing": 334, "cloudCover": 0.21, "uvIndex": 2, "visibility": 7.96}, {"time": 1424638800, "summary": "Clear", "icon": "clear-day", "precipIntensity": 0.0077, "precipProbability": 0.42, "precipType": "rain", "temperature": 47.06, "apparentTemperature": 47.06, "dewPoint": 33.8, "humidity": 0.6, "pressure": 1022.03, "windSpeed": 0.84, "windGust": 4.53, "windBearing": 340, "cloudCover": 0.21, "uvIndex": 1, "visibility": 8.16}, {"time": 1424642400, "summary": "Clear", "icon": "clear-day", "precipIntensity": 0.0026, "precipProbability": 0.28, "precipType": "rain", "temperature": 45.47, "apparentTemperature": 45.47, "dewPoint": 33.27, "humidity": 0.62, "pressure": 1022.19, "windSpeed": 0.12, "windGust": 1.3, "windBearing": 358, "cloudCover": 0.21, "uvIndex": 0, "visibility": 8.08}, {"time": 1424646000, "summary": "Partly Cloudy", "icon": "partly-cloudy-night", "precipIntensity": 0.0008, "precipProbability": 0.12, "precipType": "rain", "temperature": 42.19, "apparentTemperature": 42.19, "dewPoint": 32.81, "humidity": 0.69, "pressure": 1022.62, "windSpeed": 0, "windGust": 0.12, "cloudCover": 0.31, "uvIndex": 0, "visibility": 6.76}, {"time": 1424649600, "summary": "Partly Cloudy", "icon": "partly-cloudy-night", "precipIntensity": 0, "precipProbability": 0, "temperature": 38.41, "apparentTemperature": 38.41, "dewPoint": 31.69, "humidity": 0.77, "pressure": 1023.16, "windSpeed": 0, "windGust": 0.01, "cloudCover": 0.28, "uvIndex": 0, "visibility": 8.29}, {"time": 1424653200, "summary": "Partly Cloudy", "icon": "partly-cloudy-night", "precipIntensity": 0, "precipProbability": 0, "temperature": 35.8, "apparentTemperature": 35.8, "dewPoint": 30.96, "humidity": 0.82, "pressure": 1023.42, "windSpeed": 0, "windGust": 0.03, "cloudCover": 0.3, "uvIndex": 0, "visibility": 8.72}, {"time": 1424656800, "summary": "Partly Cloudy", "icon": "partly-cloudy-night", "precipIntensity": 0, "precipProbability": 0, "temperature": 34.77, "apparentTemperature": 34.77, "dewPoint": 30.58, "humidity": 0.84, "pressure": 1024.42, "windSpeed": 0, "windGust": 0.19, "cloudCover": 0.48, "uvIndex": 0, "visibility": 7.45}, {"time": 1424660400, "summary": "Mostly Cloudy", "icon": "partly-cloudy-night", "precipIntensity": 0, "precipProbability": 0, "temperature": 35.9, "apparentTemperature": 35.9, "dewPoint": 31.24, "humidity": 0.83, "pressure": 1024.71, "windSpeed": 0.16, "windGust": 1.01, "windBearing": 324, "cloudCover": 0.84, "uvIndex": 0, "visibility": 6.5}, {"time": 1424664000, "summary": "Overcast", "icon": "cloudy", "precipIntensity": 0, "precipProbability": 0, "temperature": 37.13, "apparentTemperature": 37.13, "dewPoint": 31.26, "humidity": 0.79, "pressure": 1024.87, "windSpeed": 0.65, "windGust": 1.93, "windBearing": 336, "cloudCover": 0.99, "uvIndex": 0, "visibility": 5.22}]}, "daily": {"data": [{"time": 1424581200, "summary": "Rain until afternoon.", "icon": "rain", "sunriseTime": 1424605908, "sunsetTime": 1424645653, "moonPhase": 0.14, "precipIntensity": 0.0106, "precipIntensityMax": 0.0638, "precipIntensityMaxTime": 1424628000, "precipProbability": 0.74, "precipType": "rain", "temperatureHigh": 47.59, "temperatureHighTime": 1424635200, "temperatureLow": 32.86, "temperatureLowTime": 1424696400, "apparentTemperatureHigh": 47.59, "apparentTemperatureHighTime": 1424635200, "apparentTemperatureLow": 28.11, "apparentTemperatureLowTime": 1424696400, "dewPoint": 32.86, "humidity": 0.83, "pressure": 1022.02, "windSpeed": 0.26, "windGust": 7.14, "windGustTime": 1424628000, "windBearing": 341, "cloudCover": 0.69, "uvIndex": 4, "uvIndexTime": 1424628000, "visibility": 5.3, "temperatureMin": 33.31, "temperatureMinTime": 1424581200, "temperatureMax": 47.59, "temperatureMaxTime": 1424635200, "apparentTemperatureMin": 33.31, "apparentTemperatureMinTime": 1424581200, "apparentTemperatureMax": 47.59, "apparentTemperatureMaxTime": 1424635200}]}, "flags": {"sources": ["cmc", "gfs", "hrrr", "icon", "isd", "madis", "nam", "sref"], "nearest-station": 0.675, "units": "us"}, "offset": -5}