{"latitude": 38.912659, "longitude": -77.017669, "timezone": "America/New_York", "currently": {"time": 1458360000, "summary": "Clear", "icon": "clear-night", "precipIntensity": 0, "precipProbability": 0, "temperature": 51.11, "apparentTemperature": 51.11, "dewPoint": 26.38, "humidity": 0.38, "pressure": 1014.26, "windSpeed": 0.55, "windGust": 1.79, "windBearing": 292, "cloudCover": 0.1, "uvIndex": 0, "visibility": 8.18}, "hourly": {"summary": "Light rain starting in the afternoon, continuing until evening.", "icon": "rain", "data": [{"time": 1458360000, "summary": "Clear", "icon": "clear-night", "precipIntensity": 0, "precipProbability": 0, "temperature": 51.11, "apparentTemperature": 51.11, "dewPoint": 26.38, "humidity": 0.38, "pressure": 1014.26, "windSpeed": 0.55, "windGust": 1.79, "windBearing": 292, "cloudCover": 0.1, "uvIndex": 0, "visibility": 8.18}, {"time": 1458363600, "summary": "Clear", "icon": "clear-night", "precipIntensity": 0, "precipProbability": 0, "temperature": 50.66, "apparentTemperature": 50.66, "dewPoint": 26.32, "humidity": 0.39, "pressure": 1014.68, "windSpeed": 1.34, "windGust": 4, "windBearing": 323, "cloudCover": 0.02, "uvIndex": 0, "visibility": 8.5}, {"time": 1458367200, "summary": "Clear", "icon": "clear-night", "precipIntensity": 0, "precipProbability": 0, "temperature": 50.47, "apparentTemperature": 50.47, "dewPoint": 27.44, "humidity": 0.41, "pressure": 1015.73, "windSpeed": 2.14, "windGust": 5.77, "windBearing": 356, "cloudCover": 0.1, "uvIndex": 0, "visibility": 7.84}, {"time": 1458370800, "summary": "Clear", "icon": "clear-night", "precipIntensity": 0, "precipProbability": 0, "temperature": 48.61, "apparentTemperature": 48.61, "dewPoint": 28.65, "humidity": 0.46, "pressure": 1016.59, "windSpeed": 2.1, "windGust": 6.32, "windBearing": 2, "cloudCover": 0.18, "uvIndex": 0, "visibility": 7.53}, {"time": 1458374400, "summary": "Clear", "icon": "clear-night", "precipIntensity": 0, "precipProbability": 0, "temperature": 46.8, "apparentTemperature": 46.8, "dewPoint": 29.17, "humidity": 0.5, "pressure": 1016.74, "windSpeed": 0.91, "windGust": 2.97, "windBearing": 11, "cloudCover": 0.05, "uvIndex": 0, "visibility": 7.31}, {"time": 1458378000, "summary": "Clear", "icon": "clear-night", "precipIntensity": 0, "precipProbability": 0, "temperature": 44.77, "apparentTemperature": 44.77, "dewPoint": 29.26, "humidity": 0.54, "pressure": 1017.45, "windSpeed": 0.29, "windGust": 1.59, "windBearing": 23, "cloudCover": 0.13, "uvIndex": 0, "visibility": 7.22}, {"time": 1458381600, "summary": "Partly Cloudy", "icon": "partly-cloudy-night", "precipIntensity": 0, "precipProbability": 0, "temperature": 43.78, "apparentTemperature": 43.78, "dewPoint": 30, "humidity": 0.58, "pressure": 1018.02, "windSpeed": 0.53, "windGust": 2.26, "windBearing": 50, "cloudCover": 0.33, "uvIndex": 0, "visibility": 7.14}, {"time": 1458385200, "summary": "Partly Cloudy", "icon": "partly-cloudy-night", "precipIntensity": 0, "precipProbability": 0, "temperature": 43.41, "apparentTemperature": 43.41, "dewPoint": 30.47, "humidity": 0.6, "pressure": 1018.76, "windSpeed": 0.79, "windGust": 3.01, "windBearing": 56, "cloudCover": 0.3, "uvIndex": 0, "visibility": 7.14}, {"time": 1458388800, "summary": "Mostly Cloudy", "icon": "partly-cloudy-day", "precipIntensity": 0, "precipProbability": 0, "temperature": 43.74, "apparentTemperature": 43.74, "dewPoint": 31.09, "humidity": 0.61, "pressure": 1019.39, "windSpeed": 1.12, "windGust": 3.72, "windBearing": 64, "cloudCover": 0.74, "uvIndex": 0, "visibility": 7.95}, {"time": 1458392400, "summary": "Mostly Cloudy", "icon": "partly-cloudy-day", "precipIntensity": 0, "precipProbability": 0, "temperature": 44, "apparentTemperature": 44, "dewPoint": 31.62, "humidity": 0.61, "pressure": 1020.28, "windSpeed": 1.32, "windGust": 4.14, "windBearing": 74, "cloudCover": 0.8, "uvIndex": 1, "visibility": 7.5}, {"time": 1458396000, "summary": "Mostly Cloudy", "icon": "partly-cloudy-day", "precipIntensity": 0, "precipProbability": 0, "temperature": 44.15, "apparentTemperature": 44.15, "dewPoint": 32.17, "humidity": 0.63, "pressure": 1019.8, "windSpeed": 2.84, "windGust": 8.47, "windBearing": 52, "cloudCover": 0.89, "uvIndex": 2, "visibility": 8}, {"time": 1458399600, "summary": "Mostly Cloudy", "icon": "partly-cloudy-day", "precipIntensity": 0, "precipProbability": 0, "temperature": 44.29, "apparentTemperature": 44.29, "dewPoint": 32.19, "humidity": 0.62, "pressure": 1020.11, "windSpeed": 2.53, "windGust": 6.54, "windBearing": 48, "cloudCover": 0.73, "uvIndex": 3, "visibility": 7.96}, {"time": 1458403200, "summary": "Mostly Cloudy", "icon": "partly-cloudy-day", "precipIntensity": 0, "precipProbability": 0, "temperature": 43.41, "apparentTemperature": 43.41, "dewPoint": 33.18, "humidity": 0.67, "pressure": 1019.68, "windSpeed": 1.81, "windGust": 6.17, "windBearing": 53, "cloudCover": 0.9, "uvIndex": 4, "visibility": 6.88}, {"time": 1458406800, "summary": "Light Rain", "icon": "rain", "precipIntensity": 0.0136, "precipProbability": 0.83, "precipType": "rain", "temperature": 40.94, "apparentTemperature": 40.94, "dewPoint": 34.78, "humidity": 0.78, "pressure": 1019.81, "windSpeed": 0.9, "windGust": 4.08, "windBearing": 41, "cloudCover": 0.96, "uvIndex": 4, "visibility": 7.09}, {"time": 1458410400, "summary": "Light Rain", "icon": "rain", "precipIntensity": 0.0233, "precipProbability": 0.79, "precipType": "rain", "temperature": 39.88, "apparentTemperature": 39.88, "dewPoint": 34.96, "humidity": 0.82, "pressure": 1019.86, "windSpeed": 0.79, "windGust": 3.2, "windBearing": 50, "cloudCover": 0.95, "uvIndex": 4, "visibility": 7.24}, {"time": 1458414000, "summary": "Light Rain", "icon": "rain", "precipIntensity": 0.0219, "precipProbability": 0.93, "precipType": "rain", "temperature": 39, "apparentTemperature": 39, "dewPoint": 35.02, "humidity": 0.86, "pressure": 1019.08, "windSpeed": 1.07, "windGust": 2.83, "windBearing": 55, "cloudCover": 0.95, "uvIndex": 3, "visibility": 6.23}, {"time": 1458417600, "summary": "Light Rain", "icon": "rain", "precipIntensity": 0.0272, "precipProbability": 0.94, "precipType": "rain", "temperature": 38.32, "apparentTemperature": 38.32, "dewPoint": 34.93, "humidity": 0.87, "pressure": 1018.63, "windSpeed": 1.28, "windGust": 3.4, "windBearing": 53, "cloudCover": 1, "uvIndex": 2, "visibility": 5.4}, {"time": 1458421200, "summary": "Light Rain", "icon": "rain", "precipIntensity": 0.0174, "precipProbability": 0.91, "precipType": "rain", "temperature": 38.15, "apparentTemperature": 38.15, "dewPoint": 35.03, "humidity": 0.88, "pressure": 1018.18, "windSpeed": 1.18, "windGust": 3.94, "windBearing": 47, "cloudCover": 1, "uvIndex": 1, "visibility": 6.67}, {"time": 1458424800, "summary": "Light Rain", "icon": "rain", "precipIntensity": 0.0162, "precipProbability": 0.93, "precipType": "rain", "temperature": 37.58, "apparentTemperature": 37.58, "dewPoint": 34.43, "humidity": 0.88, "pressure": 1019.35, "windSpeed": 0.69, "windGust": 2.41, "windBearing": 28, "cloudCover": 1, "uvIndex": 0, "visibility": 4.34}, {"time": 1458428400, "summary": "Light Rain", "icon": "rain", "precipIntensity": 0.0337, "precipProbability": 0.98, "precipType": "rain", "temperature": 36.45, "apparentTemperature": 36.45, "dewPoint": 33.59, "humidity": 0.89, "pressure": 1018.86, "windSpeed": 0.9, "windGust": 2.97, "windBearing": 41, "cloudCover": 0.94, "uvIndex": 0, "visibility": 4.2}, {"time": 1458432000, "summary": "Light Rain", "icon": "rain", "precipIntensity": 0.0148, "precipProbability": 0.87, "precipType": "rain", "temperature": 36.34, "apparentTemperature": 36.34, "dewPoint": 33.79, "humidity": 0.9, "pressure": 1019.23, "windSpeed": 0.69, "windGust": 2.39, "windBearing": 358, "cloudCover": 1, "uvIndex": 0, "visibility": 6.26}, {"time": 1458435600, "summary": "Overcast", "icon": "cloudy", "precipIntensity": 0.0034, "precipProbability": 0.64, "precipType": "rain", "temperature": 36.28, "apparentTemperature": 36.28, "dewPoint": 33.73, "humidity": 0.9, "pressure": 1019.71, "windSpeed": 0.71, "windGust": 2.04, "windBearing": 15, "cloudCover": 1, "uvIndex": 0, "visibility": 6.06}, {"time": 1458439200, "summary": "Overcast", "icon": "cloudy", "precipIntensity": 0.0029, "precipProbability": 0.5, "precipType": "rain", "temperature": 36.2, "apparentTemperature": 36.2, "dewPoint": 33.59, "humidity": 0.9, "pressure": 1019.43, "windSpeed": 0.83, "windGust": 2.99, "windBearing": 21, "cloudCover": 0.97, "uvIndex": 0, "visibility": 7.19}, {"time": 1458442800, "summary": "Overcast", "icon": "cloudy", "precipIntensity": 0.0004, "precipProbability": 0.14, "precipType": "rain", "temperature": 36.3, "apparentTemperature": 36.3, "dewPoint": 33.62, "humidity": 0.9, "pressure": 1019.22, "windSpeed": 0.4, "windGust": 1.85, "windBearing": 10, "cloudCover": 0.94, "uvIndex": 0, "visibility": 6.73}]}, "daily": {"data": [{"time": 1458360000, "summary": "Light rain starting in the afternoon, continuing until evening.", "icon": "rain", "sunriseTime": 1458385995, "sunsetTime": 1458429629, "moonPhase": 0.38, "precipIntensity": 0.0073, "precipIntensityMax": 0.0337, "precipIntensityMaxTime": 1458428400, "precipProbability": 0.98, "precipType": "rain", "temperatureHigh": 44.29, "temperatureHighTime": 1458399600, "temperatureLow": 36.2, "temperatureLowTime": 1458439200, "apparentTemperatureHigh": 44.29, "apparentTemperatureHighTime": 1458399600, "apparentTemperatureLow": 36.2, "apparentTemperatureLowTime": 1458439200, "dewPoint": 31.89, "humidity": 0.69, "pressure": 1018.45, "windSpeed": 1, "windGust": 8.47, "windGustTime": 1458396000, "windBearing": 33, "cloudCover": 0.67, "uvIndex": 4, "uvIndexTime": 1458403200, "visibility": 6.94, "temperatureMin": 36.2, "temperatureMinTime": 1458439200, "temperatureMax": 51.11, "temperatureMaxTime": 1458360000, "apparentTemperatureMin": 36.2, "apparentTemperatureMinTime": 1458439200, "apparentTemperatureMax": 51.11, "apparentTemperatureMaxTime": 1458360000}]}, "flags": {"sources": ["cmc", "gfs", "hrrr", "icon", "isd", "madis", "nam", "sref"], "nearest-station": 1.106, "units": "us"}, "offset": -4}