{"latitude": 38.912659, "longitude": -77.017669, "timezone": "America/New_York", "currently": {"time": 1461297600, "summary": "Partly Cloudy", "icon": "partly-cloudy-night", "precipIntensity": 0, "precipProbability": 0, "temperature": 65.83, "apparentTemperature": 65.83, "dewPoint": 56.29, "humidity": 0.71, "pressure": 1015.02, "windSpeed": 0.42, "windGust": 1.49, "windBearing": 175, "cloudCover": 0.53, "uvIndex": 0, "visibility": 8.75}, "hourly": {"summary": "Mostly cloudy until night.", "icon": "partly-cloudy-day", "data": [{"time": 1461297600, "summary": "Partly Cloudy", "icon": "partly-cloudy-night", "precipIntensity": 0, "precipProbability": 0, "temperature": 65.83, "apparentTemperature": 65.83, "dewPoint": 56.29, "humidity": 0.71, "pressure": 1015.02, "windSpeed": 0.42, "windGust": 1.49, "windBearing": 175, "cloudCover": 0.53, "uvIndex": 0, "visibility": 8.75}, {"time": 1461301200, "summary": "Partly Cloudy", "icon": "partly-cloudy-night", "precipIntensity": 0, "precipProbability": 0, "temperature": 66.24, "apparentTemperature": 66.24, "dewPoint": 56.49, "humidity": 0.71, "pressure": 1014.82, "windSpeed": 0.89, "windGust": 3.18, "windBearing": 188, "cloudCover": 0.51, "uvIndex": 0, "visibility": 8.22}, {"time": 1461304800, "summary": "Partly Cloudy", "icon": "partly-cloudy-night", "precipIntensity": 0, "precipProbability": 0, "temperature": 66.35, "apparentTemperature": 66.35, "dewPoint": 56.81, "humidity": 0.71, "pressure": 1014.55, "windSpeed": 1.24, "windGust": 3.77, "windBearing": 193, "cloudCover": 0.45, "uvIndex": 0, "visibility": 7.84}, {"time": 1461308400, "summary": "Partly Cloudy", "icon": "partly-cloudy-night", "precipIntensity": 0, "precipProbability": 0, "temperature": 66.34, "apparentTemperature": 66.34, "dewPoint": 57.48, "humidity": 0.73, "pressure": 1013.88, "windSpeed": 1.31, "windGust": 4.95, "windBearing": 190, "cloudCover": 0.57, "uvIndex": 0, "visibility": 8.98}, {"time": 1461312000, "summary": "Mostly Cloudy", "icon": "partly-cloudy-night", "precipIntensity": 0, "precipProbability": 0, "temperature": 66.16, "apparentTemperature": 66.16, "dewPoint": 58.07, "humidity": 0.75, "pressure": 1013.66, "windSpeed": 1.65, "windGust": 5.76, "windBearing": 196, "cloudCover": 0.64, "uvIndex": 0, "visibility": 8.61}, {"time": 1461315600, "summary": "Mostly Cloudy", "icon": "partly-cloudy-night", "precipIntensity": 0, "precipProbability": 0, "temperature": 65.72, "apparentTemperature": 65.72, "dewPoint": 58.31, "humidity": 0.77, "pressure": 1013.36, "windSpeed": 1.79, "windGust": 5.79, "windBearing": 200, "cloudCover": 0.63, "uvIndex": 0, "visibility": 8.37}, {"time": 1461319200, "summary": "Clear", "icon": "clear-night", "precipIntensity": 0, "precipProbability": 0, "temperature": 64.81, "apparentTemperature": 64.81, "dewPoint": 58.3, "humidity": 0.79, "pressure": 1013.36, "windSpeed": 2.09, "windGust": 6.81, "windBearing": 200, "cloudCover": 0.11, "uvIndex": 0, "visibility": 8.59}, {"time": 1461322800, "summary": "Clear", "icon": "clear-day", "precipIntensity": 0, "precipProbability": 0, "temperature": 64.14, "apparentTemperature": 64.14, "dewPoint": 58.18, "humidity": 0.81, "pressure": 1013.78, "windSpeed": 1.66, "windGust": 5.95, "windBearing": 202, "cloudCover": 0.15, "uvIndex": 0, "visibility": 8.59}, {"time": 1461326400, "summary": "Partly Cloudy", "icon": "partly-cloudy-day", "precipIntensity": 0, "precipProbability": 0, "temperature": 65.29, "apparentTemperature": 65.29, "dewPoint": 58.55, "humidity": 0.79, "pressure": 1013.88, "windSpeed": 2.4, "windGust": 7.86, "windBearing": 207, "cloudCover": 0.31, "uvIndex": 1, "visibility": 9.05}, {"time": 1461330000, "summary": "Partly Cloudy", "icon": "partly-cloudy-day", "precipIntensity": 0, "precipProbability": 0, "temperature": 67.12, "apparentTemperature": 67.12, "dewPoint": 58.78, "humidity": 0.75, "pressure": 1013.94, "windSpeed": 2.56, "windGust": 7.61, "windBearing": 224, "cloudCover": 0.34, "uvIndex": 2, "visibility": 8.2}, {"time": 1461333600, "summary": "Mostly Cloudy", "icon": "partly-cloudy-day", "precipIntensity": 0, "precipProbability": 0, "temperature": 68.2, "apparentTemperature": 68.2, "dewPoint": 58.42, "humidity": 0.71, "pressure": 1014, "windSpeed": 2, "windGust": 7.09, "windBearing": 229, "cloudCover": 0.61, "uvIndex": 3, "visibility": 7.66}, {"time": 1461337200, "summary": "Mostly Cloudy", "icon": "partly-cloudy-day", "precipIntensity": 0, "precipProbability": 0, "temperature": 69.92, "apparentTemperature": 69.92, "dewPoint": 58.65, "humidity": 0.67, "pressure": 1014.01, "windSpeed": 2.12, "windGust": 6.79, "windBearing": 232, "cloudCover": 0.7, "uvIndex": 5, "visibility": 8.28}, {"time": 1461340800, "summary": "Partly Cloudy", "icon": "partly-cloudy-day", "precipIntensity": 0, "precipProbability": 0, "temperature": 71.64, "apparentTemperature": 71.64, "dewPoint": 56.9, "humidity": 0.6, "pressure": 1013.83, "windSpeed": 7.7, "windBearing": 234, "cloudCover": 0.45, "uvIndex": 7, "visibility": 10}, {"time": 1461344400, "summary": "Mostly Cloudy", "icon": "partly-cloudy-day", "precipIntensity": 0, "precipProbability": 0, "temperature": 71.86, "apparentTemperature": 71.86, "dewPoint": 58.54, "humidity": 0.63, "pressure": 1013.86, "windSpeed": 1.66, "windGust": 5.66, "windBearing": 258, "cloudCover": 0.77, "uvIndex": 6, "visibility": 8.26}, {"time": 1461348000, "summary": "Mostly Cloudy", "icon": "partly-cloudy-day", "precipIntensity": 0, "precipProbability": 0, "temperature": 70.35, "apparentTemperature": 70.35, "dewPoint": 58.74, "humidity": 0.67, "pressure": 1013.64, "windSpeed": 1.25, "windGust": 5.22, "windBearing": 254, "cloudCover": 0.83, "uvIndex": 5, "visibility": 8.72}, {"time": 1461351600, "summary": "Mostly Cloudy", "icon": "partly-cloudy-day", "precipIntensity": 0, "precipProbability": 0, "temperature": 70.06, "apparentTemperature": 70.06, "dewPoint": 59.01, "humidity": 0.68, "pressure": 1012.94, "windSpeed": 1.24, "windGust": 5.42, "windBearing": 218, "cloudCover": 0.64, "uvIndex": 5, "visibility": 8.21}, {"time": 1461355200, "summary": "Mostly Cloudy", "icon": "partly-cloudy-day", "precipIntensity": 0, "precipProbability": 0, "temperature": 71.45, "apparentTemperature": 71.45, "dewPoint": 59.41, "humidity": 0.66, "pressure": 1012.07, "windSpeed": 2.22, "windGust": 7.6, "windBearing": 196, "cloudCover": 0.78, "uvIndex": 4, "visibility": 8.12}, {"time": 1461358800, "summary": "Mostly Cloudy", "icon": "partly-cloudy-day", "precipIntensity": 0, "precipProbability": 0, "temperature": 72, "apparentTemperature": 72, "dewPoint": 59.16, "humidity": 0.64, "pressure": 1011.58, "windSpeed": 2.17, "windGust": 6.83, "windBearing": 212, "cloudCover": 0.76, "uvIndex": 2, "visibility": 8.13}, {"time": 1461362400, "summary": "Partly Cloudy", "icon": "partly-cloudy-day", "precipIntensity": 0, "precipProbability": 0, "temperature": 71.04, "apparentTemperature": 71.04, "dewPoint": 59.5, "humidity": 0.67, "pressure": 1011.61, "windSpeed": 1.64, "windGust": 6.18, "windBearing": 199, "cloudCover": 0.51, "uvIndex": 1, "visibility": 8.59}, {"time": 1461366000, "summary": "Mostly Cloudy", "icon": "partly-cloudy-day", "precipIntensity": 0, "precipProbability": 0, "temperature": 69.18, "apparentTemperature": 69.22, "dewPoint": 60.04, "humidity": 0.73, "pressure": 1011.59, "windSpeed": 1.56, "windGust": 4.98, "windBearing": 196, "cloudCover": 0.63, "uvIndex": 0, "visibility": 7.98}, {"time": 1461369600, "summary": "Mostly Cloudy", "icon": "partly-cloudy-night", "precipIntensity": 0, "precipProbability": 0, "temperature": 67.28, "apparentTemperature": 67.41, "dewPoint": 60.45, "humidity": 0.79, "pressure": 1011.31, "windSpeed": 1.23, "windGust": 4.84, "windBearing": 193, "cloudCover": 0.74, "uvIndex": 0, "visibility": 7.49}, {"time": 1461373200, "summary": "Mostly Cloudy", "icon": "partly-cloudy-night", "precipIntensity": 0, "precipProbability": 0, "temperature": 65.99, "apparentTemperature": 66.19, "dewPoint": 60.64, "humidity": 0.83, "pressure": 1011.44, "windSpeed": 1.3, "windGust": 4.21, "windBearing": 186, "cloudCover": 0.87, "uvIndex": 0, "visibility": 9.34}, {"time": 1461376800, "summary": "Mostly Cloudy", "icon": "partly-cloudy-night", "precipIntensity": 0, "precipProbability": 0, "temperature": 65.25, "apparentTemperature": 65.45, "dewPoint": 60.47, "humidity": 0.85, "pressure": 1011.3, "windSpeed": 0.71, "windGust": 2.6, "windBearing": 188, "cloudCover": 0.84, "uvIndex": 0, "visibility": 8.12}, {"time": 1461380400, "summary": "Mostly Cloudy", "icon": "partly-cloudy-night", "precipIntensity": 0, "precipProbability": 0, "temperature": 64.55, "apparentTemperature": 64.77, "dewPoint": 60.45, "humidity": 0.87, "pressure": 1010.98, "windSpeed": 0.39, "windGust": 1.3, "windBearing": 188, "cloudCover": 0.88, "uvIndex": 0, "visibility": 7.41}]}, "daily": {"data": [{"time": 1461297600, "summary": "Mostly cloudy in the morning.", "icon": "partly-cloudy-night", "sunriseTime": 1461320512, "sunsetTime": 1461369193, "moonPhase": 0.52, "precipIntensity": 0, "precipIntensityMax": 0, "precipProbability": 0, "temperatureHigh": 72, "temperatureHighTime": 1461358800, "temperatureLow": 61.03, "temperatureLowTime": 1461409200, "apparentTemperatureHigh": 72, "apparentTemperatureHighTime": 1461358800, "apparentTemperatureLow": 61.05, "apparentTemperatureLowTime": 1461409200, "dewPoint": 58.65, "humidity": 0.73, "pressure": 1013.1, "windSpeed": 1.69, "windGust": 7.86, "windGustTime": 1461326400, "windBearing": 213, "cloudCover": 0.59, "uvIndex": 7, "uvIndexTime": 1461340800, "visibility": 8.4, "temperatureMin": 64.14, "temperatureMinTime": 1461322800, "temperatureMax": 72, "temperatureMaxTime": 1461358800, "apparentTemperatureMin": 64.14, "apparentTemperatureMinTime": 1461322800, "apparentTemperatureMax": 72, "apparentTemperatureMaxTime": 1461358800}]}, "flags": {"sources": ["cmc", "gfs", "hrrr", "icon", "isd", "madis", "nam", "sref"], "nearest-station": 1.106, "units": "us"}, "offset": -4}