{"latitude": 38.912659, "longitude": -77.017669, "timezone": "America/New_York", "currently": {"time": 1460952000, "summary": "Clear", "icon": "clear-night", "precipIntensity": 0, "precipProbability": 0, "temperature": 54.13, "apparentTemperature": 54.13, "dewPoint": 39.3, "humidity": 0.57, "pressure": 1025.57, "windSpeed": 0, "windGust": 0.17, "cloudCover": 0.13, "uvIndex": 0, "visibility": 7.11}, "hourly": {"summary": "Partly cloudy starting in the evening.", "icon": "partly-cloudy-night", "data": [{"time": 1460952000, "summary": "Clear", "icon": "clear-night", "precipIntensity": 0, "precipProbability": 0, "temperature": 54.13, "apparentTemperature": 54.13, "dewPoint": 39.3, "humidity": 0.57, "pressure": 1025.57, "windSpeed": 0, "windGust": 0.17, "cloudCover": 0.13, "uvIndex": 0, "visibility": 7.11}, {"time": 1460955600, "summary": "Clear", "icon": "clear-night", "precipIntensity": 0, "precipProbability": 0, "temperature": 52.45, "apparentTemperature": 52.45, "dewPoint": 39.54, "humidity": 0.61, "pressure": 1025.41, "windSpeed": 0, "windGust": 0.06, "cloudCover": 0.13, "uvIndex": 0, "visibility": 7.05}, {"time": 1460959200, "summary": "Partly Cloudy", "icon": "partly-cloudy-night", "precipIntensity": 0, "precipProbability": 0, "temperature": 51.74, "apparentTemperature": 51.74, "dewPoint": 39.35, "humidity": 0.63, "pressure": 1024.9, "windSpeed": 0, "windGust": 0.04, "cloudCover": 0.36, "uvIndex": 0, "visibility": 6.18}, {"time": 1460962800, "summary": "Clear", "icon": "clear-night", "precipIntensity": 0, "precipProbability": 0, "temperature": 50.86, "apparentTemperature": 50.86, "dewPoint": 39.13, "humidity": 0.64, "pressure": 1024.32, "windSpeed": 0, "windGust": 0.07, "cloudCover": 0.11, "uvIndex": 0, "visibility": 7.49}, {"time": 1460966400, "summary": "Clear", "icon": "clear-night", "precipIntensity": 0, "precipProbability": 0, "temperature": 49.65, "apparentTemperature": 49.65, "dewPoint": 38.86, "humidity": 0.66, "pressure": 1024.1, "windSpeed": 0, "windGust": 0.09, "cloudCover": 0.09, "uvIndex": 0, "visibility": 8.27}, {"time": 1460970000, "summary": "Clear", "icon": "clear-night", "precipIntensity": 0, "precipProbability": 0, "temperature": 49.06, "apparentTemperature": 49.06, "dewPoint": 38.82, "humidity": 0.68, "pressure": 1024.05, "windSpeed": 0, "windGust": 0.12, "cloudCover": 0, "uvIndex": 0, "visibility": 8.26}, {"time": 1460973600, "summary": "Clear", "icon": "clear-night", "precipIntensity": 0, "precipProbability": 0, "temperature": 48.7, "apparentTemperature": 48.7, "dewPoint": 38.82, "humidity": 0.69, "pressure": 1024.4, "windSpeed": 0.01, "windGust": 0.2, "windBearing": 270, "cloudCover": 0.04, "uvIndex": 0, "visibility": 6.88}, {"time": 1460977200, "summary": "Clear", "icon": "clear-day", "precipIntensity": 0, "precipProbability": 0, "temperature": 48.9, "apparentTemperature": 48.9, "dewPoint": 39.2, "humidity": 0.69, "pressure": 1024.87, "windSpeed": 0.01, "windGust": 0.35, "windBearing": 294, "cloudCover": 0.1, "uvIndex": 0, "visibility": 10}, {"time": 1460980800, "summary": "Clear", "icon": "clear-day", "precipIntensity": 0, "precipProbability": 0, "temperature": 56.5, "apparentTemperature": 56.5, "dewPoint": 42.52, "humidity": 0.59, "pressure": 1025.06, "windSpeed": 0.17, "windGust": 0.84, "windBearing": 315, "cloudCover": 0.1, "uvIndex": 1, "visibility": 10}, {"time": 1460984400, "summary": "Clear", "icon": "clear-day", "precipIntensity": 0, "precipProbability": 0, "temperature": 65.15, "apparentTemperature": 65.15, "dewPoint": 42.55, "humidity": 0.44, "pressure": 1024.97, "windSpeed": 0.57, "windGust": 2.61, "windBearing": 347, "cloudCover": 0.03, "uvIndex": 2, "visibility": 10}, {"time": 1460988000, "summary": "Clear", "icon": "clear-day", "precipIntensity": 0, "precipProbability": 0, "temperature": 71.26, "apparentTemperature": 71.26, "dewPoint": 39.07, "humidity": 0.31, "pressure": 1024.62, "windSpeed": 0.89, "windGust": 4.72, "windBearing": 0, "cloudCover": 0.01, "uvIndex": 4, "visibility": 8.51}, {"time": 1460991600, "summary": "Clear", "icon": "clear-day", "precipIntensity": 0, "precipProbability": 0, "temperature": 75.52, "apparentTemperature": 75.52, "dewPoint": 39.33, "humidity": 0.27, "pressure": 1024.19, "windSpeed": 0.78, "windGust": 4.94, "windBearing": 1, "cloudCover": 0.17, "uvIndex": 6, "visibility": 8.88}, {"time": 1460995200, "summary": "Clear", "icon": "clear-day", "precipIntensity": 0, "precipProbability": 0, "temperature": 78.36, "apparentTemperature": 78.36, "dewPoint": 40.78, "humidity": 0.26, "pressure": 1023.62, "windSpeed": 1.09, "windGust": 6.41, "windBearing": 332, "cloudCover": 0.06, "uvIndex": 8, "visibility": 8.14}, {"time": 1460998800, "summary": "Clear", "icon": "clear-day", "precipIntensity": 0, "precipProbability": 0, "temperature": 80.7, "apparentTemperature": 80.7, "dewPoint": 41.28, "humidity": 0.25, "pressure": 1022.87, "windSpeed": 2.04, "windGust": 8.22, "windBearing": 338, "cloudCover": 0.05, "uvIndex": 9, "visibility": 8.34}, {"time": 1461002400, "summary": "Clear", "icon": "clear-day", "precipIntensity": 0, "precipProbability": 0, "temperature": 81.75, "apparentTemperature": 81.75, "dewPoint": 40.65, "humidity": 0.23, "pressure": 1022.33, "windSpeed": 2.49, "windGust": 10.11, "windBearing": 342, "cloudCover": 0.03, "uvIndex": 8, "visibility": 8.54}, {"time": 1461006000, "summary": "Clear", "icon": "clear-day", "precipIntensity": 0, "precipProbability": 0, "temperature": 82.41, "apparentTemperature": 82.41, "dewPoint": 40.14, "humidity": 0.22, "pressure": 1021.6, "windSpeed": 2.71, "windGust": 9.96, "windBearing": 338, "cloudCover": 0.04, "uvIndex": 7, "visibility": 7.83}, {"time": 1461009600, "summary": "Clear", "icon": "clear-day", "precipIntensity": 0, "precipProbability": 0, "temperature": 83.2, "apparentTemperature": 83.2, "dewPoint": 39.39, "humidity": 0.21, "pressure": 1020.85, "windSpeed": 2.58, "windGust": 9.66, "windBearing": 339, "cloudCover": 0.01, "uvIndex": 5, "visibility": 7.66}, {"time": 1461013200, "summary": "Clear", "icon": "clear-day", "precipIntensity": 0, "precipProbability": 0, "temperature": 83.36, "apparentTemperature": 83.36, "dewPoint": 39.43, "humidity": 0.21, "pressure": 1020.36, "windSpeed": 1.84, "windGust": 7.56, "windBearing": 353, "cloudCover": 0.03, "uvIndex": 3, "visibility": 7.83}, {"time": 1461016800, "summary": "Clear", "icon": "clear-day", "precipIntensity": 0, "precipProbability": 0, "temperature": 82.75, "apparentTemperature": 82.75, "dewPoint": 38.95, "humidity": 0.21, "pressure": 1019.75, "windSpeed": 0.72, "windGust": 4.9, "windBearing": 9, "cloudCover": 0.07, "uvIndex": 1, "visibility": 7.76}, {"time": 1461020400, "summary": "Clear", "icon": "clear-day", "precipIntensity": 0, "precipProbability": 0, "temperature": 81.06, "apparentTemperature": 81.06, "dewPoint": 39.63, "humidity": 0.23, "pressure": 1019.29, "windSpeed": 0.31, "windGust": 2.01, "windBearing": 39, "cloudCover": 0.24, "uvIndex": 0, "visibility": 8.18}, {"time": 1461024000, "summary": "Partly Cloudy", "icon": "partly-cloudy-night", "precipIntensity": 0, "precipProbability": 0, "temperature": 74.81, "apparentTemperature": 74.81, "dewPoint": 41.12, "humidity": 0.3, "pressure": 1019.43, "windSpeed": 0.01, "windGust": 0.17, "windBearing": 90, "cloudCover": 0.37, "uvIndex": 0, "visibility": 10}, {"time": 1461027600, "summary": "Partly Cloudy", "icon": "partly-cloudy-night", "precipIntensity": 0, "precipProbability": 0, "temperature": 68.6, "apparentTemperature": 68.6, "dewPoint": 42.05, "humidity": 0.38, "pressure": 1019.64, "windSpeed": 0.01, "windGust": 0.22, "windBearing": 180, "cloudCover": 0.42, "uvIndex": 0, "visibility": 10}, {"time": 1461031200, "summary": "Mostly Cloudy", "icon": "partly-cloudy-night", "precipIntensity": 0, "precipProbability": 0, "temperature": 65.15, "apparentTemperature": 65.15, "dewPoint": 42.73, "humidity": 0.44, "pressure": 1019.87, "windSpeed": 0, "windGust": 0.22, "cloudCover": 0.71, "uvIndex": 0, "visibility": 9.1}, {"time": 1461034800, "summary": "Partly Cloudy", "icon": "partly-cloudy-night", "precipIntensity": 0, "precipProbability": 0, "temperature": 62.29, "apparentTemperature": 62.29, "dewPoint": 43.65, "humidity": 0.5, "pressure": 1019.63, "windSpeed": 0, "windGust": 0.22, "cloudCover": 0.55, "uvIndex": 0, "visibility": 9.93}]}, "daily": {"data": [{"time": 1460952000, "summary": "Partly cloudy starting in the evening.", "icon": "partly-cloudy-night", "sunriseTime": 1460975240, "sunsetTime": 1461023359, "moonPhase": 0.39, "precipIntensity": 0, "precipIntensityMax": 0, "precipProbability": 0, "temperatureHigh": 83.36, "temperatureHighTime": 1461013200, "temperatureLow": 54.64, "temperatureLowTime": 1461060000, "apparentTemperatureHigh": 83.36, "apparentTemperatureHighTime": 1461013200, "apparentTemperatureLow": 54.64, "apparentTemperatureLowTime": 1461060000, "dewPoint": 40.26, "humidity": 0.43, "pressure": 1022.74, "windSpeed": 0.66, "windGust": 10.11, "windGustTime": 1461002400, "windBearing": 345, "cloudCover": 0.16, "uvIndex": 9, "uvIndexTime": 1460998800, "visibility": 8.41, "temperatureMin": 48.7, "temperatureMinTime": 1460973600, "temperatureMax": 83.36, "temperatureMaxTime": 1461013200, "apparentTemperatureMin": 48.7, "apparentTemperatureMinTime": 1460973600, "apparentTemperatureMax": 83.36, "apparentTemperatureMaxTime": 1461013200}]}, "flags": {"sources": ["cmc", "gfs", "hrrr", "icon", "isd", "madis", "nam", "sref"], "nearest-station": 1.106, "units": "us"}, "offset": -4}