{"latitude": 38.912659, "longitude": -77.017669, "timezone": "America/New_York", "currently": {"time": 1451365200, "summary": "Light Rain", "icon": "rain", "precipIntensity": 0.0566, "precipProbability": 0.93, "precipType": "rain", "temperature": 42.45, "apparentTemperature": 42.45, "dewPoint": 40.58, "humidity": 0.93, "pressure": 1022.14, "windSpeed": 1.06, "windGust": 3.84, "windBearing": 59, "cloudCover": 1, "uvIndex": 0, "visibility": 3.03}, "hourly": {"summary": "Rain until morning.", "icon": "rain", "data": [{"time": 1451365200, "summary": "Rain", "icon": "rain", "precipIntensity": 0.0566, "precipProbability": 0.93, "precipType": "rain", "temperature": 42.45, "apparentTemperature": 42.45, "dewPoint": 40.58, "humidity": 0.93, "pressure": 1022.14, "windSpeed": 1.06, "windGust": 3.84, "windBearing": 59, "cloudCover": 1, "uvIndex": 0, "visibility": 3.03}, {"time": 1451368800, "summary": "Rain", "icon": "rain", "precipIntensity": 0.0749, "precipProbability": 0.92, "precipType": "rain", "temperature": 43.08, "apparentTemperature": 43.08, "dewPoint": 41.33, "humidity": 0.93, "pressure": 1021.52, "windSpeed": 0.71, "windGust": 3.47, "windBearing": 30, "cloudCover": 1, "uvIndex": 0, "visibility": 2.59}, {"time": 1451372400, "summary": "Rain", "icon": "rain", "precipIntensity": 0.0731, "precipProbability": 0.94, "precipType": "rain", "temperature": 43.43, "apparentTemperature": 43.43, "dewPoint": 41.76, "humidity": 0.94, "pressure": 1019.7, "windSpeed": 0.93, "windGust": 4.16, "windBearing": 30, "cloudCover": 1, "uvIndex": 0, "visibility": 2.72}, {"time": 1451376000, "summary": "Light Rain", "icon": "rain", "precipIntensity": 0.0478, "precipProbability": 0.89, "precipType": "rain", "temperature": 44.11, "apparentTemperature": 44.11, "dewPoint": 42.47, "humidity": 0.94, "pressure": 1018.64, "windSpeed": 1.01, "windGust": 4.53, "windBearing": 29, "cloudCover": 1, "uvIndex": 0, "visibility": 3.21}, {"time": 1451379600, "summary": "Light Rain", "icon": "rain", "precipIntensity": 0.0519, "precipProbability": 0.9, "precipType": "rain", "temperature": 44.44, "apparentTemperature": 44.44, "dewPoint": 42.72, "humidity": 0.94, "pressure": 1017.86, "windSpeed": 0.92, "windGust": 3.65, "windBearing": 0, "cloudCover": 1, "uvIndex": 0, "visibility": 3.47}, {"time": 1451383200, "summary": "Light Rain", "icon": "rain", "precipIntensity": 0.0397, "precipProbability": 0.89, "precipType": "rain", "temperature": 44.66, "apparentTemperature": 44.66, "dewPoint": 42.98, "humidity": 0.94, "pressure": 1016.12, "windSpeed": 0.93, "windGust": 4.45, "windBearing": 32, "cloudCover": 1, "uvIndex": 0, "visibility": 7.64}, {"time": 1451386800, "summary": "Overcast", "icon": "cloudy", "precipIntensity": 0.0087, "precipProbability": 0.72, "precipType": "rain", "temperature": 45.16, "apparentTemperature": 45.16, "dewPoint": 43.52, "humidity": 0.94, "pressure": 1014.86, "windSpeed": 0.75, "windGust": 3.44, "windBearing": 28, "cloudCover": 1, "uvIndex": 0, "visibility": 4.75}, {"time": 1451390400, "summary": "Overcast", "icon": "cloudy", "precipIntensity": 0.0023, "precipProbability": 0.41, "precipType": "rain", "temperature": 45.42, "apparentTemperature": 45.42, "dewPoint": 43.79, "humidity": 0.94, "pressure": 1014.99, "windSpeed": 0.36, "windGust": 1.87, "windBearing": 331, "cloudCover": 1, "uvIndex": 0, "visibility": 2.48}, {"time": 1451394000, "summary": "Foggy", "icon": "fog", "precipIntensity": 0.004, "precipProbability": 0.6, "precipType": "rain", "temperature": 44.79, "apparentTemperature": 44.79, "dewPoint": 43.33, "humidity": 0.95, "pressure": 1014.96, "windSpeed": 0.89, "windGust": 2.91, "windBearing": 308, "cloudCover": 1, "uvIndex": 0, "visibility": 1.8}, {"time": 1451397600, "summary": "Overcast", "icon": "cloudy", "precipIntensity": 0.0054, "precipProbability": 0.66, "precipType": "rain", "temperature": 44.63, "apparentTemperature": 44.63, "dewPoint": 43.12, "humidity": 0.94, "pressure": 1015.36, "windSpeed": 0.84, "windGust": 2.81, "windBearing": 309, "cloudCover": 1, "uvIndex": 0, "visibility": 2.41}, {"time": 1451401200, "summary": "Overcast", "icon": "cloudy", "precipIntensity": 0.0002, "precipProbability": 0.12, "precipType": "rain", "temperature": 45.57, "apparentTemperature": 45.57, "dewPoint": 44.04, "humidity": 0.94, "pressure": 1015.46, "windSpeed": 0.51, "windGust": 1.71, "windBearing": 295, "cloudCover": 1, "uvIndex": 1, "visibility": 4.6}, {"time": 1451404800, "summary": "Overcast", "icon": "cloudy", "precipIntensity": 0, "precipProbability": 0, "temperature": 47.18, "apparentTemperature": 47.18, "dewPoint": 45.47, "humidity": 0.94, "pressure": 1015.27, "windSpeed": 0.29, "windGust": 2.21, "windBearing": 276, "cloudCover": 1, "uvIndex": 1, "visibility": 7.55}, {"time": 1451408400, "summary": "Overcast", "icon": "cloudy", "precipIntensity": 0, "precipProbability": 0, "temperature": 48.95, "apparentTemperature": 48.95, "dewPoint": 46.93, "humidity": 0.93, "pressure": 1014.58, "windSpeed": 0.53, "windGust": 3.09, "windBearing": 243, "cloudCover": 1, "uvIndex": 2, "visibility": 7.91}, {"time": 1451412000, "summary": "Overcast", "icon": "cloudy", "precipIntensity": 0, "precipProbability": 0, "temperature": 50.53, "apparentTemperature": 50.53, "dewPoint": 47.83, "humidity": 0.9, "pressure": 1014.2, "windSpeed": 0.93, "windGust": 4, "windBearing": 247, "cloudCover": 1, "uvIndex": 2, "visibility": 7.98}, {"time": 1451415600, "summary": "Overcast", "icon": "cloudy", "precipIntensity": 0, "precipProbability": 0, "temperature": 51.89, "apparentTemperature": 51.89, "dewPoint": 48.46, "humidity": 0.88, "pressure": 1013.92, "windSpeed": 1.05, "windGust": 4.41, "windBearing": 253, "cloudCover": 1, "uvIndex": 1, "visibility": 8}, {"time": 1451419200, "summary": "Overcast", "icon": "cloudy", "precipIntensity": 0, "precipProbability": 0, "temperature": 52.57, "apparentTemperature": 52.57, "dewPoint": 48.82, "humidity": 0.87, "pressure": 1014.53, "windSpeed": 0.83, "windGust": 3.12, "windBearing": 279, "cloudCover": 1, "uvIndex": 1, "visibility": 7.9}, {"time": 1451422800, "summary": "Overcast", "icon": "cloudy", "precipIntensity": 0, "precipProbability": 0, "temperature": 52.49, "apparentTemperature": 52.49, "dewPoint": 48.79, "humidity": 0.87, "pressure": 1015.39, "windSpeed": 0.18, "windGust": 2.04, "windBearing": 284, "cloudCover": 0.98, "uvIndex": 0, "visibility": 8.35}, {"time": 1451426400, "summary": "Mostly Cloudy", "icon": "partly-cloudy-night", "precipIntensity": 0, "precipProbability": 0, "temperature": 51.8, "apparentTemperature": 51.8, "dewPoint": 48.43, "humidity": 0.88, "pressure": 1016.39, "windSpeed": 0.06, "windGust": 0.82, "windBearing": 279, "cloudCover": 0.91, "uvIndex": 0, "visibility": 8.36}, {"time": 1451430000, "summary": "Overcast", "icon": "cloudy", "precipIntensity": 0, "precipProbability": 0, "temperature": 50.73, "apparentTemperature": 50.73, "dewPoint": 47.88, "humidity": 0.9, "pressure": 1017.54, "windSpeed": 0, "windGust": 0.52, "cloudCover": 0.97, "uvIndex": 0, "visibility": 7.9}, {"time": 1451433600, "summary": "Mostly Cloudy", "icon": "partly-cloudy-night", "precipIntensity": 0, "precipProbability": 0, "temperature": 50.07, "apparentTemperature": 50.07, "dewPoint": 47.52, "humidity": 0.91, "pressure": 1018.47, "windSpeed": 0.02, "windGust": 0.39, "windBearing": 0, "cloudCover": 0.92, "uvIndex": 0, "visibility": 7.59}, {"time": 1451437200, "summary": "Mostly Cloudy", "icon": "partly-cloudy-night", "precipIntensity": 0, "precipProbability": 0, "temperature": 49.33, "apparentTemperature": 49.33, "dewPoint": 46.94, "humidity": 0.91, "pressure": 1019.25, "windSpeed": 0.01, "windGust": 0.5, "windBearing": 0, "cloudCover": 0.78, "uvIndex": 0, "visibility": 5.76}, {"time": 1451440800, "summary": "Mostly Cloudy", "icon": "partly-cloudy-night", "precipIntensity": 0, "precipProbability": 0, "temperature": 48.74, "apparentTemperature": 48.74, "dewPoint": 46.72, "humidity": 0.93, "pressure": 1020.24, "windSpeed": 0.02, "windGust": 0.53, "windBearing": 0, "cloudCover": 0.67, "uvIndex": 0, "visibility": 4.29}, {"time": 1451444400, "summary": "Mostly Cloudy", "icon": "partly-cloudy-night", "precipIntensity": 0, "precipProbability": 0, "temperature": 48.36, "apparentTemperature": 48.36, "dewPoint": 46.39, "humidity": 0.93, "pressure": 1020.88, "windSpeed": 0.15, "windGust": 0.84, "windBearing": 19, "cloudCover": 0.61, "uvIndex": 0, "visibility": 3.6}, {"time": 1451448000, "summary": "Foggy", "icon": "fog", "precipIntensity": 0, "precipProbability": 0, "temperature": 48.03, "apparentTemperature": 48.03, "dewPoint": 46.27, "humidity": 0.94, "pressure": 1021.22, "windSpeed": 0.13, "windGust": 0.74, "windBearing": 13, "cloudCover": 0.93, "uvIndex": 0, "visibility": 1.78}]}, "daily": {"data": [{"time": 1451365200, "summary": "Light rain in the morning.", "icon": "rain", "sunriseTime": 1451392041, "sunsetTime": 1451426111, "moonPhase": 0.64, "precipIntensity": 0.0152, "precipIntensityMax": 0.0749, "precipIntensityMaxTime": 1451368800, "precipProbability": 0.94, "precipType": "rain", "temperatureHigh": 52.57, "temperatureHighTime": 1451419200, "temperatureLow": 47.69, "temperatureLowTime": 1451455200, "apparentTemperatureHigh": 52.57, "apparentTemperatureHighTime": 1451419200, "apparentTemperatureLow": 47.69, "apparentTemperatureLowTime": 1451455200, "dewPoint": 45.25, "humidity": 0.92, "pressure": 1017.23, "windSpeed": 0.29, "windGust": 4.53, "windGustTime": 1451376000, "windBearing": 339, "cloudCover": 0.95, "uvIndex": 2, "uvIndexTime": 1451408400, "visibility": 5.24, "temperatureMin": 42.45, "temperatureMinTime": 1451365200, "temperatureMax": 52.57, "temperatureMaxTime": 1451419200, "apparentTemperatureMin": 42.45, "apparentTemperatureMinTime": 1451365200, "apparentTemperatureMax": 52.57, "apparentTemperatureMaxTime": 1451419200}]}, "flags": {"sources": ["cmc", "gfs", "hrrr", "icon", "isd", "madis", "nam", "sref"], "nearest-station": 1.106, "units": "us"}, "offset": -5}