{"latitude": 38.912659, "longitude": -77.017669, "timezone": "America/New_York", "currently": {"time": 1432353600, "summary": "Clear", "icon": "clear-night", "precipIntensity": 0, "precipProbability": 0, "temperature": 62.88, "apparentTemperature": 62.88, "dewPoint": 45.03, "humidity": 0.52, "pressure": 1023.6, "windSpeed": 1.06, "windGust": 3.01, "windBearing": 315, "cloudCover": 0.05, "uvIndex": 0, "visibility": 9.03}, "hourly": {"summary": "Partly cloudy in the morning.", "icon": "partly-cloudy-day", "data": [{"time": 1432353600, "summary": "Clear", "icon": "clear-night", "precipIntensity": 0, "precipProbability": 0, "temperature": 62.88, "apparentTemperature": 62.88, "dewPoint": 45.03, "humidity": 0.52, "pressure": 1023.6, "windSpeed": 1.06, "windGust": 3.01, "windBearing": 315, "cloudCover": 0.05, "uvIndex": 0, "visibility": 9.03}, {"time": 1432357200, "summary": "Clear", "icon": "clear-night", "precipIntensity": 0, "precipProbability": 0, "temperature": 61.2, "apparentTemperature": 61.2, "dewPoint": 38.88, "humidity": 0.44, "pressure": 1024.28, "windSpeed": 1.15, "windGust": 2.84, "windBearing": 317, "cloudCover": 0.05, "uvIndex": 0, "visibility": 8.3}, {"time": 1432360800, "summary": "Clear", "icon": "clear-night", "precipIntensity": 0, "precipProbability": 0, "temperature": 59.14, "apparentTemperature": 59.14, "dewPoint": 34.94, "humidity": 0.4, "pressure": 1025.36, "windSpeed": 1.09, "windGust": 3.83, "windBearing": 326, "cloudCover": 0, "uvIndex": 0, "visibility": 8.5}, {"time": 1432364400, "summary": "Clear", "icon": "clear-night", "precipIntensity": 0, "precipProbability": 0, "temperature": 56.59, "apparentTemperature": 56.59, "dewPoint": 33.43, "humidity": 0.41, "pressure": 1026.14, "windSpeed": 1.16, "windGust": 2.96, "windBearing": 315, "cloudCover": 0, "uvIndex": 0, "visibility": 8.08}, {"time": 1432368000, "summary": "Clear", "icon": "clear-night", "precipIntensity": 0, "precipProbability": 0, "temperature": 54.16, "apparentTemperature": 54.16, "dewPoint": 32.4, "humidity": 0.43, "pressure": 1027.04, "windSpeed": 0.56, "windGust": 1.99, "windBearing": 317, "cloudCover": 0, "uvIndex": 0, "visibility": 8.73}, {"time": 1432371600, "summary": "Clear", "icon": "clear-night", "precipIntensity": 0, "precipProbability": 0, "temperature": 51.21, "apparentTemperature": 51.21, "dewPoint": 33.42, "humidity": 0.5, "pressure": 1027.7, "windSpeed": 0.46, "windGust": 1.11, "windBearing": 300, "cloudCover": 0, "uvIndex": 0, "visibility": 8.12}, {"time": 1432375200, "summary": "Partly Cloudy", "icon": "partly-cloudy-day", "precipIntensity": 0, "precipProbability": 0, "temperature": 49.15, "apparentTemperature": 49.15, "dewPoint": 34.4, "humidity": 0.57, "pressure": 1028.67, "windSpeed": 0.21, "windGust": 0.79, "windBearing": 307, "cloudCover": 0.3, "uvIndex": 0, "visibility": 9.18}, {"time": 1432378800, "summary": "Partly Cloudy", "icon": "partly-cloudy-day", "precipIntensity": 0, "precipProbability": 0, "temperature": 49.74, "apparentTemperature": 49.74, "dewPoint": 36.09, "humidity": 0.59, "pressure": 1029.78, "windSpeed": 0.26, "windGust": 0.75, "windBearing": 324, "cloudCover": 0.37, "uvIndex": 0, "visibility": 10}, {"time": 1432382400, "summary": "Clear", "icon": "clear-day", "precipIntensity": 0, "precipProbability": 0, "temperature": 52.49, "apparentTemperature": 52.49, "dewPoint": 36.72, "humidity": 0.55, "pressure": 1030.55, "windSpeed": 0.51, "windGust": 1.6, "windBearing": 340, "cloudCover": 0.23, "uvIndex": 1, "visibility": 9.13}, {"time": 1432386000, "summary": "Clear", "icon": "clear-day", "precipIntensity": 0, "precipProbability": 0, "temperature": 57.36, "apparentTemperature": 57.36, "dewPoint": 33.01, "humidity": 0.4, "pressure": 1031.19, "windSpeed": 1.07, "windGust": 4.01, "windBearing": 357, "cloudCover": 0.11, "uvIndex": 3, "visibility": 8.05}, {"time": 1432389600, "summary": "Clear", "icon": "clear-day", "precipIntensity": 0, "precipProbability": 0, "temperature": 60.42, "apparentTemperature": 60.42, "dewPoint": 29.59, "humidity": 0.31, "pressure": 1031.73, "windSpeed": 1.08, "windGust": 4.45, "windBearing": 355, "cloudCover": 0.04, "uvIndex": 5, "visibility": 9.05}, {"time": 1432393200, "summary": "Clear", "icon": "clear-day", "precipIntensity": 0, "precipProbability": 0, "temperature": 62.69, "apparentTemperature": 62.69, "dewPoint": 30.63, "humidity": 0.3, "pressure": 1031.78, "windSpeed": 0.36, "windGust": 4.51, "windBearing": 354, "cloudCover": 0.04, "uvIndex": 8, "visibility": 8.31}, {"time": 1432396800, "summary": "Clear", "icon": "clear-day", "precipIntensity": 0, "precipProbability": 0, "temperature": 65.17, "apparentTemperature": 65.17, "dewPoint": 32.28, "humidity": 0.29, "pressure": 1031.46, "windSpeed": 0.63, "windGust": 5.12, "windBearing": 311, "cloudCover": 0.03, "uvIndex": 9, "visibility": 7.81}, {"time": 1432400400, "summary": "Clear", "icon": "clear-day", "precipIntensity": 0, "precipProbability": 0, "temperature": 67.46, "apparentTemperature": 67.46, "dewPoint": 33.27, "humidity": 0.28, "pressure": 1031.07, "windSpeed": 0.39, "windGust": 5.26, "windBearing": 330, "cloudCover": 0.02, "uvIndex": 10, "visibility": 8.27}, {"time": 1432404000, "summary": "Clear", "icon": "clear-day", "precipIntensity": 0, "precipProbability": 0, "temperature": 69.11, "apparentTemperature": 69.11, "dewPoint": 34.23, "humidity": 0.28, "pressure": 1030.36, "windSpeed": 0.38, "windGust": 5.32, "windBearing": 254, "cloudCover": 0.04, "uvIndex": 10, "visibility": 8.48}, {"time": 1432407600, "summary": "Clear", "icon": "clear-day", "precipIntensity": 0, "precipProbability": 0, "temperature": 70.62, "apparentTemperature": 70.62, "dewPoint": 35.17, "humidity": 0.27, "pressure": 1029.7, "windSpeed": 0.6, "windGust": 5.23, "windBearing": 285, "cloudCover": 0.05, "uvIndex": 8, "visibility": 9.48}, {"time": 1432411200, "summary": "Clear", "icon": "clear-day", "precipIntensity": 0, "precipProbability": 0, "temperature": 71.7, "apparentTemperature": 71.7, "dewPoint": 35.9, "humidity": 0.27, "pressure": 1029.23, "windSpeed": 0.62, "windGust": 5.24, "windBearing": 264, "cloudCover": 0.05, "uvIndex": 6, "visibility": 8.59}, {"time": 1432414800, "summary": "Clear", "icon": "clear-day", "precipIntensity": 0, "precipProbability": 0, "temperature": 72.1, "apparentTemperature": 72.1, "dewPoint": 37.42, "humidity": 0.28, "pressure": 1028.79, "windSpeed": 0.45, "windGust": 5.3, "windBearing": 230, "cloudCover": 0.01, "uvIndex": 3, "visibility": 8.25}, {"time": 1432418400, "summary": "Clear", "icon": "clear-day", "precipIntensity": 0, "precipProbability": 0, "temperature": 71.78, "apparentTemperature": 71.78, "dewPoint": 38.35, "humidity": 0.3, "pressure": 1028.38, "windSpeed": 0.56, "windGust": 3.49, "windBearing": 201, "cloudCover": 0.05, "uvIndex": 2, "visibility": 9.37}, {"time": 1432422000, "summary": "Clear", "icon": "clear-day", "precipIntensity": 0, "precipProbability": 0, "temperature": 70.64, "apparentTemperature": 70.64, "dewPoint": 39.83, "humidity": 0.33, "pressure": 1028.31, "windSpeed": 0.47, "windGust": 2.5, "windBearing": 192, "cloudCover": 0.01, "uvIndex": 0, "visibility": 9}, {"time": 1432425600, "summary": "Clear", "icon": "clear-day", "precipIntensity": 0, "precipProbability": 0, "temperature": 68.25, "apparentTemperature": 68.25, "dewPoint": 42.87, "humidity": 0.4, "pressure": 1028.07, "windSpeed": 0.47, "windGust": 1.1, "windBearing": 178, "cloudCover": 0.01, "uvIndex": 0, "visibility": 7.84}, {"time": 1432429200, "summary": "Clear", "icon": "clear-night", "precipIntensity": 0, "precipProbability": 0, "temperature": 63.44, "apparentTemperature": 63.44, "dewPoint": 44.51, "humidity": 0.5, "pressure": 1027.95, "windSpeed": 0.15, "windGust": 0.29, "windBearing": 170, "cloudCover": 0.09, "uvIndex": 0, "visibility": 8.15}, {"time": 1432432800, "summary": "Clear", "icon": "clear-night", "precipIntensity": 0, "precipProbability": 0, "temperature": 60.38, "apparentTemperature": 60.38, "dewPoint": 44.9, "humidity": 0.57, "pressure": 1028.31, "windSpeed": 0.13, "windGust": 0.36, "windBearing": 170, "cloudCover": 0, "uvIndex": 0, "visibility": 9.01}, {"time": 1432436400, "summary": "Clear", "icon": "clear-night", "precipIntensity": 0, "precipProbability": 0, "temperature": 59.29, "apparentTemperature": 59.29, "dewPoint": 45.39, "humidity": 0.6, "pressure": 1028.79, "windSpeed": 0.21, "windGust": 0.65, "windBearing": 171, "cloudCover": 0, "uvIndex": 0, "visibility": 5.75}]}, "daily": {"data": [{"time": 1432353600, "summary": "Partly cloudy in the morning.", "icon": "partly-cloudy-day", "sunriseTime": 1432374649, "sunsetTime": 1432426907, "moonPhase": 0.19, "precipIntensity": 0, "precipIntensityMax": 0, "precipProbability": 0, "temperatureHigh": 72.1, "temperatureHighTime": 1432414800, "temperatureLow": 51.43, "temperatureLowTime": 1432461600, "apparentTemperatureHigh": 72.1, "apparentTemperatureHighTime": 1432414800, "apparentTemperatureLow": 51.43, "apparentTemperatureLowTime": 1432461600, "dewPoint": 36.78, "humidity": 0.41, "pressure": 1028.68, "windSpeed": 0.39, "windGust": 5.32, "windGustTime": 1432404000, "windBearing": 309, "cloudCover": 0.07, "uvIndex": 10, "uvIndexTime": 1432400400, "visibility": 8.52, "temperatureMin": 49.15, "temperatureMinTime": 1432375200, "temperatureMax": 72.1, "temperatureMaxTime": 1432414800, "apparentTemperatureMin": 49.15, "apparentTemperatureMinTime": 1432375200, "apparentTemperatureMax": 72.1, "apparentTemperatureMaxTime": 1432414800}]}, "flags": {"sources": ["cmc", "gfs", "hrrr", "icon", "isd", "madis", "nam", "sref"], "nearest-station": 0.675, "units": "us"}, "offset": -4}