{"latitude": 38.912659, "longitude": -77.017669, "timezone": "America/New_York", "currently": {"time": 1462075200, "summary": "Overcast", "icon": "cloudy", "precipIntensity": 0.0022, "precipProbability": 0.5, "precipType": "rain", "temperature": 52.88, "apparentTemperature": 52.88, "dewPoint": 49.93, "humidity": 0.9, "pressure": 1022.31, "windSpeed": 0.55, "windGust": 1.21, "windBearing": 123, "cloudCover": 1, "uvIndex": 0, "visibility": 8.31}, "hourly": {"summary": "Rain starting overnight, continuing until afternoon.", "icon": "rain", "data": [{"time": 1462075200, "summary": "Overcast", "icon": "cloudy", "precipIntensity": 0.0022, "precipProbability": 0.5, "precipType": "rain", "temperature": 52.88, "apparentTemperature": 52.88, "dewPoint": 49.93, "humidity": 0.9, "pressure": 1022.31, "windSpeed": 0.55, "windGust": 1.21, "windBearing": 123, "cloudCover": 1, "uvIndex": 0, "visibility": 8.31}, {"time": 1462078800, "summary": "Overcast", "icon": "cloudy", "precipIntensity": 0.0011, "precipProbability": 0.33, "precipType": "rain", "temperature": 52.64, "apparentTemperature": 52.64, "dewPoint": 49.69, "humidity": 0.9, "pressure": 1022.41, "windSpeed": 0.91, "windGust": 2.41, "windBearing": 141, "cloudCover": 1, "uvIndex": 0, "visibility": 7.23}, {"time": 1462082400, "summary": "Overcast", "icon": "cloudy", "precipIntensity": 0.0062, "precipProbability": 0.71, "precipType": "rain", "temperature": 52.18, "apparentTemperature": 52.18, "dewPoint": 49.13, "humidity": 0.89, "pressure": 1021.63, "windSpeed": 1.11, "windGust": 3.63, "windBearing": 141, "cloudCover": 1, "uvIndex": 0, "visibility": 7.58}, {"time": 1462086000, "summary": "Light Rain", "icon": "rain", "precipIntensity": 0.0113, "precipProbability": 0.89, "precipType": "rain", "temperature": 51.55, "apparentTemperature": 51.55, "dewPoint": 48.69, "humidity": 0.9, "pressure": 1021.03, "windSpeed": 0.97, "windGust": 2.84, "windBearing": 145, "cloudCover": 1, "uvIndex": 0, "visibility": 7.21}, {"time": 1462089600, "summary": "Light Rain", "icon": "rain", "precipIntensity": 0.0114, "precipProbability": 0.91, "precipType": "rain", "temperature": 51.09, "apparentTemperature": 51.09, "dewPoint": 48.43, "humidity": 0.91, "pressure": 1020.85, "windSpeed": 0.86, "windGust": 3.19, "windBearing": 153, "cloudCover": 1, "uvIndex": 0, "visibility": 7.78}, {"time": 1462093200, "summary": "Light Rain", "icon": "rain", "precipIntensity": 0.0174, "precipProbability": 0.94, "precipType": "rain", "temperature": 50.97, "apparentTemperature": 50.97, "dewPoint": 48.54, "humidity": 0.91, "pressure": 1020.33, "windSpeed": 0.61, "windGust": 2.4, "windBearing": 161, "cloudCover": 1, "uvIndex": 0, "visibility": 6.29}, {"time": 1462096800, "summary": "Light Rain", "icon": "rain", "precipIntensity": 0.0431, "precipProbability": 0.99, "precipType": "rain", "temperature": 51, "apparentTemperature": 51, "dewPoint": 48.84, "humidity": 0.92, "pressure": 1020.22, "windSpeed": 0.87, "windGust": 2.81, "windBearing": 154, "cloudCover": 1, "uvIndex": 0, "visibility": 4.96}, {"time": 1462100400, "summary": "Light Rain", "icon": "rain", "precipIntensity": 0.0384, "precipProbability": 0.96, "precipType": "rain", "temperature": 51.19, "apparentTemperature": 51.19, "dewPoint": 49.19, "humidity": 0.93, "pressure": 1020.01, "windSpeed": 0.85, "windGust": 2.98, "windBearing": 150, "cloudCover": 1, "uvIndex": 0, "visibility": 6.45}, {"time": 1462104000, "summary": "Light Rain", "icon": "rain", "precipIntensity": 0.0306, "precipProbability": 0.97, "precipType": "rain", "temperature": 51.62, "apparentTemperature": 51.62, "dewPoint": 49.67, "humidity": 0.93, "pressure": 1020.14, "windSpeed": 0.98, "windGust": 3.55, "windBearing": 153, "cloudCover": 1, "uvIndex": 1, "visibility": 3.9}, {"time": 1462107600, "summary": "Rain", "icon": "rain", "precipIntensity": 0.0535, "precipProbability": 0.99, "precipType": "rain", "temperature": 52.07, "apparentTemperature": 52.07, "dewPoint": 50.12, "humidity": 0.93, "pressure": 1020, "windSpeed": 0.93, "windGust": 3.25, "windBearing": 148, "cloudCover": 1, "uvIndex": 2, "visibility": 4.46}, {"time": 1462111200, "summary": "Light Rain", "icon": "rain", "precipIntensity": 0.0407, "precipProbability": 0.95, "precipType": "rain", "temperature": 52.76, "apparentTemperature": 52.76, "dewPoint": 50.85, "humidity": 0.93, "pressure": 1019.92, "windSpeed": 0.89, "windGust": 3.07, "windBearing": 150, "cloudCover": 1, "uvIndex": 3, "visibility": 6.2}, {"time": 1462114800, "summary": "Light Rain", "icon": "rain", "precipIntensity": 0.035, "precipProbability": 0.98, "precipType": "rain", "temperature": 53.42, "apparentTemperature": 53.42, "dewPoint": 51.51, "humidity": 0.93, "pressure": 1019.59, "windSpeed": 0.99, "windGust": 3.7, "windBearing": 148, "cloudCover": 1, "uvIndex": 4, "visibility": 4.3}, {"time": 1462118400, "summary": "Light Rain", "icon": "rain", "precipIntensity": 0.0286, "precipProbability": 0.94, "precipType": "rain", "temperature": 54.22, "apparentTemperature": 54.22, "dewPoint": 52.37, "humidity": 0.93, "pressure": 1018.66, "windSpeed": 2.42, "windGust": 7.12, "windBearing": 146, "cloudCover": 1, "uvIndex": 4, "visibility": 7.69}, {"time": 1462122000, "summary": "Overcast", "icon": "cloudy", "precipIntensity": 0.0051, "precipProbability": 0.56, "precipType": "rain", "temperature": 54.59, "apparentTemperature": 54.59, "dewPoint": 52.42, "humidity": 0.92, "pressure": 1018.61, "windSpeed": 1.15, "windGust": 3.51, "windBearing": 164, "cloudCover": 1, "uvIndex": 4, "visibility": 7.15}, {"time": 1462125600, "summary": "Overcast", "icon": "cloudy", "precipIntensity": 0.0008, "precipProbability": 0.08, "precipType": "rain", "temperature": 55.68, "apparentTemperature": 55.68, "dewPoint": 53.27, "humidity": 0.92, "pressure": 1018.2, "windSpeed": 1.08, "windGust": 3.83, "windBearing": 140, "cloudCover": 1, "uvIndex": 4, "visibility": 8}, {"time": 1462129200, "summary": "Overcast", "icon": "cloudy", "precipIntensity": 0, "precipProbability": 0, "temperature": 56.51, "apparentTemperature": 56.51, "dewPoint": 53.72, "humidity": 0.9, "pressure": 1017.86, "windSpeed": 0.87, "windGust": 2.79, "windBearing": 130, "cloudCover": 1, "uvIndex": 4, "visibility": 7.9}, {"time": 1462132800, "summary": "Overcast", "icon": "cloudy", "precipIntensity": 0, "precipProbability": 0, "temperature": 56.78, "apparentTemperature": 56.78, "dewPoint": 53.82, "humidity": 0.9, "pressure": 1016.87, "windSpeed": 0.85, "windGust": 2.51, "windBearing": 108, "cloudCover": 1, "uvIndex": 3, "visibility": 7.57}, {"time": 1462136400, "summary": "Overcast", "icon": "cloudy", "precipIntensity": 0, "precipProbability": 0, "temperature": 56.86, "apparentTemperature": 56.86, "dewPoint": 54.08, "humidity": 0.9, "pressure": 1016.46, "windSpeed": 0.72, "windGust": 2.06, "windBearing": 109, "cloudCover": 1, "uvIndex": 2, "visibility": 5.8}, {"time": 1462140000, "summary": "Overcast", "icon": "cloudy", "precipIntensity": 0, "precipProbability": 0, "temperature": 56.57, "apparentTemperature": 56.57, "dewPoint": 54.07, "humidity": 0.91, "pressure": 1016.38, "windSpeed": 0.92, "windGust": 2.54, "windBearing": 110, "cloudCover": 1, "uvIndex": 1, "visibility": 4.63}, {"time": 1462143600, "summary": "Overcast", "icon": "cloudy", "precipIntensity": 0, "precipProbability": 0, "temperature": 56.34, "apparentTemperature": 56.34, "dewPoint": 54.13, "humidity": 0.92, "pressure": 1016.14, "windSpeed": 0.66, "windGust": 1.9, "windBearing": 106, "cloudCover": 1, "uvIndex": 0, "visibility": 3.79}, {"time": 1462147200, "summary": "Overcast", "icon": "cloudy", "precipIntensity": 0, "precipProbability": 0, "temperature": 55.99, "apparentTemperature": 55.99, "dewPoint": 53.91, "humidity": 0.93, "pressure": 1016.59, "windSpeed": 0.47, "windGust": 1.64, "windBearing": 85, "cloudCover": 1, "uvIndex": 0, "visibility": 3.02}, {"time": 1462150800, "summary": "Overcast", "icon": "cloudy", "precipIntensity": 0, "precipProbability": 0, "temperature": 55.55, "apparentTemperature": 55.55, "dewPoint": 53.72, "humidity": 0.94, "pressure": 1017.02, "windSpeed": 0.55, "windGust": 2.07, "windBearing": 79, "cloudCover": 1, "uvIndex": 0, "visibility": 2.77}, {"time": 1462154400, "summary": "Overcast", "icon": "cloudy", "precipIntensity": 0, "precipProbability": 0, "temperature": 55.17, "apparentTemperature": 55.17, "dewPoint": 53.28, "humidity": 0.93, "pressure": 1017.31, "windSpeed": 0.41, "windGust": 1.72, "windBearing": 84, "cloudCover": 1, "uvIndex": 0, "visibility": 2.62}, {"time": 1462158000, "summary": "Overcast", "icon": "cloudy", "precipIntensity": 0.0004, "precipProbability": 0.11, "precipType": "rain", "temperature": 55.03, "apparentTemperature": 55.03, "dewPoint": 53.23, "humidity": 0.94, "pressure": 1017.02, "windSpeed": 0.32, "windGust": 1.51, "windBearing": 88, "cloudCover": 1, "uvIndex": 0, "visibility": 4.25}]}, "daily": {"data": [{"time": 1462075200, "summary": "Rain until afternoon.", "icon": "rain", "sunriseTime": 1462097433, "sunsetTime": 1462147323, "moonPhase": 0.81, "precipIntensity": 0.0136, "precipIntensityMax": 0.0535, "precipIntensityMaxTime": 1462107600, "precipProbability": 0.99, "precipType": "rain", "temperatureHigh": 56.86, "temperatureHighTime": 1462136400, "temperatureLow": 54.52, "temperatureLowTime": 1462179600, "apparentTemperatureHigh": 56.86, "apparentTemperatureHighTime": 1462136400, "apparentTemperatureLow": 54.52, "apparentTemperatureLowTime": 1462179600, "dewPoint": 51.53, "humidity": 0.92, "pressure": 1018.98, "windSpeed": 0.81, "windGust": 7.12, "windGustTime": 1462118400, "windBearing": 137, "cloudCover": 1, "uvIndex": 4, "uvIndexTime": 1462114800, "visibility": 5.83, "temperatureMin": 50.97, "temperatureMinTime": 1462093200, "temperatureMax": 56.86, "temperatureMaxTime": 1462136400, "apparentTemperatureMin": 50.97, "apparentTemperatureMinTime": 1462093200, "apparentTemperatureMax": 56.86, "apparentTemperatureMaxTime": 1462136400}]}, "flags": {"sources": ["cmc", "gfs", "hrrr", "icon", "isd", "madis", "nam", "sref"], "nearest-station": 1.106, "units": "us"}, "offset": -4}