{"latitude": 38.912659, "longitude": -77.017669, "timezone": "America/New_York", "currently": {"time": 1430625600, "summary": "Clear", "icon": "clear-night", "precipIntensity": 0, "precipProbability": 0, "temperature": 57.02, "apparentTemperature": 57.02, "dewPoint": 46.2, "humidity": 0.67, "pressure": 1016.39, "windSpeed": 0.09, "windGust": 0.46, "windBearing": 218, "cloudCover": 0.02, "uvIndex": 0, "visibility": 7.69}, "hourly": {"summary": "Partly cloudy starting in the afternoon, continuing until evening.", "icon": "partly-cloudy-day", "data": [{"time": 1430625600, "summary": "Clear", "icon": "clear-night", "precipIntensity": 0, "precipProbability": 0, "temperature": 57.02, "apparentTemperature": 57.02, "dewPoint": 46.2, "humidity": 0.67, "pressure": 1016.39, "windSpeed": 0.09, "windGust": 0.46, "windBearing": 218, "cloudCover": 0.02, "uvIndex": 0, "visibility": 7.69}, {"time": 1430629200, "summary": "Partly Cloudy", "icon": "partly-cloudy-night", "precipIntensity": 0, "precipProbability": 0, "temperature": 56.81, "apparentTemperature": 56.81, "dewPoint": 45.68, "humidity": 0.66, "pressure": 1016.53, "windSpeed": 0.17, "windGust": 1.11, "windBearing": 226, "cloudCover": 0.29, "uvIndex": 0, "visibility": 7.3}, {"time": 1430632800, "summary": "Mostly Cloudy", "icon": "partly-cloudy-night", "precipIntensity": 0, "precipProbability": 0, "temperature": 56.13, "apparentTemperature": 56.13, "dewPoint": 45.33, "humidity": 0.67, "pressure": 1016.46, "windSpeed": 0.23, "windGust": 0.74, "windBearing": 224, "cloudCover": 0.69, "uvIndex": 0, "visibility": 7.56}, {"time": 1430636400, "summary": "Mostly Cloudy", "icon": "partly-cloudy-night", "precipIntensity": 0, "precipProbability": 0, "temperature": 55.17, "apparentTemperature": 55.17, "dewPoint": 45.63, "humidity": 0.7, "pressure": 1016.57, "windSpeed": 0.13, "windGust": 0.46, "windBearing": 248, "cloudCover": 0.89, "uvIndex": 0, "visibility": 6.73}, {"time": 1430640000, "summary": "Mostly Cloudy", "icon": "partly-cloudy-night", "precipIntensity": 0, "precipProbability": 0, "temperature": 54.16, "apparentTemperature": 54.16, "dewPoint": 45.24, "humidity": 0.72, "pressure": 1016.77, "windSpeed": 0.06, "windGust": 0.36, "windBearing": 245, "cloudCover": 0.85, "uvIndex": 0, "visibility": 7.72}, {"time": 1430643600, "summary": "Mostly Cloudy", "icon": "partly-cloudy-night", "precipIntensity": 0, "precipProbability": 0, "temperature": 53.02, "apparentTemperature": 53.02, "dewPoint": 44.43, "humidity": 0.73, "pressure": 1017.24, "windSpeed": 0.15, "windGust": 0.39, "windBearing": 257, "cloudCover": 0.72, "uvIndex": 0, "visibility": 8.47}, {"time": 1430647200, "summary": "Clear", "icon": "clear-night", "precipIntensity": 0, "precipProbability": 0, "temperature": 52.29, "apparentTemperature": 52.29, "dewPoint": 43.59, "humidity": 0.72, "pressure": 1017.55, "windSpeed": 0.08, "windGust": 0.41, "windBearing": 272, "cloudCover": 0.14, "uvIndex": 0, "visibility": 5.31}, {"time": 1430650800, "summary": "Partly Cloudy", "icon": "partly-cloudy-day", "precipIntensity": 0, "precipProbability": 0, "temperature": 52.6, "apparentTemperature": 52.6, "dewPoint": 44.02, "humidity": 0.73, "pressure": 1018.44, "windSpeed": 0.04, "windGust": 0.46, "windBearing": 289, "cloudCover": 0.27, "uvIndex": 0, "visibility": 10}, {"time": 1430654400, "summary": "Clear", "icon": "clear-day", "precipIntensity": 0, "precipProbability": 0, "temperature": 58.92, "apparentTemperature": 58.92, "dewPoint": 45.96, "humidity": 0.62, "pressure": 1019.21, "windSpeed": 0.22, "windGust": 1.02, "windBearing": 308, "cloudCover": 0.02, "uvIndex": 1, "visibility": 10}, {"time": 1430658000, "summary": "Clear", "icon": "clear-day", "precipIntensity": 0, "precipProbability": 0, "temperature": 65.11, "apparentTemperature": 65.11, "dewPoint": 45.65, "humidity": 0.49, "pressure": 1019.7, "windSpeed": 0.56, "windGust": 2.27, "windBearing": 315, "cloudCover": 0.03, "uvIndex": 3, "visibility": 8.05}, {"time": 1430661600, "summary": "Clear", "icon": "clear-day", "precipIntensity": 0, "precipProbability": 0, "temperature": 70.41, "apparentTemperature": 70.41, "dewPoint": 44.24, "humidity": 0.39, "pressure": 1020.05, "windSpeed": 0.81, "windGust": 4.34, "windBearing": 315, "cloudCover": 0.16, "uvIndex": 5, "visibility": 8.41}, {"time": 1430665200, "summary": "Partly Cloudy", "icon": "partly-cloudy-day", "precipIntensity": 0, "precipProbability": 0, "temperature": 74.48, "apparentTemperature": 74.48, "dewPoint": 43.27, "humidity": 0.33, "pressure": 1020.18, "windSpeed": 0.66, "windGust": 4.45, "windBearing": 302, "cloudCover": 0.26, "uvIndex": 6, "visibility": 8.35}, {"time": 1430668800, "summary": "Clear", "icon": "clear-day", "precipIntensity": 0, "precipProbability": 0, "temperature": 77.33, "apparentTemperature": 77.33, "dewPoint": 42.41, "humidity": 0.29, "pressure": 1020.2, "windSpeed": 0.79, "windGust": 5.47, "windBearing": 280, "cloudCover": 0.11, "uvIndex": 8, "visibility": 8.67}, {"time": 1430672400, "summary": "Partly Cloudy", "icon": "partly-cloudy-day", "precipIntensity": 0, "precipProbability": 0, "temperature": 78.64, "apparentTemperature": 78.64, "dewPoint": 42.48, "humidity": 0.28, "pressure": 1020.02, "windSpeed": 1.63, "windGust": 7.28, "windBearing": 307, "cloudCover": 0.25, "uvIndex": 8, "visibility": 8.14}, {"time": 1430676000, "summary": "Partly Cloudy", "icon": "partly-cloudy-day", "precipIntensity": 0, "precipProbability": 0, "temperature": 79.35, "apparentTemperature": 79.35, "dewPoint": 42.22, "humidity": 0.27, "pressure": 1019.46, "windSpeed": 1.83, "windGust": 7.29, "windBearing": 308, "cloudCover": 0.41, "uvIndex": 7, "visibility": 8.04}, {"time": 1430679600, "summary": "Partly Cloudy", "icon": "partly-cloudy-day", "precipIntensity": 0, "precipProbability": 0, "temperature": 80.08, "apparentTemperature": 80.08, "dewPoint": 42.83, "humidity": 0.27, "pressure": 1018.89, "windSpeed": 1.31, "windGust": 7.3, "windBearing": 307, "cloudCover": 0.28, "uvIndex": 7, "visibility": 7.64}, {"time": 1430683200, "summary": "Partly Cloudy", "icon": "partly-cloudy-day", "precipIntensity": 0, "precipProbability": 0, "temperature": 80.47, "apparentTemperature": 80.47, "dewPoint": 42.42, "humidity": 0.26, "pressure": 1018.59, "windSpeed": 1.09, "windGust": 5.86, "windBearing": 267, "cloudCover": 0.33, "uvIndex": 5, "visibility": 8.31}, {"time": 1430686800, "summary": "Partly Cloudy", "icon": "partly-cloudy-day", "precipIntensity": 0, "precipProbability": 0, "temperature": 79.92, "apparentTemperature": 79.92, "dewPoint": 43.27, "humidity": 0.27, "pressure": 1018.38, "windSpeed": 1.17, "windGust": 5.96, "windBearing": 264, "cloudCover": 0.49, "uvIndex": 3, "visibility": 8.59}, {"time": 1430690400, "summary": "Partly Cloudy", "icon": "partly-cloudy-day", "precipIntensity": 0, "precipProbability": 0, "temperature": 79.47, "apparentTemperature": 79.47, "dewPoint": 43.4, "humidity": 0.28, "pressure": 1018.61, "windSpeed": 0.84, "windGust": 4.51, "windBearing": 248, "cloudCover": 0.52, "uvIndex": 1, "visibility": 8.33}, {"time": 1430694000, "summary": "Partly Cloudy", "icon": "partly-cloudy-day", "precipIntensity": 0, "precipProbability": 0, "temperature": 77.76, "apparentTemperature": 77.76, "dewPoint": 44.48, "humidity": 0.31, "pressure": 1018.67, "windSpeed": 0.47, "windGust": 1.81, "windBearing": 224, "cloudCover": 0.47, "uvIndex": 0, "visibility": 8.32}, {"time": 1430697600, "summary": "Partly Cloudy", "icon": "partly-cloudy-night", "precipIntensity": 0, "precipProbability": 0, "temperature": 73.8, "apparentTemperature": 73.8, "dewPoint": 46.14, "humidity": 0.37, "pressure": 1018.96, "windSpeed": 0.34, "windGust": 0.46, "windBearing": 180, "cloudCover": 0.3, "uvIndex": 0, "visibility": 8.26}, {"time": 1430701200, "summary": "Clear", "icon": "clear-night", "precipIntensity": 0, "precipProbability": 0, "temperature": 68.12, "apparentTemperature": 68.12, "dewPoint": 47.45, "humidity": 0.48, "pressure": 1019.31, "windSpeed": 0.11, "windGust": 0.16, "windBearing": 181, "cloudCover": 0.13, "uvIndex": 0, "visibility": 8.23}, {"time": 1430704800, "summary": "Clear", "icon": "clear-night", "precipIntensity": 0, "precipProbability": 0, "temperature": 64.5, "apparentTemperature": 64.5, "dewPoint": 48.27, "humidity": 0.56, "pressure": 1020.2, "windSpeed": 0.04, "windGust": 0.11, "windBearing": 180, "cloudCover": 0, "uvIndex": 0, "visibility": 7.61}, {"time": 1430708400, "summary": "Clear", "icon": "clear-night", "precipIntensity": 0, "precipProbability": 0, "temperature": 62.42, "apparentTemperature": 62.42, "dewPoint": 48.19, "humidity": 0.6, "pressure": 1020.57, "windSpeed": 0.05, "windGust": 0.11, "windBearing": 180, "cloudCover": 0, "uvIndex": 0, "visibility": 8.51}]}, "daily": {"data": [{"time": 1430625600, "summary": "Partly cloudy starting in the afternoon, continuing until evening.", "icon": "partly-cloudy-day", "sunriseTime": 1430647746, "sunsetTime": 1430697796, "moonPhase": 0.48, "precipIntensity": 0, "precipIntensityMax": 0, "precipProbability": 0, "temperatureHigh": 80.47, "temperatureHighTime": 1430683200, "temperatureLow": 53.64, "temperatureLowTime": 1430733600, "apparentTemperatureHigh": 80.47, "apparentTemperatureHighTime": 1430683200, "apparentTemperatureLow": 53.64, "apparentTemperatureLowTime": 1430733600, "dewPoint": 44.7, "humidity": 0.49, "pressure": 1018.62, "windSpeed": 0.45, "windGust": 7.3, "windGustTime": 1430679600, "windBearing": 284, "cloudCover": 0.32, "uvIndex": 8, "uvIndexTime": 1430668800, "visibility": 8.09, "temperatureMin": 52.29, "temperatureMinTime": 1430647200, "temperatureMax": 80.47, "temperatureMaxTime": 1430683200, "apparentTemperatureMin": 52.29, "apparentTemperatureMinTime": 1430647200, "apparentTemperatureMax": 80.47, "apparentTemperatureMaxTime": 1430683200}]}, "flags": {"sources": ["cmc", "gfs", "hrrr", "icon", "isd", "madis", "nam", "sref"], "nearest-station": 0.675, "units": "us"}, "offset": -4}