{"latitude": 38.912659, "longitude": -77.017669, "timezone": "America/New_York", "currently": {"time": 1438315200, "summary": "Clear", "icon": "clear-night", "precipIntensity": 0, "precipProbability": 0, "temperature": 74.74, "apparentTemperature": 76.16, "dewPoint": 71.7, "humidity": 0.9, "pressure": 1012.32, "windSpeed": 0.03, "windGust": 0.4, "windBearing": 273, "cloudCover": 0.15, "uvIndex": 0, "visibility": 4.9}, "hourly": {"summary": "Partly cloudy in the afternoon.", "icon": "partly-cloudy-day", "data": [{"time": 1438315200, "summary": "Clear", "icon": "clear-night", "precipIntensity": 0, "precipProbability": 0, "temperature": 74.74, "apparentTemperature": 76.16, "dewPoint": 71.7, "humidity": 0.9, "pressure": 1012.32, "windSpeed": 0.03, "windGust": 0.4, "windBearing": 273, "cloudCover": 0.15, "uvIndex": 0, "visibility": 4.9}, {"time": 1438318800, "summary": "Clear", "icon": "clear-night", "precipIntensity": 0, "precipProbability": 0, "temperature": 73.25, "apparentTemperature": 74.49, "dewPoint": 70.01, "humidity": 0.9, "pressure": 1012.54, "windSpeed": 0.04, "windGust": 0.39, "windBearing": 297, "cloudCover": 0.19, "uvIndex": 0, "visibility": 4.92}, {"time": 1438322400, "summary": "Clear", "icon": "clear-night", "precipIntensity": 0, "precipProbability": 0, "temperature": 71.85, "apparentTemperature": 72.84, "dewPoint": 67.93, "humidity": 0.87, "pressure": 1011.88, "windSpeed": 0.23, "windGust": 0.62, "windBearing": 314, "cloudCover": 0.02, "uvIndex": 0, "visibility": 5.59}, {"time": 1438326000, "summary": "Clear", "icon": "clear-night", "precipIntensity": 0, "precipProbability": 0, "temperature": 70.61, "apparentTemperature": 71.4, "dewPoint": 66.13, "humidity": 0.86, "pressure": 1012.49, "windSpeed": 0.25, "windGust": 0.78, "windBearing": 299, "cloudCover": 0.1, "uvIndex": 0, "visibility": 6.42}, {"time": 1438329600, "summary": "Clear", "icon": "clear-night", "precipIntensity": 0, "precipProbability": 0, "temperature": 69.4, "apparentTemperature": 70.08, "dewPoint": 65, "humidity": 0.86, "pressure": 1012.82, "windSpeed": 0.11, "windGust": 0.57, "windBearing": 311, "cloudCover": 0, "uvIndex": 0, "visibility": 10}, {"time": 1438333200, "summary": "Clear", "icon": "clear-night", "precipIntensity": 0, "precipProbability": 0, "temperature": 68.15, "apparentTemperature": 68.71, "dewPoint": 63.81, "humidity": 0.86, "pressure": 1012.83, "windSpeed": 0.2, "windGust": 0.5, "windBearing": 302, "cloudCover": 0, "uvIndex": 0, "visibility": 10}, {"time": 1438336800, "summary": "Clear", "icon": "clear-night", "precipIntensity": 0, "precipProbability": 0, "temperature": 67.19, "apparentTemperature": 67.65, "dewPoint": 62.79, "humidity": 0.86, "pressure": 1013, "windSpeed": 0.09, "windGust": 0.3, "windBearing": 334, "cloudCover": 0.05, "uvIndex": 0, "visibility": 9.48}, {"time": 1438340400, "summary": "Clear", "icon": "clear-day", "precipIntensity": 0, "precipProbability": 0, "temperature": 66.67, "apparentTemperature": 67.13, "dewPoint": 62.72, "humidity": 0.87, "pressure": 1013.4, "windSpeed": 0.16, "windGust": 0.32, "windBearing": 331, "cloudCover": 0.04, "uvIndex": 0, "visibility": 8.74}, {"time": 1438344000, "summary": "Clear", "icon": "clear-day", "precipIntensity": 0, "precipProbability": 0, "temperature": 70, "apparentTemperature": 70.61, "dewPoint": 64.66, "humidity": 0.83, "pressure": 1013.75, "windSpeed": 0.4, "windGust": 1.41, "windBearing": 303, "cloudCover": 0.01, "uvIndex": 1, "visibility": 9.64}, {"time": 1438347600, "summary": "Clear", "icon": "clear-day", "precipIntensity": 0, "precipProbability": 0, "temperature": 76.07, "apparentTemperature": 76.66, "dewPoint": 65.51, "humidity": 0.7, "pressure": 1014.05, "windSpeed": 0.82, "windGust": 2.59, "windBearing": 294, "cloudCover": 0, "uvIndex": 3, "visibility": 10}, {"time": 1438351200, "summary": "Clear", "icon": "clear-day", "precipIntensity": 0, "precipProbability": 0, "temperature": 80.35, "apparentTemperature": 82.29, "dewPoint": 65.37, "humidity": 0.6, "pressure": 1013.89, "windSpeed": 1, "windGust": 4.05, "windBearing": 307, "cloudCover": 0.01, "uvIndex": 5, "visibility": 8.81}, {"time": 1438354800, "summary": "Clear", "icon": "clear-day", "precipIntensity": 0, "precipProbability": 0, "temperature": 83.19, "apparentTemperature": 84.87, "dewPoint": 64.72, "humidity": 0.54, "pressure": 1013.89, "windSpeed": 1.3, "windGust": 4.77, "windBearing": 296, "cloudCover": 0, "uvIndex": 7, "visibility": 8.32}, {"time": 1438358400, "summary": "Clear", "icon": "clear-day", "precipIntensity": 0, "precipProbability": 0, "temperature": 85.32, "apparentTemperature": 86.47, "dewPoint": 63.54, "humidity": 0.48, "pressure": 1013.76, "windSpeed": 1.09, "windGust": 4.93, "windBearing": 307, "cloudCover": 0.06, "uvIndex": 9, "visibility": 8.21}, {"time": 1438362000, "summary": "Partly Cloudy", "icon": "partly-cloudy-day", "precipIntensity": 0, "precipProbability": 0, "temperature": 86.64, "apparentTemperature": 86.66, "dewPoint": 60.78, "humidity": 0.42, "pressure": 1013.16, "windSpeed": 1.13, "windGust": 5.93, "windBearing": 313, "cloudCover": 0.32, "uvIndex": 8, "visibility": 7.18}, {"time": 1438365600, "summary": "Clear", "icon": "clear-day", "precipIntensity": 0, "precipProbability": 0, "temperature": 87.71, "apparentTemperature": 87.71, "dewPoint": 60.64, "humidity": 0.4, "pressure": 1012.94, "windSpeed": 1.34, "windGust": 6.59, "windBearing": 315, "cloudCover": 0.22, "uvIndex": 8, "visibility": 8.01}, {"time": 1438369200, "summary": "Partly Cloudy", "icon": "partly-cloudy-day", "precipIntensity": 0, "precipProbability": 0, "temperature": 87.94, "apparentTemperature": 87.94, "dewPoint": 60.54, "humidity": 0.4, "pressure": 1012.45, "windSpeed": 1.19, "windGust": 6.09, "windBearing": 304, "cloudCover": 0.31, "uvIndex": 7, "visibility": 7.51}, {"time": 1438372800, "summary": "Partly Cloudy", "icon": "partly-cloudy-day", "precipIntensity": 0, "precipProbability": 0, "temperature": 88.09, "apparentTemperature": 88.09, "dewPoint": 60.4, "humidity": 0.4, "pressure": 1011.62, "windSpeed": 1.38, "windGust": 5.01, "windBearing": 303, "cloudCover": 0.28, "uvIndex": 5, "visibility": 7.98}, {"time": 1438376400, "summary": "Clear", "icon": "clear-day", "precipIntensity": 0, "precipProbability": 0, "temperature": 88.26, "apparentTemperature": 88.38, "dewPoint": 61.18, "humidity": 0.4, "pressure": 1011.36, "windSpeed": 1.5, "windGust": 5.69, "windBearing": 297, "cloudCover": 0.19, "uvIndex": 3, "visibility": 7.97}, {"time": 1438380000, "summary": "Clear", "icon": "clear-day", "precipIntensity": 0, "precipProbability": 0, "temperature": 87.39, "apparentTemperature": 87.59, "dewPoint": 61.34, "humidity": 0.42, "pressure": 1011.01, "windSpeed": 1.28, "windGust": 4.27, "windBearing": 298, "cloudCover": 0.1, "uvIndex": 2, "visibility": 7.25}, {"time": 1438383600, "summary": "Clear", "icon": "clear-day", "precipIntensity": 0, "precipProbability": 0, "temperature": 86.03, "apparentTemperature": 86.55, "dewPoint": 62.02, "humidity": 0.45, "pressure": 1010.67, "windSpeed": 0.71, "windGust": 2.24, "windBearing": 296, "cloudCover": 0.09, "uvIndex": 0, "visibility": 8.12}, {"time": 1438387200, "summary": "Clear", "icon": "clear-day", "precipIntensity": 0, "precipProbability": 0, "temperature": 81.94, "apparentTemperature": 83.4, "dewPoint": 63.89, "humidity": 0.54, "pressure": 1010.7, "windSpeed": 0.04, "windGust": 0.19, "windBearing": 270, "cloudCover": 0, "uvIndex": 0, "visibility": 7.43}, {"time": 1438390800, "summary": "Clear", "icon": "clear-night", "precipIntensity": 0, "precipProbability": 0, "temperature": 77.35, "apparentTemperature": 77.87, "dewPoint": 64.91, "humidity": 0.66, "pressure": 1010.9, "windSpeed": 0, "windGust": 0.04, "cloudCover": 0, "uvIndex": 0, "visibility": 8.74}, {"time": 1438394400, "summary": "Clear", "icon": "clear-night", "precipIntensity": 0, "precipProbability": 0, "temperature": 74.52, "apparentTemperature": 75.06, "dewPoint": 64.91, "humidity": 0.72, "pressure": 1011.68, "windSpeed": 0.01, "windGust": 0.09, "windBearing": 191, "cloudCover": 0, "uvIndex": 0, "visibility": 10}, {"time": 1438398000, "summary": "Clear", "icon": "clear-night", "precipIntensity": 0, "precipProbability": 0, "temperature": 72.88, "apparentTemperature": 73.45, "dewPoint": 64.93, "humidity": 0.76, "pressure": 1012.07, "windSpeed": 0.01, "windGust": 0.1, "windBearing": 205, "cloudCover": 0, "uvIndex": 0, "visibility": 8.72}]}, "daily": {"data": [{"time": 1438315200, "summary": "Partly cloudy in the afternoon.", "icon": "partly-cloudy-day", "sunriseTime": 1438337360, "sunsetTime": 1438388523, "moonPhase": 0.51, "precipIntensity": 0, "precipIntensityMax": 0, "precipProbability": 0, "temperatureHigh": 88.26, "temperatureHighTime": 1438376400, "temperatureLow": 68.13, "temperatureLowTime": 1438423200, "apparentTemperatureHigh": 88.38, "apparentTemperatureHighTime": 1438376400, "apparentTemperatureLow": 68.64, "apparentTemperatureLowTime": 1438423200, "dewPoint": 64.14, "humidity": 0.65, "pressure": 1012.47, "windSpeed": 0.59, "windGust": 6.59, "windGustTime": 1438365600, "windBearing": 304, "cloudCover": 0.09, "uvIndex": 9, "uvIndexTime": 1438358400, "visibility": 8.08, "temperatureMin": 66.67, "temperatureMinTime": 1438340400, "temperatureMax": 88.26, "temperatureMaxTime": 1438376400, "apparentTemperatureMin": 67.13, "apparentTemperatureMinTime": 1438340400, "apparentTemperatureMax": 88.38, "apparentTemperatureMaxTime": 1438376400}]}, "flags": {"sources": ["cmc", "gfs", "hrrr", "icon", "isd", "madis", "nam", "sref"], "nearest-station": 0.675, "units": "us"}, "offset": -4}