{"latitude": 38.912659, "longitude": -77.017669, "timezone": "America/New_York", "currently": {"time": 1447477200, "summary": "Clear", "icon": "clear-night", "precipIntensity": 0, "precipProbability": 0, "temperature": 47.94, "apparentTemperature": 46.32, "dewPoint": 18.15, "humidity": 0.3, "pressure": 1016.33, "windSpeed": 4.23, "windGust": 10.75, "windBearing": 286, "cloudCover": 0.05, "uvIndex": 0, "visibility": 7.91}, "hourly": {"summary": "Mostly cloudy starting overnight, continuing until afternoon.", "icon": "partly-cloudy-day", "data": [{"time": 1447477200, "summary": "Clear", "icon": "clear-night", "precipIntensity": 0, "precipProbability": 0, "temperature": 47.94, "apparentTemperature": 46.32, "dewPoint": 18.15, "humidity": 0.3, "pressure": 1016.33, "windSpeed": 4.23, "windGust": 10.75, "windBearing": 286, "cloudCover": 0.05, "uvIndex": 0, "visibility": 7.91}, {"time": 1447480800, "summary": "Clear", "icon": "clear-night", "precipIntensity": 0, "precipProbability": 0, "temperature": 47.23, "apparentTemperature": 45.84, "dewPoint": 19.68, "humidity": 0.33, "pressure": 1016.62, "windSpeed": 3.78, "windGust": 10.5, "windBearing": 283, "cloudCover": 0.15, "uvIndex": 0, "visibility": 8.37}, {"time": 1447484400, "summary": "Partly Cloudy", "icon": "partly-cloudy-night", "precipIntensity": 0, "precipProbability": 0, "temperature": 47, "apparentTemperature": 44.63, "dewPoint": 22.27, "humidity": 0.37, "pressure": 1017.35, "windSpeed": 5.1, "windGust": 13.26, "windBearing": 297, "cloudCover": 0.33, "uvIndex": 0, "visibility": 7.79}, {"time": 1447488000, "summary": "Partly Cloudy", "icon": "partly-cloudy-night", "precipIntensity": 0, "precipProbability": 0, "temperature": 46.46, "apparentTemperature": 44.79, "dewPoint": 23.58, "humidity": 0.4, "pressure": 1018.18, "windSpeed": 3.99, "windGust": 11.18, "windBearing": 290, "cloudCover": 0.59, "uvIndex": 0, "visibility": 7.81}, {"time": 1447491600, "summary": "Partly Cloudy", "icon": "partly-cloudy-night", "precipIntensity": 0, "precipProbability": 0, "temperature": 45.86, "apparentTemperature": 43.65, "dewPoint": 24.07, "humidity": 0.42, "pressure": 1018.68, "windSpeed": 4.58, "windGust": 12.05, "windBearing": 291, "cloudCover": 0.4, "uvIndex": 0, "visibility": 8.37}, {"time": 1447495200, "summary": "Clear", "icon": "clear-night", "precipIntensity": 0, "precipProbability": 0, "temperature": 45.26, "apparentTemperature": 43.59, "dewPoint": 24.53, "humidity": 0.44, "pressure": 1019.17, "windSpeed": 3.77, "windGust": 9.98, "windBearing": 285, "cloudCover": 0.14, "uvIndex": 0, "visibility": 8.17}, {"time": 1447498800, "summary": "Partly Cloudy", "icon": "partly-cloudy-night", "precipIntensity": 0, "precipProbability": 0, "temperature": 45.39, "apparentTemperature": 43.69, "dewPoint": 25.22, "humidity": 0.45, "pressure": 1019.99, "windSpeed": 3.81, "windGust": 10.77, "windBearing": 288, "cloudCover": 0.5, "uvIndex": 0, "visibility": 7.79}, {"time": 1447502400, "summary": "Mostly Cloudy", "icon": "partly-cloudy-day", "precipIntensity": 0, "precipProbability": 0, "temperature": 45.57, "apparentTemperature": 43.49, "dewPoint": 26.36, "humidity": 0.47, "pressure": 1021.01, "windSpeed": 4.35, "windGust": 11.19, "windBearing": 293, "cloudCover": 0.85, "uvIndex": 0, "visibility": 8.37}, {"time": 1447506000, "summary": "Mostly Cloudy", "icon": "partly-cloudy-day", "precipIntensity": 0, "precipProbability": 0, "temperature": 46.52, "apparentTemperature": 44.54, "dewPoint": 27.73, "humidity": 0.48, "pressure": 1022.01, "windSpeed": 4.41, "windGust": 11.85, "windBearing": 297, "cloudCover": 0.72, "uvIndex": 0, "visibility": 7.88}, {"time": 1447509600, "summary": "Mostly Cloudy", "icon": "partly-cloudy-day", "precipIntensity": 0, "precipProbability": 0, "temperature": 47.92, "apparentTemperature": 45.08, "dewPoint": 28.62, "humidity": 0.47, "pressure": 1022.66, "windSpeed": 6.21, "windGust": 14.65, "windBearing": 302, "cloudCover": 0.68, "uvIndex": 1, "visibility": 8.29}, {"time": 1447513200, "summary": "Mostly Cloudy", "icon": "partly-cloudy-day", "precipIntensity": 0, "precipProbability": 0, "temperature": 49.13, "apparentTemperature": 46.43, "dewPoint": 29.17, "humidity": 0.46, "pressure": 1022.89, "windSpeed": 6.39, "windGust": 15.65, "windBearing": 305, "cloudCover": 0.78, "uvIndex": 2, "visibility": 8.25}, {"time": 1447516800, "summary": "Mostly Cloudy", "icon": "partly-cloudy-day", "precipIntensity": 0, "precipProbability": 0, "temperature": 50.1, "apparentTemperature": 50.1, "dewPoint": 28.97, "humidity": 0.44, "pressure": 1023.3, "windSpeed": 6.7, "windGust": 16.7, "windBearing": 305, "cloudCover": 0.64, "uvIndex": 2, "visibility": 8.72}, {"time": 1447520400, "summary": "Mostly Cloudy", "icon": "partly-cloudy-day", "precipIntensity": 0, "precipProbability": 0, "temperature": 51.18, "apparentTemperature": 51.18, "dewPoint": 28.92, "humidity": 0.42, "pressure": 1023.14, "windSpeed": 5.67, "windGust": 15.6, "windBearing": 305, "cloudCover": 0.77, "uvIndex": 2, "visibility": 8}, {"time": 1447524000, "summary": "Partly Cloudy", "icon": "partly-cloudy-day", "precipIntensity": 0, "precipProbability": 0, "temperature": 52.28, "apparentTemperature": 52.28, "dewPoint": 28.72, "humidity": 0.4, "pressure": 1022.74, "windSpeed": 5.51, "windGust": 14.33, "windBearing": 310, "cloudCover": 0.37, "uvIndex": 2, "visibility": 8.63}, {"time": 1447527600, "summary": "Clear", "icon": "clear-day", "precipIntensity": 0, "precipProbability": 0, "temperature": 53.18, "apparentTemperature": 53.18, "dewPoint": 28.62, "humidity": 0.39, "pressure": 1022.76, "windSpeed": 4.96, "windGust": 13.5, "windBearing": 302, "cloudCover": 0.05, "uvIndex": 2, "visibility": 8.62}, {"time": 1447531200, "summary": "Clear", "icon": "clear-day", "precipIntensity": 0, "precipProbability": 0, "temperature": 53.34, "apparentTemperature": 53.34, "dewPoint": 28.05, "humidity": 0.37, "pressure": 1023.07, "windSpeed": 5.3, "windGust": 13.93, "windBearing": 302, "cloudCover": 0, "uvIndex": 1, "visibility": 8.59}, {"time": 1447534800, "summary": "Clear", "icon": "clear-day", "precipIntensity": 0, "precipProbability": 0, "temperature": 52.78, "apparentTemperature": 52.78, "dewPoint": 27.59, "humidity": 0.38, "pressure": 1023.75, "windSpeed": 4.48, "windGust": 12.19, "windBearing": 306, "cloudCover": 0, "uvIndex": 0, "visibility": 9.05}, {"time": 1447538400, "summary": "Clear", "icon": "clear-night", "precipIntensity": 0, "precipProbability": 0, "temperature": 50.99, "apparentTemperature": 50.99, "dewPoint": 27.55, "humidity": 0.4, "pressure": 1024.32, "windSpeed": 2.57, "windGust": 7.74, "windBearing": 303, "cloudCover": 0, "uvIndex": 0, "visibility": 8.21}, {"time": 1447542000, "summary": "Clear", "icon": "clear-night", "precipIntensity": 0, "precipProbability": 0, "temperature": 48.85, "apparentTemperature": 48.85, "dewPoint": 27.94, "humidity": 0.44, "pressure": 1025.11, "windSpeed": 0.89, "windGust": 2.98, "windBearing": 299, "cloudCover": 0, "uvIndex": 0, "visibility": 8.13}, {"time": 1447545600, "summary": "Clear", "icon": "clear-night", "precipIntensity": 0, "precipProbability": 0, "temperature": 46.19, "apparentTemperature": 46.19, "dewPoint": 28.31, "humidity": 0.49, "pressure": 1025.47, "windSpeed": 0.37, "windGust": 1.31, "windBearing": 298, "cloudCover": 0, "uvIndex": 0, "visibility": 8.03}, {"time": 1447549200, "summary": "Clear", "icon": "clear-night", "precipIntensity": 0, "precipProbability": 0, "temperature": 44.1, "apparentTemperature": 44.1, "dewPoint": 28.64, "humidity": 0.54, "pressure": 1026.15, "windSpeed": 0.46, "windGust": 1.81, "windBearing": 298, "cloudCover": 0, "uvIndex": 0, "visibility": 10}, {"time": 1447552800, "summary": "Clear", "icon": "clear-night", "precipIntensity": 0, "precipProbability": 0, "temperature": 42.95, "apparentTemperature": 42.95, "dewPoint": 28.79, "humidity": 0.57, "pressure": 1026.61, "windSpeed": 0.25, "windGust": 1.05, "windBearing": 301, "cloudCover": 0, "uvIndex": 0, "visibility": 7.91}, {"time": 1447556400, "summary": "Clear", "icon": "clear-night", "precipIntensity": 0, "precipProbability": 0, "temperature": 40.61, "apparentTemperature": 40.61, "dewPoint": 28.99, "humidity": 0.63, "pressure": 1027.03, "windSpeed": 0.12, "windGust": 0.4, "windBearing": 281, "cloudCover": 0, "uvIndex": 0, "visibility": 7.83}, {"time": 1447560000, "summary": "Clear", "icon": "clear-night", "precipIntensity": 0, "precipProbability": 0, "temperature": 38.49, "apparentTemperature": 38.49, "dewPoint": 29.24, "humidity": 0.69, "pressure": 1027.48, "windSpeed": 0, "windGust": 0.16, "cloudCover": 0, "uvIndex": 0, "visibility": 10}]}, "daily": {"data": [{"time": 1447477200, "summary": "Mostly cloudy until afternoon.", "icon": "partly-cloudy-day", "sunriseTime": 1447501862, "sunsetTime": 1447538205, "moonPhase": 0.09, "precipIntensity": 0, "precipIntensityMax": 0, "precipProbability": 0, "temperatureHigh": 53.34, "temperatureHighTime": 1447531200, "temperatureLow": 33.75, "temperatureLowTime": 1447578000, "apparentTemperatureHigh": 53.34, "apparentTemperatureHighTime": 1447531200, "apparentTemperatureLow": 33.75, "apparentTemperatureLowTime": 1447578000, "dewPoint": 26.66, "humidity": 0.45, "pressure": 1022.33, "windSpeed": 3.63, "windGust": 16.7, "windGustTime": 1447516800, "windBearing": 298, "cloudCover": 0.29, "uvIndex": 2, "uvIndexTime": 1447513200, "visibility": 8.36, "temperatureMin": 38.49, "temperatureMinTime": 1447560000, "temperatureMax": 53.34, "temperatureMaxTime": 1447531200, "apparentTemperatureMin": 38.49, "apparentTemperatureMinTime": 1447560000, "apparentTemperatureMax": 53.34, "apparentTemperatureMaxTime": 1447531200}]}, "flags": {"sources": ["cmc", "gfs", "hrrr", "icon", "isd", "madis", "nam", "sref"], "nearest-station": 1.106, "units": "us"}, "offset": -5}