{"latitude": 38.912659, "longitude": -77.017669, "timezone": "America/New_York", "currently": {"time": 1451538000, "summary": "Overcast", "icon": "cloudy", "precipIntensity": 0.0004, "precipProbability": 0.12, "precipType": "rain", "temperature": 50.96, "apparentTemperature": 50.96, "dewPoint": 49.42, "humidity": 0.94, "pressure": 1018.62, "windSpeed": 0.18, "windGust": 0.48, "windBearing": 323, "cloudCover": 1, "uvIndex": 0, "visibility": 2.32}, "hourly": {"summary": "Mostly cloudy throughout the day.", "icon": "partly-cloudy-day", "data": [{"time": 1451538000, "summary": "Overcast", "icon": "cloudy", "precipIntensity": 0.0004, "precipProbability": 0.12, "precipType": "rain", "temperature": 50.96, "apparentTemperature": 50.96, "dewPoint": 49.42, "humidity": 0.94, "pressure": 1018.62, "windSpeed": 0.18, "windGust": 0.48, "windBearing": 323, "cloudCover": 1, "uvIndex": 0, "visibility": 2.32}, {"time": 1451541600, "summary": "Overcast", "icon": "cloudy", "precipIntensity": 0, "precipProbability": 0, "temperature": 51.04, "apparentTemperature": 51.04, "dewPoint": 49.49, "humidity": 0.94, "pressure": 1018.11, "windSpeed": 0.08, "windGust": 0.53, "windBearing": 321, "cloudCover": 1, "uvIndex": 0, "visibility": 3.19}, {"time": 1451545200, "summary": "Overcast", "icon": "cloudy", "precipIntensity": 0, "precipProbability": 0, "temperature": 50.98, "apparentTemperature": 50.98, "dewPoint": 49.45, "humidity": 0.94, "pressure": 1018.04, "windSpeed": 0.12, "windGust": 0.87, "windBearing": 321, "cloudCover": 1, "uvIndex": 0, "visibility": 2.65}, {"time": 1451548800, "summary": "Overcast", "icon": "cloudy", "precipIntensity": 0, "precipProbability": 0, "temperature": 50.91, "apparentTemperature": 50.91, "dewPoint": 49.32, "humidity": 0.94, "pressure": 1018.26, "windSpeed": 0.35, "windGust": 1.63, "windBearing": 320, "cloudCover": 1, "uvIndex": 0, "visibility": 3.42}, {"time": 1451552400, "summary": "Mostly Cloudy", "icon": "partly-cloudy-night", "precipIntensity": 0, "precipProbability": 0, "temperature": 50.27, "apparentTemperature": 50.27, "dewPoint": 48.92, "humidity": 0.95, "pressure": 1018.17, "windSpeed": 0.37, "windGust": 1.39, "windBearing": 339, "cloudCover": 0.93, "uvIndex": 0, "visibility": 3.5}, {"time": 1451556000, "summary": "Mostly Cloudy", "icon": "partly-cloudy-night", "precipIntensity": 0, "precipProbability": 0, "temperature": 49.57, "apparentTemperature": 49.57, "dewPoint": 47.95, "humidity": 0.94, "pressure": 1018.36, "windSpeed": 0.15, "windGust": 0.78, "windBearing": 344, "cloudCover": 0.88, "uvIndex": 0, "visibility": 5.24}, {"time": 1451559600, "summary": "Overcast", "icon": "cloudy", "precipIntensity": 0, "precipProbability": 0, "temperature": 49.16, "apparentTemperature": 49.16, "dewPoint": 47.61, "humidity": 0.94, "pressure": 1019.05, "windSpeed": 0.13, "windGust": 1.02, "windBearing": 347, "cloudCover": 0.97, "uvIndex": 0, "visibility": 4.98}, {"time": 1451563200, "summary": "Overcast", "icon": "cloudy", "precipIntensity": 0, "precipProbability": 0, "temperature": 48.83, "apparentTemperature": 48.83, "dewPoint": 47.04, "humidity": 0.93, "pressure": 1019.84, "windSpeed": 0.2, "windGust": 1.47, "windBearing": 337, "cloudCover": 1, "uvIndex": 0, "visibility": 4.65}, {"time": 1451566800, "summary": "Overcast", "icon": "cloudy", "precipIntensity": 0, "precipProbability": 0, "temperature": 48.64, "apparentTemperature": 48.64, "dewPoint": 46.46, "humidity": 0.92, "pressure": 1020.49, "windSpeed": 0.11, "windGust": 1.34, "windBearing": 325, "cloudCover": 0.99, "uvIndex": 0, "visibility": 5.26}, {"time": 1451570400, "summary": "Mostly Cloudy", "icon": "partly-cloudy-day", "precipIntensity": 0, "precipProbability": 0, "temperature": 49.13, "apparentTemperature": 49.13, "dewPoint": 46.48, "humidity": 0.91, "pressure": 1021, "windSpeed": 0.06, "windGust": 0.97, "windBearing": 341, "cloudCover": 0.86, "uvIndex": 0, "visibility": 7.79}, {"time": 1451574000, "summary": "Mostly Cloudy", "icon": "partly-cloudy-day", "precipIntensity": 0, "precipProbability": 0, "temperature": 50.04, "apparentTemperature": 50.04, "dewPoint": 46.25, "humidity": 0.87, "pressure": 1021.15, "windSpeed": 0.51, "windGust": 2.6, "windBearing": 352, "cloudCover": 0.9, "uvIndex": 1, "visibility": 7.9}, {"time": 1451577600, "summary": "Mostly Cloudy", "icon": "partly-cloudy-day", "precipIntensity": 0, "precipProbability": 0, "temperature": 51.95, "apparentTemperature": 51.95, "dewPoint": 45.31, "humidity": 0.78, "pressure": 1021.04, "windSpeed": 1.82, "windGust": 6.38, "windBearing": 336, "cloudCover": 0.88, "uvIndex": 1, "visibility": 7.88}, {"time": 1451581200, "summary": "Mostly Cloudy", "icon": "partly-cloudy-day", "precipIntensity": 0, "precipProbability": 0, "temperature": 53.35, "apparentTemperature": 53.35, "dewPoint": 44.36, "humidity": 0.71, "pressure": 1020.12, "windSpeed": 1.7, "windGust": 6.93, "windBearing": 318, "cloudCover": 0.77, "uvIndex": 2, "visibility": 8.12}, {"time": 1451584800, "summary": "Mostly Cloudy", "icon": "partly-cloudy-day", "precipIntensity": 0, "precipProbability": 0, "temperature": 54.52, "apparentTemperature": 54.52, "dewPoint": 43.86, "humidity": 0.67, "pressure": 1019.31, "windSpeed": 2.48, "windGust": 7.93, "windBearing": 319, "cloudCover": 0.84, "uvIndex": 2, "visibility": 8.59}, {"time": 1451588400, "summary": "Mostly Cloudy", "icon": "partly-cloudy-day", "precipIntensity": 0, "precipProbability": 0, "temperature": 55.14, "apparentTemperature": 55.14, "dewPoint": 43.14, "humidity": 0.64, "pressure": 1019.19, "windSpeed": 2.83, "windGust": 8.65, "windBearing": 321, "cloudCover": 0.78, "uvIndex": 1, "visibility": 9.05}, {"time": 1451592000, "summary": "Partly Cloudy", "icon": "partly-cloudy-day", "precipIntensity": 0, "precipProbability": 0, "temperature": 54.63, "apparentTemperature": 54.63, "dewPoint": 42.18, "humidity": 0.63, "pressure": 1019.14, "windSpeed": 2.62, "windGust": 7.68, "windBearing": 325, "cloudCover": 0.49, "uvIndex": 1, "visibility": 8.69}, {"time": 1451595600, "summary": "Partly Cloudy", "icon": "partly-cloudy-day", "precipIntensity": 0, "precipProbability": 0, "temperature": 51.99, "apparentTemperature": 51.99, "dewPoint": 40.85, "humidity": 0.66, "pressure": 1019.58, "windSpeed": 1.71, "windGust": 5.69, "windBearing": 333, "cloudCover": 0.56, "uvIndex": 0, "visibility": 9.48}, {"time": 1451599200, "summary": "Partly Cloudy", "icon": "partly-cloudy-night", "precipIntensity": 0, "precipProbability": 0, "temperature": 50.16, "apparentTemperature": 50.16, "dewPoint": 39.6, "humidity": 0.67, "pressure": 1020.12, "windSpeed": 0.85, "windGust": 3.69, "windBearing": 336, "cloudCover": 0.51, "uvIndex": 0, "visibility": 7.9}, {"time": 1451602800, "summary": "Mostly Cloudy", "icon": "partly-cloudy-night", "precipIntensity": 0, "precipProbability": 0, "temperature": 48.83, "apparentTemperature": 48.83, "dewPoint": 38.8, "humidity": 0.68, "pressure": 1020.19, "windSpeed": 0.59, "windGust": 2.33, "windBearing": 339, "cloudCover": 0.85, "uvIndex": 0, "visibility": 7.38}, {"time": 1451606400, "summary": "Overcast", "icon": "cloudy", "precipIntensity": 0, "precipProbability": 0, "temperature": 47.91, "apparentTemperature": 47.91, "dewPoint": 37.72, "humidity": 0.68, "pressure": 1020.95, "windSpeed": 0.95, "windGust": 3.5, "windBearing": 345, "cloudCover": 0.97, "uvIndex": 0, "visibility": 8.24}, {"time": 1451610000, "summary": "Mostly Cloudy", "icon": "partly-cloudy-night", "precipIntensity": 0, "precipProbability": 0, "temperature": 46.6, "apparentTemperature": 46.6, "dewPoint": 36.52, "humidity": 0.68, "pressure": 1021.4, "windSpeed": 1.91, "windGust": 5.09, "windBearing": 346, "cloudCover": 0.92, "uvIndex": 0, "visibility": 8.31}, {"time": 1451613600, "summary": "Mostly Cloudy", "icon": "partly-cloudy-night", "precipIntensity": 0, "precipProbability": 0, "temperature": 45.55, "apparentTemperature": 45.55, "dewPoint": 35.65, "humidity": 0.68, "pressure": 1021.6, "windSpeed": 1.9, "windGust": 5.87, "windBearing": 352, "cloudCover": 0.93, "uvIndex": 0, "visibility": 7.87}, {"time": 1451617200, "summary": "Overcast", "icon": "cloudy", "precipIntensity": 0, "precipProbability": 0, "temperature": 44.67, "apparentTemperature": 44.67, "dewPoint": 34.78, "humidity": 0.68, "pressure": 1021.58, "windSpeed": 1.25, "windGust": 4.63, "windBearing": 341, "cloudCover": 0.97, "uvIndex": 0, "visibility": 8}, {"time": 1451620800, "summary": "Overcast", "icon": "cloudy", "precipIntensity": 0, "precipProbability": 0, "temperature": 43.89, "apparentTemperature": 43.89, "dewPoint": 34.21, "humidity": 0.69, "pressure": 1021.59, "windSpeed": 1.22, "windGust": 4.6, "windBearing": 334, "cloudCover": 1, "uvIndex": 0, "visibility": 7.9}]}, "daily": {"data": [{"time": 1451538000, "summary": "Mostly cloudy throughout the day.", "icon": "partly-cloudy-day", "sunriseTime": 1451564866, "sunsetTime": 1451598999, "moonPhase": 0.7, "precipIntensity": 0, "precipIntensityMax": 0.0004, "precipIntensityMaxTime": 1451538000, "precipProbability": 0, "temperatureHigh": 55.14, "temperatureHighTime": 1451588400, "temperatureLow": 39.88, "temperatureLowTime": 1451653200, "apparentTemperatureHigh": 55.14, "apparentTemperatureHighTime": 1451588400, "apparentTemperatureLow": 39.88, "apparentTemperatureLowTime": 1451653200, "dewPoint": 43.56, "humidity": 0.8, "pressure": 1019.87, "windSpeed": 0.98, "windGust": 8.65, "windGustTime": 1451588400, "windBearing": 332, "cloudCover": 0.87, "uvIndex": 2, "uvIndexTime": 1451581200, "visibility": 6.6, "temperatureMin": 43.89, "temperatureMinTime": 1451620800, "temperatureMax": 55.14, "temperatureMaxTime": 1451588400, "apparentTemperatureMin": 43.89, "apparentTemperatureMinTime": 1451620800, "apparentTemperatureMax": 55.14, "apparentTemperatureMaxTime": 1451588400}]}, "flags": {"sources": ["cmc", "gfs", "hrrr", "icon", "isd", "madis", "nam", "sref"], "nearest-station": 1.106, "units": "us"}, "offset": -5}