{"latitude": 38.912659, "longitude": -77.017669, "timezone": "America/New_York", "currently": {"time": 1427342400, "summary": "Mostly Cloudy", "icon": "partly-cloudy-night", "precipIntensity": 0, "precipProbability": 0, "temperature": 47.66, "apparentTemperature": 47.66, "dewPoint": 38.16, "humidity": 0.69, "pressure": 1020.89, "windSpeed": 0.43, "windGust": 1.68, "windBearing": 178, "cloudCover": 0.79, "uvIndex": 0, "visibility": 7.01}, "hourly": {"summary": "Light rain starting in the morning, continuing until afternoon.", "icon": "rain", "data": [{"time": 1427342400, "summary": "Mostly Cloudy", "icon": "partly-cloudy-night", "precipIntensity": 0, "precipProbability": 0, "temperature": 47.66, "apparentTemperature": 47.66, "dewPoint": 38.16, "humidity": 0.69, "pressure": 1020.89, "windSpeed": 0.43, "windGust": 1.68, "windBearing": 178, "cloudCover": 0.79, "uvIndex": 0, "visibility": 7.01}, {"time": 1427346000, "summary": "Partly Cloudy", "icon": "partly-cloudy-night", "precipIntensity": 0, "precipProbability": 0, "temperature": 47.02, "apparentTemperature": 47.02, "dewPoint": 38.14, "humidity": 0.71, "pressure": 1019.6, "windSpeed": 0.44, "windGust": 1.65, "windBearing": 182, "cloudCover": 0.5, "uvIndex": 0, "visibility": 6.88}, {"time": 1427349600, "summary": "Mostly Cloudy", "icon": "partly-cloudy-night", "precipIntensity": 0, "precipProbability": 0, "temperature": 47.32, "apparentTemperature": 47.32, "dewPoint": 38.72, "humidity": 0.72, "pressure": 1019.1, "windSpeed": 0.58, "windGust": 2.05, "windBearing": 179, "cloudCover": 0.9, "uvIndex": 0, "visibility": 7.35}, {"time": 1427353200, "summary": "Mostly Cloudy", "icon": "partly-cloudy-night", "precipIntensity": 0, "precipProbability": 0, "temperature": 47.81, "apparentTemperature": 47.81, "dewPoint": 39.14, "humidity": 0.72, "pressure": 1018.16, "windSpeed": 0.39, "windGust": 1.43, "windBearing": 190, "cloudCover": 0.67, "uvIndex": 0, "visibility": 7.54}, {"time": 1427356800, "summary": "Overcast", "icon": "cloudy", "precipIntensity": 0, "precipProbability": 0, "temperature": 47.99, "apparentTemperature": 47.99, "dewPoint": 39.37, "humidity": 0.72, "pressure": 1017.47, "windSpeed": 0.6, "windGust": 1.78, "windBearing": 190, "cloudCover": 0.96, "uvIndex": 0, "visibility": 8.76}, {"time": 1427360400, "summary": "Overcast", "icon": "cloudy", "precipIntensity": 0, "precipProbability": 0, "temperature": 48.4, "apparentTemperature": 48.4, "dewPoint": 39.8, "humidity": 0.72, "pressure": 1016.55, "windSpeed": 0.62, "windGust": 1.5, "windBearing": 179, "cloudCover": 1, "uvIndex": 0, "visibility": 7.77}, {"time": 1427364000, "summary": "Mostly Cloudy", "icon": "partly-cloudy-night", "precipIntensity": 0, "precipProbability": 0, "temperature": 48.51, "apparentTemperature": 48.51, "dewPoint": 39.9, "humidity": 0.72, "pressure": 1015.7, "windSpeed": 0.55, "windGust": 1.62, "windBearing": 173, "cloudCover": 0.89, "uvIndex": 0, "visibility": 7.91}, {"time": 1427367600, "summary": "Overcast", "icon": "cloudy", "precipIntensity": 0, "precipProbability": 0, "temperature": 49.33, "apparentTemperature": 49.33, "dewPoint": 40.63, "humidity": 0.72, "pressure": 1015.16, "windSpeed": 1.01, "windGust": 3.29, "windBearing": 171, "cloudCover": 0.97, "uvIndex": 0, "visibility": 7.46}, {"time": 1427371200, "summary": "Mostly Cloudy", "icon": "partly-cloudy-day", "precipIntensity": 0, "precipProbability": 0, "temperature": 50.87, "apparentTemperature": 50.87, "dewPoint": 42.16, "humidity": 0.72, "pressure": 1014.67, "windSpeed": 1.3, "windGust": 4.56, "windBearing": 181, "cloudCover": 0.87, "uvIndex": 0, "visibility": 7.83}, {"time": 1427374800, "summary": "Mostly Cloudy", "icon": "partly-cloudy-day", "precipIntensity": 0, "precipProbability": 0, "temperature": 53.36, "apparentTemperature": 53.36, "dewPoint": 44.17, "humidity": 0.71, "pressure": 1013.86, "windSpeed": 2.16, "windGust": 6.38, "windBearing": 185, "cloudCover": 0.89, "uvIndex": 1, "visibility": 8.31}, {"time": 1427378400, "summary": "Mostly Cloudy", "icon": "partly-cloudy-day", "precipIntensity": 0.0092, "precipProbability": 0.81, "precipType": "rain", "temperature": 53.49, "apparentTemperature": 53.49, "dewPoint": 48.6, "humidity": 0.83, "pressure": 1013.02, "windSpeed": 0.89, "windGust": 3.95, "windBearing": 181, "cloudCover": 0.93, "uvIndex": 2, "visibility": 8.17}, {"time": 1427382000, "summary": "Light Rain", "icon": "rain", "precipIntensity": 0.0172, "precipProbability": 0.88, "precipType": "rain", "temperature": 54.52, "apparentTemperature": 54.52, "dewPoint": 51.02, "humidity": 0.88, "pressure": 1011.97, "windSpeed": 0.85, "windGust": 3.44, "windBearing": 205, "cloudCover": 0.98, "uvIndex": 3, "visibility": 3.46}, {"time": 1427385600, "summary": "Light Rain", "icon": "rain", "precipIntensity": 0.0302, "precipProbability": 0.83, "precipType": "rain", "temperature": 56.08, "apparentTemperature": 56.08, "dewPoint": 53.64, "humidity": 0.92, "pressure": 1010.77, "windSpeed": 1.97, "windGust": 6.91, "windBearing": 189, "cloudCover": 1, "uvIndex": 4, "visibility": 5.33}, {"time": 1427389200, "summary": "Overcast", "icon": "cloudy", "precipIntensity": 0.0045, "precipProbability": 0.45, "precipType": "rain", "temperature": 59.03, "apparentTemperature": 59.03, "dewPoint": 56.3, "humidity": 0.91, "pressure": 1009.29, "windSpeed": 3.39, "windGust": 9.46, "windBearing": 188, "cloudCover": 1, "uvIndex": 4, "visibility": 6.59}, {"time": 1427392800, "summary": "Overcast", "icon": "cloudy", "precipIntensity": 0, "precipProbability": 0, "temperature": 63.58, "apparentTemperature": 63.61, "dewPoint": 58.86, "humidity": 0.85, "pressure": 1006.95, "windSpeed": 3.77, "windGust": 9.91, "windBearing": 192, "cloudCover": 0.98, "uvIndex": 4, "visibility": 7.73}, {"time": 1427396400, "summary": "Partly Cloudy", "icon": "partly-cloudy-day", "precipIntensity": 0, "precipProbability": 0, "temperature": 69.29, "apparentTemperature": 69.37, "dewPoint": 60.38, "humidity": 0.73, "pressure": 1004.95, "windSpeed": 4.59, "windGust": 12.66, "windBearing": 191, "cloudCover": 0.58, "uvIndex": 4, "visibility": 8.16}, {"time": 1427400000, "summary": "Clear", "icon": "clear-day", "precipIntensity": 0, "precipProbability": 0, "temperature": 72.73, "apparentTemperature": 72.73, "dewPoint": 58.77, "humidity": 0.62, "pressure": 1003.62, "windSpeed": 4.57, "windGust": 13.81, "windBearing": 192, "cloudCover": 0.18, "uvIndex": 3, "visibility": 6.9}, {"time": 1427403600, "summary": "Clear", "icon": "clear-day", "precipIntensity": 0, "precipProbability": 0, "temperature": 74.16, "apparentTemperature": 74.16, "dewPoint": 57.51, "humidity": 0.56, "pressure": 1002.78, "windSpeed": 4.49, "windGust": 13.71, "windBearing": 193, "cloudCover": 0.23, "uvIndex": 2, "visibility": 8.52}, {"time": 1427407200, "summary": "Partly Cloudy", "icon": "partly-cloudy-day", "precipIntensity": 0, "precipProbability": 0, "temperature": 73.91, "apparentTemperature": 73.91, "dewPoint": 56.52, "humidity": 0.55, "pressure": 1001.95, "windSpeed": 3.69, "windGust": 11.94, "windBearing": 196, "cloudCover": 0.25, "uvIndex": 1, "visibility": 8.66}, {"time": 1427410800, "summary": "Partly Cloudy", "icon": "partly-cloudy-day", "precipIntensity": 0, "precipProbability": 0, "temperature": 72.24, "apparentTemperature": 72.24, "dewPoint": 55.29, "humidity": 0.55, "pressure": 1001.98, "windSpeed": 3.08, "windGust": 9.3, "windBearing": 205, "cloudCover": 0.33, "uvIndex": 0, "visibility": 8.47}, {"time": 1427414400, "summary": "Mostly Cloudy", "icon": "partly-cloudy-night", "precipIntensity": 0.0102, "precipProbability": 0.69, "precipType": "rain", "temperature": 66.71, "apparentTemperature": 66.71, "dewPoint": 57.56, "humidity": 0.72, "pressure": 1002.81, "windSpeed": 1.97, "windGust": 8.75, "windBearing": 273, "cloudCover": 0.88, "uvIndex": 0, "visibility": 8.18}, {"time": 1427418000, "summary": "Light Rain", "icon": "rain", "precipIntensity": 0.0274, "precipProbability": 0.92, "precipType": "rain", "temperature": 61.9, "apparentTemperature": 61.9, "dewPoint": 56.42, "humidity": 0.82, "pressure": 1004.03, "windSpeed": 2.8, "windGust": 8.73, "windBearing": 324, "cloudCover": 1, "uvIndex": 0, "visibility": 8.08}, {"time": 1427421600, "summary": "Overcast", "icon": "cloudy", "precipIntensity": 0.0084, "precipProbability": 0.79, "precipType": "rain", "temperature": 58.58, "apparentTemperature": 58.58, "dewPoint": 52.66, "humidity": 0.81, "pressure": 1005.42, "windSpeed": 3.83, "windGust": 12.05, "windBearing": 325, "cloudCover": 0.97, "uvIndex": 0, "visibility": 10}, {"time": 1427425200, "summary": "Light Rain", "icon": "rain", "precipIntensity": 0.0407, "precipProbability": 0.84, "precipType": "rain", "temperature": 53.75, "apparentTemperature": 53.75, "dewPoint": 48.38, "humidity": 0.82, "pressure": 1006.49, "windSpeed": 3.69, "windGust": 11.34, "windBearing": 336, "cloudCover": 1, "uvIndex": 0, "visibility": 7.54}]}, "daily": {"data": [{"time": 1427342400, "summary": "Rain until afternoon, starting again overnight.", "icon": "rain", "sunriseTime": 1427367801, "sunsetTime": 1427412389, "moonPhase": 0.23, "precipIntensity": 0.0062, "precipIntensityMax": 0.0407, "precipIntensityMaxTime": 1427425200, "precipProbability": 0.92, "precipType": "rain", "temperatureHigh": 74.16, "temperatureHighTime": 1427403600, "temperatureLow": 41.2, "temperatureLowTime": 1427454000, "apparentTemperatureHigh": 74.16, "apparentTemperatureHighTime": 1427403600, "apparentTemperatureLow": 41.2, "apparentTemperatureLowTime": 1427454000, "dewPoint": 48.84, "humidity": 0.74, "pressure": 1010.72, "windSpeed": 1.37, "windGust": 13.81, "windGustTime": 1427400000, "windBearing": 206, "cloudCover": 0.78, "uvIndex": 4, "uvIndexTime": 1427385600, "visibility": 7.61, "temperatureMin": 47.02, "temperatureMinTime": 1427346000, "temperatureMax": 74.16, "temperatureMaxTime": 1427403600, "apparentTemperatureMin": 47.02, "apparentTemperatureMinTime": 1427346000, "apparentTemperatureMax": 74.16, "apparentTemperatureMaxTime": 1427403600}]}, "flags": {"sources": ["cmc", "gfs", "hrrr", "icon", "isd", "madis", "nam", "sref"], "nearest-station": 0.675, "units": "us"}, "offset": -4}