{"latitude": 38.912659, "longitude": -77.017669, "timezone": "America/New_York", "currently": {"time": 1432008000, "summary": "Rain", "icon": "rain", "precipIntensity": 0.1613, "precipProbability": 0.87, "precipType": "rain", "temperature": 70.15, "apparentTemperature": 71.2, "dewPoint": 67.81, "humidity": 0.92, "pressure": 1017.1, "windSpeed": 0.57, "windGust": 2.33, "windBearing": 66, "cloudCover": 0.96, "uvIndex": 0, "visibility": 4}, "hourly": {"summary": "Rain overnight.", "icon": "rain", "data": [{"time": 1432008000, "summary": "Rain", "icon": "rain", "precipIntensity": 0.1613, "precipProbability": 0.87, "precipType": "rain", "temperature": 70.15, "apparentTemperature": 71.2, "dewPoint": 67.81, "humidity": 0.92, "pressure": 1017.1, "windSpeed": 0.57, "windGust": 2.33, "windBearing": 66, "cloudCover": 0.96, "uvIndex": 0, "visibility": 4}, {"time": 1432011600, "summary": "Rain", "icon": "rain", "precipIntensity": 0.1176, "precipProbability": 0.69, "precipType": "rain", "temperature": 69.68, "apparentTemperature": 70.71, "dewPoint": 67.53, "humidity": 0.93, "pressure": 1016.54, "windSpeed": 0.24, "windGust": 1.58, "windBearing": 79, "cloudCover": 0.9, "uvIndex": 0, "visibility": 5.07}, {"time": 1432015200, "summary": "Light Rain", "icon": "rain", "precipIntensity": 0.0296, "precipProbability": 0.47, "precipType": "rain", "temperature": 69.21, "apparentTemperature": 70.2, "dewPoint": 67.06, "humidity": 0.93, "pressure": 1015.86, "windSpeed": 0.16, "windGust": 0.79, "windBearing": 71, "cloudCover": 0.89, "uvIndex": 0, "visibility": 6.44}, {"time": 1432018800, "summary": "Overcast", "icon": "cloudy", "precipIntensity": 0.0089, "precipProbability": 0.31, "precipType": "rain", "temperature": 68.89, "apparentTemperature": 69.86, "dewPoint": 66.88, "humidity": 0.93, "pressure": 1015.06, "windSpeed": 0.09, "windGust": 0.36, "windBearing": 121, "cloudCover": 0.98, "uvIndex": 0, "visibility": 4.96}, {"time": 1432022400, "summary": "Overcast", "icon": "cloudy", "precipIntensity": 0.0013, "precipProbability": 0.24, "precipType": "rain", "temperature": 68.9, "apparentTemperature": 69.88, "dewPoint": 66.96, "humidity": 0.94, "pressure": 1014.8, "windSpeed": 0.01, "windGust": 0.27, "windBearing": 270, "cloudCover": 0.96, "uvIndex": 0, "visibility": 5.62}, {"time": 1432026000, "summary": "Overcast", "icon": "cloudy", "precipIntensity": 0, "precipProbability": 0, "temperature": 68.7, "apparentTemperature": 69.66, "dewPoint": 66.72, "humidity": 0.93, "pressure": 1014.39, "windSpeed": 0.06, "windGust": 0.27, "windBearing": 270, "cloudCover": 0.98, "uvIndex": 0, "visibility": 3.17}, {"time": 1432029600, "summary": "Overcast", "icon": "cloudy", "precipIntensity": 0, "precipProbability": 0, "temperature": 68.58, "apparentTemperature": 69.54, "dewPoint": 66.68, "humidity": 0.94, "pressure": 1014.43, "windSpeed": 0.02, "windGust": 0.1, "windBearing": 300, "cloudCover": 0.97, "uvIndex": 0, "visibility": 4.5}, {"time": 1432033200, "summary": "Mostly Cloudy", "icon": "partly-cloudy-day", "precipIntensity": 0, "precipProbability": 0, "temperature": 68.63, "apparentTemperature": 69.58, "dewPoint": 66.64, "humidity": 0.93, "pressure": 1014.5, "windSpeed": 0, "windGust": 0.18, "cloudCover": 0.81, "uvIndex": 0, "visibility": 3.76}, {"time": 1432036800, "summary": "Mostly Cloudy", "icon": "partly-cloudy-day", "precipIntensity": 0, "precipProbability": 0, "temperature": 70.03, "apparentTemperature": 71.12, "dewPoint": 68.03, "humidity": 0.93, "pressure": 1014.37, "windSpeed": 0.08, "windGust": 0.7, "windBearing": 277, "cloudCover": 0.71, "uvIndex": 1, "visibility": 6.99}, {"time": 1432040400, "summary": "Mostly Cloudy", "icon": "partly-cloudy-day", "precipIntensity": 0, "precipProbability": 0, "temperature": 71.54, "apparentTemperature": 72.71, "dewPoint": 69.07, "humidity": 0.92, "pressure": 1014.3, "windSpeed": 0.11, "windGust": 1.67, "windBearing": 276, "cloudCover": 0.69, "uvIndex": 2, "visibility": 8.02}, {"time": 1432044000, "summary": "Mostly Cloudy", "icon": "partly-cloudy-day", "precipIntensity": 0, "precipProbability": 0, "temperature": 74.04, "apparentTemperature": 75.21, "dewPoint": 69.74, "humidity": 0.86, "pressure": 1014.23, "windSpeed": 0.61, "windGust": 2.87, "windBearing": 293, "cloudCover": 0.75, "uvIndex": 4, "visibility": 7.6}, {"time": 1432047600, "summary": "Mostly Cloudy", "icon": "partly-cloudy-day", "precipIntensity": 0, "precipProbability": 0, "temperature": 77.18, "apparentTemperature": 78.22, "dewPoint": 69.49, "humidity": 0.77, "pressure": 1014.14, "windSpeed": 0.94, "windGust": 4.02, "windBearing": 303, "cloudCover": 0.72, "uvIndex": 5, "visibility": 8.4}, {"time": 1432051200, "summary": "Mostly Cloudy", "icon": "partly-cloudy-day", "precipIntensity": 0, "precipProbability": 0, "temperature": 79.86, "apparentTemperature": 82.5, "dewPoint": 68.32, "humidity": 0.68, "pressure": 1013.66, "windSpeed": 1.06, "windGust": 5.82, "windBearing": 304, "cloudCover": 0.64, "uvIndex": 6, "visibility": 6.77}, {"time": 1432054800, "summary": "Partly Cloudy", "icon": "partly-cloudy-day", "precipIntensity": 0, "precipProbability": 0, "temperature": 81.98, "apparentTemperature": 84.74, "dewPoint": 67.56, "humidity": 0.62, "pressure": 1013.24, "windSpeed": 1.17, "windGust": 6.11, "windBearing": 281, "cloudCover": 0.58, "uvIndex": 7, "visibility": 8.62}, {"time": 1432058400, "summary": "Partly Cloudy", "icon": "partly-cloudy-day", "precipIntensity": 0, "precipProbability": 0, "temperature": 83.82, "apparentTemperature": 86.23, "dewPoint": 66.43, "humidity": 0.56, "pressure": 1012.62, "windSpeed": 2.43, "windGust": 7.75, "windBearing": 288, "cloudCover": 0.56, "uvIndex": 7, "visibility": 7.99}, {"time": 1432062000, "summary": "Partly Cloudy", "icon": "partly-cloudy-day", "precipIntensity": 0, "precipProbability": 0, "temperature": 84.9, "apparentTemperature": 86.83, "dewPoint": 65.31, "humidity": 0.52, "pressure": 1011.97, "windSpeed": 2.33, "windGust": 8.39, "windBearing": 286, "cloudCover": 0.43, "uvIndex": 6, "visibility": 7}, {"time": 1432065600, "summary": "Partly Cloudy", "icon": "partly-cloudy-day", "precipIntensity": 0, "precipProbability": 0, "temperature": 85.8, "apparentTemperature": 87.37, "dewPoint": 64.52, "humidity": 0.49, "pressure": 1011.25, "windSpeed": 1.97, "windGust": 6.93, "windBearing": 290, "cloudCover": 0.51, "uvIndex": 5, "visibility": 7.44}, {"time": 1432069200, "summary": "Partly Cloudy", "icon": "partly-cloudy-day", "precipIntensity": 0, "precipProbability": 0, "temperature": 86.19, "apparentTemperature": 87.59, "dewPoint": 64.12, "humidity": 0.48, "pressure": 1010.58, "windSpeed": 1.34, "windGust": 5.68, "windBearing": 294, "cloudCover": 0.56, "uvIndex": 3, "visibility": 8.91}, {"time": 1432072800, "summary": "Clear", "icon": "clear-day", "precipIntensity": 0, "precipProbability": 0, "temperature": 86.11, "apparentTemperature": 87.16, "dewPoint": 63.33, "humidity": 0.47, "pressure": 1009.93, "windSpeed": 0.95, "windGust": 4.64, "windBearing": 291, "cloudCover": 0.17, "uvIndex": 1, "visibility": 7.84}, {"time": 1432076400, "summary": "Partly Cloudy", "icon": "partly-cloudy-day", "precipIntensity": 0, "precipProbability": 0, "temperature": 84.87, "apparentTemperature": 85.81, "dewPoint": 62.96, "humidity": 0.48, "pressure": 1009.74, "windSpeed": 0.68, "windGust": 3.25, "windBearing": 284, "cloudCover": 0.48, "uvIndex": 0, "visibility": 8.7}, {"time": 1432080000, "summary": "Clear", "icon": "clear-day", "precipIntensity": 0, "precipProbability": 0, "temperature": 81.78, "apparentTemperature": 82.86, "dewPoint": 62.55, "humidity": 0.52, "pressure": 1010.13, "windSpeed": 0.29, "windGust": 1.57, "windBearing": 279, "cloudCover": 0.2, "uvIndex": 0, "visibility": 8.31}, {"time": 1432083600, "summary": "Partly Cloudy", "icon": "partly-cloudy-night", "precipIntensity": 0, "precipProbability": 0, "temperature": 77.85, "apparentTemperature": 78.07, "dewPoint": 61.95, "humidity": 0.58, "pressure": 1010.73, "windSpeed": 0.3, "windGust": 0.8, "windBearing": 279, "cloudCover": 0.31, "uvIndex": 0, "visibility": 8.86}, {"time": 1432087200, "summary": "Clear", "icon": "clear-night", "precipIntensity": 0, "precipProbability": 0, "temperature": 75.6, "apparentTemperature": 75.7, "dewPoint": 60.89, "humidity": 0.6, "pressure": 1011.15, "windSpeed": 0.39, "windGust": 1.37, "windBearing": 283, "cloudCover": 0.02, "uvIndex": 0, "visibility": 9.12}, {"time": 1432090800, "summary": "Clear", "icon": "clear-night", "precipIntensity": 0, "precipProbability": 0, "temperature": 74.44, "apparentTemperature": 74.44, "dewPoint": 59.18, "humidity": 0.59, "pressure": 1011.4, "windSpeed": 0.66, "windGust": 2.15, "windBearing": 300, "cloudCover": 0.05, "uvIndex": 0, "visibility": 9.96}]}, "daily": {"data": [{"time": 1432008000, "summary": "Mostly cloudy until evening.", "icon": "partly-cloudy-day", "sunriseTime": 1432029220, "sunsetTime": 1432081100, "moonPhase": 0.06, "precipIntensity": 0.0133, "precipIntensityMax": 0.1613, "precipIntensityMaxTime": 1432008000, "precipProbability": 0.87, "precipType": "rain", "temperatureHigh": 86.19, "temperatureHighTime": 1432069200, "temperatureLow": 58.63, "temperatureLowTime": 1432119600, "apparentTemperatureHigh": 87.59, "apparentTemperatureHighTime": 1432069200, "apparentTemperatureLow": 58.63, "apparentTemperatureLowTime": 1432119600, "dewPoint": 65.82, "humidity": 0.73, "pressure": 1013.17, "windSpeed": 0.6, "windGust": 8.39, "windGustTime": 1432062000, "windBearing": 292, "cloudCover": 0.62, "uvIndex": 7, "uvIndexTime": 1432054800, "visibility": 7, "temperatureMin": 68.58, "temperatureMinTime": 1432029600, "temperatureMax": 86.19, "temperatureMaxTime": 1432069200, "apparentTemperatureMin": 69.54, "apparentTemperatureMinTime": 1432029600, "apparentTemperatureMax": 87.59, "apparentTemperatureMaxTime": 1432069200}]}, "flags": {"sources": ["cmc", "gfs", "hrrr", "icon", "isd", "madis", "nam", "sref"], "nearest-station": 0.675, "units": "us"}, "offset": -4}