{"latitude": 38.912659, "longitude": -77.017669, "timezone": "America/New_York", "currently": {"time": 1447995600, "summary": "Clear", "icon": "clear-night", "precipIntensity": 0, "precipProbability": 0, "temperature": 56.95, "apparentTemperature": 56.95, "dewPoint": 51.76, "humidity": 0.83, "pressure": 1016.17, "windSpeed": 0.93, "windGust": 2.57, "windBearing": 307, "cloudCover": 0.01, "uvIndex": 0, "visibility": 7.76}, "hourly": {"summary": "Clear throughout the day.", "icon": "clear-day", "data": [{"time": 1447995600, "summary": "Clear", "icon": "clear-night", "precipIntensity": 0, "precipProbability": 0, "temperature": 56.95, "apparentTemperature": 56.95, "dewPoint": 51.76, "humidity": 0.83, "pressure": 1016.17, "windSpeed": 0.93, "windGust": 2.57, "windBearing": 307, "cloudCover": 0.01, "uvIndex": 0, "visibility": 7.76}, {"time": 1447999200, "summary": "Clear", "icon": "clear-night", "precipIntensity": 0, "precipProbability": 0, "temperature": 56.04, "apparentTemperature": 56.04, "dewPoint": 48.77, "humidity": 0.77, "pressure": 1016.88, "windSpeed": 1.27, "windGust": 3.73, "windBearing": 307, "cloudCover": 0, "uvIndex": 0, "visibility": 7.53}, {"time": 1448002800, "summary": "Clear", "icon": "clear-night", "precipIntensity": 0, "precipProbability": 0, "temperature": 55.84, "apparentTemperature": 55.84, "dewPoint": 46.18, "humidity": 0.7, "pressure": 1017.74, "windSpeed": 1.98, "windGust": 6.1, "windBearing": 308, "cloudCover": 0.18, "uvIndex": 0, "visibility": 7.86}, {"time": 1448006400, "summary": "Clear", "icon": "clear-night", "precipIntensity": 0, "precipProbability": 0, "temperature": 54.83, "apparentTemperature": 54.83, "dewPoint": 44.39, "humidity": 0.68, "pressure": 1018.26, "windSpeed": 2.95, "windGust": 8.44, "windBearing": 330, "cloudCover": 0.01, "uvIndex": 0, "visibility": 7.89}, {"time": 1448010000, "summary": "Clear", "icon": "clear-night", "precipIntensity": 0, "precipProbability": 0, "temperature": 53.48, "apparentTemperature": 53.48, "dewPoint": 39.82, "humidity": 0.6, "pressure": 1019.18, "windSpeed": 4.27, "windGust": 11.81, "windBearing": 327, "cloudCover": 0.07, "uvIndex": 0, "visibility": 8}, {"time": 1448013600, "summary": "Clear", "icon": "clear-night", "precipIntensity": 0, "precipProbability": 0, "temperature": 51.51, "apparentTemperature": 51.51, "dewPoint": 33.55, "humidity": 0.5, "pressure": 1020, "windSpeed": 4.56, "windGust": 10.98, "windBearing": 327, "cloudCover": 0.04, "uvIndex": 0, "visibility": 8.68}, {"time": 1448017200, "summary": "Clear", "icon": "clear-night", "precipIntensity": 0, "precipProbability": 0, "temperature": 49.49, "apparentTemperature": 46.26, "dewPoint": 31.15, "humidity": 0.49, "pressure": 1020.62, "windSpeed": 7.7, "windGust": 8.19, "windBearing": 337, "cloudCover": 0.17, "uvIndex": 0, "visibility": 9.05}, {"time": 1448020800, "summary": "Clear", "icon": "clear-night", "precipIntensity": 0, "precipProbability": 0, "temperature": 47.93, "apparentTemperature": 46.75, "dewPoint": 30.59, "humidity": 0.51, "pressure": 1021.86, "windSpeed": 3.65, "windGust": 6.55, "windBearing": 326, "cloudCover": 0.06, "uvIndex": 0, "visibility": 7.85}, {"time": 1448024400, "summary": "Clear", "icon": "clear-day", "precipIntensity": 0, "precipProbability": 0, "temperature": 47.76, "apparentTemperature": 47.76, "dewPoint": 30.07, "humidity": 0.5, "pressure": 1022.85, "windSpeed": 2.8, "windGust": 8.37, "windBearing": 326, "cloudCover": 0.07, "uvIndex": 0, "visibility": 8.48}, {"time": 1448028000, "summary": "Clear", "icon": "clear-day", "precipIntensity": 0, "precipProbability": 0, "temperature": 49.58, "apparentTemperature": 48.04, "dewPoint": 28, "humidity": 0.43, "pressure": 1023.45, "windSpeed": 4.5, "windGust": 12.25, "windBearing": 328, "cloudCover": 0.05, "uvIndex": 1, "visibility": 7.55}, {"time": 1448031600, "summary": "Clear", "icon": "clear-day", "precipIntensity": 0, "precipProbability": 0, "temperature": 50.52, "apparentTemperature": 50.52, "dewPoint": 24.89, "humidity": 0.36, "pressure": 1024.03, "windSpeed": 4.53, "windGust": 12.55, "windBearing": 323, "cloudCover": 0.01, "uvIndex": 2, "visibility": 8.73}, {"time": 1448035200, "summary": "Clear", "icon": "clear-day", "precipIntensity": 0, "precipProbability": 0, "temperature": 51.61, "apparentTemperature": 51.61, "dewPoint": 23.48, "humidity": 0.33, "pressure": 1024.04, "windSpeed": 4.39, "windGust": 12.39, "windBearing": 318, "cloudCover": 0, "uvIndex": 2, "visibility": 8.75}, {"time": 1448038800, "summary": "Clear", "icon": "clear-day", "precipIntensity": 0, "precipProbability": 0, "temperature": 52.85, "apparentTemperature": 52.85, "dewPoint": 22.34, "humidity": 0.3, "pressure": 1023.47, "windSpeed": 4.42, "windGust": 13.23, "windBearing": 320, "cloudCover": 0, "uvIndex": 3, "visibility": 9.05}, {"time": 1448042400, "summary": "Clear", "icon": "clear-day", "precipIntensity": 0, "precipProbability": 0, "temperature": 53.79, "apparentTemperature": 53.79, "dewPoint": 20.84, "humidity": 0.27, "pressure": 1022.84, "windSpeed": 4.2, "windGust": 11.98, "windBearing": 317, "cloudCover": 0, "uvIndex": 2, "visibility": 8.33}, {"time": 1448046000, "summary": "Clear", "icon": "clear-day", "precipIntensity": 0, "precipProbability": 0, "temperature": 54.53, "apparentTemperature": 54.53, "dewPoint": 19.06, "humidity": 0.25, "pressure": 1022.26, "windSpeed": 3.99, "windGust": 10.8, "windBearing": 322, "cloudCover": 0.07, "uvIndex": 1, "visibility": 8.39}, {"time": 1448049600, "summary": "Clear", "icon": "clear-day", "precipIntensity": 0, "precipProbability": 0, "temperature": 54.8, "apparentTemperature": 54.8, "dewPoint": 18.1, "humidity": 0.23, "pressure": 1022.17, "windSpeed": 3.81, "windGust": 9.41, "windBearing": 322, "cloudCover": 0.02, "uvIndex": 1, "visibility": 8.75}, {"time": 1448053200, "summary": "Clear", "icon": "clear-day", "precipIntensity": 0, "precipProbability": 0, "temperature": 54.06, "apparentTemperature": 54.06, "dewPoint": 17.35, "humidity": 0.23, "pressure": 1022.59, "windSpeed": 3.24, "windGust": 9.19, "windBearing": 321, "cloudCover": 0.04, "uvIndex": 0, "visibility": 8.25}, {"time": 1448056800, "summary": "Clear", "icon": "clear-night", "precipIntensity": 0, "precipProbability": 0, "temperature": 51.35, "apparentTemperature": 51.35, "dewPoint": 18.52, "humidity": 0.27, "pressure": 1022.67, "windSpeed": 0.69, "windGust": 1.78, "windBearing": 317, "cloudCover": 0.06, "uvIndex": 0, "visibility": 7.88}, {"time": 1448060400, "summary": "Clear", "icon": "clear-night", "precipIntensity": 0, "precipProbability": 0, "temperature": 47.45, "apparentTemperature": 47.45, "dewPoint": 20.32, "humidity": 0.34, "pressure": 1023.7, "windSpeed": 0.23, "windGust": 1.05, "windBearing": 312, "cloudCover": 0.09, "uvIndex": 0, "visibility": 7.4}, {"time": 1448064000, "summary": "Clear", "icon": "clear-night", "precipIntensity": 0, "precipProbability": 0, "temperature": 44.21, "apparentTemperature": 44.21, "dewPoint": 23.05, "humidity": 0.43, "pressure": 1024.14, "windSpeed": 0.12, "windGust": 0.48, "windBearing": 323, "cloudCover": 0, "uvIndex": 0, "visibility": 6.94}, {"time": 1448067600, "summary": "Clear", "icon": "clear-night", "precipIntensity": 0, "precipProbability": 0, "temperature": 41.05, "apparentTemperature": 41.05, "dewPoint": 24.45, "humidity": 0.51, "pressure": 1024.71, "windSpeed": 0.04, "windGust": 0.46, "windBearing": 313, "cloudCover": 0, "uvIndex": 0, "visibility": 8.14}, {"time": 1448071200, "summary": "Clear", "icon": "clear-night", "precipIntensity": 0, "precipProbability": 0, "temperature": 38.56, "apparentTemperature": 38.56, "dewPoint": 25.63, "humidity": 0.59, "pressure": 1024.87, "windSpeed": 0.04, "windGust": 0.34, "windBearing": 299, "cloudCover": 0, "uvIndex": 0, "visibility": 7.61}, {"time": 1448074800, "summary": "Clear", "icon": "clear-night", "precipIntensity": 0, "precipProbability": 0, "temperature": 37.21, "apparentTemperature": 37.21, "dewPoint": 25.78, "humidity": 0.63, "pressure": 1024.59, "windSpeed": 0.27, "windGust": 0.53, "windBearing": 332, "cloudCover": 0, "uvIndex": 0, "visibility": 8.37}, {"time": 1448078400, "summary": "Partly Cloudy", "icon": "partly-cloudy-night", "precipIntensity": 0, "precipProbability": 0, "temperature": 36.44, "apparentTemperature": 36.44, "dewPoint": 25.97, "humidity": 0.65, "pressure": 1024.81, "windSpeed": 0.3, "windGust": 0.7, "windBearing": 311, "cloudCover": 0.31, "uvIndex": 0, "visibility": 10}]}, "daily": {"data": [{"time": 1447995600, "summary": "Partly cloudy overnight.", "icon": "partly-cloudy-night", "sunriseTime": 1448020662, "sunsetTime": 1448056356, "moonPhase": 0.31, "precipIntensity": 0, "precipIntensityMax": 0, "precipProbability": 0, "temperatureHigh": 54.8, "temperatureHighTime": 1448049600, "temperatureLow": 31.88, "temperatureLowTime": 1448107200, "apparentTemperatureHigh": 54.8, "apparentTemperatureHighTime": 1448049600, "apparentTemperatureLow": 31.88, "apparentTemperatureLowTime": 1448107200, "dewPoint": 28.92, "humidity": 0.48, "pressure": 1022, "windSpeed": 2.68, "windGust": 13.23, "windGustTime": 1448038800, "windBearing": 324, "cloudCover": 0.05, "uvIndex": 3, "uvIndexTime": 1448038800, "visibility": 8.22, "temperatureMin": 36.44, "temperatureMinTime": 1448078400, "temperatureMax": 56.95, "temperatureMaxTime": 1447995600, "apparentTemperatureMin": 36.44, "apparentTemperatureMinTime": 1448078400, "apparentTemperatureMax": 56.95, "apparentTemperatureMaxTime": 1447995600}]}, "flags": {"sources": ["cmc", "gfs", "hrrr", "icon", "isd", "madis", "nam", "sref"], "nearest-station": 1.106, "units": "us"}, "offset": -5}