{"latitude": 38.912659, "longitude": -77.017669, "timezone": "America/New_York", "currently": {"time": 1440993600, "summary": "Mostly Cloudy", "icon": "partly-cloudy-night", "precipIntensity": 0, "precipProbability": 0, "temperature": 76.95, "apparentTemperature": 77.75, "dewPoint": 67.43, "humidity": 0.73, "pressure": 1018.5, "windSpeed": 0.27, "windGust": 1.3, "windBearing": 188, "cloudCover": 0.81, "uvIndex": 0, "visibility": 7.61}, "hourly": {"summary": "Mostly cloudy until afternoon.", "icon": "partly-cloudy-day", "data": [{"time": 1440993600, "summary": "Mostly Cloudy", "icon": "partly-cloudy-night", "precipIntensity": 0, "precipProbability": 0, "temperature": 76.95, "apparentTemperature": 77.75, "dewPoint": 67.43, "humidity": 0.73, "pressure": 1018.5, "windSpeed": 0.27, "windGust": 1.3, "windBearing": 188, "cloudCover": 0.81, "uvIndex": 0, "visibility": 7.61}, {"time": 1440997200, "summary": "Mostly Cloudy", "icon": "partly-cloudy-night", "precipIntensity": 0, "precipProbability": 0, "temperature": 76.07, "apparentTemperature": 76.84, "dewPoint": 67.05, "humidity": 0.74, "pressure": 1018.66, "windSpeed": 0.43, "windGust": 1.15, "windBearing": 196, "cloudCover": 0.74, "uvIndex": 0, "visibility": 8.34}, {"time": 1441000800, "summary": "Mostly Cloudy", "icon": "partly-cloudy-night", "precipIntensity": 0, "precipProbability": 0, "temperature": 75.33, "apparentTemperature": 76.12, "dewPoint": 67.16, "humidity": 0.76, "pressure": 1018.45, "windSpeed": 0.13, "windGust": 0.83, "windBearing": 193, "cloudCover": 0.86, "uvIndex": 0, "visibility": 8.08}, {"time": 1441004400, "summary": "Mostly Cloudy", "icon": "partly-cloudy-night", "precipIntensity": 0, "precipProbability": 0, "temperature": 74.62, "apparentTemperature": 75.42, "dewPoint": 67.07, "humidity": 0.77, "pressure": 1017.97, "windSpeed": 0.14, "windGust": 0.45, "windBearing": 185, "cloudCover": 0.93, "uvIndex": 0, "visibility": 8.13}, {"time": 1441008000, "summary": "Overcast", "icon": "cloudy", "precipIntensity": 0, "precipProbability": 0, "temperature": 74.01, "apparentTemperature": 74.81, "dewPoint": 66.96, "humidity": 0.79, "pressure": 1017.71, "windSpeed": 0.17, "windGust": 0.79, "windBearing": 183, "cloudCover": 0.98, "uvIndex": 0, "visibility": 7.95}, {"time": 1441011600, "summary": "Mostly Cloudy", "icon": "partly-cloudy-night", "precipIntensity": 0, "precipProbability": 0, "temperature": 73.66, "apparentTemperature": 74.47, "dewPoint": 66.98, "humidity": 0.8, "pressure": 1017.82, "windSpeed": 0.23, "windGust": 0.56, "windBearing": 220, "cloudCover": 0.83, "uvIndex": 0, "visibility": 9.3}, {"time": 1441015200, "summary": "Mostly Cloudy", "icon": "partly-cloudy-night", "precipIntensity": 0, "precipProbability": 0, "temperature": 73.27, "apparentTemperature": 74.09, "dewPoint": 66.98, "humidity": 0.81, "pressure": 1017.67, "windSpeed": 0.06, "windGust": 0.4, "windBearing": 231, "cloudCover": 0.82, "uvIndex": 0, "visibility": 10}, {"time": 1441018800, "summary": "Mostly Cloudy", "icon": "partly-cloudy-day", "precipIntensity": 0, "precipProbability": 0, "temperature": 72.83, "apparentTemperature": 73.66, "dewPoint": 67, "humidity": 0.82, "pressure": 1018.18, "windSpeed": 0.1, "windGust": 0.43, "windBearing": 193, "cloudCover": 0.66, "uvIndex": 0, "visibility": 9.24}, {"time": 1441022400, "summary": "Clear", "icon": "clear-day", "precipIntensity": 0, "precipProbability": 0, "temperature": 73.42, "apparentTemperature": 74.34, "dewPoint": 67.74, "humidity": 0.82, "pressure": 1018.72, "windSpeed": 0.19, "windGust": 0.73, "windBearing": 215, "cloudCover": 0.16, "uvIndex": 1, "visibility": 8.67}, {"time": 1441026000, "summary": "Clear", "icon": "clear-day", "precipIntensity": 0, "precipProbability": 0, "temperature": 76.15, "apparentTemperature": 77.06, "dewPoint": 68.19, "humidity": 0.76, "pressure": 1018.73, "windSpeed": 0.41, "windGust": 1.53, "windBearing": 229, "cloudCover": 0.18, "uvIndex": 2, "visibility": 8.25}, {"time": 1441029600, "summary": "Clear", "icon": "clear-day", "precipIntensity": 0, "precipProbability": 0, "temperature": 78.46, "apparentTemperature": 79.39, "dewPoint": 68.68, "humidity": 0.72, "pressure": 1018.88, "windSpeed": 0.51, "windGust": 2.07, "windBearing": 243, "cloudCover": 0.16, "uvIndex": 4, "visibility": 8.12}, {"time": 1441033200, "summary": "Partly Cloudy", "icon": "partly-cloudy-day", "precipIntensity": 0, "precipProbability": 0, "temperature": 80.95, "apparentTemperature": 83.97, "dewPoint": 68.73, "humidity": 0.67, "pressure": 1019.21, "windSpeed": 0.73, "windGust": 2.75, "windBearing": 243, "cloudCover": 0.28, "uvIndex": 5, "visibility": 7.97}, {"time": 1441036800, "summary": "Partly Cloudy", "icon": "partly-cloudy-day", "precipIntensity": 0, "precipProbability": 0, "temperature": 82.04, "apparentTemperature": 85.17, "dewPoint": 68.43, "humidity": 0.64, "pressure": 1019.19, "windSpeed": 0.87, "windGust": 3.1, "windBearing": 248, "cloudCover": 0.27, "uvIndex": 7, "visibility": 7.94}, {"time": 1441040400, "summary": "Partly Cloudy", "icon": "partly-cloudy-day", "precipIntensity": 0, "precipProbability": 0, "temperature": 83.13, "apparentTemperature": 86.13, "dewPoint": 67.79, "humidity": 0.6, "pressure": 1018.65, "windSpeed": 0.78, "windGust": 3.33, "windBearing": 236, "cloudCover": 0.49, "uvIndex": 6, "visibility": 7.91}, {"time": 1441044000, "summary": "Partly Cloudy", "icon": "partly-cloudy-day", "precipIntensity": 0, "precipProbability": 0, "temperature": 83.44, "apparentTemperature": 86.72, "dewPoint": 68.3, "humidity": 0.6, "pressure": 1018.35, "windSpeed": 0.94, "windGust": 3.66, "windBearing": 216, "cloudCover": 0.29, "uvIndex": 7, "visibility": 8.05}, {"time": 1441047600, "summary": "Partly Cloudy", "icon": "partly-cloudy-day", "precipIntensity": 0, "precipProbability": 0, "temperature": 84.21, "apparentTemperature": 87.42, "dewPoint": 67.95, "humidity": 0.58, "pressure": 1017.76, "windSpeed": 1.18, "windGust": 4.6, "windBearing": 218, "cloudCover": 0.56, "uvIndex": 5, "visibility": 9.43}, {"time": 1441051200, "summary": "Partly Cloudy", "icon": "partly-cloudy-day", "precipIntensity": 0, "precipProbability": 0, "temperature": 85.67, "apparentTemperature": 88.87, "dewPoint": 67.65, "humidity": 0.55, "pressure": 1017.24, "windSpeed": 0.84, "windGust": 4.41, "windBearing": 223, "cloudCover": 0.32, "uvIndex": 4, "visibility": 8.32}, {"time": 1441054800, "summary": "Clear", "icon": "clear-day", "precipIntensity": 0, "precipProbability": 0, "temperature": 86.78, "apparentTemperature": 89.93, "dewPoint": 67.38, "humidity": 0.53, "pressure": 1016.82, "windSpeed": 0.72, "windGust": 4.11, "windBearing": 207, "cloudCover": 0.13, "uvIndex": 2, "visibility": 8.12}, {"time": 1441058400, "summary": "Clear", "icon": "clear-day", "precipIntensity": 0, "precipProbability": 0, "temperature": 85.92, "apparentTemperature": 89.02, "dewPoint": 67.43, "humidity": 0.54, "pressure": 1016.74, "windSpeed": 0.65, "windGust": 2.96, "windBearing": 199, "cloudCover": 0.15, "uvIndex": 1, "visibility": 7.5}, {"time": 1441062000, "summary": "Partly Cloudy", "icon": "partly-cloudy-day", "precipIntensity": 0, "precipProbability": 0, "temperature": 83.6, "apparentTemperature": 86.59, "dewPoint": 67.66, "humidity": 0.59, "pressure": 1016.66, "windSpeed": 0.54, "windGust": 1.45, "windBearing": 186, "cloudCover": 0.26, "uvIndex": 0, "visibility": 8.17}, {"time": 1441065600, "summary": "Clear", "icon": "clear-night", "precipIntensity": 0, "precipProbability": 0, "temperature": 80.47, "apparentTemperature": 83.01, "dewPoint": 67.52, "humidity": 0.65, "pressure": 1016.74, "windSpeed": 0.3, "windGust": 0.82, "windBearing": 191, "cloudCover": 0.13, "uvIndex": 0, "visibility": 7.61}, {"time": 1441069200, "summary": "Clear", "icon": "clear-night", "precipIntensity": 0, "precipProbability": 0, "temperature": 77.91, "apparentTemperature": 78.7, "dewPoint": 67.38, "humidity": 0.7, "pressure": 1016.94, "windSpeed": 0.17, "windGust": 0.54, "windBearing": 186, "cloudCover": 0.18, "uvIndex": 0, "visibility": 10}, {"time": 1441072800, "summary": "Clear", "icon": "clear-night", "precipIntensity": 0, "precipProbability": 0, "temperature": 75.94, "apparentTemperature": 76.72, "dewPoint": 67.1, "humidity": 0.74, "pressure": 1017.4, "windSpeed": 0.18, "windGust": 0.37, "windBearing": 186, "cloudCover": 0.1, "uvIndex": 0, "visibility": 8.6}, {"time": 1441076400, "summary": "Clear", "icon": "clear-night", "precipIntensity": 0, "precipProbability": 0, "temperature": 74.94, "apparentTemperature": 75.83, "dewPoint": 67.84, "humidity": 0.79, "pressure": 1017.84, "windSpeed": 0.41, "windGust": 1.58, "windBearing": 201, "cloudCover": 0.03, "uvIndex": 0, "visibility": 7.41}]}, "daily": {"data": [{"time": 1440993600, "summary": "Partly cloudy until afternoon.", "icon": "partly-cloudy-day", "sunriseTime": 1441017451, "sunsetTime": 1441064538, "moonPhase": 0.57, "precipIntensity": 0, "precipIntensityMax": 0, "precipProbability": 0, "temperatureHigh": 86.78, "temperatureHighTime": 1441054800, "temperatureLow": 69.25, "temperatureLowTime": 1441105200, "apparentTemperatureHigh": 89.93, "apparentTemperatureHighTime": 1441054800, "apparentTemperatureLow": 70.19, "apparentTemperatureLowTime": 1441105200, "dewPoint": 67.6, "humidity": 0.7, "pressure": 1017.95, "windSpeed": 0.43, "windGust": 4.6, "windGustTime": 1441047600, "windBearing": 216, "cloudCover": 0.43, "uvIndex": 7, "uvIndexTime": 1441036800, "visibility": 8.36, "temperatureMin": 72.83, "temperatureMinTime": 1441018800, "temperatureMax": 86.78, "temperatureMaxTime": 1441054800, "apparentTemperatureMin": 73.66, "apparentTemperatureMinTime": 1441018800, "apparentTemperatureMax": 89.93, "apparentTemperatureMaxTime": 1441054800}]}, "flags": {"sources": ["cmc", "gfs", "hrrr", "icon", "isd", "madis", "nam", "sref"], "nearest-station": 1.106, "units": "us"}, "offset": -4}