{"latitude": 38.912659, "longitude": -77.017669, "timezone": "America/New_York", "currently": {"time": 1435636800, "summary": "Clear", "icon": "clear-night", "precipIntensity": 0, "precipProbability": 0, "temperature": 69.96, "apparentTemperature": 70.09, "dewPoint": 60.9, "humidity": 0.73, "pressure": 1013.66, "windSpeed": 0.17, "windGust": 0.35, "windBearing": 168, "cloudCover": 0.07, "uvIndex": 0, "visibility": 6.05}, "hourly": {"summary": "Partly cloudy starting in the morning, continuing until night.", "icon": "partly-cloudy-day", "data": [{"time": 1435636800, "summary": "Clear", "icon": "clear-night", "precipIntensity": 0, "precipProbability": 0, "temperature": 69.96, "apparentTemperature": 70.09, "dewPoint": 60.9, "humidity": 0.73, "pressure": 1013.66, "windSpeed": 0.17, "windGust": 0.35, "windBearing": 168, "cloudCover": 0.07, "uvIndex": 0, "visibility": 6.05}, {"time": 1435640400, "summary": "Clear", "icon": "clear-night", "precipIntensity": 0, "precipProbability": 0, "temperature": 69.17, "apparentTemperature": 69.38, "dewPoint": 61.49, "humidity": 0.77, "pressure": 1013.43, "windSpeed": 0.27, "windGust": 0.7, "windBearing": 176, "cloudCover": 0.13, "uvIndex": 0, "visibility": 8.91}, {"time": 1435644000, "summary": "Clear", "icon": "clear-night", "precipIntensity": 0, "precipProbability": 0, "temperature": 68.89, "apparentTemperature": 69.21, "dewPoint": 62.27, "humidity": 0.79, "pressure": 1013.25, "windSpeed": 0.39, "windGust": 1.04, "windBearing": 169, "cloudCover": 0.03, "uvIndex": 0, "visibility": 7.2}, {"time": 1435647600, "summary": "Clear", "icon": "clear-night", "precipIntensity": 0, "precipProbability": 0, "temperature": 68.48, "apparentTemperature": 68.91, "dewPoint": 62.95, "humidity": 0.83, "pressure": 1012.69, "windSpeed": 0.23, "windGust": 0.67, "windBearing": 177, "cloudCover": 0.09, "uvIndex": 0, "visibility": 8.09}, {"time": 1435651200, "summary": "Clear", "icon": "clear-night", "precipIntensity": 0, "precipProbability": 0, "temperature": 67.96, "apparentTemperature": 68.47, "dewPoint": 63.43, "humidity": 0.85, "pressure": 1012.08, "windSpeed": 0.03, "windGust": 0.27, "windBearing": 180, "cloudCover": 0, "uvIndex": 0, "visibility": 7.52}, {"time": 1435654800, "summary": "Clear", "icon": "clear-night", "precipIntensity": 0, "precipProbability": 0, "temperature": 67.56, "apparentTemperature": 68.15, "dewPoint": 63.84, "humidity": 0.88, "pressure": 1012.15, "windSpeed": 0.22, "windGust": 0.33, "windBearing": 168, "cloudCover": 0.07, "uvIndex": 0, "visibility": 8.55}, {"time": 1435658400, "summary": "Clear", "icon": "clear-day", "precipIntensity": 0, "precipProbability": 0, "temperature": 67.79, "apparentTemperature": 68.48, "dewPoint": 64.61, "humidity": 0.9, "pressure": 1012.37, "windSpeed": 0.29, "windGust": 0.77, "windBearing": 158, "cloudCover": 0.16, "uvIndex": 0, "visibility": 8.05}, {"time": 1435662000, "summary": "Partly Cloudy", "icon": "partly-cloudy-day", "precipIntensity": 0, "precipProbability": 0, "temperature": 69.63, "apparentTemperature": 70.52, "dewPoint": 66.49, "humidity": 0.9, "pressure": 1012.83, "windSpeed": 0.61, "windGust": 1.83, "windBearing": 172, "cloudCover": 0.39, "uvIndex": 0, "visibility": 9.13}, {"time": 1435665600, "summary": "Partly Cloudy", "icon": "partly-cloudy-day", "precipIntensity": 0, "precipProbability": 0, "temperature": 72.41, "apparentTemperature": 73.49, "dewPoint": 68.65, "humidity": 0.88, "pressure": 1012.89, "windSpeed": 1.65, "windGust": 4.06, "windBearing": 175, "cloudCover": 0.54, "uvIndex": 1, "visibility": 7.67}, {"time": 1435669200, "summary": "Mostly Cloudy", "icon": "partly-cloudy-day", "precipIntensity": 0, "precipProbability": 0, "temperature": 73.65, "apparentTemperature": 74.78, "dewPoint": 69.36, "humidity": 0.86, "pressure": 1012.76, "windSpeed": 1.01, "windGust": 2.62, "windBearing": 179, "cloudCover": 0.85, "uvIndex": 2, "visibility": 7.47}, {"time": 1435672800, "summary": "Mostly Cloudy", "icon": "partly-cloudy-day", "precipIntensity": 0, "precipProbability": 0, "temperature": 74.72, "apparentTemperature": 75.94, "dewPoint": 70.28, "humidity": 0.86, "pressure": 1012.82, "windSpeed": 0.87, "windGust": 3.67, "windBearing": 171, "cloudCover": 0.93, "uvIndex": 3, "visibility": 7.85}, {"time": 1435676400, "summary": "Mostly Cloudy", "icon": "partly-cloudy-day", "precipIntensity": 0, "precipProbability": 0, "temperature": 77.25, "apparentTemperature": 78.52, "dewPoint": 71.19, "humidity": 0.82, "pressure": 1012.4, "windSpeed": 1.65, "windGust": 5.37, "windBearing": 180, "cloudCover": 0.81, "uvIndex": 5, "visibility": 8.58}, {"time": 1435680000, "summary": "Partly Cloudy", "icon": "partly-cloudy-day", "precipIntensity": 0, "precipProbability": 0, "temperature": 80.55, "apparentTemperature": 84.33, "dewPoint": 71.15, "humidity": 0.73, "pressure": 1012.39, "windSpeed": 3, "windGust": 7.5, "windBearing": 184, "cloudCover": 0.57, "uvIndex": 7, "visibility": 8.16}, {"time": 1435683600, "summary": "Partly Cloudy", "icon": "partly-cloudy-day", "precipIntensity": 0, "precipProbability": 0, "temperature": 82.68, "apparentTemperature": 86.98, "dewPoint": 70.54, "humidity": 0.67, "pressure": 1011.84, "windSpeed": 2.85, "windGust": 7.77, "windBearing": 184, "cloudCover": 0.53, "uvIndex": 7, "visibility": 7.83}, {"time": 1435687200, "summary": "Partly Cloudy", "icon": "partly-cloudy-day", "precipIntensity": 0, "precipProbability": 0, "temperature": 84.36, "apparentTemperature": 89, "dewPoint": 70.34, "humidity": 0.63, "pressure": 1011.19, "windSpeed": 3.23, "windGust": 9.54, "windBearing": 198, "cloudCover": 0.56, "uvIndex": 7, "visibility": 7.76}, {"time": 1435690800, "summary": "Partly Cloudy", "icon": "partly-cloudy-day", "precipIntensity": 0, "precipProbability": 0, "temperature": 85.35, "apparentTemperature": 90, "dewPoint": 70.03, "humidity": 0.6, "pressure": 1010.38, "windSpeed": 3.71, "windGust": 9.28, "windBearing": 193, "cloudCover": 0.27, "uvIndex": 7, "visibility": 7.56}, {"time": 1435694400, "summary": "Partly Cloudy", "icon": "partly-cloudy-day", "precipIntensity": 0, "precipProbability": 0, "temperature": 85.82, "apparentTemperature": 90.23, "dewPoint": 69.53, "humidity": 0.58, "pressure": 1009.65, "windSpeed": 3.31, "windGust": 9.91, "windBearing": 199, "cloudCover": 0.39, "uvIndex": 5, "visibility": 7.92}, {"time": 1435698000, "summary": "Partly Cloudy", "icon": "partly-cloudy-day", "precipIntensity": 0, "precipProbability": 0, "temperature": 85.73, "apparentTemperature": 89.87, "dewPoint": 69.15, "humidity": 0.58, "pressure": 1008.67, "windSpeed": 3.17, "windGust": 7.89, "windBearing": 192, "cloudCover": 0.42, "uvIndex": 3, "visibility": 8.11}, {"time": 1435701600, "summary": "Partly Cloudy", "icon": "partly-cloudy-day", "precipIntensity": 0, "precipProbability": 0, "temperature": 84.66, "apparentTemperature": 88.4, "dewPoint": 68.79, "humidity": 0.59, "pressure": 1008.88, "windSpeed": 1.98, "windGust": 6.55, "windBearing": 196, "cloudCover": 0.45, "uvIndex": 2, "visibility": 7.94}, {"time": 1435705200, "summary": "Clear", "icon": "clear-day", "precipIntensity": 0, "precipProbability": 0, "temperature": 83.06, "apparentTemperature": 86.55, "dewPoint": 68.82, "humidity": 0.62, "pressure": 1009.04, "windSpeed": 1.43, "windGust": 4.68, "windBearing": 205, "cloudCover": 0.16, "uvIndex": 1, "visibility": 9.45}, {"time": 1435708800, "summary": "Clear", "icon": "clear-day", "precipIntensity": 0, "precipProbability": 0, "temperature": 80.96, "apparentTemperature": 83.98, "dewPoint": 68.7, "humidity": 0.66, "pressure": 1009.31, "windSpeed": 0.86, "windGust": 2.61, "windBearing": 186, "cloudCover": 0.1, "uvIndex": 0, "visibility": 9.45}, {"time": 1435712400, "summary": "Partly Cloudy", "icon": "partly-cloudy-night", "precipIntensity": 0, "precipProbability": 0, "temperature": 78.66, "apparentTemperature": 79.61, "dewPoint": 68.86, "humidity": 0.72, "pressure": 1009.39, "windSpeed": 0.72, "windGust": 1.41, "windBearing": 177, "cloudCover": 0.25, "uvIndex": 0, "visibility": 8.96}, {"time": 1435716000, "summary": "Partly Cloudy", "icon": "partly-cloudy-night", "precipIntensity": 0, "precipProbability": 0, "temperature": 77.47, "apparentTemperature": 78.45, "dewPoint": 68.96, "humidity": 0.75, "pressure": 1009.48, "windSpeed": 0.44, "windGust": 1.29, "windBearing": 176, "cloudCover": 0.3, "uvIndex": 0, "visibility": 6.94}, {"time": 1435719600, "summary": "Partly Cloudy", "icon": "partly-cloudy-night", "precipIntensity": 0, "precipProbability": 0, "temperature": 76.62, "apparentTemperature": 77.67, "dewPoint": 69.35, "humidity": 0.78, "pressure": 1009.18, "windSpeed": 0.2, "windGust": 1.15, "windBearing": 181, "cloudCover": 0.33, "uvIndex": 0, "visibility": 7.59}]}, "daily": {"data": [{"time": 1435636800, "summary": "Rain overnight.", "icon": "rain", "sunriseTime": 1435657628, "sunsetTime": 1435711123, "moonPhase": 0.45, "precipIntensity": 0, "precipIntensityMax": 0, "precipProbability": 0, "temperatureHigh": 85.82, "temperatureHighTime": 1435694400, "temperatureLow": 66.62, "temperatureLowTime": 1435741200, "apparentTemperatureHigh": 90.23, "apparentTemperatureHighTime": 1435694400, "apparentTemperatureLow": 67.38, "apparentTemperatureLowTime": 1435741200, "dewPoint": 67.49, "humidity": 0.75, "pressure": 1011.36, "windSpeed": 1.33, "windGust": 9.91, "windGustTime": 1435694400, "windBearing": 188, "cloudCover": 0.35, "uvIndex": 7, "uvIndexTime": 1435680000, "visibility": 8.03, "temperatureMin": 67.56, "temperatureMinTime": 1435654800, "temperatureMax": 85.82, "temperatureMaxTime": 1435694400, "apparentTemperatureMin": 68.15, "apparentTemperatureMinTime": 1435654800, "apparentTemperatureMax": 90.23, "apparentTemperatureMaxTime": 1435694400}]}, "flags": {"sources": ["cmc", "gfs", "hrrr", "icon", "isd", "madis", "nam", "sref"], "nearest-station": 0.675, "units": "us"}, "offset": -4}