{"latitude": 38.912659, "longitude": -77.017669, "timezone": "America/New_York", "currently": {"time": 1448082000, "summary": "Clear", "icon": "clear-night", "precipIntensity": 0, "precipProbability": 0, "temperature": 35.35, "apparentTemperature": 35.35, "dewPoint": 25.61, "humidity": 0.67, "pressure": 1024.8, "windSpeed": 0.1, "windGust": 0.22, "windBearing": 309, "cloudCover": 0.15, "uvIndex": 0, "visibility": 9.16}, "hourly": {"summary": "Mostly cloudy starting in the morning.", "icon": "partly-cloudy-night", "data": [{"time": 1448082000, "summary": "Clear", "icon": "clear-night", "precipIntensity": 0, "precipProbability": 0, "temperature": 35.35, "apparentTemperature": 35.35, "dewPoint": 25.61, "humidity": 0.67, "pressure": 1024.8, "windSpeed": 0.1, "windGust": 0.22, "windBearing": 309, "cloudCover": 0.15, "uvIndex": 0, "visibility": 9.16}, {"time": 1448085600, "summary": "Partly Cloudy", "icon": "partly-cloudy-night", "precipIntensity": 0, "precipProbability": 0, "temperature": 34.66, "apparentTemperature": 34.66, "dewPoint": 26.08, "humidity": 0.71, "pressure": 1024.66, "windSpeed": 0.02, "windGust": 0.19, "windBearing": 337, "cloudCover": 0.28, "uvIndex": 0, "visibility": 8.37}, {"time": 1448089200, "summary": "Partly Cloudy", "icon": "partly-cloudy-night", "precipIntensity": 0, "precipProbability": 0, "temperature": 34.22, "apparentTemperature": 34.22, "dewPoint": 25.98, "humidity": 0.71, "pressure": 1024.67, "windSpeed": 0.02, "windGust": 0.17, "windBearing": 270, "cloudCover": 0.28, "uvIndex": 0, "visibility": 8.37}, {"time": 1448092800, "summary": "Partly Cloudy", "icon": "partly-cloudy-night", "precipIntensity": 0, "precipProbability": 0, "temperature": 33.59, "apparentTemperature": 33.59, "dewPoint": 26.22, "humidity": 0.74, "pressure": 1024.7, "windSpeed": 0.07, "windGust": 0.2, "windBearing": 310, "cloudCover": 0.25, "uvIndex": 0, "visibility": 8.59}, {"time": 1448096400, "summary": "Partly Cloudy", "icon": "partly-cloudy-night", "precipIntensity": 0, "precipProbability": 0, "temperature": 33.11, "apparentTemperature": 33.11, "dewPoint": 25.7, "humidity": 0.74, "pressure": 1024.3, "windSpeed": 0.09, "windGust": 0.21, "windBearing": 339, "cloudCover": 0.25, "uvIndex": 0, "visibility": 10}, {"time": 1448100000, "summary": "Clear", "icon": "clear-night", "precipIntensity": 0, "precipProbability": 0, "temperature": 32.56, "apparentTemperature": 32.56, "dewPoint": 25.67, "humidity": 0.75, "pressure": 1024.27, "windSpeed": 1.36, "windGust": 2.35, "windBearing": 352, "cloudCover": 0.07, "uvIndex": 0, "visibility": 10}, {"time": 1448103600, "summary": "Clear", "icon": "clear-night", "precipIntensity": 0, "precipProbability": 0, "temperature": 32.3, "apparentTemperature": 32.3, "dewPoint": 24.78, "humidity": 0.73, "pressure": 1024.04, "windSpeed": 0.39, "windGust": 0.39, "windBearing": 355, "cloudCover": 0.2, "uvIndex": 0, "visibility": 10}, {"time": 1448107200, "summary": "Clear", "icon": "clear-night", "precipIntensity": 0, "precipProbability": 0, "temperature": 31.88, "apparentTemperature": 31.88, "dewPoint": 24.7, "humidity": 0.74, "pressure": 1024.55, "windSpeed": 0.45, "windGust": 1.01, "windBearing": 357, "cloudCover": 0.03, "uvIndex": 0, "visibility": 10}, {"time": 1448110800, "summary": "Clear", "icon": "clear-day", "precipIntensity": 0, "precipProbability": 0, "temperature": 32.91, "apparentTemperature": 32.91, "dewPoint": 26.34, "humidity": 0.76, "pressure": 1024.77, "windSpeed": 0.16, "windGust": 0.22, "windBearing": 62, "cloudCover": 0.03, "uvIndex": 0, "visibility": 10}, {"time": 1448114400, "summary": "Clear", "icon": "clear-day", "precipIntensity": 0, "precipProbability": 0, "temperature": 42.9, "apparentTemperature": 42.9, "dewPoint": 27.42, "humidity": 0.54, "pressure": 1025.31, "windSpeed": 1.07, "windGust": 2.9, "windBearing": 72, "cloudCover": 0.05, "uvIndex": 1, "visibility": 8.21}, {"time": 1448118000, "summary": "Clear", "icon": "clear-day", "precipIntensity": 0, "precipProbability": 0, "temperature": 46.86, "apparentTemperature": 46.06, "dewPoint": 29.12, "humidity": 0.5, "pressure": 1024.92, "windSpeed": 3.07, "windGust": 8.11, "windBearing": 84, "cloudCover": 0.11, "uvIndex": 2, "visibility": 8.25}, {"time": 1448121600, "summary": "Partly Cloudy", "icon": "partly-cloudy-day", "precipIntensity": 0, "precipProbability": 0, "temperature": 49.76, "apparentTemperature": 49.76, "dewPoint": 29.38, "humidity": 0.45, "pressure": 1023.71, "windSpeed": 2.92, "windGust": 8, "windBearing": 93, "cloudCover": 0.29, "uvIndex": 2, "visibility": 7.89}, {"time": 1448125200, "summary": "Mostly Cloudy", "icon": "partly-cloudy-day", "precipIntensity": 0, "precipProbability": 0, "temperature": 51.71, "apparentTemperature": 51.71, "dewPoint": 31.7, "humidity": 0.46, "pressure": 1022.17, "windSpeed": 2.49, "windGust": 6.99, "windBearing": 109, "cloudCover": 0.63, "uvIndex": 2, "visibility": 8.59}, {"time": 1448128800, "summary": "Partly Cloudy", "icon": "partly-cloudy-day", "precipIntensity": 0, "precipProbability": 0, "temperature": 52.97, "apparentTemperature": 52.97, "dewPoint": 34.67, "humidity": 0.5, "pressure": 1020.49, "windSpeed": 2.59, "windGust": 7.27, "windBearing": 120, "cloudCover": 0.52, "uvIndex": 2, "visibility": 8.17}, {"time": 1448132400, "summary": "Partly Cloudy", "icon": "partly-cloudy-day", "precipIntensity": 0, "precipProbability": 0, "temperature": 54.03, "apparentTemperature": 54.03, "dewPoint": 37.11, "humidity": 0.53, "pressure": 1019.4, "windSpeed": 2.46, "windGust": 7.12, "windBearing": 117, "cloudCover": 0.58, "uvIndex": 1, "visibility": 8.53}, {"time": 1448136000, "summary": "Mostly Cloudy", "icon": "partly-cloudy-day", "precipIntensity": 0, "precipProbability": 0, "temperature": 54.12, "apparentTemperature": 54.12, "dewPoint": 39.01, "humidity": 0.57, "pressure": 1018.52, "windSpeed": 2.16, "windGust": 6.44, "windBearing": 125, "cloudCover": 0.72, "uvIndex": 1, "visibility": 8.87}, {"time": 1448139600, "summary": "Mostly Cloudy", "icon": "partly-cloudy-day", "precipIntensity": 0, "precipProbability": 0, "temperature": 53.7, "apparentTemperature": 53.7, "dewPoint": 40.03, "humidity": 0.6, "pressure": 1017.95, "windSpeed": 1.78, "windGust": 5.19, "windBearing": 131, "cloudCover": 0.67, "uvIndex": 0, "visibility": 8.25}, {"time": 1448143200, "summary": "Partly Cloudy", "icon": "partly-cloudy-night", "precipIntensity": 0, "precipProbability": 0, "temperature": 51.86, "apparentTemperature": 51.86, "dewPoint": 40.39, "humidity": 0.65, "pressure": 1016.86, "windSpeed": 1.24, "windGust": 3.99, "windBearing": 117, "cloudCover": 0.5, "uvIndex": 0, "visibility": 8.25}, {"time": 1448146800, "summary": "Partly Cloudy", "icon": "partly-cloudy-night", "precipIntensity": 0, "precipProbability": 0, "temperature": 50.18, "apparentTemperature": 50.18, "dewPoint": 41.08, "humidity": 0.71, "pressure": 1015.8, "windSpeed": 1.1, "windGust": 3.84, "windBearing": 121, "cloudCover": 0.55, "uvIndex": 0, "visibility": 7.87}, {"time": 1448150400, "summary": "Mostly Cloudy", "icon": "partly-cloudy-night", "precipIntensity": 0, "precipProbability": 0, "temperature": 49.13, "apparentTemperature": 49.13, "dewPoint": 41.42, "humidity": 0.75, "pressure": 1015.75, "windSpeed": 0.47, "windGust": 2.05, "windBearing": 134, "cloudCover": 0.6, "uvIndex": 0, "visibility": 7.92}, {"time": 1448154000, "summary": "Mostly Cloudy", "icon": "partly-cloudy-night", "precipIntensity": 0, "precipProbability": 0, "temperature": 48.54, "apparentTemperature": 48.54, "dewPoint": 41.74, "humidity": 0.77, "pressure": 1015.47, "windSpeed": 0.45, "windGust": 1.75, "windBearing": 143, "cloudCover": 0.75, "uvIndex": 0, "visibility": 9.24}, {"time": 1448157600, "summary": "Mostly Cloudy", "icon": "partly-cloudy-night", "precipIntensity": 0, "precipProbability": 0, "temperature": 48.43, "apparentTemperature": 48.43, "dewPoint": 42.38, "humidity": 0.79, "pressure": 1014.93, "windSpeed": 0.35, "windGust": 1.69, "windBearing": 160, "cloudCover": 0.75, "uvIndex": 0, "visibility": 8.4}, {"time": 1448161200, "summary": "Mostly Cloudy", "icon": "partly-cloudy-night", "precipIntensity": 0, "precipProbability": 0, "temperature": 48.29, "apparentTemperature": 48.29, "dewPoint": 43.1, "humidity": 0.82, "pressure": 1014.29, "windSpeed": 0.36, "windGust": 1.44, "windBearing": 176, "cloudCover": 0.83, "uvIndex": 0, "visibility": 8.28}, {"time": 1448164800, "summary": "Mostly Cloudy", "icon": "partly-cloudy-night", "precipIntensity": 0, "precipProbability": 0, "temperature": 48, "apparentTemperature": 48, "dewPoint": 43.51, "humidity": 0.84, "pressure": 1013.44, "windSpeed": 0.43, "windGust": 1.79, "windBearing": 167, "cloudCover": 0.77, "uvIndex": 0, "visibility": 7.38}]}, "daily": {"data": [{"time": 1448082000, "summary": "Mostly cloudy throughout the day.", "icon": "partly-cloudy-night", "sunriseTime": 1448107128, "sunsetTime": 1448142721, "moonPhase": 0.35, "precipIntensity": 0, "precipIntensityMax": 0, "precipProbability": 0, "temperatureHigh": 54.12, "temperatureHighTime": 1448136000, "temperatureLow": 44.7, "temperatureLowTime": 1448186400, "apparentTemperatureHigh": 54.12, "apparentTemperatureHighTime": 1448136000, "apparentTemperatureLow": 43.43, "apparentTemperatureLowTime": 1448197200, "dewPoint": 33.05, "humidity": 0.67, "pressure": 1020.82, "windSpeed": 0.84, "windGust": 8.11, "windGustTime": 1448118000, "windBearing": 106, "cloudCover": 0.41, "uvIndex": 2, "uvIndexTime": 1448118000, "visibility": 8.69, "temperatureMin": 31.88, "temperatureMinTime": 1448107200, "temperatureMax": 54.12, "temperatureMaxTime": 1448136000, "apparentTemperatureMin": 31.88, "apparentTemperatureMinTime": 1448107200, "apparentTemperatureMax": 54.12, "apparentTemperatureMaxTime": 1448136000}]}, "flags": {"sources": ["cmc", "gfs", "hrrr", "icon", "isd", "madis", "nam", "sref"], "nearest-station": 1.106, "units": "us"}, "offset": -5}