{"latitude": 38.912659, "longitude": -77.017669, "timezone": "America/New_York", "currently": {"time": 1448686800, "summary": "Partly Cloudy", "icon": "partly-cloudy-night", "precipIntensity": 0, "precipProbability": 0, "temperature": 52.78, "apparentTemperature": 52.78, "dewPoint": 48.13, "humidity": 0.84, "pressure": 1025.36, "windSpeed": 0.48, "windGust": 1.21, "windBearing": 191, "cloudCover": 0.28, "uvIndex": 0, "visibility": 8.08}, "hourly": {"summary": "Mostly cloudy throughout the day.", "icon": "partly-cloudy-day", "data": [{"time": 1448686800, "summary": "Partly Cloudy", "icon": "partly-cloudy-night", "precipIntensity": 0, "precipProbability": 0, "temperature": 52.78, "apparentTemperature": 52.78, "dewPoint": 48.13, "humidity": 0.84, "pressure": 1025.36, "windSpeed": 0.48, "windGust": 1.21, "windBearing": 191, "cloudCover": 0.28, "uvIndex": 0, "visibility": 8.08}, {"time": 1448690400, "summary": "Partly Cloudy", "icon": "partly-cloudy-night", "precipIntensity": 0, "precipProbability": 0, "temperature": 51.82, "apparentTemperature": 51.82, "dewPoint": 47.56, "humidity": 0.85, "pressure": 1024.54, "windSpeed": 0.18, "windGust": 1.03, "windBearing": 188, "cloudCover": 0.39, "uvIndex": 0, "visibility": 7.69}, {"time": 1448694000, "summary": "Partly Cloudy", "icon": "partly-cloudy-night", "precipIntensity": 0, "precipProbability": 0, "temperature": 50.42, "apparentTemperature": 50.42, "dewPoint": 46.75, "humidity": 0.87, "pressure": 1024, "windSpeed": 0.17, "windGust": 0.72, "windBearing": 219, "cloudCover": 0.42, "uvIndex": 0, "visibility": 7.49}, {"time": 1448697600, "summary": "Partly Cloudy", "icon": "partly-cloudy-night", "precipIntensity": 0, "precipProbability": 0, "temperature": 49.33, "apparentTemperature": 49.33, "dewPoint": 46.1, "humidity": 0.89, "pressure": 1023.86, "windSpeed": 0, "windGust": 0.4, "cloudCover": 0.43, "uvIndex": 0, "visibility": 7.92}, {"time": 1448701200, "summary": "Partly Cloudy", "icon": "partly-cloudy-night", "precipIntensity": 0, "precipProbability": 0, "temperature": 48.89, "apparentTemperature": 48.89, "dewPoint": 45.91, "humidity": 0.89, "pressure": 1023.49, "windSpeed": 0.03, "windGust": 0.32, "windBearing": 218, "cloudCover": 0.43, "uvIndex": 0, "visibility": 8.08}, {"time": 1448704800, "summary": "Mostly Cloudy", "icon": "partly-cloudy-night", "precipIntensity": 0, "precipProbability": 0, "temperature": 49.01, "apparentTemperature": 49.01, "dewPoint": 46.06, "humidity": 0.89, "pressure": 1023.04, "windSpeed": 0, "windGust": 0.17, "cloudCover": 0.76, "uvIndex": 0, "visibility": 7.82}, {"time": 1448708400, "summary": "Mostly Cloudy", "icon": "partly-cloudy-night", "precipIntensity": 0, "precipProbability": 0, "temperature": 48.84, "apparentTemperature": 48.84, "dewPoint": 46.16, "humidity": 0.9, "pressure": 1023.07, "windSpeed": 0, "windGust": 0.22, "cloudCover": 0.67, "uvIndex": 0, "visibility": 7.89}, {"time": 1448712000, "summary": "Partly Cloudy", "icon": "partly-cloudy-night", "precipIntensity": 0, "precipProbability": 0, "temperature": 48.28, "apparentTemperature": 48.28, "dewPoint": 45.74, "humidity": 0.91, "pressure": 1023.05, "windSpeed": 0.75, "windGust": 1.01, "windBearing": 200, "cloudCover": 0.5, "uvIndex": 0, "visibility": 7.87}, {"time": 1448715600, "summary": "Partly Cloudy", "icon": "partly-cloudy-day", "precipIntensity": 0, "precipProbability": 0, "temperature": 48.73, "apparentTemperature": 48.73, "dewPoint": 46.19, "humidity": 0.91, "pressure": 1023, "windSpeed": 0.11, "windGust": 0.4, "windBearing": 206, "cloudCover": 0.42, "uvIndex": 0, "visibility": 7.82}, {"time": 1448719200, "summary": "Partly Cloudy", "icon": "partly-cloudy-day", "precipIntensity": 0, "precipProbability": 0, "temperature": 50.65, "apparentTemperature": 50.65, "dewPoint": 48.26, "humidity": 0.91, "pressure": 1022.98, "windSpeed": 0.16, "windGust": 0.35, "windBearing": 182, "cloudCover": 0.25, "uvIndex": 1, "visibility": 8.41}, {"time": 1448722800, "summary": "Mostly Cloudy", "icon": "partly-cloudy-day", "precipIntensity": 0, "precipProbability": 0, "temperature": 54.86, "apparentTemperature": 54.86, "dewPoint": 50.62, "humidity": 0.86, "pressure": 1023.21, "windSpeed": 0.17, "windGust": 1.17, "windBearing": 221, "cloudCover": 0.73, "uvIndex": 1, "visibility": 7.75}, {"time": 1448726400, "summary": "Mostly Cloudy", "icon": "partly-cloudy-day", "precipIntensity": 0, "precipProbability": 0, "temperature": 60.83, "apparentTemperature": 60.83, "dewPoint": 52.19, "humidity": 0.73, "pressure": 1022.21, "windSpeed": 0.15, "windGust": 1.33, "windBearing": 185, "cloudCover": 0.85, "uvIndex": 2, "visibility": 7.75}, {"time": 1448730000, "summary": "Mostly Cloudy", "icon": "partly-cloudy-day", "precipIntensity": 0, "precipProbability": 0, "temperature": 65.24, "apparentTemperature": 65.24, "dewPoint": 52.9, "humidity": 0.64, "pressure": 1021.61, "windSpeed": 0.17, "windGust": 1.58, "windBearing": 212, "cloudCover": 0.72, "uvIndex": 2, "visibility": 6.73}, {"time": 1448733600, "summary": "Overcast", "icon": "cloudy", "precipIntensity": 0, "precipProbability": 0, "temperature": 66.9, "apparentTemperature": 66.9, "dewPoint": 53, "humidity": 0.61, "pressure": 1020.99, "windSpeed": 0.32, "windGust": 1.76, "windBearing": 216, "cloudCover": 0.94, "uvIndex": 2, "visibility": 6.6}, {"time": 1448737200, "summary": "Overcast", "icon": "cloudy", "precipIntensity": 0, "precipProbability": 0, "temperature": 66.66, "apparentTemperature": 66.66, "dewPoint": 53, "humidity": 0.61, "pressure": 1020.45, "windSpeed": 0.2, "windGust": 1.6, "windBearing": 244, "cloudCover": 1, "uvIndex": 1, "visibility": 7.66}, {"time": 1448740800, "summary": "Overcast", "icon": "cloudy", "precipIntensity": 0, "precipProbability": 0, "temperature": 66.08, "apparentTemperature": 66.08, "dewPoint": 53.63, "humidity": 0.64, "pressure": 1020.16, "windSpeed": 0.17, "windGust": 1.68, "windBearing": 207, "cloudCover": 1, "uvIndex": 1, "visibility": 7.37}, {"time": 1448744400, "summary": "Overcast", "icon": "cloudy", "precipIntensity": 0, "precipProbability": 0, "temperature": 65.28, "apparentTemperature": 65.28, "dewPoint": 53.89, "humidity": 0.67, "pressure": 1020.5, "windSpeed": 0.14, "windGust": 0.86, "windBearing": 250, "cloudCover": 0.98, "uvIndex": 0, "visibility": 8.45}, {"time": 1448748000, "summary": "Overcast", "icon": "cloudy", "precipIntensity": 0, "precipProbability": 0, "temperature": 63.4, "apparentTemperature": 63.4, "dewPoint": 53.65, "humidity": 0.71, "pressure": 1020.27, "windSpeed": 0, "windGust": 0.16, "cloudCover": 0.95, "uvIndex": 0, "visibility": 8.87}, {"time": 1448751600, "summary": "Overcast", "icon": "cloudy", "precipIntensity": 0, "precipProbability": 0, "temperature": 61.25, "apparentTemperature": 61.25, "dewPoint": 53.22, "humidity": 0.75, "pressure": 1020.29, "windSpeed": 0, "windGust": 0.07, "cloudCover": 0.95, "uvIndex": 0, "visibility": 9.48}, {"time": 1448755200, "summary": "Overcast", "icon": "cloudy", "precipIntensity": 0, "precipProbability": 0, "temperature": 60.31, "apparentTemperature": 60.31, "dewPoint": 53.16, "humidity": 0.77, "pressure": 1020.47, "windSpeed": 0, "windGust": 0.16, "cloudCover": 1, "uvIndex": 0, "visibility": 9.51}, {"time": 1448758800, "summary": "Overcast", "icon": "cloudy", "precipIntensity": 0, "precipProbability": 0, "temperature": 59.81, "apparentTemperature": 59.81, "dewPoint": 53.45, "humidity": 0.79, "pressure": 1020.79, "windSpeed": 0, "windGust": 0.39, "cloudCover": 1, "uvIndex": 0, "visibility": 8.59}, {"time": 1448762400, "summary": "Overcast", "icon": "cloudy", "precipIntensity": 0, "precipProbability": 0, "temperature": 59.53, "apparentTemperature": 59.53, "dewPoint": 53.69, "humidity": 0.81, "pressure": 1020.98, "windSpeed": 0.02, "windGust": 0.53, "windBearing": 260, "cloudCover": 0.95, "uvIndex": 0, "visibility": 8.63}, {"time": 1448766000, "summary": "Overcast", "icon": "cloudy", "precipIntensity": 0, "precipProbability": 0, "temperature": 59, "apparentTemperature": 59, "dewPoint": 53.65, "humidity": 0.82, "pressure": 1021.05, "windSpeed": 0.06, "windGust": 0.89, "windBearing": 351, "cloudCover": 1, "uvIndex": 0, "visibility": 9.47}, {"time": 1448769600, "summary": "Overcast", "icon": "cloudy", "precipIntensity": 0, "precipProbability": 0, "temperature": 58.3, "apparentTemperature": 58.3, "dewPoint": 53.48, "humidity": 0.84, "pressure": 1021.03, "windSpeed": 0.63, "windGust": 2.52, "windBearing": 20, "cloudCover": 1, "uvIndex": 0, "visibility": 8.77}]}, "daily": {"data": [{"time": 1448686800, "summary": "Mostly cloudy throughout the day.", "icon": "partly-cloudy-day", "sunriseTime": 1448712372, "sunsetTime": 1448747332, "moonPhase": 0.6, "precipIntensity": 0, "precipIntensityMax": 0, "precipProbability": 0, "temperatureHigh": 66.9, "temperatureHighTime": 1448733600, "temperatureLow": 48.26, "temperatureLowTime": 1448802000, "apparentTemperatureHigh": 66.9, "apparentTemperatureHighTime": 1448733600, "apparentTemperatureLow": 48.26, "apparentTemperatureLowTime": 1448802000, "dewPoint": 50.43, "humidity": 0.8, "pressure": 1022.1, "windSpeed": 0.1, "windGust": 2.52, "windGustTime": 1448769600, "windBearing": 209, "cloudCover": 0.73, "uvIndex": 2, "uvIndexTime": 1448726400, "visibility": 8.11, "temperatureMin": 48.28, "temperatureMinTime": 1448712000, "temperatureMax": 66.9, "temperatureMaxTime": 1448733600, "apparentTemperatureMin": 48.28, "apparentTemperatureMinTime": 1448712000, "apparentTemperatureMax": 66.9, "apparentTemperatureMaxTime": 1448733600}]}, "flags": {"sources": ["cmc", "gfs", "hrrr", "icon", "isd", "madis", "nam", "sref"], "nearest-station": 1.106, "units": "us"}, "offset": -5}