{"latitude": 38.912659, "longitude": -77.017669, "timezone": "America/New_York", "currently": {"time": 1426219200, "summary": "Partly Cloudy", "icon": "partly-cloudy-night", "precipIntensity": 0, "precipProbability": 0, "temperature": 37.33, "apparentTemperature": 37.33, "dewPoint": 23.71, "humidity": 0.57, "pressure": 1035.47, "windSpeed": 0, "windGust": 0.12, "cloudCover": 0.48, "uvIndex": 0, "visibility": 8.55}, "hourly": {"summary": "Mostly cloudy starting in the evening.", "icon": "partly-cloudy-night", "data": [{"time": 1426219200, "summary": "Partly Cloudy", "icon": "partly-cloudy-night", "precipIntensity": 0, "precipProbability": 0, "temperature": 37.33, "apparentTemperature": 37.33, "dewPoint": 23.71, "humidity": 0.57, "pressure": 1035.47, "windSpeed": 0, "windGust": 0.12, "cloudCover": 0.48, "uvIndex": 0, "visibility": 8.55}, {"time": 1426222800, "summary": "Clear", "icon": "clear-night", "precipIntensity": 0, "precipProbability": 0, "temperature": 35.85, "apparentTemperature": 35.85, "dewPoint": 23.96, "humidity": 0.62, "pressure": 1035.51, "windSpeed": 0, "windGust": 0.1, "cloudCover": 0.07, "uvIndex": 0, "visibility": 8.53}, {"time": 1426226400, "summary": "Clear", "icon": "clear-night", "precipIntensity": 0, "precipProbability": 0, "temperature": 34.14, "apparentTemperature": 34.14, "dewPoint": 23.92, "humidity": 0.66, "pressure": 1035.56, "windSpeed": 0, "windGust": 0.02, "cloudCover": 0.1, "uvIndex": 0, "visibility": 10}, {"time": 1426230000, "summary": "Partly Cloudy", "icon": "partly-cloudy-night", "precipIntensity": 0, "precipProbability": 0, "temperature": 33.37, "apparentTemperature": 33.37, "dewPoint": 23.69, "humidity": 0.67, "pressure": 1035.85, "windSpeed": 0, "windGust": 0.36, "cloudCover": 0.53, "uvIndex": 0, "visibility": 8.58}, {"time": 1426233600, "summary": "Clear", "icon": "clear-night", "precipIntensity": 0, "precipProbability": 0, "temperature": 32.95, "apparentTemperature": 32.95, "dewPoint": 23.18, "humidity": 0.67, "pressure": 1035.96, "windSpeed": 0.06, "windGust": 0.25, "windBearing": 3, "cloudCover": 0.17, "uvIndex": 0, "visibility": 8.64}, {"time": 1426237200, "summary": "Partly Cloudy", "icon": "partly-cloudy-night", "precipIntensity": 0, "precipProbability": 0, "temperature": 32.22, "apparentTemperature": 32.22, "dewPoint": 22.06, "humidity": 0.66, "pressure": 1036.27, "windSpeed": 0.06, "windGust": 0.45, "windBearing": 62, "cloudCover": 0.48, "uvIndex": 0, "visibility": 9.25}, {"time": 1426240800, "summary": "Clear", "icon": "clear-night", "precipIntensity": 0, "precipProbability": 0, "temperature": 33.09, "apparentTemperature": 33.09, "dewPoint": 19.69, "humidity": 0.57, "pressure": 1036, "windSpeed": 0.21, "windGust": 1.1, "windBearing": 88, "cloudCover": 0.13, "uvIndex": 0, "visibility": 9.3}, {"time": 1426244400, "summary": "Partly Cloudy", "icon": "partly-cloudy-night", "precipIntensity": 0, "precipProbability": 0, "temperature": 32.42, "apparentTemperature": 32.42, "dewPoint": 18.98, "humidity": 0.57, "pressure": 1036.64, "windSpeed": 0, "windGust": 0.33, "cloudCover": 0.49, "uvIndex": 0, "visibility": 9.07}, {"time": 1426248000, "summary": "Mostly Cloudy", "icon": "partly-cloudy-day", "precipIntensity": 0, "precipProbability": 0, "temperature": 31.4, "apparentTemperature": 31.4, "dewPoint": 19.71, "humidity": 0.61, "pressure": 1037.51, "windSpeed": 0, "windGust": 0.09, "cloudCover": 0.67, "uvIndex": 0, "visibility": 10}, {"time": 1426251600, "summary": "Clear", "icon": "clear-day", "precipIntensity": 0, "precipProbability": 0, "temperature": 37.18, "apparentTemperature": 37.18, "dewPoint": 16.83, "humidity": 0.43, "pressure": 1037.09, "windSpeed": 0.73, "windGust": 3.01, "windBearing": 100, "cloudCover": 0.24, "uvIndex": 1, "visibility": 7.25}, {"time": 1426255200, "summary": "Clear", "icon": "clear-day", "precipIntensity": 0, "precipProbability": 0, "temperature": 40.59, "apparentTemperature": 40.59, "dewPoint": 10.87, "humidity": 0.29, "pressure": 1037.17, "windSpeed": 2.29, "windGust": 6.5, "windBearing": 119, "cloudCover": 0.21, "uvIndex": 2, "visibility": 8.04}, {"time": 1426258800, "summary": "Clear", "icon": "clear-day", "precipIntensity": 0, "precipProbability": 0, "temperature": 43.42, "apparentTemperature": 43.42, "dewPoint": 10.6, "humidity": 0.26, "pressure": 1036.68, "windSpeed": 1.95, "windGust": 6.57, "windBearing": 137, "cloudCover": 0.21, "uvIndex": 4, "visibility": 8}, {"time": 1426262400, "summary": "Clear", "icon": "clear-day", "precipIntensity": 0, "precipProbability": 0, "temperature": 46.13, "apparentTemperature": 46.13, "dewPoint": 12.13, "humidity": 0.25, "pressure": 1036.04, "windSpeed": 2.36, "windGust": 6.92, "windBearing": 149, "cloudCover": 0.24, "uvIndex": 5, "visibility": 7.68}, {"time": 1426266000, "summary": "Clear", "icon": "clear-day", "precipIntensity": 0, "precipProbability": 0, "temperature": 48.92, "apparentTemperature": 48.92, "dewPoint": 13.67, "humidity": 0.24, "pressure": 1034.97, "windSpeed": 2.48, "windGust": 8.38, "windBearing": 152, "cloudCover": 0.18, "uvIndex": 6, "visibility": 8.15}, {"time": 1426269600, "summary": "Clear", "icon": "clear-day", "precipIntensity": 0, "precipProbability": 0, "temperature": 50.77, "apparentTemperature": 50.77, "dewPoint": 14.69, "humidity": 0.23, "pressure": 1033.83, "windSpeed": 2.59, "windGust": 8.13, "windBearing": 150, "cloudCover": 0.22, "uvIndex": 5, "visibility": 8.52}, {"time": 1426273200, "summary": "Partly Cloudy", "icon": "partly-cloudy-day", "precipIntensity": 0, "precipProbability": 0, "temperature": 50.91, "apparentTemperature": 50.91, "dewPoint": 15.47, "humidity": 0.24, "pressure": 1032.44, "windSpeed": 2.71, "windGust": 7.73, "windBearing": 157, "cloudCover": 0.27, "uvIndex": 4, "visibility": 8.23}, {"time": 1426276800, "summary": "Clear", "icon": "clear-day", "precipIntensity": 0, "precipProbability": 0, "temperature": 51.25, "apparentTemperature": 51.25, "dewPoint": 16.44, "humidity": 0.25, "pressure": 1031.34, "windSpeed": 2.68, "windGust": 8.09, "windBearing": 153, "cloudCover": 0.14, "uvIndex": 3, "visibility": 7.95}, {"time": 1426280400, "summary": "Partly Cloudy", "icon": "partly-cloudy-day", "precipIntensity": 0, "precipProbability": 0, "temperature": 51.11, "apparentTemperature": 51.11, "dewPoint": 17.76, "humidity": 0.26, "pressure": 1030.62, "windSpeed": 2.81, "windGust": 7.76, "windBearing": 146, "cloudCover": 0.38, "uvIndex": 1, "visibility": 8.75}, {"time": 1426284000, "summary": "Mostly Cloudy", "icon": "partly-cloudy-day", "precipIntensity": 0, "precipProbability": 0, "temperature": 50.43, "apparentTemperature": 50.43, "dewPoint": 19.35, "humidity": 0.29, "pressure": 1030.18, "windSpeed": 2.4, "windGust": 6.63, "windBearing": 133, "cloudCover": 0.61, "uvIndex": 0, "visibility": 7.94}, {"time": 1426287600, "summary": "Partly Cloudy", "icon": "partly-cloudy-day", "precipIntensity": 0, "precipProbability": 0, "temperature": 49.37, "apparentTemperature": 49.37, "dewPoint": 21.26, "humidity": 0.33, "pressure": 1030.25, "windSpeed": 1.62, "windGust": 5.2, "windBearing": 137, "cloudCover": 0.56, "uvIndex": 0, "visibility": 7.65}, {"time": 1426291200, "summary": "Mostly Cloudy", "icon": "partly-cloudy-night", "precipIntensity": 0, "precipProbability": 0, "temperature": 48.53, "apparentTemperature": 48.53, "dewPoint": 22.36, "humidity": 0.35, "pressure": 1030.07, "windSpeed": 1.37, "windGust": 4.82, "windBearing": 140, "cloudCover": 0.71, "uvIndex": 0, "visibility": 7.95}, {"time": 1426294800, "summary": "Mostly Cloudy", "icon": "partly-cloudy-night", "precipIntensity": 0, "precipProbability": 0, "temperature": 47.88, "apparentTemperature": 47.88, "dewPoint": 22.9, "humidity": 0.37, "pressure": 1030.08, "windSpeed": 0.99, "windGust": 4.46, "windBearing": 150, "cloudCover": 0.82, "uvIndex": 0, "visibility": 8.01}, {"time": 1426298400, "summary": "Overcast", "icon": "cloudy", "precipIntensity": 0, "precipProbability": 0, "temperature": 46.73, "apparentTemperature": 46.73, "dewPoint": 27.07, "humidity": 0.46, "pressure": 1029.39, "windSpeed": 1.48, "windGust": 4.22, "windBearing": 164, "cloudCover": 0.97, "uvIndex": 0, "visibility": 7.65}, {"time": 1426302000, "summary": "Overcast", "icon": "cloudy", "precipIntensity": 0, "precipProbability": 0, "temperature": 45.45, "apparentTemperature": 45.45, "dewPoint": 32.25, "humidity": 0.6, "pressure": 1028.78, "windSpeed": 1.75, "windGust": 5.59, "windBearing": 196, "cloudCover": 1, "uvIndex": 0, "visibility": 7.82}]}, "daily": {"data": [{"time": 1426219200, "summary": "Light rain overnight.", "icon": "rain", "sunriseTime": 1426245834, "sunsetTime": 1426288433, "moonPhase": 0.75, "precipIntensity": 0, "precipIntensityMax": 0, "precipProbability": 0, "temperatureHigh": 51.25, "temperatureHighTime": 1426276800, "temperatureLow": 42.15, "temperatureLowTime": 1426323600, "apparentTemperatureHigh": 51.25, "apparentTemperatureHighTime": 1426276800, "apparentTemperatureLow": 42.15, "apparentTemperatureLowTime": 1426323600, "dewPoint": 19.69, "humidity": 0.44, "pressure": 1033.9, "windSpeed": 1.2, "windGust": 8.38, "windGustTime": 1426266000, "windBearing": 146, "cloudCover": 0.41, "uvIndex": 6, "uvIndexTime": 1426266000, "visibility": 8.39, "temperatureMin": 31.4, "temperatureMinTime": 1426248000, "temperatureMax": 51.25, "temperatureMaxTime": 1426276800, "apparentTemperatureMin": 31.4, "apparentTemperatureMinTime": 1426248000, "apparentTemperatureMax": 51.25, "apparentTemperatureMaxTime": 1426276800}]}, "flags": {"sources": ["cmc", "gfs", "hrrr", "icon", "isd", "madis", "nam", "sref"], "nearest-station": 0.675, "units": "us"}, "offset": -4}