{"latitude": 38.912659, "longitude": -77.017669, "timezone": "America/New_York", "currently": {"time": 1434600000, "summary": "Light Rain", "icon": "rain", "precipIntensity": 0.0174, "precipProbability": 0.73, "precipType": "rain", "temperature": 71.27, "apparentTemperature": 72.28, "dewPoint": 67.88, "humidity": 0.89, "pressure": 1017.4, "windSpeed": 0.42, "windGust": 2, "windBearing": 140, "cloudCover": 1, "uvIndex": 0, "visibility": 6.76}, "hourly": {"summary": "Rain until morning, starting again in the evening.", "icon": "rain", "data": [{"time": 1434600000, "summary": "Light Rain", "icon": "rain", "precipIntensity": 0.0174, "precipProbability": 0.73, "precipType": "rain", "temperature": 71.27, "apparentTemperature": 72.28, "dewPoint": 67.88, "humidity": 0.89, "pressure": 1017.4, "windSpeed": 0.42, "windGust": 2, "windBearing": 140, "cloudCover": 1, "uvIndex": 0, "visibility": 6.76}, {"time": 1434603600, "summary": "Rain", "icon": "rain", "precipIntensity": 0.0553, "precipProbability": 0.88, "precipType": "rain", "temperature": 70.8, "apparentTemperature": 71.89, "dewPoint": 68.26, "humidity": 0.92, "pressure": 1017.22, "windSpeed": 0.29, "windGust": 0.79, "windBearing": 151, "cloudCover": 1, "uvIndex": 0, "visibility": 4.69}, {"time": 1434607200, "summary": "Light Rain", "icon": "rain", "precipIntensity": 0.0389, "precipProbability": 0.89, "precipType": "rain", "temperature": 70.51, "apparentTemperature": 71.56, "dewPoint": 67.94, "humidity": 0.92, "pressure": 1017.03, "windSpeed": 0.67, "windGust": 2.54, "windBearing": 165, "cloudCover": 1, "uvIndex": 0, "visibility": 4.95}, {"time": 1434610800, "summary": "Light Rain", "icon": "rain", "precipIntensity": 0.0246, "precipProbability": 0.82, "precipType": "rain", "temperature": 69.93, "apparentTemperature": 70.94, "dewPoint": 67.43, "humidity": 0.92, "pressure": 1016.74, "windSpeed": 0.49, "windGust": 1.89, "windBearing": 174, "cloudCover": 1, "uvIndex": 0, "visibility": 5.89}, {"time": 1434614400, "summary": "Light Rain", "icon": "rain", "precipIntensity": 0.0271, "precipProbability": 0.68, "precipType": "rain", "temperature": 69.48, "apparentTemperature": 70.47, "dewPoint": 67.18, "humidity": 0.92, "pressure": 1016.31, "windSpeed": 0.41, "windGust": 1.24, "windBearing": 181, "cloudCover": 1, "uvIndex": 0, "visibility": 5.37}, {"time": 1434618000, "summary": "Overcast", "icon": "cloudy", "precipIntensity": 0.0116, "precipProbability": 0.51, "precipType": "rain", "temperature": 69.39, "apparentTemperature": 70.39, "dewPoint": 67.21, "humidity": 0.93, "pressure": 1016.12, "windSpeed": 0.48, "windGust": 1.17, "windBearing": 171, "cloudCover": 1, "uvIndex": 0, "visibility": 7.46}, {"time": 1434621600, "summary": "Overcast", "icon": "cloudy", "precipIntensity": 0.0013, "precipProbability": 0.18, "precipType": "rain", "temperature": 69.53, "apparentTemperature": 70.54, "dewPoint": 67.34, "humidity": 0.93, "pressure": 1016.19, "windSpeed": 0.15, "windGust": 0.47, "windBearing": 169, "cloudCover": 0.94, "uvIndex": 0, "visibility": 5.13}, {"time": 1434625200, "summary": "Overcast", "icon": "cloudy", "precipIntensity": 0, "precipProbability": 0, "temperature": 69.92, "apparentTemperature": 70.97, "dewPoint": 67.73, "humidity": 0.93, "pressure": 1016.37, "windSpeed": 0.14, "windGust": 0.34, "windBearing": 227, "cloudCover": 1, "uvIndex": 0, "visibility": 5.82}, {"time": 1434628800, "summary": "Overcast", "icon": "cloudy", "precipIntensity": 0, "precipProbability": 0, "temperature": 70.87, "apparentTemperature": 72.02, "dewPoint": 68.7, "humidity": 0.93, "pressure": 1016.45, "windSpeed": 0.06, "windGust": 0.65, "windBearing": 259, "cloudCover": 0.94, "uvIndex": 1, "visibility": 7.51}, {"time": 1434632400, "summary": "Overcast", "icon": "cloudy", "precipIntensity": 0, "precipProbability": 0, "temperature": 72.36, "apparentTemperature": 73.6, "dewPoint": 69.74, "humidity": 0.91, "pressure": 1016.55, "windSpeed": 0.41, "windGust": 1.58, "windBearing": 271, "cloudCover": 1, "uvIndex": 2, "visibility": 7.21}, {"time": 1434636000, "summary": "Mostly Cloudy", "icon": "partly-cloudy-day", "precipIntensity": 0, "precipProbability": 0, "temperature": 74.68, "apparentTemperature": 76.03, "dewPoint": 71.2, "humidity": 0.89, "pressure": 1016.7, "windSpeed": 0.51, "windGust": 1.77, "windBearing": 309, "cloudCover": 0.74, "uvIndex": 4, "visibility": 8}, {"time": 1434639600, "summary": "Humid and Mostly Cloudy", "icon": "partly-cloudy-day", "precipIntensity": 0, "precipProbability": 0, "temperature": 78.1, "apparentTemperature": 79.46, "dewPoint": 72.04, "humidity": 0.82, "pressure": 1016.54, "windSpeed": 0.37, "windGust": 2.92, "windBearing": 305, "cloudCover": 0.75, "uvIndex": 5, "visibility": 9.88}, {"time": 1434643200, "summary": "Humid and Partly Cloudy", "icon": "partly-cloudy-day", "precipIntensity": 0, "precipProbability": 0, "temperature": 81.3, "apparentTemperature": 85.92, "dewPoint": 72.21, "humidity": 0.74, "pressure": 1016.3, "windSpeed": 0.29, "windGust": 3.21, "windBearing": 287, "cloudCover": 0.59, "uvIndex": 7, "visibility": 7.43}, {"time": 1434646800, "summary": "Humid and Mostly Cloudy", "icon": "partly-cloudy-day", "precipIntensity": 0, "precipProbability": 0, "temperature": 83.46, "apparentTemperature": 89.31, "dewPoint": 72.6, "humidity": 0.7, "pressure": 1016.13, "windSpeed": 0.43, "windGust": 3.39, "windBearing": 215, "cloudCover": 0.71, "uvIndex": 6, "visibility": 7.84}, {"time": 1434650400, "summary": "Humid and Mostly Cloudy", "icon": "partly-cloudy-day", "precipIntensity": 0, "precipProbability": 0, "temperature": 85.13, "apparentTemperature": 91.96, "dewPoint": 73.01, "humidity": 0.67, "pressure": 1015.34, "windSpeed": 0.44, "windGust": 3.55, "windBearing": 210, "cloudCover": 0.8, "uvIndex": 6, "visibility": 7.83}, {"time": 1434654000, "summary": "Humid and Mostly Cloudy", "icon": "partly-cloudy-day", "precipIntensity": 0, "precipProbability": 0, "temperature": 86.47, "apparentTemperature": 94.47, "dewPoint": 73.77, "humidity": 0.66, "pressure": 1014.87, "windSpeed": 0.66, "windGust": 4.19, "windBearing": 176, "cloudCover": 0.63, "uvIndex": 6, "visibility": 7.55}, {"time": 1434657600, "summary": "Humid and Partly Cloudy", "icon": "partly-cloudy-day", "precipIntensity": 0, "precipProbability": 0, "temperature": 86.66, "apparentTemperature": 95, "dewPoint": 74.04, "humidity": 0.66, "pressure": 1013.49, "windSpeed": 0.95, "windGust": 4.44, "windBearing": 182, "cloudCover": 0.51, "uvIndex": 5, "visibility": 7.78}, {"time": 1434661200, "summary": "Light Rain", "icon": "rain", "precipIntensity": 0.0422, "precipProbability": 0.67, "precipType": "rain", "temperature": 80.85, "apparentTemperature": 85.32, "dewPoint": 72.45, "humidity": 0.76, "pressure": 1012.8, "windSpeed": 0.42, "windGust": 4.53, "windBearing": 187, "cloudCover": 0.59, "uvIndex": 3, "visibility": 6.22}, {"time": 1434664800, "summary": "Rain", "icon": "rain", "precipIntensity": 0.1385, "precipProbability": 0.83, "precipType": "rain", "temperature": 75.88, "apparentTemperature": 77.33, "dewPoint": 72.23, "humidity": 0.89, "pressure": 1013.3, "windSpeed": 0.44, "windGust": 2.72, "windBearing": 156, "cloudCover": 0.69, "uvIndex": 2, "visibility": 6.68}, {"time": 1434668400, "summary": "Humid and Partly Cloudy", "icon": "partly-cloudy-day", "precipIntensity": 0.0241, "precipProbability": 0.54, "precipType": "rain", "temperature": 76.14, "apparentTemperature": 77.6, "dewPoint": 72.4, "humidity": 0.88, "pressure": 1013.57, "windSpeed": 0.28, "windGust": 1.09, "windBearing": 142, "cloudCover": 0.41, "uvIndex": 1, "visibility": 6.1}, {"time": 1434672000, "summary": "Humid and Partly Cloudy", "icon": "partly-cloudy-day", "precipIntensity": 0.0005, "precipProbability": 0.11, "precipType": "rain", "temperature": 75.65, "apparentTemperature": 77.08, "dewPoint": 72.02, "humidity": 0.89, "pressure": 1013.05, "windSpeed": 0.25, "windGust": 0.92, "windBearing": 185, "cloudCover": 0.5, "uvIndex": 0, "visibility": 8.62}, {"time": 1434675600, "summary": "Partly Cloudy", "icon": "partly-cloudy-night", "precipIntensity": 0, "precipProbability": 0, "temperature": 74.65, "apparentTemperature": 76.05, "dewPoint": 71.54, "humidity": 0.9, "pressure": 1013.14, "windSpeed": 0.01, "windGust": 0.28, "windBearing": 270, "cloudCover": 0.34, "uvIndex": 0, "visibility": 7.66}, {"time": 1434679200, "summary": "Partly Cloudy", "icon": "partly-cloudy-night", "precipIntensity": 0, "precipProbability": 0, "temperature": 74.03, "apparentTemperature": 75.44, "dewPoint": 71.49, "humidity": 0.92, "pressure": 1013.56, "windSpeed": 0.05, "windGust": 0.29, "windBearing": 152, "cloudCover": 0.47, "uvIndex": 0, "visibility": 7.02}, {"time": 1434682800, "summary": "Mostly Cloudy", "icon": "partly-cloudy-night", "precipIntensity": 0.0019, "precipProbability": 0.07, "precipType": "rain", "temperature": 73.81, "apparentTemperature": 75.23, "dewPoint": 71.41, "humidity": 0.92, "pressure": 1013.41, "windSpeed": 0.03, "windGust": 0.27, "windBearing": 207, "cloudCover": 0.66, "uvIndex": 0, "visibility": 6.21}]}, "daily": {"data": [{"time": 1434600000, "summary": "Rain in the evening.", "icon": "rain", "sunriseTime": 1434620625, "sunsetTime": 1434674242, "moonPhase": 0.07, "precipIntensity": 0.016, "precipIntensityMax": 0.1385, "precipIntensityMaxTime": 1434664800, "precipProbability": 0.89, "precipType": "rain", "temperatureHigh": 86.66, "temperatureHighTime": 1434657600, "temperatureLow": 70.25, "temperatureLowTime": 1434708000, "apparentTemperatureHigh": 95, "apparentTemperatureHighTime": 1434657600, "apparentTemperatureLow": 71.29, "apparentTemperatureLowTime": 1434708000, "dewPoint": 70.49, "humidity": 0.85, "pressure": 1015.36, "windSpeed": 0.25, "windGust": 4.53, "windGustTime": 1434661200, "windBearing": 189, "cloudCover": 0.76, "uvIndex": 7, "uvIndexTime": 1434643200, "visibility": 6.9, "temperatureMin": 69.39, "temperatureMinTime": 1434618000, "temperatureMax": 86.66, "temperatureMaxTime": 1434657600, "apparentTemperatureMin": 70.39, "apparentTemperatureMinTime": 1434618000, "apparentTemperatureMax": 95, "apparentTemperatureMaxTime": 1434657600}]}, "flags": {"sources": ["cmc", "gfs", "hrrr", "icon", "isd", "madis", "nam", "sref"], "nearest-station": 0.675, "units": "us"}, "offset": -4}