{"latitude": 38.912659, "longitude": -77.017669, "timezone": "America/New_York", "currently": {"time": 1458187200, "summary": "Clear", "icon": "clear-night", "precipIntensity": 0, "precipProbability": 0, "temperature": 54.73, "apparentTemperature": 54.73, "dewPoint": 47.3, "humidity": 0.76, "pressure": 1009.56, "windSpeed": 0.17, "windGust": 1.19, "windBearing": 292, "cloudCover": 0.02, "uvIndex": 0, "visibility": 7.01}, "hourly": {"summary": "Mostly cloudy starting in the afternoon, continuing until evening.", "icon": "partly-cloudy-day", "data": [{"time": 1458187200, "summary": "Clear", "icon": "clear-night", "precipIntensity": 0, "precipProbability": 0, "temperature": 54.73, "apparentTemperature": 54.73, "dewPoint": 47.3, "humidity": 0.76, "pressure": 1009.56, "windSpeed": 0.17, "windGust": 1.19, "windBearing": 292, "cloudCover": 0.02, "uvIndex": 0, "visibility": 7.01}, {"time": 1458190800, "summary": "Clear", "icon": "clear-night", "precipIntensity": 0, "precipProbability": 0, "temperature": 53.88, "apparentTemperature": 53.88, "dewPoint": 43.38, "humidity": 0.68, "pressure": 1010.26, "windSpeed": 0.25, "windGust": 1.29, "windBearing": 332, "cloudCover": 0.05, "uvIndex": 0, "visibility": 8.33}, {"time": 1458194400, "summary": "Mostly Cloudy", "icon": "partly-cloudy-night", "precipIntensity": 0, "precipProbability": 0, "temperature": 54.11, "apparentTemperature": 54.11, "dewPoint": 40.77, "humidity": 0.61, "pressure": 1011.01, "windSpeed": 0.48, "windGust": 2.03, "windBearing": 343, "cloudCover": 0.78, "uvIndex": 0, "visibility": 6.7}, {"time": 1458198000, "summary": "Clear", "icon": "clear-night", "precipIntensity": 0, "precipProbability": 0, "temperature": 51.75, "apparentTemperature": 51.75, "dewPoint": 39.75, "humidity": 0.63, "pressure": 1011.55, "windSpeed": 0.02, "windGust": 0.56, "windBearing": 0, "cloudCover": 0, "uvIndex": 0, "visibility": 7.39}, {"time": 1458201600, "summary": "Clear", "icon": "clear-night", "precipIntensity": 0, "precipProbability": 0, "temperature": 48.97, "apparentTemperature": 48.97, "dewPoint": 38.87, "humidity": 0.68, "pressure": 1011.95, "windSpeed": 0, "windGust": 0.31, "cloudCover": 0.01, "uvIndex": 0, "visibility": 6.63}, {"time": 1458205200, "summary": "Clear", "icon": "clear-night", "precipIntensity": 0, "precipProbability": 0, "temperature": 47.18, "apparentTemperature": 47.18, "dewPoint": 38, "humidity": 0.7, "pressure": 1012.24, "windSpeed": 0, "windGust": 0.19, "cloudCover": 0, "uvIndex": 0, "visibility": 8.58}, {"time": 1458208800, "summary": "Clear", "icon": "clear-night", "precipIntensity": 0, "precipProbability": 0, "temperature": 44.83, "apparentTemperature": 44.83, "dewPoint": 37.9, "humidity": 0.77, "pressure": 1012.48, "windSpeed": 0, "windGust": 0.23, "cloudCover": 0.08, "uvIndex": 0, "visibility": 8.93}, {"time": 1458212400, "summary": "Clear", "icon": "clear-night", "precipIntensity": 0, "precipProbability": 0, "temperature": 43.67, "apparentTemperature": 43.67, "dewPoint": 37.37, "humidity": 0.78, "pressure": 1012.36, "windSpeed": 0, "windGust": 0.13, "cloudCover": 0.08, "uvIndex": 0, "visibility": 8.38}, {"time": 1458216000, "summary": "Clear", "icon": "clear-day", "precipIntensity": 0, "precipProbability": 0, "temperature": 43.81, "apparentTemperature": 43.81, "dewPoint": 37.62, "humidity": 0.79, "pressure": 1013.26, "windSpeed": 0, "windGust": 0.14, "cloudCover": 0.19, "uvIndex": 0, "visibility": 7.5}, {"time": 1458219600, "summary": "Clear", "icon": "clear-day", "precipIntensity": 0, "precipProbability": 0, "temperature": 53.01, "apparentTemperature": 53.01, "dewPoint": 41.03, "humidity": 0.64, "pressure": 1013.42, "windSpeed": 0.04, "windGust": 0.78, "windBearing": 219, "cloudCover": 0.12, "uvIndex": 1, "visibility": 9.64}, {"time": 1458223200, "summary": "Clear", "icon": "clear-day", "precipIntensity": 0, "precipProbability": 0, "temperature": 60.22, "apparentTemperature": 60.22, "dewPoint": 38.54, "humidity": 0.45, "pressure": 1013.29, "windSpeed": 0.52, "windGust": 3.89, "windBearing": 239, "cloudCover": 0.1, "uvIndex": 2, "visibility": 9.18}, {"time": 1458226800, "summary": "Clear", "icon": "clear-day", "precipIntensity": 0, "precipProbability": 0, "temperature": 64.42, "apparentTemperature": 64.42, "dewPoint": 35.28, "humidity": 0.34, "pressure": 1012.73, "windSpeed": 2, "windGust": 7.25, "windBearing": 250, "cloudCover": 0.11, "uvIndex": 4, "visibility": 8.98}, {"time": 1458230400, "summary": "Clear", "icon": "clear-day", "precipIntensity": 0, "precipProbability": 0, "temperature": 66.03, "apparentTemperature": 66.03, "dewPoint": 35.05, "humidity": 0.32, "pressure": 1011.95, "windSpeed": 3.5, "windGust": 10.53, "windBearing": 257, "cloudCover": 0.2, "uvIndex": 5, "visibility": 8.53}, {"time": 1458234000, "summary": "Mostly Cloudy", "icon": "partly-cloudy-day", "precipIntensity": 0, "precipProbability": 0, "temperature": 65.99, "apparentTemperature": 65.99, "dewPoint": 35.31, "humidity": 0.32, "pressure": 1011.19, "windSpeed": 3.15, "windGust": 10.75, "windBearing": 267, "cloudCover": 0.62, "uvIndex": 5, "visibility": 8.25}, {"time": 1458237600, "summary": "Mostly Cloudy", "icon": "partly-cloudy-day", "precipIntensity": 0, "precipProbability": 0, "temperature": 66.37, "apparentTemperature": 66.37, "dewPoint": 35.27, "humidity": 0.32, "pressure": 1010.09, "windSpeed": 3.77, "windGust": 11.8, "windBearing": 269, "cloudCover": 0.71, "uvIndex": 4, "visibility": 7.87}, {"time": 1458241200, "summary": "Partly Cloudy", "icon": "partly-cloudy-day", "precipIntensity": 0, "precipProbability": 0, "temperature": 66.42, "apparentTemperature": 66.42, "dewPoint": 35.14, "humidity": 0.31, "pressure": 1009.36, "windSpeed": 3.92, "windGust": 11.21, "windBearing": 283, "cloudCover": 0.58, "uvIndex": 4, "visibility": 8.25}, {"time": 1458244800, "summary": "Mostly Cloudy", "icon": "partly-cloudy-day", "precipIntensity": 0, "precipProbability": 0, "temperature": 65.34, "apparentTemperature": 65.34, "dewPoint": 35.77, "humidity": 0.33, "pressure": 1008.9, "windSpeed": 3.75, "windGust": 11.4, "windBearing": 316, "cloudCover": 0.75, "uvIndex": 3, "visibility": 9.01}, {"time": 1458248400, "summary": "Mostly Cloudy", "icon": "partly-cloudy-day", "precipIntensity": 0, "precipProbability": 0, "temperature": 63.13, "apparentTemperature": 63.13, "dewPoint": 36.46, "humidity": 0.37, "pressure": 1009.2, "windSpeed": 3.36, "windGust": 10.63, "windBearing": 327, "cloudCover": 0.7, "uvIndex": 1, "visibility": 8.61}, {"time": 1458252000, "summary": "Mostly Cloudy", "icon": "partly-cloudy-day", "precipIntensity": 0, "precipProbability": 0, "temperature": 63.15, "apparentTemperature": 63.15, "dewPoint": 34.92, "humidity": 0.35, "pressure": 1009.66, "windSpeed": 3.38, "windGust": 9.2, "windBearing": 333, "cloudCover": 0.74, "uvIndex": 0, "visibility": 8.33}, {"time": 1458255600, "summary": "Mostly Cloudy", "icon": "partly-cloudy-day", "precipIntensity": 0, "precipProbability": 0, "temperature": 61.44, "apparentTemperature": 61.44, "dewPoint": 34, "humidity": 0.36, "pressure": 1010.17, "windSpeed": 1.67, "windGust": 6.38, "windBearing": 337, "cloudCover": 0.72, "uvIndex": 0, "visibility": 8.11}, {"time": 1458259200, "summary": "Partly Cloudy", "icon": "partly-cloudy-night", "precipIntensity": 0, "precipProbability": 0, "temperature": 59.1, "apparentTemperature": 59.1, "dewPoint": 32.98, "humidity": 0.37, "pressure": 1010.99, "windSpeed": 0.65, "windGust": 2.77, "windBearing": 327, "cloudCover": 0.45, "uvIndex": 0, "visibility": 9.01}, {"time": 1458262800, "summary": "Clear", "icon": "clear-night", "precipIntensity": 0, "precipProbability": 0, "temperature": 56.27, "apparentTemperature": 56.27, "dewPoint": 32.45, "humidity": 0.4, "pressure": 1011.39, "windSpeed": 0.65, "windGust": 2.72, "windBearing": 308, "cloudCover": 0.19, "uvIndex": 0, "visibility": 9.23}, {"time": 1458266400, "summary": "Clear", "icon": "clear-night", "precipIntensity": 0, "precipProbability": 0, "temperature": 56.08, "apparentTemperature": 56.08, "dewPoint": 30.11, "humidity": 0.37, "pressure": 1011.91, "windSpeed": 2.49, "windGust": 6.89, "windBearing": 302, "cloudCover": 0.19, "uvIndex": 0, "visibility": 8.6}, {"time": 1458270000, "summary": "Partly Cloudy", "icon": "partly-cloudy-night", "precipIntensity": 0, "precipProbability": 0, "temperature": 55.55, "apparentTemperature": 55.55, "dewPoint": 29.6, "humidity": 0.37, "pressure": 1012.2, "windSpeed": 1.77, "windGust": 6.51, "windBearing": 314, "cloudCover": 0.47, "uvIndex": 0, "visibility": 8.09}]}, "daily": {"data": [{"time": 1458187200, "summary": "Mostly cloudy starting in the afternoon, continuing until evening.", "icon": "partly-cloudy-day", "sunriseTime": 1458213386, "sunsetTime": 1458256713, "moonPhase": 0.32, "precipIntensity": 0, "precipIntensityMax": 0, "precipProbability": 0, "temperatureHigh": 66.42, "temperatureHighTime": 1458241200, "temperatureLow": 42.91, "temperatureLowTime": 1458302400, "apparentTemperatureHigh": 66.42, "apparentTemperatureHighTime": 1458241200, "apparentTemperatureLow": 42.91, "apparentTemperatureLowTime": 1458302400, "dewPoint": 36.79, "humidity": 0.5, "pressure": 1011.3, "windSpeed": 1.28, "windGust": 11.8, "windGustTime": 1458237600, "windBearing": 296, "cloudCover": 0.33, "uvIndex": 5, "uvIndexTime": 1458230400, "visibility": 8.3, "temperatureMin": 43.67, "temperatureMinTime": 1458212400, "temperatureMax": 66.42, "temperatureMaxTime": 1458241200, "apparentTemperatureMin": 43.67, "apparentTemperatureMinTime": 1458212400, "apparentTemperatureMax": 66.42, "apparentTemperatureMaxTime": 1458241200}]}, "flags": {"sources": ["cmc", "gfs", "hrrr", "icon", "isd", "madis", "nam", "sref"], "nearest-station": 1.106, "units": "us"}, "offset": -4}