{"latitude": 38.912659, "longitude": -77.017669, "timezone": "America/New_York", "currently": {"time": 1422853200, "summary": "Drizzle", "icon": "rain", "precipIntensity": 0.0089, "precipProbability": 0.65, "precipType": "rain", "temperature": 34.6, "apparentTemperature": 34.6, "dewPoint": 30.91, "humidity": 0.86, "pressure": 1009.8, "windSpeed": 0.7, "windGust": 2.13, "windBearing": 112, "cloudCover": 1, "uvIndex": 0, "visibility": 7.5}, "hourly": {"summary": "Light rain overnight and in the morning.", "icon": "rain", "data": [{"time": 1422853200, "summary": "Overcast", "icon": "cloudy", "precipIntensity": 0.0089, "precipProbability": 0.65, "precipType": "rain", "temperature": 34.6, "apparentTemperature": 34.6, "dewPoint": 30.91, "humidity": 0.86, "pressure": 1009.8, "windSpeed": 0.7, "windGust": 2.13, "windBearing": 112, "cloudCover": 1, "uvIndex": 0, "visibility": 7.5}, {"time": 1422856800, "summary": "Light Rain", "icon": "rain", "precipIntensity": 0.0104, "precipProbability": 0.85, "precipType": "rain", "temperature": 34.89, "apparentTemperature": 34.89, "dewPoint": 31.81, "humidity": 0.88, "pressure": 1007.6, "windSpeed": 0.43, "windGust": 1.49, "windBearing": 113, "cloudCover": 1, "uvIndex": 0, "visibility": 6.91}, {"time": 1422860400, "summary": "Light Rain", "icon": "rain", "precipIntensity": 0.0213, "precipProbability": 0.92, "precipType": "rain", "temperature": 35.13, "apparentTemperature": 35.13, "dewPoint": 32.33, "humidity": 0.89, "pressure": 1005.81, "windSpeed": 0.18, "windGust": 0.74, "windBearing": 111, "cloudCover": 1, "uvIndex": 0, "visibility": 6.15}, {"time": 1422864000, "summary": "Light Rain", "icon": "rain", "precipIntensity": 0.02, "precipProbability": 0.9, "precipType": "rain", "temperature": 35.36, "apparentTemperature": 35.36, "dewPoint": 32.83, "humidity": 0.9, "pressure": 1003.73, "windSpeed": 0.1, "windGust": 0.86, "windBearing": 90, "cloudCover": 1, "uvIndex": 0, "visibility": 4.94}, {"time": 1422867600, "summary": "Overcast", "icon": "cloudy", "precipIntensity": 0.0055, "precipProbability": 0.62, "precipType": "rain", "temperature": 35.57, "apparentTemperature": 35.57, "dewPoint": 33.12, "humidity": 0.91, "pressure": 1001.71, "windSpeed": 0.1, "windGust": 0.82, "windBearing": 89, "cloudCover": 1, "uvIndex": 0, "visibility": 4.62}, {"time": 1422871200, "summary": "Overcast", "icon": "cloudy", "precipIntensity": 0.0024, "precipProbability": 0.35, "precipType": "rain", "temperature": 35.85, "apparentTemperature": 35.85, "dewPoint": 33.59, "humidity": 0.91, "pressure": 1000.44, "windSpeed": 0.05, "windGust": 0.61, "windBearing": 51, "cloudCover": 1, "uvIndex": 0, "visibility": 4.7}, {"time": 1422874800, "summary": "Overcast", "icon": "cloudy", "precipIntensity": 0.0022, "precipProbability": 0.32, "precipType": "rain", "temperature": 36.14, "apparentTemperature": 36.14, "dewPoint": 33.91, "humidity": 0.92, "pressure": 998.99, "windSpeed": 0.05, "windGust": 0.73, "windBearing": 55, "cloudCover": 1, "uvIndex": 0, "visibility": 4.41}, {"time": 1422878400, "summary": "Overcast", "icon": "cloudy", "precipIntensity": 0.0019, "precipProbability": 0.25, "precipType": "rain", "temperature": 36.69, "apparentTemperature": 36.69, "dewPoint": 34.42, "humidity": 0.91, "pressure": 998.22, "windSpeed": 0.01, "windGust": 0.71, "windBearing": 89, "cloudCover": 1, "uvIndex": 0, "visibility": 3.92}, {"time": 1422882000, "summary": "Overcast", "icon": "cloudy", "precipIntensity": 0.0025, "precipProbability": 0.34, "precipType": "rain", "temperature": 37.09, "apparentTemperature": 37.09, "dewPoint": 34.89, "humidity": 0.92, "pressure": 997.58, "windSpeed": 0.04, "windGust": 1.09, "windBearing": 315, "cloudCover": 1, "uvIndex": 0, "visibility": 2.95}, {"time": 1422885600, "summary": "Overcast", "icon": "cloudy", "precipIntensity": 0.0142, "precipProbability": 0.58, "precipType": "rain", "temperature": 37.85, "apparentTemperature": 37.85, "dewPoint": 35.73, "humidity": 0.92, "pressure": 997.5, "windSpeed": 0.69, "windGust": 3.92, "windBearing": 298, "cloudCover": 1, "uvIndex": 1, "visibility": 2.23}, {"time": 1422889200, "summary": "Light Rain", "icon": "rain", "precipIntensity": 0.0477, "precipProbability": 0.95, "precipType": "rain", "temperature": 39.9, "apparentTemperature": 39.9, "dewPoint": 38.08, "humidity": 0.93, "pressure": 997.6, "windSpeed": 1.03, "windGust": 4.26, "windBearing": 304, "cloudCover": 1, "uvIndex": 1, "visibility": 3}, {"time": 1422892800, "summary": "Light Rain", "icon": "rain", "precipIntensity": 0.0369, "precipProbability": 0.88, "precipType": "rain", "temperature": 40.55, "apparentTemperature": 40.55, "dewPoint": 38.67, "humidity": 0.93, "pressure": 997.54, "windSpeed": 2.28, "windGust": 5.99, "windBearing": 304, "cloudCover": 1, "uvIndex": 2, "visibility": 7.84}, {"time": 1422896400, "summary": "Mostly Cloudy", "icon": "partly-cloudy-day", "precipIntensity": 0, "precipProbability": 0, "temperature": 44.5, "apparentTemperature": 38.42, "dewPoint": 36.16, "humidity": 0.72, "pressure": 996.68, "windSpeed": 12.25, "windGust": 20.4, "windBearing": 317, "cloudCover": 0.83, "uvIndex": 2, "visibility": 10}, {"time": 1422900000, "summary": "Mostly Cloudy", "icon": "partly-cloudy-day", "precipIntensity": 0, "precipProbability": 0, "temperature": 45.38, "apparentTemperature": 40.01, "dewPoint": 31.37, "humidity": 0.58, "pressure": 997.46, "windSpeed": 10.82, "windGust": 22.14, "windBearing": 306, "cloudCover": 0.83, "uvIndex": 2, "visibility": 10}, {"time": 1422903600, "summary": "Mostly Cloudy", "icon": "partly-cloudy-day", "precipIntensity": 0, "precipProbability": 0, "temperature": 45.32, "apparentTemperature": 38.67, "dewPoint": 28.47, "humidity": 0.51, "pressure": 998.18, "windSpeed": 14.93, "windGust": 30.09, "windBearing": 303, "cloudCover": 0.91, "uvIndex": 2, "visibility": 10}, {"time": 1422907200, "summary": "Mostly Cloudy", "icon": "partly-cloudy-day", "precipIntensity": 0, "precipProbability": 0, "temperature": 41.45, "apparentTemperature": 35.68, "dewPoint": 24.47, "humidity": 0.51, "pressure": 1000.92, "windSpeed": 9.45, "windGust": 22.79, "windBearing": 304, "cloudCover": 0.82, "uvIndex": 1, "visibility": 9.52}, {"time": 1422910800, "summary": "Mostly Cloudy", "icon": "partly-cloudy-day", "precipIntensity": 0, "precipProbability": 0, "temperature": 36.17, "apparentTemperature": 29.35, "dewPoint": 18.83, "humidity": 0.49, "pressure": 1003.9, "windSpeed": 9.07, "windGust": 22.69, "windBearing": 305, "cloudCover": 0.61, "uvIndex": 0, "visibility": 9.06}, {"time": 1422914400, "summary": "Mostly Cloudy", "icon": "partly-cloudy-day", "precipIntensity": 0, "precipProbability": 0, "temperature": 31.4, "apparentTemperature": 23.79, "dewPoint": 15.34, "humidity": 0.51, "pressure": 1007.1, "windSpeed": 8.53, "windGust": 22.11, "windBearing": 311, "cloudCover": 0.69, "uvIndex": 0, "visibility": 8.44}, {"time": 1422918000, "summary": "Partly Cloudy", "icon": "partly-cloudy-night", "precipIntensity": 0, "precipProbability": 0, "temperature": 28.86, "apparentTemperature": 20.9, "dewPoint": 13.44, "humidity": 0.52, "pressure": 1009.77, "windSpeed": 8.19, "windGust": 20.32, "windBearing": 309, "cloudCover": 0.42, "uvIndex": 0, "visibility": 9.09}, {"time": 1422921600, "summary": "Clear", "icon": "clear-night", "precipIntensity": 0, "precipProbability": 0, "temperature": 27.42, "apparentTemperature": 19.34, "dewPoint": 12.62, "humidity": 0.53, "pressure": 1012.31, "windSpeed": 7.88, "windGust": 20.87, "windBearing": 318, "cloudCover": 0.16, "uvIndex": 0, "visibility": 8.6}, {"time": 1422925200, "summary": "Clear", "icon": "clear-night", "precipIntensity": 0, "precipProbability": 0, "temperature": 26.29, "apparentTemperature": 18.62, "dewPoint": 12.14, "humidity": 0.55, "pressure": 1014.43, "windSpeed": 6.99, "windGust": 17.94, "windBearing": 313, "cloudCover": 0.11, "uvIndex": 0, "visibility": 8.75}, {"time": 1422928800, "summary": "Clear", "icon": "clear-night", "precipIntensity": 0, "precipProbability": 0, "temperature": 25.48, "apparentTemperature": 18.24, "dewPoint": 11.79, "humidity": 0.55, "pressure": 1016.23, "windSpeed": 6.27, "windGust": 15.78, "windBearing": 307, "cloudCover": 0.24, "uvIndex": 0, "visibility": 8.63}, {"time": 1422932400, "summary": "Clear", "icon": "clear-night", "precipIntensity": 0, "precipProbability": 0, "temperature": 25.01, "apparentTemperature": 18.62, "dewPoint": 11.38, "humidity": 0.56, "pressure": 1018.08, "windSpeed": 5.24, "windGust": 14.88, "windBearing": 308, "cloudCover": 0, "uvIndex": 0, "visibility": 8.87}, {"time": 1422936000, "summary": "Clear", "icon": "clear-night", "precipIntensity": 0, "precipProbability": 0, "temperature": 24.5, "apparentTemperature": 18.58, "dewPoint": 10.49, "humidity": 0.55, "pressure": 1019.1, "windSpeed": 4.7, "windGust": 12.94, "windBearing": 313, "cloudCover": 0, "uvIndex": 0, "visibility": 8.63}]}, "daily": {"data": [{"time": 1422853200, "summary": "Light rain in the morning.", "icon": "rain", "sunriseTime": 1422879283, "sunsetTime": 1422916280, "moonPhase": 0.46, "precipIntensity": 0.0072, "precipIntensityMax": 0.0477, "precipIntensityMaxTime": 1422889200, "precipProbability": 0.95, "precipType": "rain", "temperatureHigh": 45.38, "temperatureHighTime": 1422900000, "temperatureLow": 21.87, "temperatureLowTime": 1422954000, "apparentTemperatureHigh": 40.55, "apparentTemperatureHighTime": 1422892800, "apparentTemperatureLow": 16.5, "apparentTemperatureLowTime": 1422954000, "dewPoint": 26.53, "humidity": 0.73, "pressure": 1004.61, "windSpeed": 4.44, "windGust": 30.09, "windGustTime": 1422903600, "windBearing": 309, "cloudCover": 0.73, "uvIndex": 2, "uvIndexTime": 1422892800, "visibility": 7.03, "temperatureMin": 24.5, "temperatureMinTime": 1422936000, "temperatureMax": 45.38, "temperatureMaxTime": 1422900000, "apparentTemperatureMin": 18.24, "apparentTemperatureMinTime": 1422928800, "apparentTemperatureMax": 40.55, "apparentTemperatureMaxTime": 1422892800}]}, "flags": {"sources": ["cmc", "gfs", "hrrr", "icon", "isd", "madis", "nam", "sref"], "nearest-station": 0.675, "units": "us"}, "offset": -5}