{"latitude": 38.912659, "longitude": -77.017669, "timezone": "America/New_York", "currently": {"time": 1436328000, "summary": "Clear", "icon": "clear-night", "precipIntensity": 0, "precipProbability": 0, "temperature": 78.77, "apparentTemperature": 79.97, "dewPoint": 70.96, "humidity": 0.77, "pressure": 1015.84, "windSpeed": 0.66, "windGust": 2.2, "windBearing": 202, "cloudCover": 0.05, "uvIndex": 0, "visibility": 7.15}, "hourly": {"summary": "Rain in the evening.", "icon": "rain", "data": [{"time": 1436328000, "summary": "Clear", "icon": "clear-night", "precipIntensity": 0, "precipProbability": 0, "temperature": 78.77, "apparentTemperature": 79.97, "dewPoint": 70.96, "humidity": 0.77, "pressure": 1015.84, "windSpeed": 0.66, "windGust": 2.2, "windBearing": 202, "cloudCover": 0.05, "uvIndex": 0, "visibility": 7.15}, {"time": 1436331600, "summary": "Clear", "icon": "clear-night", "precipIntensity": 0, "precipProbability": 0, "temperature": 78.3, "apparentTemperature": 79.51, "dewPoint": 71.02, "humidity": 0.78, "pressure": 1015.49, "windSpeed": 0.73, "windGust": 2.28, "windBearing": 214, "cloudCover": 0.07, "uvIndex": 0, "visibility": 7.25}, {"time": 1436335200, "summary": "Clear", "icon": "clear-night", "precipIntensity": 0, "precipProbability": 0, "temperature": 77.53, "apparentTemperature": 78.75, "dewPoint": 70.94, "humidity": 0.8, "pressure": 1015.13, "windSpeed": 0.57, "windGust": 1.91, "windBearing": 219, "cloudCover": 0.21, "uvIndex": 0, "visibility": 6.11}, {"time": 1436338800, "summary": "Clear", "icon": "clear-night", "precipIntensity": 0, "precipProbability": 0, "temperature": 76.51, "apparentTemperature": 77.76, "dewPoint": 70.93, "humidity": 0.83, "pressure": 1014.85, "windSpeed": 0.5, "windGust": 1.41, "windBearing": 228, "cloudCover": 0.05, "uvIndex": 0, "visibility": 6.78}, {"time": 1436342400, "summary": "Clear", "icon": "clear-night", "precipIntensity": 0, "precipProbability": 0, "temperature": 75.82, "apparentTemperature": 77.09, "dewPoint": 70.92, "humidity": 0.85, "pressure": 1014.75, "windSpeed": 0.4, "windGust": 0.88, "windBearing": 228, "cloudCover": 0.16, "uvIndex": 0, "visibility": 6.72}, {"time": 1436346000, "summary": "Clear", "icon": "clear-night", "precipIntensity": 0, "precipProbability": 0, "temperature": 75.41, "apparentTemperature": 76.7, "dewPoint": 71.01, "humidity": 0.86, "pressure": 1014.97, "windSpeed": 0.3, "windGust": 0.82, "windBearing": 208, "cloudCover": 0.15, "uvIndex": 0, "visibility": 5.95}, {"time": 1436349600, "summary": "Clear", "icon": "clear-day", "precipIntensity": 0, "precipProbability": 0, "temperature": 75.18, "apparentTemperature": 76.47, "dewPoint": 70.96, "humidity": 0.87, "pressure": 1014.96, "windSpeed": 0.22, "windGust": 0.62, "windBearing": 207, "cloudCover": 0.22, "uvIndex": 0, "visibility": 7.54}, {"time": 1436353200, "summary": "Partly Cloudy", "icon": "partly-cloudy-day", "precipIntensity": 0, "precipProbability": 0, "temperature": 75.59, "apparentTemperature": 76.94, "dewPoint": 71.5, "humidity": 0.87, "pressure": 1015.2, "windSpeed": 0.33, "windGust": 0.82, "windBearing": 230, "cloudCover": 0.35, "uvIndex": 0, "visibility": 5.15}, {"time": 1436356800, "summary": "Humid", "icon": "clear-day", "precipIntensity": 0, "precipProbability": 0, "temperature": 76.83, "apparentTemperature": 78.26, "dewPoint": 72.36, "humidity": 0.86, "pressure": 1015.66, "windSpeed": 0.22, "windGust": 0.97, "windBearing": 238, "cloudCover": 0.21, "uvIndex": 1, "visibility": 5.3}, {"time": 1436360400, "summary": "Humid and Partly Cloudy", "icon": "partly-cloudy-day", "precipIntensity": 0, "precipProbability": 0, "temperature": 78.3, "apparentTemperature": 79.78, "dewPoint": 73.06, "humidity": 0.84, "pressure": 1015.78, "windSpeed": 0.16, "windGust": 1.44, "windBearing": 207, "cloudCover": 0.28, "uvIndex": 3, "visibility": 6.59}, {"time": 1436364000, "summary": "Humid and Partly Cloudy", "icon": "partly-cloudy-day", "precipIntensity": 0, "precipProbability": 0, "temperature": 80.52, "apparentTemperature": 85.24, "dewPoint": 73.51, "humidity": 0.79, "pressure": 1015.38, "windSpeed": 0.57, "windGust": 2.05, "windBearing": 207, "cloudCover": 0.33, "uvIndex": 5, "visibility": 6.61}, {"time": 1436367600, "summary": "Humid and Partly Cloudy", "icon": "partly-cloudy-day", "precipIntensity": 0, "precipProbability": 0, "temperature": 83.35, "apparentTemperature": 89.94, "dewPoint": 73.69, "humidity": 0.73, "pressure": 1015.35, "windSpeed": 0.83, "windGust": 3.4, "windBearing": 218, "cloudCover": 0.33, "uvIndex": 6, "visibility": 7.74}, {"time": 1436371200, "summary": "Humid and Partly Cloudy", "icon": "partly-cloudy-day", "precipIntensity": 0, "precipProbability": 0, "temperature": 84.83, "apparentTemperature": 91.98, "dewPoint": 73.55, "humidity": 0.69, "pressure": 1015.25, "windSpeed": 1.36, "windGust": 4.84, "windBearing": 217, "cloudCover": 0.53, "uvIndex": 7, "visibility": 7.55}, {"time": 1436374800, "summary": "Humid and Mostly Cloudy", "icon": "partly-cloudy-day", "precipIntensity": 0, "precipProbability": 0, "temperature": 85.35, "apparentTemperature": 92.38, "dewPoint": 73.15, "humidity": 0.67, "pressure": 1014.88, "windSpeed": 1.44, "windGust": 5.26, "windBearing": 253, "cloudCover": 0.7, "uvIndex": 6, "visibility": 7.29}, {"time": 1436378400, "summary": "Humid and Mostly Cloudy", "icon": "partly-cloudy-day", "precipIntensity": 0.0003, "precipProbability": 0.02, "precipType": "rain", "temperature": 85.33, "apparentTemperature": 92.51, "dewPoint": 73.33, "humidity": 0.68, "pressure": 1014.28, "windSpeed": 1.64, "windGust": 5.02, "windBearing": 266, "cloudCover": 0.66, "uvIndex": 6, "visibility": 6.81}, {"time": 1436382000, "summary": "Humid and Mostly Cloudy", "icon": "partly-cloudy-day", "precipIntensity": 0.0003, "precipProbability": 0.06, "precipType": "rain", "temperature": 85.82, "apparentTemperature": 93.28, "dewPoint": 73.44, "humidity": 0.67, "pressure": 1014.37, "windSpeed": 1.09, "windGust": 5.62, "windBearing": 278, "cloudCover": 0.76, "uvIndex": 5, "visibility": 7.58}, {"time": 1436385600, "summary": "Humid and Mostly Cloudy", "icon": "partly-cloudy-day", "precipIntensity": 0, "precipProbability": 0, "temperature": 85.45, "apparentTemperature": 93.4, "dewPoint": 74.15, "humidity": 0.69, "pressure": 1014.44, "windSpeed": 0.99, "windGust": 4.54, "windBearing": 266, "cloudCover": 0.75, "uvIndex": 4, "visibility": 5.79}, {"time": 1436389200, "summary": "Humid and Mostly Cloudy", "icon": "partly-cloudy-day", "precipIntensity": 0.0143, "precipProbability": 0.28, "precipType": "rain", "temperature": 81.4, "apparentTemperature": 86.9, "dewPoint": 73.81, "humidity": 0.78, "pressure": 1014.15, "windSpeed": 0.85, "windGust": 4.2, "windBearing": 260, "cloudCover": 0.89, "uvIndex": 3, "visibility": 3.6}, {"time": 1436392800, "summary": "Rain", "icon": "rain", "precipIntensity": 0.0547, "precipProbability": 0.47, "precipType": "rain", "temperature": 79.14, "apparentTemperature": 82.75, "dewPoint": 73.59, "humidity": 0.83, "pressure": 1014.62, "windSpeed": 1, "windGust": 5.19, "windBearing": 269, "cloudCover": 0.88, "uvIndex": 2, "visibility": 8.03}, {"time": 1436396400, "summary": "Light Rain", "icon": "rain", "precipIntensity": 0.0417, "precipProbability": 0.48, "precipType": "rain", "temperature": 77.84, "apparentTemperature": 79.36, "dewPoint": 73.28, "humidity": 0.86, "pressure": 1014.72, "windSpeed": 0.64, "windGust": 2.96, "windBearing": 236, "cloudCover": 0.93, "uvIndex": 1, "visibility": 6.01}, {"time": 1436400000, "summary": "Humid and Mostly Cloudy", "icon": "partly-cloudy-day", "precipIntensity": 0.0146, "precipProbability": 0.41, "precipType": "rain", "temperature": 77.13, "apparentTemperature": 78.64, "dewPoint": 73.02, "humidity": 0.87, "pressure": 1015.09, "windSpeed": 0.78, "windGust": 2.95, "windBearing": 246, "cloudCover": 0.83, "uvIndex": 0, "visibility": 7.58}, {"time": 1436403600, "summary": "Humid and Mostly Cloudy", "icon": "partly-cloudy-night", "precipIntensity": 0.0102, "precipProbability": 0.4, "precipType": "rain", "temperature": 76.34, "apparentTemperature": 77.82, "dewPoint": 72.61, "humidity": 0.88, "pressure": 1015.31, "windSpeed": 0.56, "windGust": 1.86, "windBearing": 263, "cloudCover": 0.64, "uvIndex": 0, "visibility": 7.38}, {"time": 1436407200, "summary": "Humid and Partly Cloudy", "icon": "partly-cloudy-night", "precipIntensity": 0.0023, "precipProbability": 0.26, "precipType": "rain", "temperature": 75.67, "apparentTemperature": 77.14, "dewPoint": 72.35, "humidity": 0.89, "pressure": 1015.4, "windSpeed": 0.36, "windGust": 0.99, "windBearing": 257, "cloudCover": 0.53, "uvIndex": 0, "visibility": 7.66}, {"time": 1436410800, "summary": "Humid and Partly Cloudy", "icon": "partly-cloudy-night", "precipIntensity": 0.0003, "precipProbability": 0.08, "precipType": "rain", "temperature": 75.33, "apparentTemperature": 76.8, "dewPoint": 72.2, "humidity": 0.9, "pressure": 1015.68, "windSpeed": 0.19, "windGust": 0.7, "windBearing": 270, "cloudCover": 0.56, "uvIndex": 0, "visibility": 7.1}]}, "daily": {"data": [{"time": 1436328000, "summary": "Rain in the evening.", "icon": "rain", "sunriseTime": 1436349083, "sunsetTime": 1436402230, "moonPhase": 0.74, "precipIntensity": 0.0058, "precipIntensityMax": 0.0547, "precipIntensityMaxTime": 1436392800, "precipProbability": 0.48, "precipType": "rain", "temperatureHigh": 85.82, "temperatureHighTime": 1436382000, "temperatureLow": 74.2, "temperatureLowTime": 1436432400, "apparentTemperatureHigh": 93.4, "apparentTemperatureHighTime": 1436385600, "apparentTemperatureLow": 75.57, "apparentTemperatureLowTime": 1436436000, "dewPoint": 72.47, "humidity": 0.8, "pressure": 1015.06, "windSpeed": 0.62, "windGust": 5.62, "windGustTime": 1436382000, "windBearing": 243, "cloudCover": 0.46, "uvIndex": 7, "uvIndexTime": 1436371200, "visibility": 6.72, "temperatureMin": 75.18, "temperatureMinTime": 1436349600, "temperatureMax": 85.82, "temperatureMaxTime": 1436382000, "apparentTemperatureMin": 76.47, "apparentTemperatureMinTime": 1436349600, "apparentTemperatureMax": 93.4, "apparentTemperatureMaxTime": 1436385600}]}, "flags": {"sources": ["cmc", "gfs", "hrrr", "icon", "isd", "madis", "nam", "sref"], "nearest-station": 0.675, "units": "us"}, "offset": -4}