{"latitude": 38.912659, "longitude": -77.017669, "timezone": "America/New_York", "currently": {"time": 1430798400, "summary": "Clear", "icon": "clear-night", "precipIntensity": 0, "precipProbability": 0, "temperature": 69.82, "apparentTemperature": 69.82, "dewPoint": 54.05, "humidity": 0.57, "pressure": 1022.4, "windSpeed": 0.9, "windGust": 2.95, "windBearing": 191, "cloudCover": 0.02, "uvIndex": 0, "visibility": 8.94}, "hourly": {"summary": "Partly cloudy starting in the afternoon.", "icon": "partly-cloudy-day", "data": [{"time": 1430798400, "summary": "Clear", "icon": "clear-night", "precipIntensity": 0, "precipProbability": 0, "temperature": 69.82, "apparentTemperature": 69.82, "dewPoint": 54.05, "humidity": 0.57, "pressure": 1022.4, "windSpeed": 0.9, "windGust": 2.95, "windBearing": 191, "cloudCover": 0.02, "uvIndex": 0, "visibility": 8.94}, {"time": 1430802000, "summary": "Clear", "icon": "clear-night", "precipIntensity": 0, "precipProbability": 0, "temperature": 69.2, "apparentTemperature": 69.2, "dewPoint": 54.48, "humidity": 0.59, "pressure": 1022.61, "windSpeed": 1.11, "windGust": 3.65, "windBearing": 197, "cloudCover": 0.02, "uvIndex": 0, "visibility": 8.92}, {"time": 1430805600, "summary": "Clear", "icon": "clear-night", "precipIntensity": 0, "precipProbability": 0, "temperature": 68.74, "apparentTemperature": 68.74, "dewPoint": 54.52, "humidity": 0.61, "pressure": 1022.41, "windSpeed": 1.27, "windGust": 3.88, "windBearing": 203, "cloudCover": 0.04, "uvIndex": 0, "visibility": 8.71}, {"time": 1430809200, "summary": "Clear", "icon": "clear-night", "precipIntensity": 0, "precipProbability": 0, "temperature": 68.01, "apparentTemperature": 68.01, "dewPoint": 54.37, "humidity": 0.62, "pressure": 1022.49, "windSpeed": 1.05, "windGust": 3.38, "windBearing": 222, "cloudCover": 0.02, "uvIndex": 0, "visibility": 9.08}, {"time": 1430812800, "summary": "Clear", "icon": "clear-night", "precipIntensity": 0, "precipProbability": 0, "temperature": 66.73, "apparentTemperature": 66.73, "dewPoint": 54.26, "humidity": 0.64, "pressure": 1022.43, "windSpeed": 0.73, "windGust": 2.66, "windBearing": 232, "cloudCover": 0.02, "uvIndex": 0, "visibility": 8.18}, {"time": 1430816400, "summary": "Clear", "icon": "clear-night", "precipIntensity": 0, "precipProbability": 0, "temperature": 64.9, "apparentTemperature": 64.9, "dewPoint": 54.13, "humidity": 0.68, "pressure": 1022.46, "windSpeed": 0.49, "windGust": 1.76, "windBearing": 225, "cloudCover": 0.02, "uvIndex": 0, "visibility": 8.84}, {"time": 1430820000, "summary": "Partly Cloudy", "icon": "partly-cloudy-night", "precipIntensity": 0, "precipProbability": 0, "temperature": 63.4, "apparentTemperature": 63.4, "dewPoint": 54.08, "humidity": 0.72, "pressure": 1022.8, "windSpeed": 0.36, "windGust": 0.83, "windBearing": 226, "cloudCover": 0.31, "uvIndex": 0, "visibility": 8.21}, {"time": 1430823600, "summary": "Partly Cloudy", "icon": "partly-cloudy-day", "precipIntensity": 0, "precipProbability": 0, "temperature": 62.54, "apparentTemperature": 62.54, "dewPoint": 54.53, "humidity": 0.75, "pressure": 1023.49, "windSpeed": 0.25, "windGust": 0.76, "windBearing": 229, "cloudCover": 0.27, "uvIndex": 0, "visibility": 7.52}, {"time": 1430827200, "summary": "Clear", "icon": "clear-day", "precipIntensity": 0, "precipProbability": 0, "temperature": 64.76, "apparentTemperature": 64.76, "dewPoint": 56.34, "humidity": 0.74, "pressure": 1024.41, "windSpeed": 0.47, "windGust": 1.08, "windBearing": 226, "cloudCover": 0.18, "uvIndex": 1, "visibility": 10}, {"time": 1430830800, "summary": "Clear", "icon": "clear-day", "precipIntensity": 0, "precipProbability": 0, "temperature": 69.12, "apparentTemperature": 69.12, "dewPoint": 57.36, "humidity": 0.66, "pressure": 1024.73, "windSpeed": 0.97, "windGust": 2.83, "windBearing": 227, "cloudCover": 0.23, "uvIndex": 3, "visibility": 10}, {"time": 1430834400, "summary": "Partly Cloudy", "icon": "partly-cloudy-day", "precipIntensity": 0, "precipProbability": 0, "temperature": 73.38, "apparentTemperature": 73.38, "dewPoint": 58.33, "humidity": 0.59, "pressure": 1024.48, "windSpeed": 0.42, "windGust": 2.33, "windBearing": 212, "cloudCover": 0.3, "uvIndex": 4, "visibility": 7.34}, {"time": 1430838000, "summary": "Partly Cloudy", "icon": "partly-cloudy-day", "precipIntensity": 0, "precipProbability": 0, "temperature": 77.25, "apparentTemperature": 77.25, "dewPoint": 59.24, "humidity": 0.54, "pressure": 1024.79, "windSpeed": 0.19, "windGust": 2.41, "windBearing": 212, "cloudCover": 0.38, "uvIndex": 6, "visibility": 8.28}, {"time": 1430841600, "summary": "Partly Cloudy", "icon": "partly-cloudy-day", "precipIntensity": 0, "precipProbability": 0, "temperature": 79.97, "apparentTemperature": 79.98, "dewPoint": 59.12, "humidity": 0.49, "pressure": 1024.8, "windSpeed": 0.07, "windGust": 2.7, "windBearing": 249, "cloudCover": 0.41, "uvIndex": 7, "visibility": 7.81}, {"time": 1430845200, "summary": "Partly Cloudy", "icon": "partly-cloudy-day", "precipIntensity": 0, "precipProbability": 0, "temperature": 81.93, "apparentTemperature": 82.14, "dewPoint": 59.09, "humidity": 0.46, "pressure": 1024.07, "windSpeed": 0.11, "windGust": 3.37, "windBearing": 207, "cloudCover": 0.31, "uvIndex": 8, "visibility": 8.18}, {"time": 1430848800, "summary": "Clear", "icon": "clear-day", "precipIntensity": 0, "precipProbability": 0, "temperature": 83.9, "apparentTemperature": 83.9, "dewPoint": 58.64, "humidity": 0.42, "pressure": 1023.52, "windSpeed": 0.18, "windGust": 4.54, "windBearing": 171, "cloudCover": 0.12, "uvIndex": 9, "visibility": 7.86}, {"time": 1430852400, "summary": "Clear", "icon": "clear-day", "precipIntensity": 0, "precipProbability": 0, "temperature": 84.59, "apparentTemperature": 84.59, "dewPoint": 58.72, "humidity": 0.42, "pressure": 1022.88, "windSpeed": 0.26, "windGust": 4.37, "windBearing": 250, "cloudCover": 0.17, "uvIndex": 7, "visibility": 7.54}, {"time": 1430856000, "summary": "Partly Cloudy", "icon": "partly-cloudy-day", "precipIntensity": 0, "precipProbability": 0, "temperature": 84.29, "apparentTemperature": 84.29, "dewPoint": 58.49, "humidity": 0.42, "pressure": 1021.92, "windSpeed": 0.39, "windGust": 3.84, "windBearing": 199, "cloudCover": 0.51, "uvIndex": 4, "visibility": 8.18}, {"time": 1430859600, "summary": "Mostly Cloudy", "icon": "partly-cloudy-day", "precipIntensity": 0, "precipProbability": 0, "temperature": 83.11, "apparentTemperature": 83.11, "dewPoint": 59.05, "humidity": 0.44, "pressure": 1021.56, "windSpeed": 0.35, "windGust": 3.04, "windBearing": 155, "cloudCover": 0.67, "uvIndex": 2, "visibility": 8.75}, {"time": 1430863200, "summary": "Mostly Cloudy", "icon": "partly-cloudy-day", "precipIntensity": 0.0047, "precipProbability": 0.27, "precipType": "rain", "temperature": 77.27, "apparentTemperature": 77.43, "dewPoint": 61.42, "humidity": 0.58, "pressure": 1021.91, "windSpeed": 0.89, "windGust": 5.81, "windBearing": 214, "cloudCover": 0.71, "uvIndex": 1, "visibility": 7.04}, {"time": 1430866800, "summary": "Light Rain", "icon": "rain", "precipIntensity": 0.0294, "precipProbability": 0.6, "precipType": "rain", "temperature": 71.32, "apparentTemperature": 71.74, "dewPoint": 63.46, "humidity": 0.76, "pressure": 1021.89, "windSpeed": 0.39, "windGust": 2.94, "windBearing": 209, "cloudCover": 0.68, "uvIndex": 0, "visibility": 6.34}, {"time": 1430870400, "summary": "Partly Cloudy", "icon": "partly-cloudy-day", "precipIntensity": 0.0197, "precipProbability": 0.59, "precipType": "rain", "temperature": 69.22, "apparentTemperature": 69.78, "dewPoint": 64.07, "humidity": 0.84, "pressure": 1022.62, "windSpeed": 0.54, "windGust": 1.26, "windBearing": 183, "cloudCover": 0.54, "uvIndex": 0, "visibility": 6.95}, {"time": 1430874000, "summary": "Partly Cloudy", "icon": "partly-cloudy-night", "precipIntensity": 0.0017, "precipProbability": 0.14, "precipType": "rain", "temperature": 67.91, "apparentTemperature": 68.44, "dewPoint": 63.52, "humidity": 0.86, "pressure": 1023.31, "windSpeed": 0.33, "windGust": 0.93, "windBearing": 192, "cloudCover": 0.34, "uvIndex": 0, "visibility": 7.88}, {"time": 1430877600, "summary": "Partly Cloudy", "icon": "partly-cloudy-night", "precipIntensity": 0.0002, "precipProbability": 0.01, "precipType": "rain", "temperature": 66.68, "apparentTemperature": 67.12, "dewPoint": 62.61, "humidity": 0.87, "pressure": 1024.07, "windSpeed": 0.33, "windGust": 1.21, "windBearing": 228, "cloudCover": 0.55, "uvIndex": 0, "visibility": 7.19}, {"time": 1430881200, "summary": "Partly Cloudy", "icon": "partly-cloudy-night", "precipIntensity": 0, "precipProbability": 0, "temperature": 65.64, "apparentTemperature": 66.02, "dewPoint": 61.86, "humidity": 0.88, "pressure": 1023.78, "windSpeed": 0.29, "windGust": 1.03, "windBearing": 221, "cloudCover": 0.31, "uvIndex": 0, "visibility": 6.91}]}, "daily": {"data": [{"time": 1430798400, "summary": "Partly cloudy starting in the afternoon.", "icon": "partly-cloudy-day", "sunriseTime": 1430820411, "sunsetTime": 1430870713, "moonPhase": 0.55, "precipIntensity": 0.0023, "precipIntensityMax": 0.0294, "precipIntensityMaxTime": 1430866800, "precipProbability": 0.6, "precipType": "rain", "temperatureHigh": 84.59, "temperatureHighTime": 1430852400, "temperatureLow": 60.96, "temperatureLowTime": 1430910000, "apparentTemperatureHigh": 84.59, "apparentTemperatureHighTime": 1430852400, "apparentTemperatureLow": 61.08, "apparentTemperatureLowTime": 1430910000, "dewPoint": 58.16, "humidity": 0.63, "pressure": 1023.16, "windSpeed": 0.49, "windGust": 5.81, "windGustTime": 1430863200, "windBearing": 211, "cloudCover": 0.3, "uvIndex": 9, "uvIndexTime": 1430848800, "visibility": 8.11, "temperatureMin": 62.54, "temperatureMinTime": 1430823600, "temperatureMax": 84.59, "temperatureMaxTime": 1430852400, "apparentTemperatureMin": 62.54, "apparentTemperatureMinTime": 1430823600, "apparentTemperatureMax": 84.59, "apparentTemperatureMaxTime": 1430852400}]}, "flags": {"sources": ["cmc", "gfs", "hrrr", "icon", "isd", "madis", "nam", "sref"], "nearest-station": 0.675, "units": "us"}, "offset": -4}