{"latitude": 38.912659, "longitude": -77.017669, "timezone": "America/New_York", "currently": {"time": 1425960000, "summary": "Clear", "icon": "clear-night", "precipIntensity": 0, "precipProbability": 0, "temperature": 40.51, "apparentTemperature": 40.51, "dewPoint": 31.16, "humidity": 0.69, "pressure": 1024.63, "windSpeed": 0, "windGust": 0.03, "cloudCover": 0.16, "uvIndex": 0, "visibility": 10}, "hourly": {"summary": "Rain starting in the afternoon.", "icon": "rain", "data": [{"time": 1425960000, "summary": "Clear", "icon": "clear-night", "precipIntensity": 0, "precipProbability": 0, "temperature": 40.51, "apparentTemperature": 40.51, "dewPoint": 31.16, "humidity": 0.69, "pressure": 1024.63, "windSpeed": 0, "windGust": 0.03, "cloudCover": 0.16, "uvIndex": 0, "visibility": 10}, {"time": 1425963600, "summary": "Clear", "icon": "clear-night", "precipIntensity": 0, "precipProbability": 0, "temperature": 38.15, "apparentTemperature": 38.15, "dewPoint": 30.66, "humidity": 0.74, "pressure": 1024.7, "windSpeed": 0.01, "windGust": 0.04, "windBearing": 0, "cloudCover": 0.22, "uvIndex": 0, "visibility": 10}, {"time": 1425967200, "summary": "Clear", "icon": "clear-night", "precipIntensity": 0, "precipProbability": 0, "temperature": 36.68, "apparentTemperature": 36.68, "dewPoint": 30.12, "humidity": 0.77, "pressure": 1024.64, "windSpeed": 0, "windGust": 0, "cloudCover": 0.04, "uvIndex": 0, "visibility": 10}, {"time": 1425970800, "summary": "Clear", "icon": "clear-night", "precipIntensity": 0, "precipProbability": 0, "temperature": 35.67, "apparentTemperature": 35.67, "dewPoint": 29.75, "humidity": 0.79, "pressure": 1024.54, "windSpeed": 0.05, "windGust": 0.16, "windBearing": 0, "cloudCover": 0.02, "uvIndex": 0, "visibility": 10}, {"time": 1425974400, "summary": "Clear", "icon": "clear-night", "precipIntensity": 0, "precipProbability": 0, "temperature": 34.74, "apparentTemperature": 34.74, "dewPoint": 29.44, "humidity": 0.81, "pressure": 1023.92, "windSpeed": 0.03, "windGust": 0.23, "windBearing": 26, "cloudCover": 0.04, "uvIndex": 0, "visibility": 9.96}, {"time": 1425978000, "summary": "Clear", "icon": "clear-night", "precipIntensity": 0, "precipProbability": 0, "temperature": 34.38, "apparentTemperature": 34.38, "dewPoint": 29.34, "humidity": 0.82, "pressure": 1023.64, "windSpeed": 0.02, "windGust": 0.15, "windBearing": 0, "cloudCover": 0.05, "uvIndex": 0, "visibility": 10}, {"time": 1425981600, "summary": "Partly Cloudy", "icon": "partly-cloudy-night", "precipIntensity": 0, "precipProbability": 0, "temperature": 34.54, "apparentTemperature": 34.54, "dewPoint": 29.87, "humidity": 0.83, "pressure": 1024.26, "windSpeed": 0, "windGust": 0.11, "cloudCover": 0.28, "uvIndex": 0, "visibility": 10}, {"time": 1425985200, "summary": "Partly Cloudy", "icon": "partly-cloudy-night", "precipIntensity": 0, "precipProbability": 0, "temperature": 34.98, "apparentTemperature": 34.98, "dewPoint": 30.14, "humidity": 0.82, "pressure": 1024.39, "windSpeed": 0.05, "windGust": 0.34, "windBearing": 12, "cloudCover": 0.37, "uvIndex": 0, "visibility": 9.96}, {"time": 1425988800, "summary": "Partly Cloudy", "icon": "partly-cloudy-day", "precipIntensity": 0, "precipProbability": 0, "temperature": 36.65, "apparentTemperature": 36.65, "dewPoint": 31.16, "humidity": 0.8, "pressure": 1024.23, "windSpeed": 0.05, "windGust": 0.35, "windBearing": 30, "cloudCover": 0.33, "uvIndex": 0, "visibility": 9.79}, {"time": 1425992400, "summary": "Mostly Cloudy", "icon": "partly-cloudy-day", "precipIntensity": 0, "precipProbability": 0, "temperature": 39.93, "apparentTemperature": 39.93, "dewPoint": 32.91, "humidity": 0.76, "pressure": 1024.34, "windSpeed": 0.13, "windGust": 0.58, "windBearing": 88, "cloudCover": 0.67, "uvIndex": 1, "visibility": 7.5}, {"time": 1425996000, "summary": "Partly Cloudy", "icon": "partly-cloudy-day", "precipIntensity": 0, "precipProbability": 0, "temperature": 44.44, "apparentTemperature": 44.44, "dewPoint": 34.72, "humidity": 0.68, "pressure": 1024.24, "windSpeed": 0.22, "windGust": 1.72, "windBearing": 101, "cloudCover": 0.52, "uvIndex": 2, "visibility": 7.96}, {"time": 1425999600, "summary": "Mostly Cloudy", "icon": "partly-cloudy-day", "precipIntensity": 0, "precipProbability": 0, "temperature": 46.21, "apparentTemperature": 46.21, "dewPoint": 36.22, "humidity": 0.68, "pressure": 1024.42, "windSpeed": 0.22, "windGust": 1.66, "windBearing": 152, "cloudCover": 0.9, "uvIndex": 3, "visibility": 7.86}, {"time": 1426003200, "summary": "Mostly Cloudy", "icon": "partly-cloudy-day", "precipIntensity": 0, "precipProbability": 0, "temperature": 47.29, "apparentTemperature": 47.29, "dewPoint": 38.81, "humidity": 0.72, "pressure": 1024.37, "windSpeed": 0.68, "windGust": 3.15, "windBearing": 194, "cloudCover": 0.92, "uvIndex": 3, "visibility": 7}, {"time": 1426006800, "summary": "Overcast", "icon": "cloudy", "precipIntensity": 0.0036, "precipProbability": 0.56, "precipType": "rain", "temperature": 47.38, "apparentTemperature": 47.38, "dewPoint": 40.77, "humidity": 0.78, "pressure": 1023.48, "windSpeed": 0.28, "windGust": 1.58, "windBearing": 182, "cloudCover": 1, "uvIndex": 4, "visibility": 5.98}, {"time": 1426010400, "summary": "Overcast", "icon": "cloudy", "precipIntensity": 0.0092, "precipProbability": 0.86, "precipType": "rain", "temperature": 47.18, "apparentTemperature": 47.18, "dewPoint": 42.01, "humidity": 0.82, "pressure": 1022.25, "windSpeed": 0.09, "windGust": 0.72, "windBearing": 152, "cloudCover": 1, "uvIndex": 3, "visibility": 5.18}, {"time": 1426014000, "summary": "Light Rain", "icon": "rain", "precipIntensity": 0.0183, "precipProbability": 0.93, "precipType": "rain", "temperature": 46.65, "apparentTemperature": 46.65, "dewPoint": 42.67, "humidity": 0.86, "pressure": 1020.93, "windSpeed": 0, "windGust": 0.33, "cloudCover": 1, "uvIndex": 3, "visibility": 4.52}, {"time": 1426017600, "summary": "Light Rain", "icon": "rain", "precipIntensity": 0.0362, "precipProbability": 0.98, "precipType": "rain", "temperature": 46.27, "apparentTemperature": 46.27, "dewPoint": 43.2, "humidity": 0.89, "pressure": 1020.56, "windSpeed": 0.24, "windGust": 0.86, "windBearing": 145, "cloudCover": 1, "uvIndex": 2, "visibility": 2.81}, {"time": 1426021200, "summary": "Light Rain", "icon": "rain", "precipIntensity": 0.0331, "precipProbability": 0.95, "precipType": "rain", "temperature": 46.12, "apparentTemperature": 46.12, "dewPoint": 43.57, "humidity": 0.91, "pressure": 1019.65, "windSpeed": 0.26, "windGust": 1.29, "windBearing": 156, "cloudCover": 1, "uvIndex": 1, "visibility": 2.37}, {"time": 1426024800, "summary": "Light Rain", "icon": "rain", "precipIntensity": 0.027, "precipProbability": 0.97, "precipType": "rain", "temperature": 45.87, "apparentTemperature": 45.87, "dewPoint": 43.61, "humidity": 0.92, "pressure": 1019.32, "windSpeed": 0.11, "windGust": 0.81, "windBearing": 178, "cloudCover": 1, "uvIndex": 0, "visibility": 1.95}, {"time": 1426028400, "summary": "Light Rain", "icon": "rain", "precipIntensity": 0.035, "precipProbability": 0.94, "precipType": "rain", "temperature": 45.85, "apparentTemperature": 45.85, "dewPoint": 43.68, "humidity": 0.92, "pressure": 1018.82, "windSpeed": 0.06, "windGust": 0.55, "windBearing": 168, "cloudCover": 1, "uvIndex": 0, "visibility": 1.26}, {"time": 1426032000, "summary": "Light Rain", "icon": "rain", "precipIntensity": 0.0436, "precipProbability": 0.99, "precipType": "rain", "temperature": 45.79, "apparentTemperature": 45.79, "dewPoint": 43.82, "humidity": 0.93, "pressure": 1018.33, "windSpeed": 0.03, "windGust": 0.44, "windBearing": 180, "cloudCover": 1, "uvIndex": 0, "visibility": 1.24}, {"time": 1426035600, "summary": "Rain", "icon": "rain", "precipIntensity": 0.0538, "precipProbability": 0.97, "precipType": "rain", "temperature": 45.65, "apparentTemperature": 45.65, "dewPoint": 43.84, "humidity": 0.93, "pressure": 1018.01, "windSpeed": 0.01, "windGust": 0.31, "windBearing": 157, "cloudCover": 1, "uvIndex": 0, "visibility": 1.07}, {"time": 1426039200, "summary": "Light Rain", "icon": "rain", "precipIntensity": 0.0495, "precipProbability": 0.91, "precipType": "rain", "temperature": 45.72, "apparentTemperature": 45.72, "dewPoint": 43.97, "humidity": 0.94, "pressure": 1016.97, "windSpeed": 0.03, "windGust": 0.49, "windBearing": 181, "cloudCover": 0.93, "uvIndex": 0, "visibility": 0.95}, {"time": 1426042800, "summary": "Light Rain", "icon": "rain", "precipIntensity": 0.0411, "precipProbability": 0.98, "precipType": "rain", "temperature": 45.36, "apparentTemperature": 45.36, "dewPoint": 43.85, "humidity": 0.94, "pressure": 1016.7, "windSpeed": 0, "windGust": 0.09, "cloudCover": 0.95, "uvIndex": 0, "visibility": 1.15}]}, "daily": {"data": [{"time": 1425960000, "summary": "Rain starting in the afternoon.", "icon": "rain", "sunriseTime": 1425986913, "sunsetTime": 1426029054, "moonPhase": 0.65, "precipIntensity": 0.0146, "precipIntensityMax": 0.0538, "precipIntensityMaxTime": 1426035600, "precipProbability": 0.99, "precipType": "rain", "temperatureHigh": 47.38, "temperatureHighTime": 1426006800, "temperatureLow": 44.93, "temperatureLowTime": 1426053600, "apparentTemperatureHigh": 47.38, "apparentTemperatureHighTime": 1426006800, "apparentTemperatureLow": 44.93, "apparentTemperatureLowTime": 1426053600, "dewPoint": 37.05, "humidity": 0.82, "pressure": 1022.14, "windSpeed": 0.08, "windGust": 3.15, "windGustTime": 1426003200, "windBearing": 160, "cloudCover": 0.64, "uvIndex": 4, "uvIndexTime": 1426006800, "visibility": 6.19, "temperatureMin": 34.38, "temperatureMinTime": 1425978000, "temperatureMax": 47.38, "temperatureMaxTime": 1426006800, "apparentTemperatureMin": 34.38, "apparentTemperatureMinTime": 1425978000, "apparentTemperatureMax": 47.38, "apparentTemperatureMaxTime": 1426006800}]}, "flags": {"sources": ["cmc", "gfs", "hrrr", "icon", "isd", "madis", "nam", "sref"], "nearest-station": 0.675, "units": "us"}, "offset": -4}