{"latitude": 38.912659, "longitude": -77.017669, "timezone": "America/New_York", "currently": {"time": 1428379200, "summary": "Clear", "icon": "clear-night", "precipIntensity": 0, "precipProbability": 0, "temperature": 65.01, "apparentTemperature": 65.01, "dewPoint": 48.35, "humidity": 0.55, "pressure": 1020.48, "windSpeed": 1.89, "windGust": 6.79, "windBearing": 194, "cloudCover": 0.06, "uvIndex": 0, "visibility": 9.51}, "hourly": {"summary": "Mostly cloudy starting overnight.", "icon": "partly-cloudy-day", "data": [{"time": 1428379200, "summary": "Clear", "icon": "clear-night", "precipIntensity": 0, "precipProbability": 0, "temperature": 65.01, "apparentTemperature": 65.01, "dewPoint": 48.35, "humidity": 0.55, "pressure": 1020.48, "windSpeed": 1.89, "windGust": 6.79, "windBearing": 194, "cloudCover": 0.06, "uvIndex": 0, "visibility": 9.51}, {"time": 1428382800, "summary": "Partly Cloudy", "icon": "partly-cloudy-night", "precipIntensity": 0, "precipProbability": 0, "temperature": 65.2, "apparentTemperature": 65.2, "dewPoint": 49.13, "humidity": 0.56, "pressure": 1020.8, "windSpeed": 2.1, "windGust": 6.41, "windBearing": 197, "cloudCover": 0.37, "uvIndex": 0, "visibility": 9.31}, {"time": 1428386400, "summary": "Mostly Cloudy", "icon": "partly-cloudy-night", "precipIntensity": 0, "precipProbability": 0, "temperature": 65.76, "apparentTemperature": 65.76, "dewPoint": 49.67, "humidity": 0.56, "pressure": 1020.78, "windSpeed": 1.86, "windGust": 6.61, "windBearing": 213, "cloudCover": 0.93, "uvIndex": 0, "visibility": 9.11}, {"time": 1428390000, "summary": "Overcast", "icon": "cloudy", "precipIntensity": 0, "precipProbability": 0, "temperature": 64.74, "apparentTemperature": 64.74, "dewPoint": 50.92, "humidity": 0.61, "pressure": 1021.13, "windSpeed": 2.63, "windGust": 7.59, "windBearing": 218, "cloudCover": 0.95, "uvIndex": 0, "visibility": 8.67}, {"time": 1428393600, "summary": "Overcast", "icon": "cloudy", "precipIntensity": 0.0038, "precipProbability": 0.51, "precipType": "rain", "temperature": 62.25, "apparentTemperature": 62.25, "dewPoint": 53.27, "humidity": 0.72, "pressure": 1020.97, "windSpeed": 0.85, "windGust": 3.21, "windBearing": 244, "cloudCover": 0.98, "uvIndex": 0, "visibility": 9.51}, {"time": 1428397200, "summary": "Overcast", "icon": "cloudy", "precipIntensity": 0.0106, "precipProbability": 0.71, "precipType": "rain", "temperature": 60.17, "apparentTemperature": 60.17, "dewPoint": 54.29, "humidity": 0.81, "pressure": 1020.98, "windSpeed": 0.13, "windGust": 0.99, "windBearing": 247, "cloudCover": 1, "uvIndex": 0, "visibility": 8.72}, {"time": 1428400800, "summary": "Mostly Cloudy", "icon": "partly-cloudy-night", "precipIntensity": 0.0072, "precipProbability": 0.64, "precipType": "rain", "temperature": 58.74, "apparentTemperature": 58.74, "dewPoint": 54.34, "humidity": 0.85, "pressure": 1021.06, "windSpeed": 0.07, "windGust": 0.46, "windBearing": 220, "cloudCover": 0.9, "uvIndex": 0, "visibility": 7.37}, {"time": 1428404400, "summary": "Mostly Cloudy", "icon": "partly-cloudy-day", "precipIntensity": 0.0025, "precipProbability": 0.37, "precipType": "rain", "temperature": 57.82, "apparentTemperature": 57.82, "dewPoint": 53.76, "humidity": 0.86, "pressure": 1021.24, "windSpeed": 0.25, "windGust": 0.71, "windBearing": 185, "cloudCover": 0.65, "uvIndex": 0, "visibility": 6.31}, {"time": 1428408000, "summary": "Mostly Cloudy", "icon": "partly-cloudy-day", "precipIntensity": 0, "precipProbability": 0, "temperature": 58.58, "apparentTemperature": 58.58, "dewPoint": 54.44, "humidity": 0.86, "pressure": 1021.63, "windSpeed": 0.38, "windGust": 1.6, "windBearing": 196, "cloudCover": 0.6, "uvIndex": 0, "visibility": 6.82}, {"time": 1428411600, "summary": "Mostly Cloudy", "icon": "partly-cloudy-day", "precipIntensity": 0, "precipProbability": 0, "temperature": 61.44, "apparentTemperature": 61.44, "dewPoint": 55.86, "humidity": 0.82, "pressure": 1021.63, "windSpeed": 0.98, "windGust": 3.6, "windBearing": 201, "cloudCover": 0.66, "uvIndex": 1, "visibility": 9.1}, {"time": 1428415200, "summary": "Mostly Cloudy", "icon": "partly-cloudy-day", "precipIntensity": 0, "precipProbability": 0, "temperature": 63.74, "apparentTemperature": 63.74, "dewPoint": 56, "humidity": 0.76, "pressure": 1021.6, "windSpeed": 1.42, "windGust": 5.17, "windBearing": 205, "cloudCover": 0.9, "uvIndex": 3, "visibility": 9.52}, {"time": 1428418800, "summary": "Overcast", "icon": "cloudy", "precipIntensity": 0, "precipProbability": 0, "temperature": 64.93, "apparentTemperature": 64.93, "dewPoint": 56.2, "humidity": 0.73, "pressure": 1021.67, "windSpeed": 1.55, "windGust": 4.66, "windBearing": 193, "cloudCover": 1, "uvIndex": 3, "visibility": 8.43}, {"time": 1428422400, "summary": "Overcast", "icon": "cloudy", "precipIntensity": 0, "precipProbability": 0, "temperature": 66.68, "apparentTemperature": 66.68, "dewPoint": 56.8, "humidity": 0.71, "pressure": 1021.22, "windSpeed": 1.69, "windGust": 5.31, "windBearing": 183, "cloudCover": 0.95, "uvIndex": 4, "visibility": 7.77}, {"time": 1428426000, "summary": "Mostly Cloudy", "icon": "partly-cloudy-day", "precipIntensity": 0, "precipProbability": 0, "temperature": 69.17, "apparentTemperature": 69.17, "dewPoint": 57.59, "humidity": 0.67, "pressure": 1020.92, "windSpeed": 1.74, "windGust": 6.63, "windBearing": 178, "cloudCover": 0.77, "uvIndex": 5, "visibility": 8.22}, {"time": 1428429600, "summary": "Mostly Cloudy", "icon": "partly-cloudy-day", "precipIntensity": 0, "precipProbability": 0, "temperature": 71.01, "apparentTemperature": 71.01, "dewPoint": 58.41, "humidity": 0.64, "pressure": 1020.42, "windSpeed": 1.75, "windGust": 7.43, "windBearing": 181, "cloudCover": 0.8, "uvIndex": 5, "visibility": 8.22}, {"time": 1428433200, "summary": "Mostly Cloudy", "icon": "partly-cloudy-day", "precipIntensity": 0, "precipProbability": 0, "temperature": 71.59, "apparentTemperature": 71.59, "dewPoint": 58.83, "humidity": 0.64, "pressure": 1019.75, "windSpeed": 2.24, "windGust": 7.91, "windBearing": 170, "cloudCover": 0.85, "uvIndex": 4, "visibility": 8.59}, {"time": 1428436800, "summary": "Overcast", "icon": "cloudy", "precipIntensity": 0, "precipProbability": 0, "temperature": 71.28, "apparentTemperature": 71.28, "dewPoint": 58.84, "humidity": 0.65, "pressure": 1019.32, "windSpeed": 2.13, "windGust": 6.9, "windBearing": 177, "cloudCover": 1, "uvIndex": 3, "visibility": 8.1}, {"time": 1428440400, "summary": "Overcast", "icon": "cloudy", "precipIntensity": 0, "precipProbability": 0, "temperature": 70.47, "apparentTemperature": 70.47, "dewPoint": 58.84, "humidity": 0.67, "pressure": 1019.16, "windSpeed": 2.12, "windGust": 7.11, "windBearing": 177, "cloudCover": 0.98, "uvIndex": 2, "visibility": 8.18}, {"time": 1428444000, "summary": "Overcast", "icon": "cloudy", "precipIntensity": 0, "precipProbability": 0, "temperature": 69.55, "apparentTemperature": 69.55, "dewPoint": 58.96, "humidity": 0.69, "pressure": 1019.14, "windSpeed": 1.26, "windGust": 5.54, "windBearing": 174, "cloudCover": 0.97, "uvIndex": 1, "visibility": 8.37}, {"time": 1428447600, "summary": "Overcast", "icon": "cloudy", "precipIntensity": 0.0012, "precipProbability": 0.15, "precipType": "rain", "temperature": 67.53, "apparentTemperature": 67.53, "dewPoint": 59.42, "humidity": 0.75, "pressure": 1018.85, "windSpeed": 0.7, "windGust": 2.86, "windBearing": 154, "cloudCover": 0.94, "uvIndex": 0, "visibility": 7.6}, {"time": 1428451200, "summary": "Mostly Cloudy", "icon": "partly-cloudy-night", "precipIntensity": 0.0022, "precipProbability": 0.24, "precipType": "rain", "temperature": 65.75, "apparentTemperature": 65.82, "dewPoint": 59.61, "humidity": 0.81, "pressure": 1019.32, "windSpeed": 0.18, "windGust": 1.57, "windBearing": 157, "cloudCover": 0.85, "uvIndex": 0, "visibility": 7.64}, {"time": 1428454800, "summary": "Mostly Cloudy", "icon": "partly-cloudy-night", "precipIntensity": 0.0005, "precipProbability": 0.1, "precipType": "rain", "temperature": 64.67, "apparentTemperature": 64.76, "dewPoint": 59.56, "humidity": 0.84, "pressure": 1020.08, "windSpeed": 0.25, "windGust": 1.35, "windBearing": 145, "cloudCover": 0.88, "uvIndex": 0, "visibility": 7.96}, {"time": 1428458400, "summary": "Overcast", "icon": "cloudy", "precipIntensity": 0, "precipProbability": 0, "temperature": 63.99, "apparentTemperature": 64.08, "dewPoint": 59.37, "humidity": 0.85, "pressure": 1020.2, "windSpeed": 0.31, "windGust": 1.53, "windBearing": 98, "cloudCover": 0.96, "uvIndex": 0, "visibility": 8.03}, {"time": 1428462000, "summary": "Mostly Cloudy", "icon": "partly-cloudy-night", "precipIntensity": 0.001, "precipProbability": 0.13, "precipType": "rain", "temperature": 62.3, "apparentTemperature": 62.33, "dewPoint": 58.43, "humidity": 0.87, "pressure": 1020.46, "windSpeed": 0.69, "windGust": 2.52, "windBearing": 71, "cloudCover": 0.92, "uvIndex": 0, "visibility": 7.06}]}, "daily": {"data": [{"time": 1428379200, "summary": "Light rain overnight.", "icon": "rain", "sunriseTime": 1428403475, "sunsetTime": 1428449877, "moonPhase": 0.6, "precipIntensity": 0.0012, "precipIntensityMax": 0.0106, "precipIntensityMaxTime": 1428397200, "precipProbability": 0.71, "precipType": "rain", "temperatureHigh": 71.59, "temperatureHighTime": 1428433200, "temperatureLow": 45.21, "temperatureLowTime": 1428494400, "apparentTemperatureHigh": 71.59, "apparentTemperatureHighTime": 1428433200, "apparentTemperatureLow": 45.21, "apparentTemperatureLowTime": 1428494400, "dewPoint": 55.87, "humidity": 0.73, "pressure": 1020.53, "windSpeed": 1.09, "windGust": 7.91, "windGustTime": 1428433200, "windBearing": 189, "cloudCover": 0.83, "uvIndex": 5, "uvIndexTime": 1428426000, "visibility": 8.26, "temperatureMin": 57.82, "temperatureMinTime": 1428404400, "temperatureMax": 71.59, "temperatureMaxTime": 1428433200, "apparentTemperatureMin": 57.82, "apparentTemperatureMinTime": 1428404400, "apparentTemperatureMax": 71.59, "apparentTemperatureMaxTime": 1428433200}]}, "flags": {"sources": ["cmc", "gfs", "hrrr", "icon", "isd", "madis", "nam", "sref"], "nearest-station": 0.675, "units": "us"}, "offset": -4}