{"latitude": 38.912659, "longitude": -77.017669, "timezone": "America/New_York", "currently": {"time": 1436932800, "summary": "Humid and Partly Cloudy", "icon": "partly-cloudy-night", "precipIntensity": 0, "precipProbability": 0, "temperature": 78.13, "apparentTemperature": 79.49, "dewPoint": 72.15, "humidity": 0.82, "pressure": 1000.53, "windSpeed": 0.43, "windGust": 1.39, "windBearing": 188, "cloudCover": 0.47, "uvIndex": 0, "visibility": 7.26}, "hourly": {"summary": "Mostly cloudy overnight.", "icon": "partly-cloudy-night", "data": [{"time": 1436932800, "summary": "Humid and Partly Cloudy", "icon": "partly-cloudy-night", "precipIntensity": 0, "precipProbability": 0, "temperature": 78.13, "apparentTemperature": 79.49, "dewPoint": 72.15, "humidity": 0.82, "pressure": 1000.53, "windSpeed": 0.43, "windGust": 1.39, "windBearing": 188, "cloudCover": 0.47, "uvIndex": 0, "visibility": 7.26}, {"time": 1436936400, "summary": "Mostly Cloudy", "icon": "partly-cloudy-night", "precipIntensity": 0, "precipProbability": 0, "temperature": 77.01, "apparentTemperature": 78.34, "dewPoint": 71.66, "humidity": 0.84, "pressure": 1000.29, "windSpeed": 0.48, "windGust": 2.46, "windBearing": 259, "cloudCover": 0.81, "uvIndex": 0, "visibility": 7.02}, {"time": 1436940000, "summary": "Mostly Cloudy", "icon": "partly-cloudy-night", "precipIntensity": 0.0006, "precipProbability": 0.14, "precipType": "rain", "temperature": 74.13, "apparentTemperature": 75.09, "dewPoint": 68.23, "humidity": 0.82, "pressure": 1000.75, "windSpeed": 1.4, "windGust": 4.65, "windBearing": 302, "cloudCover": 0.81, "uvIndex": 0, "visibility": 8.37}, {"time": 1436943600, "summary": "Mostly Cloudy", "icon": "partly-cloudy-night", "precipIntensity": 0.0008, "precipProbability": 0.09, "precipType": "rain", "temperature": 72.28, "apparentTemperature": 73.07, "dewPoint": 66.55, "humidity": 0.82, "pressure": 1000.69, "windSpeed": 0.99, "windGust": 2.77, "windBearing": 301, "cloudCover": 0.8, "uvIndex": 0, "visibility": 8.01}, {"time": 1436947200, "summary": "Clear", "icon": "clear-night", "precipIntensity": 0, "precipProbability": 0, "temperature": 70.79, "apparentTemperature": 71.57, "dewPoint": 66.09, "humidity": 0.85, "pressure": 1001.03, "windSpeed": 0.36, "windGust": 0.88, "windBearing": 275, "cloudCover": 0.06, "uvIndex": 0, "visibility": 7.91}, {"time": 1436950800, "summary": "Clear", "icon": "clear-night", "precipIntensity": 0, "precipProbability": 0, "temperature": 69.86, "apparentTemperature": 70.61, "dewPoint": 65.67, "humidity": 0.87, "pressure": 1001.19, "windSpeed": 0.55, "windGust": 1.1, "windBearing": 281, "cloudCover": 0.16, "uvIndex": 0, "visibility": 8}, {"time": 1436954400, "summary": "Clear", "icon": "clear-night", "precipIntensity": 0, "precipProbability": 0, "temperature": 69.38, "apparentTemperature": 70.12, "dewPoint": 65.42, "humidity": 0.87, "pressure": 1002.11, "windSpeed": 0.16, "windGust": 0.9, "windBearing": 282, "cloudCover": 0.17, "uvIndex": 0, "visibility": 9.81}, {"time": 1436958000, "summary": "Clear", "icon": "clear-day", "precipIntensity": 0, "precipProbability": 0, "temperature": 69.9, "apparentTemperature": 70.69, "dewPoint": 65.93, "humidity": 0.87, "pressure": 1002.63, "windSpeed": 0.32, "windGust": 0.78, "windBearing": 279, "cloudCover": 0.23, "uvIndex": 0, "visibility": 10}, {"time": 1436961600, "summary": "Partly Cloudy", "icon": "partly-cloudy-day", "precipIntensity": 0, "precipProbability": 0, "temperature": 72.74, "apparentTemperature": 73.6, "dewPoint": 67.19, "humidity": 0.83, "pressure": 1003.03, "windSpeed": 1.12, "windGust": 4.06, "windBearing": 297, "cloudCover": 0.44, "uvIndex": 1, "visibility": 8.75}, {"time": 1436965200, "summary": "Partly Cloudy", "icon": "partly-cloudy-day", "precipIntensity": 0, "precipProbability": 0, "temperature": 75, "apparentTemperature": 75.86, "dewPoint": 67.62, "humidity": 0.78, "pressure": 1003.62, "windSpeed": 2.98, "windGust": 7.73, "windBearing": 323, "cloudCover": 0.56, "uvIndex": 2, "visibility": 7.83}, {"time": 1436968800, "summary": "Mostly Cloudy", "icon": "partly-cloudy-day", "precipIntensity": 0, "precipProbability": 0, "temperature": 76.83, "apparentTemperature": 77.73, "dewPoint": 68.22, "humidity": 0.75, "pressure": 1004.18, "windSpeed": 3.34, "windGust": 8.46, "windBearing": 330, "cloudCover": 0.7, "uvIndex": 4, "visibility": 8.55}, {"time": 1436972400, "summary": "Mostly Cloudy", "icon": "partly-cloudy-day", "precipIntensity": 0, "precipProbability": 0, "temperature": 77.07, "apparentTemperature": 77.98, "dewPoint": 68.29, "humidity": 0.74, "pressure": 1005.09, "windSpeed": 1.95, "windGust": 6.77, "windBearing": 334, "cloudCover": 0.77, "uvIndex": 5, "visibility": 8.55}, {"time": 1436976000, "summary": "Mostly Cloudy", "icon": "partly-cloudy-day", "precipIntensity": 0, "precipProbability": 0, "temperature": 76.96, "apparentTemperature": 77.94, "dewPoint": 68.92, "humidity": 0.76, "pressure": 1005.72, "windSpeed": 1.98, "windGust": 5.91, "windBearing": 338, "cloudCover": 0.83, "uvIndex": 5, "visibility": 8.21}, {"time": 1436979600, "summary": "Mostly Cloudy", "icon": "partly-cloudy-day", "precipIntensity": 0, "precipProbability": 0, "temperature": 78.56, "apparentTemperature": 79.59, "dewPoint": 69.55, "humidity": 0.74, "pressure": 1005.62, "windSpeed": 1.74, "windGust": 6.33, "windBearing": 330, "cloudCover": 0.76, "uvIndex": 6, "visibility": 7.38}, {"time": 1436983200, "summary": "Mostly Cloudy", "icon": "partly-cloudy-day", "precipIntensity": 0, "precipProbability": 0, "temperature": 80.47, "apparentTemperature": 83.81, "dewPoint": 70.03, "humidity": 0.71, "pressure": 1005.86, "windSpeed": 2.4, "windGust": 7.24, "windBearing": 341, "cloudCover": 0.75, "uvIndex": 6, "visibility": 8.01}, {"time": 1436986800, "summary": "Partly Cloudy", "icon": "partly-cloudy-day", "precipIntensity": 0, "precipProbability": 0, "temperature": 82.15, "apparentTemperature": 86.02, "dewPoint": 69.99, "humidity": 0.67, "pressure": 1006.16, "windSpeed": 2.79, "windGust": 8.53, "windBearing": 359, "cloudCover": 0.59, "uvIndex": 6, "visibility": 7.29}, {"time": 1436990400, "summary": "Partly Cloudy", "icon": "partly-cloudy-day", "precipIntensity": 0, "precipProbability": 0, "temperature": 83.33, "apparentTemperature": 87.3, "dewPoint": 69.63, "humidity": 0.64, "pressure": 1006.78, "windSpeed": 2.76, "windGust": 7.64, "windBearing": 358, "cloudCover": 0.45, "uvIndex": 5, "visibility": 8.02}, {"time": 1436994000, "summary": "Mostly Cloudy", "icon": "partly-cloudy-day", "precipIntensity": 0, "precipProbability": 0, "temperature": 83.44, "apparentTemperature": 87.57, "dewPoint": 69.86, "humidity": 0.64, "pressure": 1007.08, "windSpeed": 1.89, "windGust": 6.66, "windBearing": 355, "cloudCover": 0.64, "uvIndex": 3, "visibility": 8.58}, {"time": 1436997600, "summary": "Partly Cloudy", "icon": "partly-cloudy-day", "precipIntensity": 0, "precipProbability": 0, "temperature": 82.63, "apparentTemperature": 86.56, "dewPoint": 69.87, "humidity": 0.66, "pressure": 1007.08, "windSpeed": 1.91, "windGust": 6.99, "windBearing": 343, "cloudCover": 0.51, "uvIndex": 2, "visibility": 8.85}, {"time": 1437001200, "summary": "Partly Cloudy", "icon": "partly-cloudy-day", "precipIntensity": 0, "precipProbability": 0, "temperature": 81.23, "apparentTemperature": 84.53, "dewPoint": 69.25, "humidity": 0.67, "pressure": 1007.52, "windSpeed": 1.96, "windGust": 6.49, "windBearing": 353, "cloudCover": 0.55, "uvIndex": 1, "visibility": 8.18}, {"time": 1437004800, "summary": "Clear", "icon": "clear-day", "precipIntensity": 0, "precipProbability": 0, "temperature": 79.29, "apparentTemperature": 81.78, "dewPoint": 68.31, "humidity": 0.69, "pressure": 1008.46, "windSpeed": 1.58, "windGust": 4.24, "windBearing": 358, "cloudCover": 0.1, "uvIndex": 0, "visibility": 8.59}, {"time": 1437008400, "summary": "Clear", "icon": "clear-night", "precipIntensity": 0, "precipProbability": 0, "temperature": 77, "apparentTemperature": 77.73, "dewPoint": 66.77, "humidity": 0.71, "pressure": 1009.44, "windSpeed": 1.81, "windGust": 4.25, "windBearing": 1, "cloudCover": 0.2, "uvIndex": 0, "visibility": 8.02}, {"time": 1437012000, "summary": "Clear", "icon": "clear-night", "precipIntensity": 0, "precipProbability": 0, "temperature": 74.86, "apparentTemperature": 75.42, "dewPoint": 65.12, "humidity": 0.72, "pressure": 1010.72, "windSpeed": 1.95, "windGust": 5.84, "windBearing": 3, "cloudCover": 0.05, "uvIndex": 0, "visibility": 7.9}, {"time": 1437015600, "summary": "Clear", "icon": "clear-night", "precipIntensity": 0, "precipProbability": 0, "temperature": 72.83, "apparentTemperature": 73.13, "dewPoint": 62.72, "humidity": 0.71, "pressure": 1011.78, "windSpeed": 1.9, "windGust": 5.94, "windBearing": 7, "cloudCover": 0, "uvIndex": 0, "visibility": 7.87}]}, "daily": {"data": [{"time": 1436932800, "summary": "Mostly cloudy until evening.", "icon": "partly-cloudy-day", "sunriseTime": 1436954167, "sunsetTime": 1437006851, "moonPhase": 0.98, "precipIntensity": 0.0001, "precipIntensityMax": 0.0008, "precipIntensityMaxTime": 1436943600, "precipProbability": 0.14, "precipType": "rain", "temperatureHigh": 83.44, "temperatureHighTime": 1436994000, "temperatureLow": 62.64, "temperatureLowTime": 1437044400, "apparentTemperatureHigh": 87.57, "apparentTemperatureHighTime": 1436994000, "apparentTemperatureLow": 62.64, "apparentTemperatureLowTime": 1437044400, "dewPoint": 68.04, "humidity": 0.76, "pressure": 1004.89, "windSpeed": 1.45, "windGust": 8.53, "windGustTime": 1436986800, "windBearing": 339, "cloudCover": 0.48, "uvIndex": 6, "uvIndexTime": 1436979600, "visibility": 8.21, "temperatureMin": 69.38, "temperatureMinTime": 1436954400, "temperatureMax": 83.44, "temperatureMaxTime": 1436994000, "apparentTemperatureMin": 70.12, "apparentTemperatureMinTime": 1436954400, "apparentTemperatureMax": 87.57, "apparentTemperatureMaxTime": 1436994000}]}, "flags": {"sources": ["cmc", "gfs", "hrrr", "icon", "isd", "madis", "nam", "sref"], "nearest-station": 0.675, "units": "us"}, "offset": -4}