{"latitude": 38.912659, "longitude": -77.017669, "timezone": "America/New_York", "currently": {"time": 1459483200, "summary": "Partly Cloudy", "icon": "partly-cloudy-night", "precipIntensity": 0, "precipProbability": 0, "temperature": 69.27, "apparentTemperature": 69.27, "dewPoint": 56.55, "humidity": 0.64, "pressure": 1008.21, "windSpeed": 3.18, "windGust": 9.23, "windBearing": 191, "cloudCover": 0.53, "uvIndex": 0, "visibility": 8.14}, "hourly": {"summary": "Mostly cloudy until night.", "icon": "partly-cloudy-day", "data": [{"time": 1459483200, "summary": "Partly Cloudy", "icon": "partly-cloudy-night", "precipIntensity": 0, "precipProbability": 0, "temperature": 69.27, "apparentTemperature": 69.27, "dewPoint": 56.55, "humidity": 0.64, "pressure": 1008.21, "windSpeed": 3.18, "windGust": 9.23, "windBearing": 191, "cloudCover": 0.53, "uvIndex": 0, "visibility": 8.14}, {"time": 1459486800, "summary": "Partly Cloudy", "icon": "partly-cloudy-night", "precipIntensity": 0, "precipProbability": 0, "temperature": 68.56, "apparentTemperature": 68.56, "dewPoint": 58.25, "humidity": 0.7, "pressure": 1007.47, "windSpeed": 3.31, "windGust": 8.67, "windBearing": 184, "cloudCover": 0.4, "uvIndex": 0, "visibility": 8.71}, {"time": 1459490400, "summary": "Mostly Cloudy", "icon": "partly-cloudy-night", "precipIntensity": 0, "precipProbability": 0, "temperature": 68.26, "apparentTemperature": 68.28, "dewPoint": 59.74, "humidity": 0.74, "pressure": 1007.47, "windSpeed": 3.07, "windGust": 8.95, "windBearing": 190, "cloudCover": 0.79, "uvIndex": 0, "visibility": 8.38}, {"time": 1459494000, "summary": "Overcast", "icon": "cloudy", "precipIntensity": 0, "precipProbability": 0, "temperature": 68.25, "apparentTemperature": 68.45, "dewPoint": 61.12, "humidity": 0.78, "pressure": 1006.81, "windSpeed": 3.08, "windGust": 8.76, "windBearing": 186, "cloudCover": 1, "uvIndex": 0, "visibility": 8.14}, {"time": 1459497600, "summary": "Mostly Cloudy", "icon": "partly-cloudy-night", "precipIntensity": 0, "precipProbability": 0, "temperature": 67.89, "apparentTemperature": 68.19, "dewPoint": 61.82, "humidity": 0.81, "pressure": 1005.3, "windSpeed": 3.44, "windGust": 8.99, "windBearing": 168, "cloudCover": 0.89, "uvIndex": 0, "visibility": 7.59}, {"time": 1459501200, "summary": "Mostly Cloudy", "icon": "partly-cloudy-night", "precipIntensity": 0, "precipProbability": 0, "temperature": 68.02, "apparentTemperature": 68.36, "dewPoint": 62.14, "humidity": 0.81, "pressure": 1004.9, "windSpeed": 3.29, "windGust": 10.01, "windBearing": 189, "cloudCover": 0.81, "uvIndex": 0, "visibility": 8.59}, {"time": 1459504800, "summary": "Overcast", "icon": "cloudy", "precipIntensity": 0, "precipProbability": 0, "temperature": 68.28, "apparentTemperature": 68.62, "dewPoint": 62.26, "humidity": 0.81, "pressure": 1004.93, "windSpeed": 3.39, "windGust": 10.81, "windBearing": 212, "cloudCover": 0.94, "uvIndex": 0, "visibility": 8.12}, {"time": 1459508400, "summary": "Overcast", "icon": "cloudy", "precipIntensity": 0, "precipProbability": 0, "temperature": 68.27, "apparentTemperature": 68.58, "dewPoint": 62.03, "humidity": 0.81, "pressure": 1005.04, "windSpeed": 3.69, "windGust": 11.64, "windBearing": 205, "cloudCover": 0.97, "uvIndex": 0, "visibility": 7.91}, {"time": 1459512000, "summary": "Mostly Cloudy", "icon": "partly-cloudy-day", "precipIntensity": 0, "precipProbability": 0, "temperature": 68.26, "apparentTemperature": 68.56, "dewPoint": 61.91, "humidity": 0.8, "pressure": 1005.03, "windSpeed": 4.09, "windGust": 11.56, "windBearing": 213, "cloudCover": 0.89, "uvIndex": 0, "visibility": 7.66}, {"time": 1459515600, "summary": "Mostly Cloudy", "icon": "partly-cloudy-day", "precipIntensity": 0.0056, "precipProbability": 0.68, "precipType": "rain", "temperature": 66.63, "apparentTemperature": 66.95, "dewPoint": 61.75, "humidity": 0.84, "pressure": 1004.39, "windSpeed": 1.81, "windGust": 7.67, "windBearing": 205, "cloudCover": 0.79, "uvIndex": 1, "visibility": 5.71}, {"time": 1459519200, "summary": "Mostly Cloudy", "icon": "partly-cloudy-day", "precipIntensity": 0.0106, "precipProbability": 0.78, "precipType": "rain", "temperature": 65.84, "apparentTemperature": 66.22, "dewPoint": 61.94, "humidity": 0.87, "pressure": 1004.18, "windSpeed": 2.58, "windGust": 7.68, "windBearing": 191, "cloudCover": 0.69, "uvIndex": 3, "visibility": 8.25}, {"time": 1459522800, "summary": "Mostly Cloudy", "icon": "partly-cloudy-day", "precipIntensity": 0.0007, "precipProbability": 0.19, "precipType": "rain", "temperature": 67.4, "apparentTemperature": 67.78, "dewPoint": 62.33, "humidity": 0.84, "pressure": 1004.22, "windSpeed": 3.14, "windGust": 8.76, "windBearing": 201, "cloudCover": 0.76, "uvIndex": 4, "visibility": 8.59}, {"time": 1459526400, "summary": "Partly Cloudy", "icon": "partly-cloudy-day", "precipIntensity": 0, "precipProbability": 0, "temperature": 70.83, "apparentTemperature": 71.04, "dewPoint": 61.68, "humidity": 0.73, "pressure": 1003.6, "windSpeed": 4.51, "windGust": 12.26, "windBearing": 212, "cloudCover": 0.39, "uvIndex": 6, "visibility": 8.71}, {"time": 1459530000, "summary": "Partly Cloudy", "icon": "partly-cloudy-day", "precipIntensity": 0, "precipProbability": 0, "temperature": 75.35, "apparentTemperature": 75.55, "dewPoint": 61.93, "humidity": 0.63, "pressure": 1002.69, "windSpeed": 4.36, "windGust": 12.75, "windBearing": 211, "cloudCover": 0.31, "uvIndex": 7, "visibility": 8.32}, {"time": 1459533600, "summary": "Clear", "icon": "clear-day", "precipIntensity": 0, "precipProbability": 0, "temperature": 78.89, "apparentTemperature": 79.02, "dewPoint": 60.9, "humidity": 0.54, "pressure": 1001.93, "windSpeed": 4.29, "windGust": 12.99, "windBearing": 221, "cloudCover": 0.16, "uvIndex": 7, "visibility": 7.96}, {"time": 1459537200, "summary": "Clear", "icon": "clear-day", "precipIntensity": 0, "precipProbability": 0, "temperature": 81.18, "apparentTemperature": 81.73, "dewPoint": 59.93, "humidity": 0.49, "pressure": 1000.48, "windSpeed": 4.05, "windGust": 13.09, "windBearing": 221, "cloudCover": 0.08, "uvIndex": 6, "visibility": 8.05}, {"time": 1459540800, "summary": "Clear", "icon": "clear-day", "precipIntensity": 0, "precipProbability": 0, "temperature": 82.41, "apparentTemperature": 82.47, "dewPoint": 58.96, "humidity": 0.45, "pressure": 999.86, "windSpeed": 4.6, "windGust": 14.49, "windBearing": 223, "cloudCover": 0.23, "uvIndex": 4, "visibility": 7.91}, {"time": 1459544400, "summary": "Partly Cloudy", "icon": "partly-cloudy-day", "precipIntensity": 0, "precipProbability": 0, "temperature": 82.02, "apparentTemperature": 82.02, "dewPoint": 56.61, "humidity": 0.42, "pressure": 1000.37, "windSpeed": 5.97, "windGust": 17.25, "windBearing": 221, "cloudCover": 0.37, "uvIndex": 2, "visibility": 8.39}, {"time": 1459548000, "summary": "Partly Cloudy", "icon": "partly-cloudy-day", "precipIntensity": 0, "precipProbability": 0, "temperature": 80.48, "apparentTemperature": 80.5, "dewPoint": 55.65, "humidity": 0.43, "pressure": 1000.74, "windSpeed": 5.01, "windGust": 15.04, "windBearing": 226, "cloudCover": 0.44, "uvIndex": 1, "visibility": 8.59}, {"time": 1459551600, "summary": "Partly Cloudy", "icon": "partly-cloudy-day", "precipIntensity": 0, "precipProbability": 0, "temperature": 77.43, "apparentTemperature": 77.43, "dewPoint": 58.32, "humidity": 0.52, "pressure": 1001.15, "windSpeed": 3.69, "windGust": 11.78, "windBearing": 228, "cloudCover": 0.39, "uvIndex": 0, "visibility": 8.57}, {"time": 1459555200, "summary": "Partly Cloudy", "icon": "partly-cloudy-night", "precipIntensity": 0.0013, "precipProbability": 0.06, "precipType": "rain", "temperature": 74.6, "apparentTemperature": 74.6, "dewPoint": 58.23, "humidity": 0.57, "pressure": 1001.77, "windSpeed": 3.15, "windGust": 10.4, "windBearing": 231, "cloudCover": 0.56, "uvIndex": 0, "visibility": 7.64}, {"time": 1459558800, "summary": "Mostly Cloudy", "icon": "partly-cloudy-night", "precipIntensity": 0.0004, "precipProbability": 0.03, "precipType": "rain", "temperature": 72.85, "apparentTemperature": 72.85, "dewPoint": 57.86, "humidity": 0.59, "pressure": 1002.73, "windSpeed": 1.64, "windGust": 5.54, "windBearing": 225, "cloudCover": 0.68, "uvIndex": 0, "visibility": 7.66}, {"time": 1459562400, "summary": "Mostly Cloudy", "icon": "partly-cloudy-night", "precipIntensity": 0, "precipProbability": 0, "temperature": 71.34, "apparentTemperature": 71.34, "dewPoint": 57.22, "humidity": 0.61, "pressure": 1003.76, "windSpeed": 1.15, "windGust": 4.78, "windBearing": 259, "cloudCover": 0.65, "uvIndex": 0, "visibility": 7.98}, {"time": 1459566000, "summary": "Mostly Cloudy", "icon": "partly-cloudy-night", "precipIntensity": 0, "precipProbability": 0, "temperature": 69.98, "apparentTemperature": 69.98, "dewPoint": 52.15, "humidity": 0.53, "pressure": 1004.09, "windSpeed": 0.91, "windGust": 3.37, "windBearing": 291, "cloudCover": 0.76, "uvIndex": 0, "visibility": 8.24}]}, "daily": {"data": [{"time": 1459483200, "summary": "Mostly cloudy throughout the day.", "icon": "partly-cloudy-day", "sunriseTime": 1459507961, "sunsetTime": 1459553576, "moonPhase": 0.79, "precipIntensity": 0.0008, "precipIntensityMax": 0.0106, "precipIntensityMaxTime": 1459519200, "precipProbability": 0.78, "precipType": "rain", "temperatureHigh": 82.41, "temperatureHighTime": 1459540800, "temperatureLow": 49.81, "temperatureLowTime": 1459598400, "apparentTemperatureHigh": 82.47, "apparentTemperatureHighTime": 1459540800, "apparentTemperatureLow": 49.81, "apparentTemperatureLowTime": 1459598400, "dewPoint": 59.64, "humidity": 0.67, "pressure": 1003.8, "windSpeed": 3.21, "windGust": 17.25, "windGustTime": 1459544400, "windBearing": 210, "cloudCover": 0.6, "uvIndex": 7, "uvIndexTime": 1459530000, "visibility": 8.08, "temperatureMin": 65.84, "temperatureMinTime": 1459519200, "temperatureMax": 82.41, "temperatureMaxTime": 1459540800, "apparentTemperatureMin": 66.22, "apparentTemperatureMinTime": 1459519200, "apparentTemperatureMax": 82.47, "apparentTemperatureMaxTime": 1459540800}]}, "flags": {"sources": ["cmc", "gfs", "hrrr", "icon", "isd", "madis", "nam", "sref"], "nearest-station": 1.106, "units": "us"}, "offset": -4}