{"latitude": 38.912659, "longitude": -77.017669, "timezone": "America/New_York", "currently": {"time": 1462766400, "summary": "Clear", "icon": "clear-night", "precipIntensity": 0, "precipProbability": 0, "temperature": 53.13, "apparentTemperature": 53.13, "dewPoint": 39.14, "humidity": 0.59, "pressure": 1015.64, "windSpeed": 0.04, "windGust": 0.26, "windBearing": 334, "cloudCover": 0, "uvIndex": 0, "visibility": 7.54}, "hourly": {"summary": "Mostly cloudy starting in the morning.", "icon": "partly-cloudy-day", "data": [{"time": 1462766400, "summary": "Clear", "icon": "clear-night", "precipIntensity": 0, "precipProbability": 0, "temperature": 53.13, "apparentTemperature": 53.13, "dewPoint": 39.14, "humidity": 0.59, "pressure": 1015.64, "windSpeed": 0.04, "windGust": 0.26, "windBearing": 334, "cloudCover": 0, "uvIndex": 0, "visibility": 7.54}, {"time": 1462770000, "summary": "Clear", "icon": "clear-night", "precipIntensity": 0, "precipProbability": 0, "temperature": 50.4, "apparentTemperature": 50.4, "dewPoint": 39.73, "humidity": 0.67, "pressure": 1016.39, "windSpeed": 0, "windGust": 0.11, "cloudCover": 0.03, "uvIndex": 0, "visibility": 8.21}, {"time": 1462773600, "summary": "Partly Cloudy", "icon": "partly-cloudy-night", "precipIntensity": 0, "precipProbability": 0, "temperature": 48.27, "apparentTemperature": 48.27, "dewPoint": 39.86, "humidity": 0.73, "pressure": 1016.54, "windSpeed": 0, "windGust": 0.07, "cloudCover": 0.4, "uvIndex": 0, "visibility": 8.21}, {"time": 1462777200, "summary": "Clear", "icon": "clear-night", "precipIntensity": 0, "precipProbability": 0, "temperature": 46.74, "apparentTemperature": 46.74, "dewPoint": 39.66, "humidity": 0.76, "pressure": 1016.56, "windSpeed": 0, "windGust": 0.17, "cloudCover": 0.1, "uvIndex": 0, "visibility": 8.87}, {"time": 1462780800, "summary": "Clear", "icon": "clear-night", "precipIntensity": 0, "precipProbability": 0, "temperature": 45.63, "apparentTemperature": 45.63, "dewPoint": 39.56, "humidity": 0.79, "pressure": 1016.78, "windSpeed": 0, "windGust": 0.15, "cloudCover": 0.23, "uvIndex": 0, "visibility": 8.21}, {"time": 1462784400, "summary": "Partly Cloudy", "icon": "partly-cloudy-night", "precipIntensity": 0, "precipProbability": 0, "temperature": 45.21, "apparentTemperature": 45.21, "dewPoint": 39.57, "humidity": 0.8, "pressure": 1016.84, "windSpeed": 0, "windGust": 0.08, "cloudCover": 0.49, "uvIndex": 0, "visibility": 7.8}, {"time": 1462788000, "summary": "Mostly Cloudy", "icon": "partly-cloudy-night", "precipIntensity": 0, "precipProbability": 0, "temperature": 44.99, "apparentTemperature": 44.99, "dewPoint": 39.82, "humidity": 0.82, "pressure": 1017.13, "windSpeed": 0, "windGust": 0.14, "cloudCover": 0.63, "uvIndex": 0, "visibility": 7.04}, {"time": 1462791600, "summary": "Partly Cloudy", "icon": "partly-cloudy-day", "precipIntensity": 0, "precipProbability": 0, "temperature": 47.09, "apparentTemperature": 47.09, "dewPoint": 41.73, "humidity": 0.82, "pressure": 1018.03, "windSpeed": 0.01, "windGust": 0.19, "windBearing": 219, "cloudCover": 0.59, "uvIndex": 0, "visibility": 10}, {"time": 1462795200, "summary": "Partly Cloudy", "icon": "partly-cloudy-day", "precipIntensity": 0, "precipProbability": 0, "temperature": 52.54, "apparentTemperature": 52.54, "dewPoint": 44.66, "humidity": 0.74, "pressure": 1018.14, "windSpeed": 0.09, "windGust": 0.43, "windBearing": 257, "cloudCover": 0.3, "uvIndex": 1, "visibility": 10}, {"time": 1462798800, "summary": "Partly Cloudy", "icon": "partly-cloudy-day", "precipIntensity": 0, "precipProbability": 0, "temperature": 58.16, "apparentTemperature": 58.16, "dewPoint": 45.11, "humidity": 0.62, "pressure": 1018.11, "windSpeed": 0.14, "windGust": 1.3, "windBearing": 229, "cloudCover": 0.52, "uvIndex": 2, "visibility": 9.48}, {"time": 1462802400, "summary": "Mostly Cloudy", "icon": "partly-cloudy-day", "precipIntensity": 0, "precipProbability": 0, "temperature": 61.09, "apparentTemperature": 61.09, "dewPoint": 44.72, "humidity": 0.55, "pressure": 1018.95, "windSpeed": 0.52, "windGust": 2.55, "windBearing": 226, "cloudCover": 0.6, "uvIndex": 4, "visibility": 7.9}, {"time": 1462806000, "summary": "Mostly Cloudy", "icon": "partly-cloudy-day", "precipIntensity": 0, "precipProbability": 0, "temperature": 60.32, "apparentTemperature": 60.32, "dewPoint": 46.66, "humidity": 0.61, "pressure": 1019.79, "windSpeed": 1.36, "windGust": 4.59, "windBearing": 238, "cloudCover": 0.84, "uvIndex": 5, "visibility": 8.36}, {"time": 1462809600, "summary": "Mostly Cloudy", "icon": "partly-cloudy-day", "precipIntensity": 0.0045, "precipProbability": 0.5, "precipType": "rain", "temperature": 57.67, "apparentTemperature": 57.67, "dewPoint": 49.37, "humidity": 0.74, "pressure": 1021.07, "windSpeed": 1.51, "windGust": 5.18, "windBearing": 243, "cloudCover": 0.88, "uvIndex": 5, "visibility": 7.08}, {"time": 1462813200, "summary": "Overcast", "icon": "cloudy", "precipIntensity": 0.0132, "precipProbability": 0.78, "precipType": "rain", "temperature": 56.58, "apparentTemperature": 56.58, "dewPoint": 51.33, "humidity": 0.83, "pressure": 1020.48, "windSpeed": 1.05, "windGust": 3.55, "windBearing": 224, "cloudCover": 0.97, "uvIndex": 5, "visibility": 7.42}, {"time": 1462816800, "summary": "Mostly Cloudy", "icon": "partly-cloudy-day", "precipIntensity": 0.0107, "precipProbability": 0.74, "precipType": "rain", "temperature": 57.05, "apparentTemperature": 57.05, "dewPoint": 52.63, "humidity": 0.85, "pressure": 1019.84, "windSpeed": 0.28, "windGust": 2.21, "windBearing": 213, "cloudCover": 0.91, "uvIndex": 5, "visibility": 8.08}, {"time": 1462820400, "summary": "Mostly Cloudy", "icon": "partly-cloudy-day", "precipIntensity": 0.0026, "precipProbability": 0.5, "precipType": "rain", "temperature": 58.39, "apparentTemperature": 58.39, "dewPoint": 53.86, "humidity": 0.85, "pressure": 1018.79, "windSpeed": 0.22, "windGust": 1.69, "windBearing": 246, "cloudCover": 0.92, "uvIndex": 4, "visibility": 7.98}, {"time": 1462824000, "summary": "Mostly Cloudy", "icon": "partly-cloudy-day", "precipIntensity": 0, "precipProbability": 0, "temperature": 60.68, "apparentTemperature": 60.68, "dewPoint": 54.88, "humidity": 0.81, "pressure": 1018.25, "windSpeed": 0.48, "windGust": 2.37, "windBearing": 234, "cloudCover": 0.67, "uvIndex": 4, "visibility": 7.97}, {"time": 1462827600, "summary": "Partly Cloudy", "icon": "partly-cloudy-day", "precipIntensity": 0, "precipProbability": 0, "temperature": 61.7, "apparentTemperature": 61.7, "dewPoint": 54.68, "humidity": 0.78, "pressure": 1018.02, "windSpeed": 0.32, "windGust": 1.94, "windBearing": 235, "cloudCover": 0.48, "uvIndex": 3, "visibility": 7.98}, {"time": 1462831200, "summary": "Mostly Cloudy", "icon": "partly-cloudy-day", "precipIntensity": 0, "precipProbability": 0, "temperature": 63.22, "apparentTemperature": 63.22, "dewPoint": 53.89, "humidity": 0.72, "pressure": 1017.87, "windSpeed": 0.37, "windGust": 2.15, "windBearing": 229, "cloudCover": 0.65, "uvIndex": 1, "visibility": 8.25}, {"time": 1462834800, "summary": "Mostly Cloudy", "icon": "partly-cloudy-day", "precipIntensity": 0, "precipProbability": 0, "temperature": 62.65, "apparentTemperature": 62.65, "dewPoint": 53.61, "humidity": 0.72, "pressure": 1018.11, "windSpeed": 0.4, "windGust": 1.21, "windBearing": 213, "cloudCover": 0.71, "uvIndex": 0, "visibility": 7.9}, {"time": 1462838400, "summary": "Overcast", "icon": "cloudy", "precipIntensity": 0, "precipProbability": 0, "temperature": 61.21, "apparentTemperature": 61.21, "dewPoint": 53.25, "humidity": 0.75, "pressure": 1018.65, "windSpeed": 0.11, "windGust": 0.55, "windBearing": 263, "cloudCover": 0.97, "uvIndex": 0, "visibility": 7.96}, {"time": 1462842000, "summary": "Overcast", "icon": "cloudy", "precipIntensity": 0, "precipProbability": 0, "temperature": 59.96, "apparentTemperature": 59.96, "dewPoint": 53.56, "humidity": 0.79, "pressure": 1019.1, "windSpeed": 0, "windGust": 0.09, "cloudCover": 1, "uvIndex": 0, "visibility": 7.87}, {"time": 1462845600, "summary": "Overcast", "icon": "cloudy", "precipIntensity": 0, "precipProbability": 0, "temperature": 59.04, "apparentTemperature": 59.04, "dewPoint": 53.62, "humidity": 0.82, "pressure": 1019.26, "windSpeed": 0, "windGust": 0.14, "cloudCover": 1, "uvIndex": 0, "visibility": 8.25}, {"time": 1462849200, "summary": "Mostly Cloudy", "icon": "partly-cloudy-night", "precipIntensity": 0, "precipProbability": 0, "temperature": 58.36, "apparentTemperature": 58.36, "dewPoint": 53.67, "humidity": 0.84, "pressure": 1019.48, "windSpeed": 0, "windGust": 0.05, "cloudCover": 0.92, "uvIndex": 0, "visibility": 8}]}, "daily": {"data": [{"time": 1462766400, "summary": "Mostly cloudy throughout the day.", "icon": "partly-cloudy-day", "sunriseTime": 1462788110, "sunsetTime": 1462838988, "moonPhase": 0.11, "precipIntensity": 0.0013, "precipIntensityMax": 0.0132, "precipIntensityMaxTime": 1462813200, "precipProbability": 0.78, "precipType": "rain", "temperatureHigh": 63.22, "temperatureHighTime": 1462831200, "temperatureLow": 56.5, "temperatureLowTime": 1462881600, "apparentTemperatureHigh": 63.22, "apparentTemperatureHighTime": 1462831200, "apparentTemperatureLow": 56.5, "apparentTemperatureLowTime": 1462881600, "dewPoint": 47.44, "humidity": 0.75, "pressure": 1018.24, "windSpeed": 0.28, "windGust": 5.18, "windGustTime": 1462809600, "windBearing": 234, "cloudCover": 0.62, "uvIndex": 5, "uvIndexTime": 1462806000, "visibility": 8.18, "temperatureMin": 44.99, "temperatureMinTime": 1462788000, "temperatureMax": 63.22, "temperatureMaxTime": 1462831200, "apparentTemperatureMin": 44.99, "apparentTemperatureMinTime": 1462788000, "apparentTemperatureMax": 63.22, "apparentTemperatureMaxTime": 1462831200}]}, "flags": {"sources": ["cmc", "gfs", "hrrr", "icon", "isd", "madis", "nam", "sref"], "nearest-station": 1.106, "units": "us"}, "offset": -4}