{"latitude": 38.912659, "longitude": -77.017669, "timezone": "America/New_York", "currently": {"time": 1439611200, "summary": "Clear", "icon": "clear-night", "precipIntensity": 0, "precipProbability": 0, "temperature": 69.65, "apparentTemperature": 69.76, "dewPoint": 60.7, "humidity": 0.73, "pressure": 1020.59, "windSpeed": 0.01, "windGust": 0.18, "windBearing": 180, "cloudCover": 0, "uvIndex": 0, "visibility": 7.57}, "hourly": {"summary": "Clear throughout the day.", "icon": "clear-day", "data": [{"time": 1439611200, "summary": "Clear", "icon": "clear-night", "precipIntensity": 0, "precipProbability": 0, "temperature": 69.65, "apparentTemperature": 69.76, "dewPoint": 60.7, "humidity": 0.73, "pressure": 1020.59, "windSpeed": 0.01, "windGust": 0.18, "windBearing": 180, "cloudCover": 0, "uvIndex": 0, "visibility": 7.57}, {"time": 1439614800, "summary": "Clear", "icon": "clear-night", "precipIntensity": 0, "precipProbability": 0, "temperature": 67.84, "apparentTemperature": 67.97, "dewPoint": 60.62, "humidity": 0.78, "pressure": 1020.61, "windSpeed": 0, "windGust": 0.1, "cloudCover": 0, "uvIndex": 0, "visibility": 7.59}, {"time": 1439618400, "summary": "Clear", "icon": "clear-night", "precipIntensity": 0, "precipProbability": 0, "temperature": 66.64, "apparentTemperature": 66.77, "dewPoint": 60.29, "humidity": 0.8, "pressure": 1020.46, "windSpeed": 0.02, "windGust": 0.12, "windBearing": 180, "cloudCover": 0, "uvIndex": 0, "visibility": 8.39}, {"time": 1439622000, "summary": "Clear", "icon": "clear-night", "precipIntensity": 0, "precipProbability": 0, "temperature": 65.84, "apparentTemperature": 65.93, "dewPoint": 59.8, "humidity": 0.81, "pressure": 1019.97, "windSpeed": 0.06, "windGust": 0.25, "windBearing": 199, "cloudCover": 0, "uvIndex": 0, "visibility": 8.14}, {"time": 1439625600, "summary": "Clear", "icon": "clear-night", "precipIntensity": 0, "precipProbability": 0, "temperature": 65.29, "apparentTemperature": 65.36, "dewPoint": 59.59, "humidity": 0.82, "pressure": 1019.95, "windSpeed": 0.08, "windGust": 0.43, "windBearing": 205, "cloudCover": 0, "uvIndex": 0, "visibility": 8.8}, {"time": 1439629200, "summary": "Clear", "icon": "clear-night", "precipIntensity": 0, "precipProbability": 0, "temperature": 64.38, "apparentTemperature": 64.45, "dewPoint": 59.33, "humidity": 0.84, "pressure": 1020.05, "windSpeed": 0, "windGust": 0.11, "cloudCover": 0, "uvIndex": 0, "visibility": 6.54}, {"time": 1439632800, "summary": "Clear", "icon": "clear-night", "precipIntensity": 0, "precipProbability": 0, "temperature": 63.58, "apparentTemperature": 63.65, "dewPoint": 59.07, "humidity": 0.85, "pressure": 1020.29, "windSpeed": 0, "windGust": 0.05, "cloudCover": 0.13, "uvIndex": 0, "visibility": 7.29}, {"time": 1439636400, "summary": "Partly Cloudy", "icon": "partly-cloudy-day", "precipIntensity": 0, "precipProbability": 0, "temperature": 63.54, "apparentTemperature": 63.64, "dewPoint": 59.29, "humidity": 0.86, "pressure": 1021.01, "windSpeed": 0, "windGust": 0.07, "cloudCover": 0.31, "uvIndex": 0, "visibility": 6.91}, {"time": 1439640000, "summary": "Clear", "icon": "clear-day", "precipIntensity": 0, "precipProbability": 0, "temperature": 66.72, "apparentTemperature": 67.04, "dewPoint": 61.69, "humidity": 0.84, "pressure": 1021.53, "windSpeed": 0.06, "windGust": 0.64, "windBearing": 219, "cloudCover": 0.04, "uvIndex": 1, "visibility": 10}, {"time": 1439643600, "summary": "Clear", "icon": "clear-day", "precipIntensity": 0, "precipProbability": 0, "temperature": 72.43, "apparentTemperature": 72.84, "dewPoint": 63.57, "humidity": 0.74, "pressure": 1021.48, "windSpeed": 0.35, "windGust": 1.32, "windBearing": 209, "cloudCover": 0.18, "uvIndex": 2, "visibility": 10}, {"time": 1439647200, "summary": "Clear", "icon": "clear-day", "precipIntensity": 0, "precipProbability": 0, "temperature": 77.08, "apparentTemperature": 77.57, "dewPoint": 64.58, "humidity": 0.65, "pressure": 1021.24, "windSpeed": 0.38, "windGust": 2.67, "windBearing": 203, "cloudCover": 0.05, "uvIndex": 4, "visibility": 9.4}, {"time": 1439650800, "summary": "Clear", "icon": "clear-day", "precipIntensity": 0, "precipProbability": 0, "temperature": 80.79, "apparentTemperature": 82.64, "dewPoint": 65.05, "humidity": 0.59, "pressure": 1021.61, "windSpeed": 0.76, "windGust": 3.24, "windBearing": 208, "cloudCover": 0.05, "uvIndex": 6, "visibility": 7.95}, {"time": 1439654400, "summary": "Clear", "icon": "clear-day", "precipIntensity": 0, "precipProbability": 0, "temperature": 83.77, "apparentTemperature": 85.61, "dewPoint": 65.12, "humidity": 0.54, "pressure": 1021.36, "windSpeed": 0.98, "windGust": 3.75, "windBearing": 171, "cloudCover": 0.03, "uvIndex": 8, "visibility": 7.88}, {"time": 1439658000, "summary": "Clear", "icon": "clear-day", "precipIntensity": 0, "precipProbability": 0, "temperature": 85.78, "apparentTemperature": 87.24, "dewPoint": 64.27, "humidity": 0.49, "pressure": 1020.92, "windSpeed": 0.99, "windGust": 4.9, "windBearing": 181, "cloudCover": 0.21, "uvIndex": 8, "visibility": 7.78}, {"time": 1439661600, "summary": "Clear", "icon": "clear-day", "precipIntensity": 0, "precipProbability": 0, "temperature": 87.08, "apparentTemperature": 88.27, "dewPoint": 63.66, "humidity": 0.46, "pressure": 1020.49, "windSpeed": 1.01, "windGust": 4.69, "windBearing": 178, "cloudCover": 0.06, "uvIndex": 9, "visibility": 7.83}, {"time": 1439665200, "summary": "Clear", "icon": "clear-day", "precipIntensity": 0, "precipProbability": 0, "temperature": 87.95, "apparentTemperature": 88.95, "dewPoint": 63.21, "humidity": 0.44, "pressure": 1020.19, "windSpeed": 1.14, "windGust": 5.44, "windBearing": 169, "cloudCover": 0.03, "uvIndex": 7, "visibility": 7.79}, {"time": 1439668800, "summary": "Clear", "icon": "clear-day", "precipIntensity": 0, "precipProbability": 0, "temperature": 88.28, "apparentTemperature": 89.61, "dewPoint": 63.9, "humidity": 0.45, "pressure": 1019.54, "windSpeed": 1.44, "windGust": 5.4, "windBearing": 163, "cloudCover": 0.03, "uvIndex": 5, "visibility": 7.56}, {"time": 1439672400, "summary": "Clear", "icon": "clear-day", "precipIntensity": 0, "precipProbability": 0, "temperature": 87.88, "apparentTemperature": 89.02, "dewPoint": 63.52, "humidity": 0.44, "pressure": 1019.24, "windSpeed": 1.53, "windGust": 5.59, "windBearing": 181, "cloudCover": 0, "uvIndex": 3, "visibility": 7.82}, {"time": 1439676000, "summary": "Clear", "icon": "clear-day", "precipIntensity": 0, "precipProbability": 0, "temperature": 86.3, "apparentTemperature": 87.68, "dewPoint": 64.08, "humidity": 0.48, "pressure": 1018.88, "windSpeed": 2, "windGust": 4.81, "windBearing": 173, "cloudCover": 0.11, "uvIndex": 1, "visibility": 7.97}, {"time": 1439679600, "summary": "Clear", "icon": "clear-day", "precipIntensity": 0, "precipProbability": 0, "temperature": 83.47, "apparentTemperature": 84.86, "dewPoint": 63.95, "humidity": 0.52, "pressure": 1019.03, "windSpeed": 1.24, "windGust": 3.3, "windBearing": 176, "cloudCover": 0.01, "uvIndex": 0, "visibility": 8.16}, {"time": 1439683200, "summary": "Clear", "icon": "clear-night", "precipIntensity": 0, "precipProbability": 0, "temperature": 80.45, "apparentTemperature": 81.98, "dewPoint": 63.74, "humidity": 0.57, "pressure": 1019.18, "windSpeed": 0.77, "windGust": 2.38, "windBearing": 175, "cloudCover": 0.08, "uvIndex": 0, "visibility": 7.38}, {"time": 1439686800, "summary": "Clear", "icon": "clear-night", "precipIntensity": 0, "precipProbability": 0, "temperature": 77.4, "apparentTemperature": 77.74, "dewPoint": 63.23, "humidity": 0.62, "pressure": 1019.6, "windSpeed": 0.37, "windGust": 1.36, "windBearing": 178, "cloudCover": 0.2, "uvIndex": 0, "visibility": 7.32}, {"time": 1439690400, "summary": "Clear", "icon": "clear-night", "precipIntensity": 0, "precipProbability": 0, "temperature": 74.6, "apparentTemperature": 74.9, "dewPoint": 62.81, "humidity": 0.67, "pressure": 1020.21, "windSpeed": 0.07, "windGust": 0.63, "windBearing": 180, "cloudCover": 0.07, "uvIndex": 0, "visibility": 9.25}, {"time": 1439694000, "summary": "Clear", "icon": "clear-night", "precipIntensity": 0, "precipProbability": 0, "temperature": 72.46, "apparentTemperature": 72.79, "dewPoint": 62.88, "humidity": 0.72, "pressure": 1020.72, "windSpeed": 0.06, "windGust": 0.5, "windBearing": 185, "cloudCover": 0.11, "uvIndex": 0, "visibility": 9.09}]}, "daily": {"data": [{"time": 1439611200, "summary": "Clear throughout the day.", "icon": "clear-day", "sunriseTime": 1439634180, "sunsetTime": 1439683498, "moonPhase": 0.04, "precipIntensity": 0, "precipIntensityMax": 0, "precipProbability": 0, "temperatureHigh": 88.28, "temperatureHighTime": 1439668800, "temperatureLow": 64.7, "temperatureLowTime": 1439722800, "apparentTemperatureHigh": 89.61, "apparentTemperatureHighTime": 1439668800, "apparentTemperatureLow": 64.98, "apparentTemperatureLowTime": 1439722800, "dewPoint": 62.41, "humidity": 0.65, "pressure": 1020.34, "windSpeed": 0.54, "windGust": 5.59, "windGustTime": 1439672400, "windBearing": 178, "cloudCover": 0.07, "uvIndex": 9, "uvIndexTime": 1439661600, "visibility": 8.1, "temperatureMin": 63.54, "temperatureMinTime": 1439636400, "temperatureMax": 88.28, "temperatureMaxTime": 1439668800, "apparentTemperatureMin": 63.64, "apparentTemperatureMinTime": 1439636400, "apparentTemperatureMax": 89.61, "apparentTemperatureMaxTime": 1439668800}]}, "flags": {"sources": ["cmc", "gfs", "hrrr", "icon", "isd", "madis", "nam", "sref"], "nearest-station": 0.675, "units": "us"}, "offset": -4}