{"latitude": 38.912659, "longitude": -77.017669, "timezone": "America/New_York", "currently": {"time": 1447563600, "summary": "Clear", "icon": "clear-night", "precipIntensity": 0, "precipProbability": 0, "temperature": 36.79, "apparentTemperature": 36.79, "dewPoint": 28.98, "humidity": 0.73, "pressure": 1027.5, "windSpeed": 0, "windGust": 0.2, "cloudCover": 0, "uvIndex": 0, "visibility": 10}, "hourly": {"summary": "Clear throughout the day.", "icon": "clear-day", "data": [{"time": 1447563600, "summary": "Clear", "icon": "clear-night", "precipIntensity": 0, "precipProbability": 0, "temperature": 36.79, "apparentTemperature": 36.79, "dewPoint": 28.98, "humidity": 0.73, "pressure": 1027.5, "windSpeed": 0, "windGust": 0.2, "cloudCover": 0, "uvIndex": 0, "visibility": 10}, {"time": 1447567200, "summary": "Clear", "icon": "clear-night", "precipIntensity": 0, "precipProbability": 0, "temperature": 35.2, "apparentTemperature": 35.2, "dewPoint": 28.81, "humidity": 0.77, "pressure": 1027.83, "windSpeed": 0, "windGust": 0.06, "cloudCover": 0, "uvIndex": 0, "visibility": 8.41}, {"time": 1447570800, "summary": "Clear", "icon": "clear-night", "precipIntensity": 0, "precipProbability": 0, "temperature": 34.53, "apparentTemperature": 34.53, "dewPoint": 28.65, "humidity": 0.79, "pressure": 1027.96, "windSpeed": 0, "windGust": 0.06, "cloudCover": 0, "uvIndex": 0, "visibility": 10}, {"time": 1447574400, "summary": "Clear", "icon": "clear-night", "precipIntensity": 0, "precipProbability": 0, "temperature": 33.86, "apparentTemperature": 33.86, "dewPoint": 28.49, "humidity": 0.8, "pressure": 1028.08, "windSpeed": 0, "windGust": 0.07, "cloudCover": 0, "uvIndex": 0, "visibility": 9.22}, {"time": 1447578000, "summary": "Clear", "icon": "clear-night", "precipIntensity": 0, "precipProbability": 0, "temperature": 33.75, "apparentTemperature": 33.75, "dewPoint": 28.56, "humidity": 0.81, "pressure": 1028.08, "windSpeed": 0, "windGust": 0.25, "cloudCover": 0.02, "uvIndex": 0, "visibility": 8.49}, {"time": 1447581600, "summary": "Clear", "icon": "clear-night", "precipIntensity": 0, "precipProbability": 0, "temperature": 33.89, "apparentTemperature": 33.89, "dewPoint": 28.65, "humidity": 0.81, "pressure": 1028.33, "windSpeed": 0, "windGust": 0.16, "cloudCover": 0.04, "uvIndex": 0, "visibility": 8.65}, {"time": 1447585200, "summary": "Clear", "icon": "clear-night", "precipIntensity": 0, "precipProbability": 0, "temperature": 34.43, "apparentTemperature": 34.43, "dewPoint": 28.66, "humidity": 0.79, "pressure": 1028.81, "windSpeed": 0.03, "windGust": 0.31, "windBearing": 200, "cloudCover": 0.03, "uvIndex": 0, "visibility": 8.64}, {"time": 1447588800, "summary": "Clear", "icon": "clear-day", "precipIntensity": 0, "precipProbability": 0, "temperature": 34.73, "apparentTemperature": 34.73, "dewPoint": 28.79, "humidity": 0.79, "pressure": 1029.22, "windSpeed": 0.04, "windGust": 0.23, "windBearing": 210, "cloudCover": 0.07, "uvIndex": 0, "visibility": 8.89}, {"time": 1447592400, "summary": "Clear", "icon": "clear-day", "precipIntensity": 0, "precipProbability": 0, "temperature": 38.07, "apparentTemperature": 38.07, "dewPoint": 30.12, "humidity": 0.73, "pressure": 1029.67, "windSpeed": 0.44, "windGust": 0.92, "windBearing": 228, "cloudCover": 0.03, "uvIndex": 0, "visibility": 7.68}, {"time": 1447596000, "summary": "Clear", "icon": "clear-day", "precipIntensity": 0, "precipProbability": 0, "temperature": 45.3, "apparentTemperature": 45.3, "dewPoint": 31.45, "humidity": 0.58, "pressure": 1029.91, "windSpeed": 0.95, "windGust": 4.18, "windBearing": 226, "cloudCover": 0.12, "uvIndex": 1, "visibility": 8.47}, {"time": 1447599600, "summary": "Clear", "icon": "clear-day", "precipIntensity": 0, "precipProbability": 0, "temperature": 51.37, "apparentTemperature": 51.37, "dewPoint": 30.27, "humidity": 0.44, "pressure": 1029.73, "windSpeed": 1.84, "windGust": 7.02, "windBearing": 227, "cloudCover": 0.11, "uvIndex": 2, "visibility": 8.25}, {"time": 1447603200, "summary": "Clear", "icon": "clear-day", "precipIntensity": 0, "precipProbability": 0, "temperature": 56.34, "apparentTemperature": 56.34, "dewPoint": 29.82, "humidity": 0.36, "pressure": 1029.07, "windSpeed": 2.71, "windGust": 7.93, "windBearing": 223, "cloudCover": 0.02, "uvIndex": 3, "visibility": 8.16}, {"time": 1447606800, "summary": "Clear", "icon": "clear-day", "precipIntensity": 0, "precipProbability": 0, "temperature": 59.94, "apparentTemperature": 59.94, "dewPoint": 29.99, "humidity": 0.32, "pressure": 1027.9, "windSpeed": 2.64, "windGust": 8.51, "windBearing": 224, "cloudCover": 0.01, "uvIndex": 3, "visibility": 8.63}, {"time": 1447610400, "summary": "Clear", "icon": "clear-day", "precipIntensity": 0, "precipProbability": 0, "temperature": 62.83, "apparentTemperature": 62.83, "dewPoint": 30.62, "humidity": 0.3, "pressure": 1027.03, "windSpeed": 2.66, "windGust": 8.49, "windBearing": 235, "cloudCover": 0, "uvIndex": 2, "visibility": 8.17}, {"time": 1447614000, "summary": "Clear", "icon": "clear-day", "precipIntensity": 0, "precipProbability": 0, "temperature": 64.68, "apparentTemperature": 64.68, "dewPoint": 31.65, "humidity": 0.29, "pressure": 1026.2, "windSpeed": 2.37, "windGust": 8.45, "windBearing": 237, "cloudCover": 0.02, "uvIndex": 2, "visibility": 7.99}, {"time": 1447617600, "summary": "Clear", "icon": "clear-day", "precipIntensity": 0, "precipProbability": 0, "temperature": 65.29, "apparentTemperature": 65.29, "dewPoint": 32.13, "humidity": 0.29, "pressure": 1025.7, "windSpeed": 2.58, "windGust": 8.17, "windBearing": 239, "cloudCover": 0.01, "uvIndex": 1, "visibility": 9.47}, {"time": 1447621200, "summary": "Clear", "icon": "clear-day", "precipIntensity": 0, "precipProbability": 0, "temperature": 64.62, "apparentTemperature": 64.62, "dewPoint": 32.39, "humidity": 0.3, "pressure": 1025.64, "windSpeed": 2.07, "windGust": 6.7, "windBearing": 223, "cloudCover": 0.05, "uvIndex": 0, "visibility": 9.05}, {"time": 1447624800, "summary": "Clear", "icon": "clear-night", "precipIntensity": 0, "precipProbability": 0, "temperature": 61.62, "apparentTemperature": 61.62, "dewPoint": 32.7, "humidity": 0.34, "pressure": 1025.8, "windSpeed": 0.67, "windGust": 2.31, "windBearing": 213, "cloudCover": 0.06, "uvIndex": 0, "visibility": 8.52}, {"time": 1447628400, "summary": "Clear", "icon": "clear-night", "precipIntensity": 0, "precipProbability": 0, "temperature": 57.69, "apparentTemperature": 57.69, "dewPoint": 33.12, "humidity": 0.39, "pressure": 1025.75, "windSpeed": 0.34, "windGust": 1.33, "windBearing": 216, "cloudCover": 0.06, "uvIndex": 0, "visibility": 8.28}, {"time": 1447632000, "summary": "Clear", "icon": "clear-night", "precipIntensity": 0, "precipProbability": 0, "temperature": 55.87, "apparentTemperature": 55.87, "dewPoint": 32.88, "humidity": 0.42, "pressure": 1025.75, "windSpeed": 0.49, "windGust": 1.28, "windBearing": 207, "cloudCover": 0, "uvIndex": 0, "visibility": 7.57}, {"time": 1447635600, "summary": "Clear", "icon": "clear-night", "precipIntensity": 0, "precipProbability": 0, "temperature": 54.2, "apparentTemperature": 54.2, "dewPoint": 32.75, "humidity": 0.44, "pressure": 1025.72, "windSpeed": 0.59, "windGust": 2.07, "windBearing": 214, "cloudCover": 0, "uvIndex": 0, "visibility": 7.89}, {"time": 1447639200, "summary": "Clear", "icon": "clear-night", "precipIntensity": 0, "precipProbability": 0, "temperature": 54.6, "apparentTemperature": 54.6, "dewPoint": 31.93, "humidity": 0.42, "pressure": 1025.82, "windSpeed": 0.85, "windGust": 2.98, "windBearing": 237, "cloudCover": 0, "uvIndex": 0, "visibility": 7.81}, {"time": 1447642800, "summary": "Clear", "icon": "clear-night", "precipIntensity": 0, "precipProbability": 0, "temperature": 54.12, "apparentTemperature": 54.12, "dewPoint": 31.15, "humidity": 0.41, "pressure": 1025.8, "windSpeed": 0.89, "windGust": 3.59, "windBearing": 244, "cloudCover": 0, "uvIndex": 0, "visibility": 6.47}, {"time": 1447646400, "summary": "Clear", "icon": "clear-night", "precipIntensity": 0, "precipProbability": 0, "temperature": 52.73, "apparentTemperature": 52.73, "dewPoint": 31.12, "humidity": 0.43, "pressure": 1025.48, "windSpeed": 0.6, "windGust": 2.24, "windBearing": 246, "cloudCover": 0, "uvIndex": 0, "visibility": 6.12}]}, "daily": {"data": [{"time": 1447563600, "summary": "Clear throughout the day.", "icon": "clear-day", "sunriseTime": 1447588329, "sunsetTime": 1447624559, "moonPhase": 0.13, "precipIntensity": 0, "precipIntensityMax": 0, "precipProbability": 0, "temperatureHigh": 65.29, "temperatureHighTime": 1447617600, "temperatureLow": 39.83, "temperatureLowTime": 1447675200, "apparentTemperatureHigh": 65.29, "apparentTemperatureHighTime": 1447617600, "apparentTemperatureLow": 39.83, "apparentTemperatureLowTime": 1447675200, "dewPoint": 30.57, "humidity": 0.53, "pressure": 1027.37, "windSpeed": 0.94, "windGust": 8.51, "windGustTime": 1447606800, "windBearing": 229, "cloudCover": 0.03, "uvIndex": 3, "uvIndexTime": 1447603200, "visibility": 8.37, "temperatureMin": 33.75, "temperatureMinTime": 1447578000, "temperatureMax": 65.29, "temperatureMaxTime": 1447617600, "apparentTemperatureMin": 33.75, "apparentTemperatureMinTime": 1447578000, "apparentTemperatureMax": 65.29, "apparentTemperatureMaxTime": 1447617600}]}, "flags": {"sources": ["cmc", "gfs", "hrrr", "icon", "isd", "madis", "nam", "sref"], "nearest-station": 1.106, "units": "us"}, "offset": -5}