{"latitude": 38.912659, "longitude": -77.017669, "timezone": "America/New_York", "currently": {"time": 1427774400, "summary": "Partly Cloudy", "icon": "partly-cloudy-night", "precipIntensity": 0, "precipProbability": 0, "temperature": 45.83, "apparentTemperature": 45.83, "dewPoint": 25.37, "humidity": 0.44, "pressure": 1014.06, "windSpeed": 0.17, "windGust": 1.17, "windBearing": 249, "cloudCover": 0.33, "uvIndex": 0, "visibility": 8.22}, "hourly": {"summary": "Partly cloudy in the morning.", "icon": "partly-cloudy-day", "data": [{"time": 1427774400, "summary": "Partly Cloudy", "icon": "partly-cloudy-night", "precipIntensity": 0, "precipProbability": 0, "temperature": 45.83, "apparentTemperature": 45.83, "dewPoint": 25.37, "humidity": 0.44, "pressure": 1014.06, "windSpeed": 0.17, "windGust": 1.17, "windBearing": 249, "cloudCover": 0.33, "uvIndex": 0, "visibility": 8.22}, {"time": 1427778000, "summary": "Partly Cloudy", "icon": "partly-cloudy-night", "precipIntensity": 0, "precipProbability": 0, "temperature": 45.84, "apparentTemperature": 45.84, "dewPoint": 25.85, "humidity": 0.45, "pressure": 1013.89, "windSpeed": 0.48, "windGust": 2.13, "windBearing": 231, "cloudCover": 0.33, "uvIndex": 0, "visibility": 8.38}, {"time": 1427781600, "summary": "Partly Cloudy", "icon": "partly-cloudy-night", "precipIntensity": 0, "precipProbability": 0, "temperature": 46, "apparentTemperature": 46, "dewPoint": 26.13, "humidity": 0.45, "pressure": 1013.7, "windSpeed": 0.52, "windGust": 1.95, "windBearing": 243, "cloudCover": 0.37, "uvIndex": 0, "visibility": 8.06}, {"time": 1427785200, "summary": "Clear", "icon": "clear-night", "precipIntensity": 0, "precipProbability": 0, "temperature": 44.62, "apparentTemperature": 44.62, "dewPoint": 26.16, "humidity": 0.48, "pressure": 1013.19, "windSpeed": 0.32, "windGust": 1.39, "windBearing": 243, "cloudCover": 0, "uvIndex": 0, "visibility": 7.89}, {"time": 1427788800, "summary": "Clear", "icon": "clear-night", "precipIntensity": 0, "precipProbability": 0, "temperature": 43.83, "apparentTemperature": 43.83, "dewPoint": 26.43, "humidity": 0.5, "pressure": 1013, "windSpeed": 0.26, "windGust": 1.37, "windBearing": 238, "cloudCover": 0.13, "uvIndex": 0, "visibility": 9.24}, {"time": 1427792400, "summary": "Clear", "icon": "clear-night", "precipIntensity": 0, "precipProbability": 0, "temperature": 42.58, "apparentTemperature": 42.58, "dewPoint": 26.39, "humidity": 0.52, "pressure": 1012.78, "windSpeed": 0.13, "windGust": 0.59, "windBearing": 244, "cloudCover": 0.12, "uvIndex": 0, "visibility": 7.11}, {"time": 1427796000, "summary": "Clear", "icon": "clear-night", "precipIntensity": 0, "precipProbability": 0, "temperature": 40.81, "apparentTemperature": 40.81, "dewPoint": 26.9, "humidity": 0.57, "pressure": 1013.27, "windSpeed": 0.06, "windGust": 0.4, "windBearing": 204, "cloudCover": 0.13, "uvIndex": 0, "visibility": 7.96}, {"time": 1427799600, "summary": "Mostly Cloudy", "icon": "partly-cloudy-night", "precipIntensity": 0, "precipProbability": 0, "temperature": 40.26, "apparentTemperature": 40.26, "dewPoint": 27.55, "humidity": 0.6, "pressure": 1013.4, "windSpeed": 0.04, "windGust": 0.34, "windBearing": 180, "cloudCover": 0.7, "uvIndex": 0, "visibility": 6.95}, {"time": 1427803200, "summary": "Partly Cloudy", "icon": "partly-cloudy-day", "precipIntensity": 0, "precipProbability": 0, "temperature": 41.39, "apparentTemperature": 41.39, "dewPoint": 28.74, "humidity": 0.6, "pressure": 1013.67, "windSpeed": 0.04, "windGust": 0.41, "windBearing": 180, "cloudCover": 0.47, "uvIndex": 0, "visibility": 8.49}, {"time": 1427806800, "summary": "Partly Cloudy", "icon": "partly-cloudy-day", "precipIntensity": 0, "precipProbability": 0, "temperature": 49.13, "apparentTemperature": 49.13, "dewPoint": 30.32, "humidity": 0.48, "pressure": 1013.64, "windSpeed": 0.67, "windGust": 2.75, "windBearing": 215, "cloudCover": 0.3, "uvIndex": 1, "visibility": 8.38}, {"time": 1427810400, "summary": "Partly Cloudy", "icon": "partly-cloudy-day", "precipIntensity": 0, "precipProbability": 0, "temperature": 55.16, "apparentTemperature": 55.16, "dewPoint": 30.6, "humidity": 0.39, "pressure": 1012.55, "windSpeed": 2.79, "windGust": 8.34, "windBearing": 196, "cloudCover": 0.4, "uvIndex": 3, "visibility": 8.93}, {"time": 1427814000, "summary": "Clear", "icon": "clear-day", "precipIntensity": 0, "precipProbability": 0, "temperature": 59.92, "apparentTemperature": 59.92, "dewPoint": 30.54, "humidity": 0.33, "pressure": 1010.71, "windSpeed": 4.46, "windGust": 13.97, "windBearing": 209, "cloudCover": 0.11, "uvIndex": 5, "visibility": 9.45}, {"time": 1427817600, "summary": "Clear", "icon": "clear-day", "precipIntensity": 0, "precipProbability": 0, "temperature": 62.67, "apparentTemperature": 62.67, "dewPoint": 31.23, "humidity": 0.31, "pressure": 1008.71, "windSpeed": 4.8, "windGust": 15.17, "windBearing": 211, "cloudCover": 0.04, "uvIndex": 7, "visibility": 10}, {"time": 1427821200, "summary": "Clear", "icon": "clear-day", "precipIntensity": 0, "precipProbability": 0, "temperature": 65, "apparentTemperature": 65, "dewPoint": 31.75, "humidity": 0.29, "pressure": 1006.85, "windSpeed": 5.8, "windGust": 16.68, "windBearing": 209, "cloudCover": 0.23, "uvIndex": 7, "visibility": 9.49}, {"time": 1427824800, "summary": "Clear", "icon": "clear-day", "precipIntensity": 0, "precipProbability": 0, "temperature": 67.14, "apparentTemperature": 67.14, "dewPoint": 32.1, "humidity": 0.27, "pressure": 1004.07, "windSpeed": 6.84, "windGust": 18.56, "windBearing": 207, "cloudCover": 0.17, "uvIndex": 7, "visibility": 8.76}, {"time": 1427828400, "summary": "Partly Cloudy", "icon": "partly-cloudy-day", "precipIntensity": 0, "precipProbability": 0, "temperature": 68.27, "apparentTemperature": 68.27, "dewPoint": 31.92, "humidity": 0.26, "pressure": 1002.28, "windSpeed": 5.18, "windGust": 17, "windBearing": 223, "cloudCover": 0.36, "uvIndex": 5, "visibility": 8.43}, {"time": 1427832000, "summary": "Mostly Cloudy", "icon": "partly-cloudy-day", "precipIntensity": 0, "precipProbability": 0, "temperature": 67.25, "apparentTemperature": 67.25, "dewPoint": 33.63, "humidity": 0.29, "pressure": 1001.64, "windSpeed": 4.24, "windGust": 14.29, "windBearing": 252, "cloudCover": 0.72, "uvIndex": 3, "visibility": 8.82}, {"time": 1427835600, "summary": "Mostly Cloudy", "icon": "partly-cloudy-day", "precipIntensity": 0.0002, "precipProbability": 0.08, "precipType": "rain", "temperature": 64.29, "apparentTemperature": 64.29, "dewPoint": 38.86, "humidity": 0.39, "pressure": 1001.62, "windSpeed": 3.04, "windGust": 14.27, "windBearing": 270, "cloudCover": 0.88, "uvIndex": 2, "visibility": 9.41}, {"time": 1427839200, "summary": "Mostly Cloudy", "icon": "partly-cloudy-day", "precipIntensity": 0.0033, "precipProbability": 0.42, "precipType": "rain", "temperature": 62.3, "apparentTemperature": 62.3, "dewPoint": 41.34, "humidity": 0.46, "pressure": 1002.89, "windSpeed": 2.72, "windGust": 11.82, "windBearing": 276, "cloudCover": 0.9, "uvIndex": 1, "visibility": 8.98}, {"time": 1427842800, "summary": "Mostly Cloudy", "icon": "partly-cloudy-day", "precipIntensity": 0.0029, "precipProbability": 0.42, "precipType": "rain", "temperature": 59.48, "apparentTemperature": 59.48, "dewPoint": 42.17, "humidity": 0.53, "pressure": 1003.33, "windSpeed": 3.92, "windGust": 16.49, "windBearing": 336, "cloudCover": 0.82, "uvIndex": 0, "visibility": 9.39}, {"time": 1427846400, "summary": "Mostly Cloudy", "icon": "partly-cloudy-night", "precipIntensity": 0.0044, "precipProbability": 0.58, "precipType": "rain", "temperature": 53.94, "apparentTemperature": 53.94, "dewPoint": 43.73, "humidity": 0.68, "pressure": 1006.09, "windSpeed": 3.35, "windGust": 9.98, "windBearing": 341, "cloudCover": 0.71, "uvIndex": 0, "visibility": 10}, {"time": 1427850000, "summary": "Mostly Cloudy", "icon": "partly-cloudy-night", "precipIntensity": 0.0037, "precipProbability": 0.49, "precipType": "rain", "temperature": 51.82, "apparentTemperature": 51.82, "dewPoint": 42.57, "humidity": 0.71, "pressure": 1007.9, "windSpeed": 2.83, "windGust": 8.61, "windBearing": 344, "cloudCover": 0.75, "uvIndex": 0, "visibility": 8.32}, {"time": 1427853600, "summary": "Partly Cloudy", "icon": "partly-cloudy-night", "precipIntensity": 0, "precipProbability": 0, "temperature": 49.41, "apparentTemperature": 48.52, "dewPoint": 39.73, "humidity": 0.69, "pressure": 1009.21, "windSpeed": 3.56, "windGust": 9.74, "windBearing": 351, "cloudCover": 0.31, "uvIndex": 0, "visibility": 8.28}, {"time": 1427857200, "summary": "Clear", "icon": "clear-night", "precipIntensity": 0, "precipProbability": 0, "temperature": 46.34, "apparentTemperature": 44.5, "dewPoint": 37.64, "humidity": 0.72, "pressure": 1010.47, "windSpeed": 4.18, "windGust": 12.11, "windBearing": 355, "cloudCover": 0.06, "uvIndex": 0, "visibility": 8.32}]}, "daily": {"data": [{"time": 1427774400, "summary": "Partly cloudy in the morning.", "icon": "partly-cloudy-day", "sunriseTime": 1427799327, "sunsetTime": 1427844676, "moonPhase": 0.38, "precipIntensity": 0.0006, "precipIntensityMax": 0.0044, "precipIntensityMaxTime": 1427846400, "precipProbability": 0.58, "precipType": "rain", "temperatureHigh": 68.27, "temperatureHighTime": 1427828400, "temperatureLow": 33.01, "temperatureLowTime": 1427886000, "apparentTemperatureHigh": 68.27, "apparentTemperatureHighTime": 1427828400, "apparentTemperatureLow": 33.01, "apparentTemperatureLowTime": 1427886000, "dewPoint": 32.4, "humidity": 0.48, "pressure": 1009.29, "windSpeed": 1.37, "windGust": 18.56, "windGustTime": 1427824800, "windBearing": 250, "cloudCover": 0.39, "uvIndex": 7, "uvIndexTime": 1427817600, "visibility": 8.64, "temperatureMin": 40.26, "temperatureMinTime": 1427799600, "temperatureMax": 68.27, "temperatureMaxTime": 1427828400, "apparentTemperatureMin": 40.26, "apparentTemperatureMinTime": 1427799600, "apparentTemperatureMax": 68.27, "apparentTemperatureMaxTime": 1427828400}]}, "flags": {"sources": ["cmc", "gfs", "hrrr", "icon", "isd", "madis", "nam", "sref"], "nearest-station": 0.675, "units": "us"}, "offset": -4}