{"latitude": 38.912659, "longitude": -77.017669, "timezone": "America/New_York", "currently": {"time": 1440907200, "summary": "Clear", "icon": "clear-night", "precipIntensity": 0, "precipProbability": 0, "temperature": 72.9, "apparentTemperature": 73.49, "dewPoint": 65.06, "humidity": 0.76, "pressure": 1020.19, "windSpeed": 0.52, "windGust": 2.1, "windBearing": 183, "cloudCover": 0.17, "uvIndex": 0, "visibility": 8.21}, "hourly": {"summary": "Partly cloudy starting in the evening.", "icon": "partly-cloudy-night", "data": [{"time": 1440907200, "summary": "Clear", "icon": "clear-night", "precipIntensity": 0, "precipProbability": 0, "temperature": 72.9, "apparentTemperature": 73.49, "dewPoint": 65.06, "humidity": 0.76, "pressure": 1020.19, "windSpeed": 0.52, "windGust": 2.1, "windBearing": 183, "cloudCover": 0.17, "uvIndex": 0, "visibility": 8.21}, {"time": 1440910800, "summary": "Clear", "icon": "clear-night", "precipIntensity": 0, "precipProbability": 0, "temperature": 71.75, "apparentTemperature": 72.31, "dewPoint": 64.63, "humidity": 0.78, "pressure": 1019.97, "windSpeed": 0.59, "windGust": 1.91, "windBearing": 184, "cloudCover": 0.05, "uvIndex": 0, "visibility": 8.55}, {"time": 1440914400, "summary": "Clear", "icon": "clear-night", "precipIntensity": 0, "precipProbability": 0, "temperature": 70.4, "apparentTemperature": 70.94, "dewPoint": 64.27, "humidity": 0.81, "pressure": 1019.3, "windSpeed": 0.39, "windGust": 1.02, "windBearing": 187, "cloudCover": 0.03, "uvIndex": 0, "visibility": 8.04}, {"time": 1440918000, "summary": "Clear", "icon": "clear-night", "precipIntensity": 0, "precipProbability": 0, "temperature": 69.16, "apparentTemperature": 69.68, "dewPoint": 63.77, "humidity": 0.83, "pressure": 1019.16, "windSpeed": 0.27, "windGust": 0.79, "windBearing": 199, "cloudCover": 0.03, "uvIndex": 0, "visibility": 7.75}, {"time": 1440921600, "summary": "Clear", "icon": "clear-night", "precipIntensity": 0, "precipProbability": 0, "temperature": 68.35, "apparentTemperature": 68.86, "dewPoint": 63.53, "humidity": 0.85, "pressure": 1019.11, "windSpeed": 0.07, "windGust": 0.7, "windBearing": 185, "cloudCover": 0.03, "uvIndex": 0, "visibility": 8.75}, {"time": 1440925200, "summary": "Clear", "icon": "clear-night", "precipIntensity": 0, "precipProbability": 0, "temperature": 67.21, "apparentTemperature": 67.66, "dewPoint": 62.82, "humidity": 0.86, "pressure": 1019.07, "windSpeed": 0.03, "windGust": 0.17, "windBearing": 180, "cloudCover": 0.06, "uvIndex": 0, "visibility": 9.26}, {"time": 1440928800, "summary": "Clear", "icon": "clear-night", "precipIntensity": 0, "precipProbability": 0, "temperature": 66.23, "apparentTemperature": 66.66, "dewPoint": 62.35, "humidity": 0.87, "pressure": 1019.31, "windSpeed": 0, "windGust": 0.08, "cloudCover": 0.06, "uvIndex": 0, "visibility": 9.49}, {"time": 1440932400, "summary": "Clear", "icon": "clear-day", "precipIntensity": 0, "precipProbability": 0, "temperature": 65.64, "apparentTemperature": 66.07, "dewPoint": 62.15, "humidity": 0.89, "pressure": 1019.85, "windSpeed": 0.07, "windGust": 0.1, "windBearing": 182, "cloudCover": 0.23, "uvIndex": 0, "visibility": 9.93}, {"time": 1440936000, "summary": "Clear", "icon": "clear-day", "precipIntensity": 0, "precipProbability": 0, "temperature": 67.62, "apparentTemperature": 68.19, "dewPoint": 63.75, "humidity": 0.87, "pressure": 1020.16, "windSpeed": 0.18, "windGust": 0.8, "windBearing": 186, "cloudCover": 0.19, "uvIndex": 1, "visibility": 8.92}, {"time": 1440939600, "summary": "Clear", "icon": "clear-day", "precipIntensity": 0, "precipProbability": 0, "temperature": 71.15, "apparentTemperature": 71.81, "dewPoint": 65.26, "humidity": 0.82, "pressure": 1020.24, "windSpeed": 0.3, "windGust": 1.73, "windBearing": 229, "cloudCover": 0.12, "uvIndex": 2, "visibility": 8.12}, {"time": 1440943200, "summary": "Partly Cloudy", "icon": "partly-cloudy-day", "precipIntensity": 0, "precipProbability": 0, "temperature": 73.82, "apparentTemperature": 74.52, "dewPoint": 66.07, "humidity": 0.77, "pressure": 1020.54, "windSpeed": 0.46, "windGust": 1.92, "windBearing": 219, "cloudCover": 0.26, "uvIndex": 3, "visibility": 7.55}, {"time": 1440946800, "summary": "Clear", "icon": "clear-day", "precipIntensity": 0, "precipProbability": 0, "temperature": 76.55, "apparentTemperature": 77.32, "dewPoint": 67.06, "humidity": 0.73, "pressure": 1020.66, "windSpeed": 0.36, "windGust": 1.8, "windBearing": 210, "cloudCover": 0.14, "uvIndex": 6, "visibility": 7.65}, {"time": 1440950400, "summary": "Clear", "icon": "clear-day", "precipIntensity": 0, "precipProbability": 0, "temperature": 78.68, "apparentTemperature": 79.5, "dewPoint": 67.72, "humidity": 0.69, "pressure": 1020.36, "windSpeed": 0.4, "windGust": 1.88, "windBearing": 179, "cloudCover": 0.22, "uvIndex": 7, "visibility": 8.21}, {"time": 1440954000, "summary": "Clear", "icon": "clear-day", "precipIntensity": 0, "precipProbability": 0, "temperature": 80.3, "apparentTemperature": 83.09, "dewPoint": 68.48, "humidity": 0.67, "pressure": 1019.97, "windSpeed": 0.64, "windGust": 2.76, "windBearing": 193, "cloudCover": 0.2, "uvIndex": 7, "visibility": 8.21}, {"time": 1440957600, "summary": "Partly Cloudy", "icon": "partly-cloudy-day", "precipIntensity": 0, "precipProbability": 0, "temperature": 82.7, "apparentTemperature": 86.25, "dewPoint": 69.07, "humidity": 0.64, "pressure": 1019.45, "windSpeed": 0.55, "windGust": 3.04, "windBearing": 183, "cloudCover": 0.3, "uvIndex": 7, "visibility": 8.37}, {"time": 1440961200, "summary": "Mostly Cloudy", "icon": "partly-cloudy-day", "precipIntensity": 0, "precipProbability": 0, "temperature": 84.99, "apparentTemperature": 88.96, "dewPoint": 69.08, "humidity": 0.59, "pressure": 1018.9, "windSpeed": 0.84, "windGust": 3.92, "windBearing": 197, "cloudCover": 0.6, "uvIndex": 5, "visibility": 8.13}, {"time": 1440964800, "summary": "Clear", "icon": "clear-day", "precipIntensity": 0, "precipProbability": 0, "temperature": 86.43, "apparentTemperature": 89.92, "dewPoint": 67.98, "humidity": 0.54, "pressure": 1018.15, "windSpeed": 0.92, "windGust": 4.26, "windBearing": 184, "cloudCover": 0.1, "uvIndex": 4, "visibility": 8.01}, {"time": 1440968400, "summary": "Clear", "icon": "clear-day", "precipIntensity": 0, "precipProbability": 0, "temperature": 86.13, "apparentTemperature": 89.61, "dewPoint": 68.03, "humidity": 0.55, "pressure": 1017.83, "windSpeed": 1.35, "windGust": 4.63, "windBearing": 190, "cloudCover": 0.18, "uvIndex": 2, "visibility": 7.97}, {"time": 1440972000, "summary": "Clear", "icon": "clear-day", "precipIntensity": 0, "precipProbability": 0, "temperature": 83.96, "apparentTemperature": 87.33, "dewPoint": 68.32, "humidity": 0.6, "pressure": 1017.87, "windSpeed": 0.71, "windGust": 2.93, "windBearing": 182, "cloudCover": 0.14, "uvIndex": 1, "visibility": 7.9}, {"time": 1440975600, "summary": "Partly Cloudy", "icon": "partly-cloudy-day", "precipIntensity": 0, "precipProbability": 0, "temperature": 81.88, "apparentTemperature": 85.03, "dewPoint": 68.56, "humidity": 0.64, "pressure": 1017.77, "windSpeed": 0.6, "windGust": 2.37, "windBearing": 186, "cloudCover": 0.25, "uvIndex": 0, "visibility": 8.07}, {"time": 1440979200, "summary": "Partly Cloudy", "icon": "partly-cloudy-night", "precipIntensity": 0, "precipProbability": 0, "temperature": 80.05, "apparentTemperature": 82.75, "dewPoint": 68.35, "humidity": 0.68, "pressure": 1017.79, "windSpeed": 0.25, "windGust": 1.05, "windBearing": 187, "cloudCover": 0.39, "uvIndex": 0, "visibility": 8.39}, {"time": 1440982800, "summary": "Partly Cloudy", "icon": "partly-cloudy-night", "precipIntensity": 0, "precipProbability": 0, "temperature": 78.78, "apparentTemperature": 79.66, "dewPoint": 68.21, "humidity": 0.7, "pressure": 1018.27, "windSpeed": 0.43, "windGust": 1.62, "windBearing": 192, "cloudCover": 0.31, "uvIndex": 0, "visibility": 7.84}, {"time": 1440986400, "summary": "Partly Cloudy", "icon": "partly-cloudy-night", "precipIntensity": 0, "precipProbability": 0, "temperature": 78.39, "apparentTemperature": 79.25, "dewPoint": 68.05, "humidity": 0.71, "pressure": 1018.83, "windSpeed": 0.64, "windGust": 2.55, "windBearing": 198, "cloudCover": 0.4, "uvIndex": 0, "visibility": 7.96}, {"time": 1440990000, "summary": "Partly Cloudy", "icon": "partly-cloudy-night", "precipIntensity": 0, "precipProbability": 0, "temperature": 77.75, "apparentTemperature": 78.59, "dewPoint": 67.76, "humidity": 0.71, "pressure": 1018.69, "windSpeed": 0.44, "windGust": 1.8, "windBearing": 195, "cloudCover": 0.36, "uvIndex": 0, "visibility": 8.27}]}, "daily": {"data": [{"time": 1440907200, "summary": "Partly cloudy starting in the evening.", "icon": "partly-cloudy-night", "sunriseTime": 1440930997, "sunsetTime": 1440978229, "moonPhase": 0.53, "precipIntensity": 0, "precipIntensityMax": 0, "precipProbability": 0, "temperatureHigh": 86.43, "temperatureHighTime": 1440964800, "temperatureLow": 72.83, "temperatureLowTime": 1441018800, "apparentTemperatureHigh": 89.92, "apparentTemperatureHighTime": 1440964800, "apparentTemperatureLow": 73.66, "apparentTemperatureLowTime": 1441018800, "dewPoint": 66.27, "humidity": 0.73, "pressure": 1019.23, "windSpeed": 0.45, "windGust": 4.63, "windGustTime": 1440968400, "windBearing": 192, "cloudCover": 0.2, "uvIndex": 7, "uvIndexTime": 1440950400, "visibility": 8.31, "temperatureMin": 65.64, "temperatureMinTime": 1440932400, "temperatureMax": 86.43, "temperatureMaxTime": 1440964800, "apparentTemperatureMin": 66.07, "apparentTemperatureMinTime": 1440932400, "apparentTemperatureMax": 89.92, "apparentTemperatureMaxTime": 1440964800}]}, "flags": {"sources": ["cmc", "gfs", "hrrr", "icon", "isd", "madis", "nam", "sref"], "nearest-station": 1.106, "units": "us"}, "offset": -4}