{"latitude": 38.912659, "longitude": -77.017669, "timezone": "America/New_York", "currently": {"time": 1429416000, "summary": "Partly Cloudy", "icon": "partly-cloudy-night", "precipIntensity": 0, "precipProbability": 0, "temperature": 62.76, "apparentTemperature": 62.76, "dewPoint": 50.25, "humidity": 0.64, "pressure": 1016.07, "windSpeed": 0.07, "windGust": 0.48, "windBearing": 195, "cloudCover": 0.53, "uvIndex": 0, "visibility": 9.38}, "hourly": {"summary": "Mostly cloudy starting in the afternoon.", "icon": "partly-cloudy-day", "data": [{"time": 1429416000, "summary": "Partly Cloudy", "icon": "partly-cloudy-night", "precipIntensity": 0, "precipProbability": 0, "temperature": 62.76, "apparentTemperature": 62.76, "dewPoint": 50.25, "humidity": 0.64, "pressure": 1016.07, "windSpeed": 0.07, "windGust": 0.48, "windBearing": 195, "cloudCover": 0.53, "uvIndex": 0, "visibility": 9.38}, {"time": 1429419600, "summary": "Partly Cloudy", "icon": "partly-cloudy-night", "precipIntensity": 0, "precipProbability": 0, "temperature": 61.91, "apparentTemperature": 61.91, "dewPoint": 50.12, "humidity": 0.65, "pressure": 1015.99, "windSpeed": 0.01, "windGust": 0.33, "windBearing": 180, "cloudCover": 0.53, "uvIndex": 0, "visibility": 7.64}, {"time": 1429423200, "summary": "Partly Cloudy", "icon": "partly-cloudy-night", "precipIntensity": 0, "precipProbability": 0, "temperature": 61.82, "apparentTemperature": 61.82, "dewPoint": 49.99, "humidity": 0.65, "pressure": 1016.44, "windSpeed": 0.05, "windGust": 1.73, "windBearing": 24, "cloudCover": 0.52, "uvIndex": 0, "visibility": 9.01}, {"time": 1429426800, "summary": "Partly Cloudy", "icon": "partly-cloudy-night", "precipIntensity": 0, "precipProbability": 0, "temperature": 62.02, "apparentTemperature": 62.02, "dewPoint": 48.82, "humidity": 0.62, "pressure": 1016.98, "windSpeed": 0.68, "windGust": 2.98, "windBearing": 54, "cloudCover": 0.42, "uvIndex": 0, "visibility": 9.27}, {"time": 1429430400, "summary": "Partly Cloudy", "icon": "partly-cloudy-night", "precipIntensity": 0, "precipProbability": 0, "temperature": 62.04, "apparentTemperature": 62.04, "dewPoint": 45.5, "humidity": 0.55, "pressure": 1017.21, "windSpeed": 1.32, "windGust": 5.18, "windBearing": 55, "cloudCover": 0.27, "uvIndex": 0, "visibility": 10}, {"time": 1429434000, "summary": "Partly Cloudy", "icon": "partly-cloudy-night", "precipIntensity": 0, "precipProbability": 0, "temperature": 61.8, "apparentTemperature": 61.8, "dewPoint": 42.23, "humidity": 0.49, "pressure": 1018.18, "windSpeed": 1.46, "windGust": 5.3, "windBearing": 62, "cloudCover": 0.34, "uvIndex": 0, "visibility": 7.87}, {"time": 1429437600, "summary": "Clear", "icon": "clear-night", "precipIntensity": 0, "precipProbability": 0, "temperature": 60.55, "apparentTemperature": 60.55, "dewPoint": 39.32, "humidity": 0.45, "pressure": 1018.76, "windSpeed": 1.48, "windGust": 5.18, "windBearing": 64, "cloudCover": 0.24, "uvIndex": 0, "visibility": 7.57}, {"time": 1429441200, "summary": "Clear", "icon": "clear-day", "precipIntensity": 0, "precipProbability": 0, "temperature": 59.63, "apparentTemperature": 59.63, "dewPoint": 36.08, "humidity": 0.41, "pressure": 1019.93, "windSpeed": 2.04, "windGust": 6.03, "windBearing": 72, "cloudCover": 0.2, "uvIndex": 0, "visibility": 7.1}, {"time": 1429444800, "summary": "Partly Cloudy", "icon": "partly-cloudy-day", "precipIntensity": 0, "precipProbability": 0, "temperature": 59.92, "apparentTemperature": 59.92, "dewPoint": 35.47, "humidity": 0.4, "pressure": 1020.58, "windSpeed": 2.8, "windGust": 7.68, "windBearing": 78, "cloudCover": 0.27, "uvIndex": 1, "visibility": 8}, {"time": 1429448400, "summary": "Partly Cloudy", "icon": "partly-cloudy-day", "precipIntensity": 0, "precipProbability": 0, "temperature": 60.96, "apparentTemperature": 60.96, "dewPoint": 35.89, "humidity": 0.39, "pressure": 1020.91, "windSpeed": 4.19, "windGust": 11.21, "windBearing": 96, "cloudCover": 0.32, "uvIndex": 2, "visibility": 7.61}, {"time": 1429452000, "summary": "Clear", "icon": "clear-day", "precipIntensity": 0, "precipProbability": 0, "temperature": 62.6, "apparentTemperature": 62.6, "dewPoint": 38.69, "humidity": 0.41, "pressure": 1021.25, "windSpeed": 4.28, "windGust": 12.32, "windBearing": 98, "cloudCover": 0.12, "uvIndex": 4, "visibility": 7.91}, {"time": 1429455600, "summary": "Clear", "icon": "clear-day", "precipIntensity": 0, "precipProbability": 0, "temperature": 63.97, "apparentTemperature": 63.97, "dewPoint": 40.82, "humidity": 0.43, "pressure": 1021.5, "windSpeed": 5.02, "windGust": 12.21, "windBearing": 96, "cloudCover": 0.23, "uvIndex": 6, "visibility": 7.86}, {"time": 1429459200, "summary": "Clear", "icon": "clear-day", "precipIntensity": 0, "precipProbability": 0, "temperature": 65.28, "apparentTemperature": 65.28, "dewPoint": 43.2, "humidity": 0.45, "pressure": 1021.24, "windSpeed": 4.54, "windGust": 11.95, "windBearing": 101, "cloudCover": 0.2, "uvIndex": 7, "visibility": 8.27}, {"time": 1429462800, "summary": "Clear", "icon": "clear-day", "precipIntensity": 0, "precipProbability": 0, "temperature": 65.45, "apparentTemperature": 65.45, "dewPoint": 45.36, "humidity": 0.48, "pressure": 1020.18, "windSpeed": 5.15, "windGust": 12.84, "windBearing": 99, "cloudCover": 0.2, "uvIndex": 8, "visibility": 7.85}, {"time": 1429466400, "summary": "Partly Cloudy", "icon": "partly-cloudy-day", "precipIntensity": 0, "precipProbability": 0, "temperature": 66.15, "apparentTemperature": 66.15, "dewPoint": 46.6, "humidity": 0.49, "pressure": 1019.22, "windSpeed": 5, "windGust": 13.14, "windBearing": 102, "cloudCover": 0.38, "uvIndex": 7, "visibility": 8.25}, {"time": 1429470000, "summary": "Partly Cloudy", "icon": "partly-cloudy-day", "precipIntensity": 0, "precipProbability": 0, "temperature": 65.94, "apparentTemperature": 65.94, "dewPoint": 47.45, "humidity": 0.51, "pressure": 1019.07, "windSpeed": 4.71, "windGust": 12.96, "windBearing": 102, "cloudCover": 0.43, "uvIndex": 6, "visibility": 8.23}, {"time": 1429473600, "summary": "Mostly Cloudy", "icon": "partly-cloudy-day", "precipIntensity": 0, "precipProbability": 0, "temperature": 64.19, "apparentTemperature": 64.19, "dewPoint": 47.55, "humidity": 0.55, "pressure": 1018.27, "windSpeed": 4.53, "windGust": 12.29, "windBearing": 106, "cloudCover": 0.67, "uvIndex": 4, "visibility": 9.45}, {"time": 1429477200, "summary": "Mostly Cloudy", "icon": "partly-cloudy-day", "precipIntensity": 0, "precipProbability": 0, "temperature": 63.03, "apparentTemperature": 63.03, "dewPoint": 47.04, "humidity": 0.56, "pressure": 1018.2, "windSpeed": 4.03, "windGust": 11.44, "windBearing": 101, "cloudCover": 0.66, "uvIndex": 2, "visibility": 8.61}, {"time": 1429480800, "summary": "Overcast", "icon": "cloudy", "precipIntensity": 0, "precipProbability": 0, "temperature": 60.82, "apparentTemperature": 60.82, "dewPoint": 45.25, "humidity": 0.56, "pressure": 1017.91, "windSpeed": 3.8, "windGust": 11.42, "windBearing": 97, "cloudCover": 1, "uvIndex": 1, "visibility": 8.75}, {"time": 1429484400, "summary": "Overcast", "icon": "cloudy", "precipIntensity": 0.001, "precipProbability": 0.24, "precipType": "rain", "temperature": 57.48, "apparentTemperature": 57.48, "dewPoint": 44.27, "humidity": 0.61, "pressure": 1017.2, "windSpeed": 3.73, "windGust": 10.14, "windBearing": 89, "cloudCover": 1, "uvIndex": 0, "visibility": 7.89}, {"time": 1429488000, "summary": "Overcast", "icon": "cloudy", "precipIntensity": 0.0056, "precipProbability": 0.69, "precipType": "rain", "temperature": 55.2, "apparentTemperature": 55.2, "dewPoint": 45.55, "humidity": 0.7, "pressure": 1016.36, "windSpeed": 8.77, "windGust": 18.06, "windBearing": 83, "cloudCover": 1, "uvIndex": 0, "visibility": 9.47}, {"time": 1429491600, "summary": "Overcast", "icon": "cloudy", "precipIntensity": 0.0079, "precipProbability": 0.55, "precipType": "rain", "temperature": 54.01, "apparentTemperature": 54.01, "dewPoint": 47.4, "humidity": 0.78, "pressure": 1015.96, "windSpeed": 10.95, "windGust": 20.48, "windBearing": 89, "cloudCover": 1, "uvIndex": 0, "visibility": 9.26}, {"time": 1429495200, "summary": "Overcast", "icon": "cloudy", "precipIntensity": 0.0099, "precipProbability": 0.66, "precipType": "rain", "temperature": 52.45, "apparentTemperature": 52.45, "dewPoint": 49.27, "humidity": 0.89, "pressure": 1014.82, "windSpeed": 12.95, "windGust": 20.29, "windBearing": 91, "cloudCover": 1, "uvIndex": 0, "visibility": 7.17}, {"time": 1429498800, "summary": "Light Rain", "icon": "rain", "precipIntensity": 0.0179, "precipProbability": 0.78, "precipType": "rain", "temperature": 52.57, "apparentTemperature": 52.57, "dewPoint": 49.68, "humidity": 0.9, "pressure": 1013.13, "windSpeed": 13.17, "windGust": 23.11, "windBearing": 97, "cloudCover": 1, "uvIndex": 0, "visibility": 5.99}]}, "daily": {"data": [{"time": 1429416000, "summary": "Rain overnight.", "icon": "rain", "sunriseTime": 1429439219, "sunsetTime": 1429487373, "moonPhase": 0.04, "precipIntensity": 0.0018, "precipIntensityMax": 0.0179, "precipIntensityMaxTime": 1429498800, "precipProbability": 0.78, "precipType": "rain", "temperatureHigh": 66.15, "temperatureHighTime": 1429466400, "temperatureLow": 52.45, "temperatureLowTime": 1429495200, "apparentTemperatureHigh": 66.15, "apparentTemperatureHighTime": 1429466400, "apparentTemperatureLow": 52.45, "apparentTemperatureLowTime": 1429495200, "dewPoint": 44.66, "humidity": 0.57, "pressure": 1018.14, "windSpeed": 4.29, "windGust": 23.11, "windGustTime": 1429498800, "windBearing": 93, "cloudCover": 0.52, "uvIndex": 8, "uvIndexTime": 1429462800, "visibility": 8.27, "temperatureMin": 52.45, "temperatureMinTime": 1429495200, "temperatureMax": 66.15, "temperatureMaxTime": 1429466400, "apparentTemperatureMin": 52.45, "apparentTemperatureMinTime": 1429495200, "apparentTemperatureMax": 66.15, "apparentTemperatureMaxTime": 1429466400}]}, "flags": {"sources": ["cmc", "gfs", "hrrr", "icon", "isd", "madis", "nam", "sref"], "nearest-station": 0.675, "units": "us"}, "offset": -4}