{"latitude": 38.912659, "longitude": -77.017669, "timezone": "America/New_York", "currently": {"time": 1460606400, "summary": "Clear", "icon": "clear-night", "precipIntensity": 0, "precipProbability": 0, "temperature": 43.09, "apparentTemperature": 43.09, "dewPoint": 31.34, "humidity": 0.63, "pressure": 1026.04, "windSpeed": 0, "windGust": 0.09, "cloudCover": 0.05, "uvIndex": 0, "visibility": 8.52}, "hourly": {"summary": "Clear throughout the day.", "icon": "clear-day", "data": [{"time": 1460606400, "summary": "Clear", "icon": "clear-night", "precipIntensity": 0, "precipProbability": 0, "temperature": 43.09, "apparentTemperature": 43.09, "dewPoint": 31.34, "humidity": 0.63, "pressure": 1026.04, "windSpeed": 0, "windGust": 0.09, "cloudCover": 0.05, "uvIndex": 0, "visibility": 8.52}, {"time": 1460610000, "summary": "Clear", "icon": "clear-night", "precipIntensity": 0, "precipProbability": 0, "temperature": 41.5, "apparentTemperature": 41.5, "dewPoint": 31.54, "humidity": 0.67, "pressure": 1026.27, "windSpeed": 0.02, "windGust": 0.13, "windBearing": 90, "cloudCover": 0.17, "uvIndex": 0, "visibility": 8.15}, {"time": 1460613600, "summary": "Clear", "icon": "clear-night", "precipIntensity": 0, "precipProbability": 0, "temperature": 39.84, "apparentTemperature": 39.84, "dewPoint": 31.71, "humidity": 0.72, "pressure": 1026.08, "windSpeed": 0, "windGust": 0.07, "cloudCover": 0.13, "uvIndex": 0, "visibility": 7.71}, {"time": 1460617200, "summary": "Clear", "icon": "clear-night", "precipIntensity": 0, "precipProbability": 0, "temperature": 38.64, "apparentTemperature": 38.64, "dewPoint": 31.76, "humidity": 0.76, "pressure": 1026.04, "windSpeed": 0, "windGust": 0.2, "cloudCover": 0, "uvIndex": 0, "visibility": 7.71}, {"time": 1460620800, "summary": "Clear", "icon": "clear-night", "precipIntensity": 0, "precipProbability": 0, "temperature": 37.49, "apparentTemperature": 37.49, "dewPoint": 31.51, "humidity": 0.79, "pressure": 1025.73, "windSpeed": 0, "windGust": 0.07, "cloudCover": 0.03, "uvIndex": 0, "visibility": 10}, {"time": 1460624400, "summary": "Clear", "icon": "clear-night", "precipIntensity": 0, "precipProbability": 0, "temperature": 36.36, "apparentTemperature": 36.36, "dewPoint": 31.36, "humidity": 0.82, "pressure": 1026.17, "windSpeed": 0, "windGust": 0.03, "cloudCover": 0.02, "uvIndex": 0, "visibility": 8.37}, {"time": 1460628000, "summary": "Clear", "icon": "clear-night", "precipIntensity": 0, "precipProbability": 0, "temperature": 35.64, "apparentTemperature": 35.64, "dewPoint": 31.17, "humidity": 0.84, "pressure": 1026.23, "windSpeed": 0, "windGust": 0, "cloudCover": 0.01, "uvIndex": 0, "visibility": 9.43}, {"time": 1460631600, "summary": "Clear", "icon": "clear-day", "precipIntensity": 0, "precipProbability": 0, "temperature": 34.97, "apparentTemperature": 34.97, "dewPoint": 30.95, "humidity": 0.85, "pressure": 1026.94, "windSpeed": 0, "windGust": 0, "cloudCover": 0, "uvIndex": 0, "visibility": 8.29}, {"time": 1460635200, "summary": "Clear", "icon": "clear-day", "precipIntensity": 0, "precipProbability": 0, "temperature": 39.08, "apparentTemperature": 39.08, "dewPoint": 34.68, "humidity": 0.84, "pressure": 1027.56, "windSpeed": 0, "windGust": 0.1, "cloudCover": 0, "uvIndex": 1, "visibility": 10}, {"time": 1460638800, "summary": "Clear", "icon": "clear-day", "precipIntensity": 0, "precipProbability": 0, "temperature": 47.81, "apparentTemperature": 47.81, "dewPoint": 37.89, "humidity": 0.68, "pressure": 1028.07, "windSpeed": 0.14, "windGust": 1.67, "windBearing": 325, "cloudCover": 0, "uvIndex": 2, "visibility": 8.82}, {"time": 1460642400, "summary": "Clear", "icon": "clear-day", "precipIntensity": 0, "precipProbability": 0, "temperature": 52.68, "apparentTemperature": 52.68, "dewPoint": 36.16, "humidity": 0.53, "pressure": 1028.05, "windSpeed": 0.26, "windGust": 3.44, "windBearing": 7, "cloudCover": 0, "uvIndex": 4, "visibility": 7.66}, {"time": 1460646000, "summary": "Clear", "icon": "clear-day", "precipIntensity": 0, "precipProbability": 0, "temperature": 56.42, "apparentTemperature": 56.42, "dewPoint": 34.09, "humidity": 0.43, "pressure": 1028.19, "windSpeed": 1.01, "windGust": 5.47, "windBearing": 58, "cloudCover": 0, "uvIndex": 6, "visibility": 8.63}, {"time": 1460649600, "summary": "Clear", "icon": "clear-day", "precipIntensity": 0, "precipProbability": 0, "temperature": 58.77, "apparentTemperature": 58.77, "dewPoint": 32.58, "humidity": 0.37, "pressure": 1027.97, "windSpeed": 1.26, "windGust": 6.11, "windBearing": 94, "cloudCover": 0, "uvIndex": 8, "visibility": 9.47}, {"time": 1460653200, "summary": "Clear", "icon": "clear-day", "precipIntensity": 0, "precipProbability": 0, "temperature": 60.49, "apparentTemperature": 60.49, "dewPoint": 32.4, "humidity": 0.35, "pressure": 1027.44, "windSpeed": 1.19, "windGust": 6.41, "windBearing": 99, "cloudCover": 0, "uvIndex": 9, "visibility": 9.38}, {"time": 1460656800, "summary": "Clear", "icon": "clear-day", "precipIntensity": 0, "precipProbability": 0, "temperature": 61.88, "apparentTemperature": 61.88, "dewPoint": 32.09, "humidity": 0.33, "pressure": 1026.77, "windSpeed": 1.32, "windGust": 6.82, "windBearing": 90, "cloudCover": 0.05, "uvIndex": 8, "visibility": 9.15}, {"time": 1460660400, "summary": "Clear", "icon": "clear-day", "precipIntensity": 0, "precipProbability": 0, "temperature": 62.77, "apparentTemperature": 62.77, "dewPoint": 31.51, "humidity": 0.31, "pressure": 1026.23, "windSpeed": 1.02, "windGust": 6.45, "windBearing": 99, "cloudCover": 0.01, "uvIndex": 7, "visibility": 8.32}, {"time": 1460664000, "summary": "Clear", "icon": "clear-day", "precipIntensity": 0, "precipProbability": 0, "temperature": 63.16, "apparentTemperature": 63.16, "dewPoint": 31.55, "humidity": 0.3, "pressure": 1025.74, "windSpeed": 1.43, "windGust": 6.48, "windBearing": 126, "cloudCover": 0, "uvIndex": 5, "visibility": 8.56}, {"time": 1460667600, "summary": "Clear", "icon": "clear-day", "precipIntensity": 0, "precipProbability": 0, "temperature": 63.31, "apparentTemperature": 63.31, "dewPoint": 31.54, "humidity": 0.3, "pressure": 1025.48, "windSpeed": 1.05, "windGust": 5.23, "windBearing": 114, "cloudCover": 0, "uvIndex": 2, "visibility": 8.21}, {"time": 1460671200, "summary": "Clear", "icon": "clear-day", "precipIntensity": 0, "precipProbability": 0, "temperature": 62.52, "apparentTemperature": 62.52, "dewPoint": 31.14, "humidity": 0.31, "pressure": 1025.48, "windSpeed": 1.42, "windGust": 5.43, "windBearing": 116, "cloudCover": 0, "uvIndex": 1, "visibility": 8.21}, {"time": 1460674800, "summary": "Clear", "icon": "clear-day", "precipIntensity": 0, "precipProbability": 0, "temperature": 60.63, "apparentTemperature": 60.63, "dewPoint": 31.19, "humidity": 0.33, "pressure": 1025.52, "windSpeed": 0.97, "windGust": 4, "windBearing": 127, "cloudCover": 0, "uvIndex": 0, "visibility": 9.48}, {"time": 1460678400, "summary": "Clear", "icon": "clear-night", "precipIntensity": 0, "precipProbability": 0, "temperature": 57.5, "apparentTemperature": 57.5, "dewPoint": 31.66, "humidity": 0.37, "pressure": 1025.78, "windSpeed": 0.54, "windGust": 2.07, "windBearing": 143, "cloudCover": 0.05, "uvIndex": 0, "visibility": 8.33}, {"time": 1460682000, "summary": "Clear", "icon": "clear-night", "precipIntensity": 0, "precipProbability": 0, "temperature": 54.26, "apparentTemperature": 54.26, "dewPoint": 32.5, "humidity": 0.43, "pressure": 1026.3, "windSpeed": 0.19, "windGust": 0.85, "windBearing": 152, "cloudCover": 0, "uvIndex": 0, "visibility": 6.12}, {"time": 1460685600, "summary": "Clear", "icon": "clear-night", "precipIntensity": 0, "precipProbability": 0, "temperature": 51.57, "apparentTemperature": 51.57, "dewPoint": 33.24, "humidity": 0.49, "pressure": 1027.04, "windSpeed": 0.35, "windGust": 0.97, "windBearing": 155, "cloudCover": 0, "uvIndex": 0, "visibility": 8.3}, {"time": 1460689200, "summary": "Clear", "icon": "clear-night", "precipIntensity": 0, "precipProbability": 0, "temperature": 49.4, "apparentTemperature": 49.4, "dewPoint": 34.43, "humidity": 0.56, "pressure": 1027.4, "windSpeed": 0.66, "windGust": 1.43, "windBearing": 161, "cloudCover": 0, "uvIndex": 0, "visibility": 7.97}]}, "daily": {"data": [{"time": 1460606400, "summary": "Clear throughout the day.", "icon": "clear-day", "sunriseTime": 1460629981, "sunsetTime": 1460677525, "moonPhase": 0.26, "precipIntensity": 0, "precipIntensityMax": 0, "precipProbability": 0, "temperatureHigh": 63.31, "temperatureHighTime": 1460667600, "temperatureLow": 37.96, "temperatureLowTime": 1460718000, "apparentTemperatureHigh": 63.31, "apparentTemperatureHighTime": 1460667600, "apparentTemperatureLow": 37.96, "apparentTemperatureLowTime": 1460718000, "dewPoint": 32.5, "humidity": 0.54, "pressure": 1026.6, "windSpeed": 0.46, "windGust": 6.82, "windGustTime": 1460656800, "windBearing": 109, "cloudCover": 0.02, "uvIndex": 9, "uvIndexTime": 1460653200, "visibility": 8.53, "temperatureMin": 34.97, "temperatureMinTime": 1460631600, "temperatureMax": 63.31, "temperatureMaxTime": 1460667600, "apparentTemperatureMin": 34.97, "apparentTemperatureMinTime": 1460631600, "apparentTemperatureMax": 63.31, "apparentTemperatureMaxTime": 1460667600}]}, "flags": {"sources": ["cmc", "gfs", "hrrr", "icon", "isd", "madis", "nam", "sref"], "nearest-station": 1.106, "units": "us"}, "offset": -4}