{"latitude": 38.912659, "longitude": -77.017669, "timezone": "America/New_York", "currently": {"time": 1422766800, "summary": "Clear", "icon": "clear-night", "precipIntensity": 0, "precipProbability": 0, "temperature": 21.29, "apparentTemperature": 21.29, "dewPoint": 13.33, "humidity": 0.71, "pressure": 1025.43, "windSpeed": 0, "windGust": 0.15, "cloudCover": 0.13, "uvIndex": 0, "visibility": 10}, "hourly": {"summary": "Mostly cloudy starting in the morning.", "icon": "partly-cloudy-day", "data": [{"time": 1422766800, "summary": "Clear", "icon": "clear-night", "precipIntensity": 0, "precipProbability": 0, "temperature": 21.29, "apparentTemperature": 21.29, "dewPoint": 13.33, "humidity": 0.71, "pressure": 1025.43, "windSpeed": 0, "windGust": 0.15, "cloudCover": 0.13, "uvIndex": 0, "visibility": 10}, {"time": 1422770400, "summary": "Clear", "icon": "clear-night", "precipIntensity": 0, "precipProbability": 0, "temperature": 20.83, "apparentTemperature": 20.83, "dewPoint": 13.74, "humidity": 0.74, "pressure": 1025.21, "windSpeed": 0, "windGust": 0.11, "cloudCover": 0.04, "uvIndex": 0, "visibility": 9.9}, {"time": 1422774000, "summary": "Clear", "icon": "clear-night", "precipIntensity": 0, "precipProbability": 0, "temperature": 20.9, "apparentTemperature": 20.9, "dewPoint": 14.34, "humidity": 0.75, "pressure": 1025.5, "windSpeed": 0, "windGust": 0.16, "cloudCover": 0.1, "uvIndex": 0, "visibility": 10}, {"time": 1422777600, "summary": "Clear", "icon": "clear-night", "precipIntensity": 0, "precipProbability": 0, "temperature": 21.53, "apparentTemperature": 21.53, "dewPoint": 14.96, "humidity": 0.75, "pressure": 1025.4, "windSpeed": 0, "windGust": 0.17, "cloudCover": 0.23, "uvIndex": 0, "visibility": 10}, {"time": 1422781200, "summary": "Partly Cloudy", "icon": "partly-cloudy-night", "precipIntensity": 0, "precipProbability": 0, "temperature": 22.12, "apparentTemperature": 22.12, "dewPoint": 15.61, "humidity": 0.76, "pressure": 1025.3, "windSpeed": 0, "windGust": 0.12, "cloudCover": 0.52, "uvIndex": 0, "visibility": 9.96}, {"time": 1422784800, "summary": "Mostly Cloudy", "icon": "partly-cloudy-night", "precipIntensity": 0, "precipProbability": 0, "temperature": 23.66, "apparentTemperature": 23.66, "dewPoint": 16.79, "humidity": 0.75, "pressure": 1025.09, "windSpeed": 0, "windGust": 0.07, "cloudCover": 0.73, "uvIndex": 0, "visibility": 10}, {"time": 1422788400, "summary": "Mostly Cloudy", "icon": "partly-cloudy-night", "precipIntensity": 0, "precipProbability": 0, "temperature": 25.18, "apparentTemperature": 25.18, "dewPoint": 17.69, "humidity": 0.73, "pressure": 1025.41, "windSpeed": 0.03, "windGust": 0.24, "windBearing": 263, "cloudCover": 0.89, "uvIndex": 0, "visibility": 8.91}, {"time": 1422792000, "summary": "Overcast", "icon": "cloudy", "precipIntensity": 0, "precipProbability": 0, "temperature": 26.28, "apparentTemperature": 26.28, "dewPoint": 17.71, "humidity": 0.7, "pressure": 1025.66, "windSpeed": 0.06, "windGust": 0.56, "windBearing": 234, "cloudCover": 0.95, "uvIndex": 0, "visibility": 8.63}, {"time": 1422795600, "summary": "Overcast", "icon": "cloudy", "precipIntensity": 0, "precipProbability": 0, "temperature": 27.73, "apparentTemperature": 27.73, "dewPoint": 17.74, "humidity": 0.66, "pressure": 1025.89, "windSpeed": 0.14, "windGust": 0.69, "windBearing": 211, "cloudCover": 0.95, "uvIndex": 0, "visibility": 8.87}, {"time": 1422799200, "summary": "Mostly Cloudy", "icon": "partly-cloudy-day", "precipIntensity": 0, "precipProbability": 0, "temperature": 30.63, "apparentTemperature": 30.63, "dewPoint": 17.69, "humidity": 0.58, "pressure": 1025.69, "windSpeed": 0.18, "windGust": 1.28, "windBearing": 222, "cloudCover": 0.86, "uvIndex": 1, "visibility": 9.04}, {"time": 1422802800, "summary": "Mostly Cloudy", "icon": "partly-cloudy-day", "precipIntensity": 0, "precipProbability": 0, "temperature": 33.58, "apparentTemperature": 33.58, "dewPoint": 17.75, "humidity": 0.52, "pressure": 1025.35, "windSpeed": 0.42, "windGust": 1.88, "windBearing": 211, "cloudCover": 0.85, "uvIndex": 1, "visibility": 8.63}, {"time": 1422806400, "summary": "Mostly Cloudy", "icon": "partly-cloudy-day", "precipIntensity": 0, "precipProbability": 0, "temperature": 35.83, "apparentTemperature": 35.83, "dewPoint": 17.16, "humidity": 0.46, "pressure": 1025.01, "windSpeed": 1.06, "windGust": 3.64, "windBearing": 197, "cloudCover": 0.82, "uvIndex": 2, "visibility": 8.73}, {"time": 1422810000, "summary": "Overcast", "icon": "cloudy", "precipIntensity": 0, "precipProbability": 0, "temperature": 36.95, "apparentTemperature": 36.95, "dewPoint": 16.34, "humidity": 0.43, "pressure": 1023.89, "windSpeed": 2.36, "windGust": 6.26, "windBearing": 189, "cloudCover": 0.95, "uvIndex": 2, "visibility": 8.68}, {"time": 1422813600, "summary": "Overcast", "icon": "cloudy", "precipIntensity": 0, "precipProbability": 0, "temperature": 37.66, "apparentTemperature": 37.66, "dewPoint": 16.39, "humidity": 0.41, "pressure": 1022.61, "windSpeed": 1.68, "windGust": 5.01, "windBearing": 189, "cloudCover": 0.95, "uvIndex": 2, "visibility": 8.63}, {"time": 1422817200, "summary": "Overcast", "icon": "cloudy", "precipIntensity": 0, "precipProbability": 0, "temperature": 39.03, "apparentTemperature": 39.03, "dewPoint": 16.87, "humidity": 0.4, "pressure": 1021.16, "windSpeed": 1.6, "windGust": 5.5, "windBearing": 171, "cloudCover": 1, "uvIndex": 2, "visibility": 8.63}, {"time": 1422820800, "summary": "Overcast", "icon": "cloudy", "precipIntensity": 0, "precipProbability": 0, "temperature": 39.92, "apparentTemperature": 39.92, "dewPoint": 18.05, "humidity": 0.41, "pressure": 1020.22, "windSpeed": 1.61, "windGust": 5.91, "windBearing": 161, "cloudCover": 0.94, "uvIndex": 1, "visibility": 8.63}, {"time": 1422824400, "summary": "Overcast", "icon": "cloudy", "precipIntensity": 0, "precipProbability": 0, "temperature": 40.3, "apparentTemperature": 40.3, "dewPoint": 18.96, "humidity": 0.42, "pressure": 1019.76, "windSpeed": 1.5, "windGust": 4.81, "windBearing": 151, "cloudCover": 0.94, "uvIndex": 0, "visibility": 8.62}, {"time": 1422828000, "summary": "Mostly Cloudy", "icon": "partly-cloudy-day", "precipIntensity": 0, "precipProbability": 0, "temperature": 39.72, "apparentTemperature": 39.72, "dewPoint": 19.82, "humidity": 0.44, "pressure": 1018.64, "windSpeed": 1.18, "windGust": 3.7, "windBearing": 134, "cloudCover": 0.91, "uvIndex": 0, "visibility": 8.7}, {"time": 1422831600, "summary": "Mostly Cloudy", "icon": "partly-cloudy-night", "precipIntensity": 0, "precipProbability": 0, "temperature": 38.57, "apparentTemperature": 38.57, "dewPoint": 20.4, "humidity": 0.48, "pressure": 1018.56, "windSpeed": 0.6, "windGust": 2.19, "windBearing": 128, "cloudCover": 0.62, "uvIndex": 0, "visibility": 8.59}, {"time": 1422835200, "summary": "Mostly Cloudy", "icon": "partly-cloudy-night", "precipIntensity": 0, "precipProbability": 0, "temperature": 37.98, "apparentTemperature": 37.98, "dewPoint": 21.5, "humidity": 0.51, "pressure": 1017.55, "windSpeed": 0.98, "windGust": 3.34, "windBearing": 123, "cloudCover": 0.79, "uvIndex": 0, "visibility": 8.63}, {"time": 1422838800, "summary": "Mostly Cloudy", "icon": "partly-cloudy-night", "precipIntensity": 0, "precipProbability": 0, "temperature": 37.72, "apparentTemperature": 37.72, "dewPoint": 23.07, "humidity": 0.55, "pressure": 1016.22, "windSpeed": 1.32, "windGust": 4.39, "windBearing": 127, "cloudCover": 0.84, "uvIndex": 0, "visibility": 8.62}, {"time": 1422842400, "summary": "Overcast", "icon": "cloudy", "precipIntensity": 0, "precipProbability": 0, "temperature": 37.52, "apparentTemperature": 37.52, "dewPoint": 24.72, "humidity": 0.6, "pressure": 1015.34, "windSpeed": 1.15, "windGust": 3.7, "windBearing": 131, "cloudCover": 0.95, "uvIndex": 0, "visibility": 8.33}, {"time": 1422846000, "summary": "Overcast", "icon": "cloudy", "precipIntensity": 0, "precipProbability": 0, "temperature": 36.71, "apparentTemperature": 36.71, "dewPoint": 27.41, "humidity": 0.69, "pressure": 1013.95, "windSpeed": 0.8, "windGust": 3.75, "windBearing": 125, "cloudCover": 0.95, "uvIndex": 0, "visibility": 7.89}, {"time": 1422849600, "summary": "Overcast", "icon": "cloudy", "precipIntensity": 0.0032, "precipProbability": 0.34, "precipType": "rain", "temperature": 34.64, "apparentTemperature": 34.64, "dewPoint": 29.82, "humidity": 0.82, "pressure": 1011.95, "windSpeed": 0.76, "windGust": 3.01, "windBearing": 108, "cloudCover": 1, "uvIndex": 0, "visibility": 6.02}]}, "daily": {"data": [{"time": 1422766800, "summary": "Light rain overnight.", "icon": "rain", "sunriseTime": 1422792937, "sunsetTime": 1422829810, "moonPhase": 0.43, "precipIntensity": 0.0001, "precipIntensityMax": 0.0032, "precipIntensityMaxTime": 1422849600, "precipProbability": 0.34, "precipType": "rain", "temperatureHigh": 40.3, "temperatureHighTime": 1422824400, "temperatureLow": 34.6, "temperatureLowTime": 1422853200, "apparentTemperatureHigh": 40.3, "apparentTemperatureHighTime": 1422824400, "apparentTemperatureLow": 34.6, "apparentTemperatureLowTime": 1422853200, "dewPoint": 18.66, "humidity": 0.59, "pressure": 1021.87, "windSpeed": 0.63, "windGust": 6.26, "windGustTime": 1422810000, "windBearing": 159, "cloudCover": 0.75, "uvIndex": 2, "uvIndexTime": 1422806400, "visibility": 8.86, "temperatureMin": 20.83, "temperatureMinTime": 1422770400, "temperatureMax": 40.3, "temperatureMaxTime": 1422824400, "apparentTemperatureMin": 20.83, "apparentTemperatureMinTime": 1422770400, "apparentTemperatureMax": 40.3, "apparentTemperatureMaxTime": 1422824400}]}, "flags": {"sources": ["cmc", "gfs", "hrrr", "icon", "isd", "madis", "nam", "sref"], "nearest-station": 0.675, "units": "us"}, "offset": -5}