{"latitude": 38.912659, "longitude": -77.017669, "timezone": "America/New_York", "currently": {"time": 1439956800, "summary": "Clear", "icon": "clear-night", "precipIntensity": 0, "precipProbability": 0, "temperature": 75.09, "apparentTemperature": 76.14, "dewPoint": 69.08, "humidity": 0.82, "pressure": 1015.03, "windSpeed": 0.23, "windGust": 0.66, "windBearing": 173, "cloudCover": 0.14, "uvIndex": 0, "visibility": 7.07}, "hourly": {"summary": "Mostly cloudy starting overnight.", "icon": "partly-cloudy-day", "data": [{"time": 1439956800, "summary": "Clear", "icon": "clear-night", "precipIntensity": 0, "precipProbability": 0, "temperature": 75.09, "apparentTemperature": 76.14, "dewPoint": 69.08, "humidity": 0.82, "pressure": 1015.03, "windSpeed": 0.23, "windGust": 0.66, "windBearing": 173, "cloudCover": 0.14, "uvIndex": 0, "visibility": 7.07}, {"time": 1439960400, "summary": "Mostly Cloudy", "icon": "partly-cloudy-night", "precipIntensity": 0, "precipProbability": 0, "temperature": 74.58, "apparentTemperature": 75.67, "dewPoint": 69.33, "humidity": 0.84, "pressure": 1015.13, "windSpeed": 0.24, "windGust": 0.63, "windBearing": 172, "cloudCover": 0.64, "uvIndex": 0, "visibility": 7.33}, {"time": 1439964000, "summary": "Mostly Cloudy", "icon": "partly-cloudy-night", "precipIntensity": 0, "precipProbability": 0, "temperature": 74.42, "apparentTemperature": 75.56, "dewPoint": 69.69, "humidity": 0.85, "pressure": 1015.18, "windSpeed": 0.2, "windGust": 0.91, "windBearing": 172, "cloudCover": 0.66, "uvIndex": 0, "visibility": 6.8}, {"time": 1439967600, "summary": "Overcast", "icon": "cloudy", "precipIntensity": 0, "precipProbability": 0, "temperature": 74.71, "apparentTemperature": 75.92, "dewPoint": 70.23, "humidity": 0.86, "pressure": 1014.91, "windSpeed": 0.39, "windGust": 1.42, "windBearing": 181, "cloudCover": 0.95, "uvIndex": 0, "visibility": 6.91}, {"time": 1439971200, "summary": "Overcast", "icon": "cloudy", "precipIntensity": 0, "precipProbability": 0, "temperature": 74.78, "apparentTemperature": 76.03, "dewPoint": 70.49, "humidity": 0.87, "pressure": 1014.77, "windSpeed": 0.37, "windGust": 1.43, "windBearing": 180, "cloudCover": 0.97, "uvIndex": 0, "visibility": 7.55}, {"time": 1439974800, "summary": "Overcast", "icon": "cloudy", "precipIntensity": 0, "precipProbability": 0, "temperature": 74.72, "apparentTemperature": 75.97, "dewPoint": 70.54, "humidity": 0.87, "pressure": 1014.51, "windSpeed": 0.31, "windGust": 1.12, "windBearing": 180, "cloudCover": 0.95, "uvIndex": 0, "visibility": 7.53}, {"time": 1439978400, "summary": "Mostly Cloudy", "icon": "partly-cloudy-night", "precipIntensity": 0, "precipProbability": 0, "temperature": 74.41, "apparentTemperature": 75.65, "dewPoint": 70.38, "humidity": 0.87, "pressure": 1014.5, "windSpeed": 0.13, "windGust": 0.26, "windBearing": 157, "cloudCover": 0.86, "uvIndex": 0, "visibility": 7.59}, {"time": 1439982000, "summary": "Mostly Cloudy", "icon": "partly-cloudy-day", "precipIntensity": 0, "precipProbability": 0, "temperature": 74.34, "apparentTemperature": 75.62, "dewPoint": 70.6, "humidity": 0.88, "pressure": 1014.98, "windSpeed": 0.48, "windGust": 1.17, "windBearing": 165, "cloudCover": 0.89, "uvIndex": 0, "visibility": 7.12}, {"time": 1439985600, "summary": "Mostly Cloudy", "icon": "partly-cloudy-day", "precipIntensity": 0, "precipProbability": 0, "temperature": 75.53, "apparentTemperature": 76.89, "dewPoint": 71.51, "humidity": 0.87, "pressure": 1015.45, "windSpeed": 0.75, "windGust": 2.53, "windBearing": 167, "cloudCover": 0.85, "uvIndex": 1, "visibility": 8.07}, {"time": 1439989200, "summary": "Humid and Overcast", "icon": "cloudy", "precipIntensity": 0, "precipProbability": 0, "temperature": 76.84, "apparentTemperature": 78.23, "dewPoint": 72.01, "humidity": 0.85, "pressure": 1015.7, "windSpeed": 0.91, "windGust": 2.72, "windBearing": 168, "cloudCover": 0.95, "uvIndex": 2, "visibility": 8.01}, {"time": 1439992800, "summary": "Humid and Mostly Cloudy", "icon": "partly-cloudy-day", "precipIntensity": 0, "precipProbability": 0, "temperature": 78.3, "apparentTemperature": 79.7, "dewPoint": 72.49, "humidity": 0.82, "pressure": 1015.98, "windSpeed": 1, "windGust": 3.13, "windBearing": 176, "cloudCover": 0.92, "uvIndex": 3, "visibility": 8.12}, {"time": 1439996400, "summary": "Humid and Overcast", "icon": "cloudy", "precipIntensity": 0, "precipProbability": 0, "temperature": 80.35, "apparentTemperature": 84.56, "dewPoint": 72.53, "humidity": 0.77, "pressure": 1016.02, "windSpeed": 1.59, "windGust": 5.2, "windBearing": 172, "cloudCover": 0.94, "uvIndex": 4, "visibility": 8.59}, {"time": 1440000000, "summary": "Humid and Overcast", "icon": "cloudy", "precipIntensity": 0, "precipProbability": 0, "temperature": 82.28, "apparentTemperature": 87.57, "dewPoint": 72.56, "humidity": 0.73, "pressure": 1015.85, "windSpeed": 1.81, "windGust": 5.9, "windBearing": 172, "cloudCover": 0.96, "uvIndex": 4, "visibility": 7.98}, {"time": 1440003600, "summary": "Humid and Overcast", "icon": "cloudy", "precipIntensity": 0, "precipProbability": 0, "temperature": 84.51, "apparentTemperature": 90.7, "dewPoint": 72.5, "humidity": 0.67, "pressure": 1015.54, "windSpeed": 2.42, "windGust": 7.8, "windBearing": 172, "cloudCover": 0.97, "uvIndex": 5, "visibility": 7.79}, {"time": 1440007200, "summary": "Humid and Mostly Cloudy", "icon": "partly-cloudy-day", "precipIntensity": 0, "precipProbability": 0, "temperature": 86.02, "apparentTemperature": 92.33, "dewPoint": 72.03, "humidity": 0.63, "pressure": 1014.74, "windSpeed": 2.27, "windGust": 8.53, "windBearing": 165, "cloudCover": 0.76, "uvIndex": 5, "visibility": 7.56}, {"time": 1440010800, "summary": "Partly Cloudy", "icon": "partly-cloudy-day", "precipIntensity": 0, "precipProbability": 0, "temperature": 87.46, "apparentTemperature": 93.59, "dewPoint": 71.35, "humidity": 0.59, "pressure": 1014.18, "windSpeed": 3.08, "windGust": 8.9, "windBearing": 163, "cloudCover": 0.51, "uvIndex": 6, "visibility": 7.56}, {"time": 1440014400, "summary": "Partly Cloudy", "icon": "partly-cloudy-day", "precipIntensity": 0, "precipProbability": 0, "temperature": 87.2, "apparentTemperature": 92.78, "dewPoint": 70.75, "humidity": 0.58, "pressure": 1013.84, "windSpeed": 3.09, "windGust": 9.46, "windBearing": 164, "cloudCover": 0.4, "uvIndex": 4, "visibility": 7.17}, {"time": 1440018000, "summary": "Partly Cloudy", "icon": "partly-cloudy-day", "precipIntensity": 0, "precipProbability": 0, "temperature": 86.31, "apparentTemperature": 91.82, "dewPoint": 70.93, "humidity": 0.6, "pressure": 1013.42, "windSpeed": 2.21, "windGust": 7.96, "windBearing": 160, "cloudCover": 0.44, "uvIndex": 3, "visibility": 8}, {"time": 1440021600, "summary": "Partly Cloudy", "icon": "partly-cloudy-day", "precipIntensity": 0, "precipProbability": 0, "temperature": 85.2, "apparentTemperature": 90.7, "dewPoint": 71.28, "humidity": 0.63, "pressure": 1013.51, "windSpeed": 1.75, "windGust": 6.45, "windBearing": 156, "cloudCover": 0.55, "uvIndex": 1, "visibility": 7.9}, {"time": 1440025200, "summary": "Mostly Cloudy", "icon": "partly-cloudy-day", "precipIntensity": 0, "precipProbability": 0, "temperature": 83.5, "apparentTemperature": 88.57, "dewPoint": 71.41, "humidity": 0.67, "pressure": 1013.5, "windSpeed": 1.68, "windGust": 5.02, "windBearing": 142, "cloudCover": 0.62, "uvIndex": 0, "visibility": 8.51}, {"time": 1440028800, "summary": "Partly Cloudy", "icon": "partly-cloudy-night", "precipIntensity": 0, "precipProbability": 0, "temperature": 81.6, "apparentTemperature": 85.93, "dewPoint": 71.32, "humidity": 0.71, "pressure": 1013.85, "windSpeed": 1.17, "windGust": 3.63, "windBearing": 144, "cloudCover": 0.42, "uvIndex": 0, "visibility": 8.32}, {"time": 1440032400, "summary": "Partly Cloudy", "icon": "partly-cloudy-night", "precipIntensity": 0, "precipProbability": 0, "temperature": 80.45, "apparentTemperature": 84.29, "dewPoint": 71.42, "humidity": 0.74, "pressure": 1014.17, "windSpeed": 0.94, "windGust": 3.94, "windBearing": 140, "cloudCover": 0.5, "uvIndex": 0, "visibility": 7.96}, {"time": 1440036000, "summary": "Mostly Cloudy", "icon": "partly-cloudy-night", "precipIntensity": 0, "precipProbability": 0, "temperature": 79.51, "apparentTemperature": 82.96, "dewPoint": 71.89, "humidity": 0.78, "pressure": 1014.64, "windSpeed": 1.06, "windGust": 4.25, "windBearing": 148, "cloudCover": 0.67, "uvIndex": 0, "visibility": 7.89}, {"time": 1440039600, "summary": "Humid and Mostly Cloudy", "icon": "partly-cloudy-night", "precipIntensity": 0.0014, "precipProbability": 0.05, "precipType": "rain", "temperature": 78.39, "apparentTemperature": 79.76, "dewPoint": 72.26, "humidity": 0.82, "pressure": 1014.53, "windSpeed": 0.6, "windGust": 2.71, "windBearing": 151, "cloudCover": 0.69, "uvIndex": 0, "visibility": 7.8}]}, "daily": {"data": [{"time": 1439956800, "summary": "Humid and mostly cloudy throughout the day.", "icon": "partly-cloudy-day", "sunriseTime": 1439980000, "sunsetTime": 1440028780, "moonPhase": 0.16, "precipIntensity": 0.0001, "precipIntensityMax": 0.0014, "precipIntensityMaxTime": 1440039600, "precipProbability": 0.05, "precipType": "rain", "temperatureHigh": 87.46, "temperatureHighTime": 1440010800, "temperatureLow": 75.94, "temperatureLowTime": 1440064800, "apparentTemperatureHigh": 93.59, "apparentTemperatureHighTime": 1440010800, "apparentTemperatureLow": 77.58, "apparentTemperatureLowTime": 1440064800, "dewPoint": 71.19, "humidity": 0.76, "pressure": 1014.75, "windSpeed": 1.18, "windGust": 9.46, "windGustTime": 1440014400, "windBearing": 162, "cloudCover": 0.72, "uvIndex": 6, "uvIndexTime": 1440010800, "visibility": 7.71, "temperatureMin": 74.34, "temperatureMinTime": 1439982000, "temperatureMax": 87.46, "temperatureMaxTime": 1440010800, "apparentTemperatureMin": 75.56, "apparentTemperatureMinTime": 1439964000, "apparentTemperatureMax": 93.59, "apparentTemperatureMaxTime": 1440010800}]}, "flags": {"sources": ["cmc", "gfs", "hrrr", "icon", "isd", "madis", "nam", "sref"], "nearest-station": 0.675, "units": "us"}, "offset": -4}