{"latitude": 38.912659, "longitude": -77.017669, "timezone": "America/New_York", "currently": {"time": 1444622400, "summary": "Clear", "icon": "clear-night", "precipIntensity": 0, "precipProbability": 0, "temperature": 51.07, "apparentTemperature": 51.07, "dewPoint": 47.55, "humidity": 0.88, "pressure": 1012.76, "windSpeed": 0, "windGust": 0.02, "cloudCover": 0, "uvIndex": 0, "visibility": 7.58}, "hourly": {"summary": "Clear throughout the day.", "icon": "clear-day", "data": [{"time": 1444622400, "summary": "Clear", "icon": "clear-night", "precipIntensity": 0, "precipProbability": 0, "temperature": 51.07, "apparentTemperature": 51.07, "dewPoint": 47.55, "humidity": 0.88, "pressure": 1012.76, "windSpeed": 0, "windGust": 0.02, "cloudCover": 0, "uvIndex": 0, "visibility": 7.58}, {"time": 1444626000, "summary": "Clear", "icon": "clear-night", "precipIntensity": 0, "precipProbability": 0, "temperature": 50.03, "apparentTemperature": 50.03, "dewPoint": 46.98, "humidity": 0.89, "pressure": 1012.48, "windSpeed": 0, "windGust": 0.07, "cloudCover": 0, "uvIndex": 0, "visibility": 10}, {"time": 1444629600, "summary": "Clear", "icon": "clear-night", "precipIntensity": 0, "precipProbability": 0, "temperature": 49.18, "apparentTemperature": 49.18, "dewPoint": 46.39, "humidity": 0.9, "pressure": 1012.57, "windSpeed": 0, "windGust": 0.04, "cloudCover": 0, "uvIndex": 0, "visibility": 8.15}, {"time": 1444633200, "summary": "Clear", "icon": "clear-night", "precipIntensity": 0, "precipProbability": 0, "temperature": 48.37, "apparentTemperature": 48.37, "dewPoint": 45.77, "humidity": 0.91, "pressure": 1012.56, "windSpeed": 0, "windGust": 0.02, "cloudCover": 0, "uvIndex": 0, "visibility": 7.11}, {"time": 1444636800, "summary": "Clear", "icon": "clear-night", "precipIntensity": 0, "precipProbability": 0, "temperature": 47.92, "apparentTemperature": 47.92, "dewPoint": 45.33, "humidity": 0.91, "pressure": 1012.07, "windSpeed": 0, "windGust": 0.04, "cloudCover": 0, "uvIndex": 0, "visibility": 5.5}, {"time": 1444640400, "summary": "Clear", "icon": "clear-night", "precipIntensity": 0, "precipProbability": 0, "temperature": 47.09, "apparentTemperature": 47.09, "dewPoint": 44.54, "humidity": 0.91, "pressure": 1012.02, "windSpeed": 0, "windGust": 0, "cloudCover": 0, "uvIndex": 0, "visibility": 8.23}, {"time": 1444644000, "summary": "Clear", "icon": "clear-night", "precipIntensity": 0, "precipProbability": 0, "temperature": 46.39, "apparentTemperature": 46.39, "dewPoint": 44.12, "humidity": 0.92, "pressure": 1012.48, "windSpeed": 0, "windGust": 0.02, "cloudCover": 0, "uvIndex": 0, "visibility": 5.79}, {"time": 1444647600, "summary": "Clear", "icon": "clear-night", "precipIntensity": 0, "precipProbability": 0, "temperature": 45.93, "apparentTemperature": 45.93, "dewPoint": 43.47, "humidity": 0.91, "pressure": 1012.63, "windSpeed": 0, "windGust": 0.01, "cloudCover": 0.01, "uvIndex": 0, "visibility": 7.42}, {"time": 1444651200, "summary": "Clear", "icon": "clear-day", "precipIntensity": 0, "precipProbability": 0, "temperature": 46.25, "apparentTemperature": 46.25, "dewPoint": 43.69, "humidity": 0.91, "pressure": 1012.66, "windSpeed": 0, "windGust": 0.01, "cloudCover": 0.05, "uvIndex": 0, "visibility": 9.22}, {"time": 1444654800, "summary": "Clear", "icon": "clear-day", "precipIntensity": 0, "precipProbability": 0, "temperature": 50.54, "apparentTemperature": 50.54, "dewPoint": 48.07, "humidity": 0.91, "pressure": 1012.15, "windSpeed": 0.05, "windGust": 0.08, "windBearing": 180, "cloudCover": 0.06, "uvIndex": 1, "visibility": 8.65}, {"time": 1444658400, "summary": "Clear", "icon": "clear-day", "precipIntensity": 0, "precipProbability": 0, "temperature": 58.39, "apparentTemperature": 58.39, "dewPoint": 53.28, "humidity": 0.83, "pressure": 1011.82, "windSpeed": 0.05, "windGust": 0.85, "windBearing": 180, "cloudCover": 0, "uvIndex": 2, "visibility": 7.82}, {"time": 1444662000, "summary": "Clear", "icon": "clear-day", "precipIntensity": 0, "precipProbability": 0, "temperature": 64.43, "apparentTemperature": 64.43, "dewPoint": 54.49, "humidity": 0.7, "pressure": 1011.6, "windSpeed": 0.18, "windGust": 1.96, "windBearing": 190, "cloudCover": 0, "uvIndex": 4, "visibility": 9.39}, {"time": 1444665600, "summary": "Clear", "icon": "clear-day", "precipIntensity": 0, "precipProbability": 0, "temperature": 68.9, "apparentTemperature": 68.9, "dewPoint": 54.57, "humidity": 0.6, "pressure": 1011.19, "windSpeed": 0.92, "windGust": 4.19, "windBearing": 170, "cloudCover": 0, "uvIndex": 5, "visibility": 8.31}, {"time": 1444669200, "summary": "Clear", "icon": "clear-day", "precipIntensity": 0, "precipProbability": 0, "temperature": 71.48, "apparentTemperature": 71.48, "dewPoint": 54.06, "humidity": 0.54, "pressure": 1010.59, "windSpeed": 1.81, "windGust": 6.92, "windBearing": 167, "cloudCover": 0, "uvIndex": 5, "visibility": 7.14}, {"time": 1444672800, "summary": "Clear", "icon": "clear-day", "precipIntensity": 0, "precipProbability": 0, "temperature": 72.86, "apparentTemperature": 72.86, "dewPoint": 53.01, "humidity": 0.5, "pressure": 1009.36, "windSpeed": 1.08, "windGust": 5.58, "windBearing": 170, "cloudCover": 0.08, "uvIndex": 4, "visibility": 8}, {"time": 1444676400, "summary": "Clear", "icon": "clear-day", "precipIntensity": 0, "precipProbability": 0, "temperature": 73.49, "apparentTemperature": 73.49, "dewPoint": 52.5, "humidity": 0.48, "pressure": 1008.76, "windSpeed": 1.47, "windGust": 5.22, "windBearing": 177, "cloudCover": 0.04, "uvIndex": 3, "visibility": 8.25}, {"time": 1444680000, "summary": "Clear", "icon": "clear-day", "precipIntensity": 0, "precipProbability": 0, "temperature": 73.59, "apparentTemperature": 73.59, "dewPoint": 53.17, "humidity": 0.49, "pressure": 1007.85, "windSpeed": 1.61, "windGust": 6.17, "windBearing": 157, "cloudCover": 0.04, "uvIndex": 2, "visibility": 8.24}, {"time": 1444683600, "summary": "Clear", "icon": "clear-day", "precipIntensity": 0, "precipProbability": 0, "temperature": 72.3, "apparentTemperature": 72.3, "dewPoint": 54.05, "humidity": 0.53, "pressure": 1007.55, "windSpeed": 2.16, "windGust": 6.42, "windBearing": 161, "cloudCover": 0.04, "uvIndex": 1, "visibility": 8.31}, {"time": 1444687200, "summary": "Clear", "icon": "clear-day", "precipIntensity": 0, "precipProbability": 0, "temperature": 70.04, "apparentTemperature": 70.04, "dewPoint": 54.24, "humidity": 0.57, "pressure": 1007, "windSpeed": 0.88, "windGust": 3.34, "windBearing": 164, "cloudCover": 0.05, "uvIndex": 0, "visibility": 9}, {"time": 1444690800, "summary": "Clear", "icon": "clear-night", "precipIntensity": 0, "precipProbability": 0, "temperature": 66.42, "apparentTemperature": 66.42, "dewPoint": 54.27, "humidity": 0.65, "pressure": 1006.73, "windSpeed": 0.36, "windGust": 1.05, "windBearing": 160, "cloudCover": 0.13, "uvIndex": 0, "visibility": 7.99}, {"time": 1444694400, "summary": "Clear", "icon": "clear-night", "precipIntensity": 0, "precipProbability": 0, "temperature": 63.84, "apparentTemperature": 63.84, "dewPoint": 53.77, "humidity": 0.7, "pressure": 1006.88, "windSpeed": 0.36, "windGust": 1.27, "windBearing": 160, "cloudCover": 0, "uvIndex": 0, "visibility": 8.91}, {"time": 1444698000, "summary": "Clear", "icon": "clear-night", "precipIntensity": 0, "precipProbability": 0, "temperature": 62.33, "apparentTemperature": 62.33, "dewPoint": 53.83, "humidity": 0.74, "pressure": 1006.71, "windSpeed": 0.17, "windGust": 1.05, "windBearing": 173, "cloudCover": 0, "uvIndex": 0, "visibility": 7.13}, {"time": 1444701600, "summary": "Clear", "icon": "clear-night", "precipIntensity": 0, "precipProbability": 0, "temperature": 60.94, "apparentTemperature": 60.94, "dewPoint": 53.69, "humidity": 0.77, "pressure": 1006.24, "windSpeed": 0.07, "windGust": 0.73, "windBearing": 180, "cloudCover": 0.19, "uvIndex": 0, "visibility": 8.99}, {"time": 1444705200, "summary": "Clear", "icon": "clear-night", "precipIntensity": 0, "precipProbability": 0, "temperature": 59.86, "apparentTemperature": 59.86, "dewPoint": 53.73, "humidity": 0.8, "pressure": 1005.6, "windSpeed": 0.25, "windGust": 0.85, "windBearing": 176, "cloudCover": 0.1, "uvIndex": 0, "visibility": 7.07}]}, "daily": {"data": [{"time": 1444622400, "summary": "Clear throughout the day.", "icon": "clear-day", "sunriseTime": 1444648532, "sunsetTime": 1444689347, "moonPhase": 0.99, "precipIntensity": 0, "precipIntensityMax": 0, "precipProbability": 0, "temperatureHigh": 73.59, "temperatureHighTime": 1444680000, "temperatureLow": 57.05, "temperatureLowTime": 1444734000, "apparentTemperatureHigh": 73.59, "apparentTemperatureHighTime": 1444680000, "apparentTemperatureLow": 57.05, "apparentTemperatureLowTime": 1444734000, "dewPoint": 50.36, "humidity": 0.75, "pressure": 1010.09, "windSpeed": 0.47, "windGust": 6.92, "windGustTime": 1444669200, "windBearing": 166, "cloudCover": 0.03, "uvIndex": 5, "uvIndexTime": 1444665600, "visibility": 8.01, "temperatureMin": 45.93, "temperatureMinTime": 1444647600, "temperatureMax": 73.59, "temperatureMaxTime": 1444680000, "apparentTemperatureMin": 45.93, "apparentTemperatureMinTime": 1444647600, "apparentTemperatureMax": 73.59, "apparentTemperatureMaxTime": 1444680000}]}, "flags": {"sources": ["cmc", "gfs", "hrrr", "icon", "isd", "madis", "nam", "sref"], "nearest-station": 1.106, "units": "us"}, "offset": -4}