{"latitude": 38.912659, "longitude": -77.017669, "timezone": "America/New_York", "currently": {"time": 1433995200, "summary": "Clear", "icon": "clear-night", "precipIntensity": 0, "precipProbability": 0, "temperature": 71.64, "apparentTemperature": 72.13, "dewPoint": 64.13, "humidity": 0.77, "pressure": 1012.46, "windSpeed": 0.29, "windGust": 0.94, "windBearing": 199, "cloudCover": 0, "uvIndex": 0, "visibility": 7.18}, "hourly": {"summary": "Clear throughout the day.", "icon": "clear-day", "data": [{"time": 1433995200, "summary": "Clear", "icon": "clear-night", "precipIntensity": 0, "precipProbability": 0, "temperature": 71.64, "apparentTemperature": 72.13, "dewPoint": 64.13, "humidity": 0.77, "pressure": 1012.46, "windSpeed": 0.29, "windGust": 0.94, "windBearing": 199, "cloudCover": 0, "uvIndex": 0, "visibility": 7.18}, {"time": 1433998800, "summary": "Clear", "icon": "clear-night", "precipIntensity": 0, "precipProbability": 0, "temperature": 70.96, "apparentTemperature": 71.51, "dewPoint": 64.43, "humidity": 0.8, "pressure": 1012.08, "windSpeed": 0.46, "windGust": 1.44, "windBearing": 202, "cloudCover": 0, "uvIndex": 0, "visibility": 7.64}, {"time": 1434002400, "summary": "Clear", "icon": "clear-night", "precipIntensity": 0, "precipProbability": 0, "temperature": 70.31, "apparentTemperature": 70.87, "dewPoint": 64.41, "humidity": 0.82, "pressure": 1012.34, "windSpeed": 0.24, "windGust": 0.95, "windBearing": 217, "cloudCover": 0.04, "uvIndex": 0, "visibility": 6.45}, {"time": 1434006000, "summary": "Clear", "icon": "clear-night", "precipIntensity": 0, "precipProbability": 0, "temperature": 69.55, "apparentTemperature": 70.11, "dewPoint": 64.15, "humidity": 0.83, "pressure": 1012.78, "windSpeed": 0.21, "windGust": 0.45, "windBearing": 231, "cloudCover": 0.04, "uvIndex": 0, "visibility": 6.41}, {"time": 1434009600, "summary": "Clear", "icon": "clear-night", "precipIntensity": 0, "precipProbability": 0, "temperature": 68.54, "apparentTemperature": 69.07, "dewPoint": 63.71, "humidity": 0.85, "pressure": 1012.41, "windSpeed": 0.02, "windGust": 0.25, "windBearing": 230, "cloudCover": 0, "uvIndex": 0, "visibility": 6.36}, {"time": 1434013200, "summary": "Clear", "icon": "clear-night", "precipIntensity": 0, "precipProbability": 0, "temperature": 67.76, "apparentTemperature": 68.27, "dewPoint": 63.37, "humidity": 0.86, "pressure": 1012.47, "windSpeed": 0.18, "windGust": 0.28, "windBearing": 197, "cloudCover": 0.05, "uvIndex": 0, "visibility": 7.59}, {"time": 1434016800, "summary": "Partly Cloudy", "icon": "partly-cloudy-day", "precipIntensity": 0, "precipProbability": 0, "temperature": 67.08, "apparentTemperature": 67.61, "dewPoint": 63.32, "humidity": 0.88, "pressure": 1013.14, "windSpeed": 0.15, "windGust": 0.44, "windBearing": 185, "cloudCover": 0.25, "uvIndex": 0, "visibility": 5.48}, {"time": 1434020400, "summary": "Clear", "icon": "clear-day", "precipIntensity": 0, "precipProbability": 0, "temperature": 68.29, "apparentTemperature": 68.92, "dewPoint": 64.35, "humidity": 0.87, "pressure": 1013.47, "windSpeed": 0.2, "windGust": 0.59, "windBearing": 208, "cloudCover": 0.23, "uvIndex": 0, "visibility": 5.86}, {"time": 1434024000, "summary": "Clear", "icon": "clear-day", "precipIntensity": 0, "precipProbability": 0, "temperature": 71.47, "apparentTemperature": 72.3, "dewPoint": 66.65, "humidity": 0.85, "pressure": 1014.25, "windSpeed": 0.14, "windGust": 1.09, "windBearing": 207, "cloudCover": 0.18, "uvIndex": 1, "visibility": 6.31}, {"time": 1434027600, "summary": "Clear", "icon": "clear-day", "precipIntensity": 0, "precipProbability": 0, "temperature": 76.33, "apparentTemperature": 77.25, "dewPoint": 68.39, "humidity": 0.77, "pressure": 1014.57, "windSpeed": 0.43, "windGust": 2.55, "windBearing": 217, "cloudCover": 0.18, "uvIndex": 3, "visibility": 7.9}, {"time": 1434031200, "summary": "Clear", "icon": "clear-day", "precipIntensity": 0, "precipProbability": 0, "temperature": 81.02, "apparentTemperature": 84.45, "dewPoint": 69.76, "humidity": 0.69, "pressure": 1014.66, "windSpeed": 0.62, "windGust": 2.81, "windBearing": 203, "cloudCover": 0.1, "uvIndex": 5, "visibility": 6.88}, {"time": 1434034800, "summary": "Clear", "icon": "clear-day", "precipIntensity": 0, "precipProbability": 0, "temperature": 84.08, "apparentTemperature": 88.53, "dewPoint": 70.15, "humidity": 0.63, "pressure": 1014.65, "windSpeed": 0.87, "windGust": 4.03, "windBearing": 207, "cloudCover": 0.06, "uvIndex": 8, "visibility": 6.95}, {"time": 1434038400, "summary": "Clear", "icon": "clear-day", "precipIntensity": 0, "precipProbability": 0, "temperature": 87.43, "apparentTemperature": 91.84, "dewPoint": 69.14, "humidity": 0.55, "pressure": 1014.54, "windSpeed": 0.76, "windGust": 4.29, "windBearing": 205, "cloudCover": 0.16, "uvIndex": 9, "visibility": 6.48}, {"time": 1434042000, "summary": "Clear", "icon": "clear-day", "precipIntensity": 0, "precipProbability": 0, "temperature": 89.52, "apparentTemperature": 93.51, "dewPoint": 68.11, "humidity": 0.5, "pressure": 1014.27, "windSpeed": 0.64, "windGust": 4.26, "windBearing": 223, "cloudCover": 0.19, "uvIndex": 9, "visibility": 6.38}, {"time": 1434045600, "summary": "Clear", "icon": "clear-day", "precipIntensity": 0, "precipProbability": 0, "temperature": 90.81, "apparentTemperature": 95.16, "dewPoint": 68.32, "humidity": 0.48, "pressure": 1013.44, "windSpeed": 0.64, "windGust": 3.31, "windBearing": 198, "cloudCover": 0.23, "uvIndex": 9, "visibility": 8.34}, {"time": 1434049200, "summary": "Partly Cloudy", "icon": "partly-cloudy-day", "precipIntensity": 0, "precipProbability": 0, "temperature": 91.74, "apparentTemperature": 95.93, "dewPoint": 67.9, "humidity": 0.46, "pressure": 1013.2, "windSpeed": 0.93, "windGust": 4.28, "windBearing": 189, "cloudCover": 0.4, "uvIndex": 7, "visibility": 7.49}, {"time": 1434052800, "summary": "Clear", "icon": "clear-day", "precipIntensity": 0, "precipProbability": 0, "temperature": 91.89, "apparentTemperature": 95.98, "dewPoint": 67.73, "humidity": 0.45, "pressure": 1012.99, "windSpeed": 1.41, "windGust": 4.87, "windBearing": 189, "cloudCover": 0.21, "uvIndex": 6, "visibility": 6.89}, {"time": 1434056400, "summary": "Clear", "icon": "clear-day", "precipIntensity": 0, "precipProbability": 0, "temperature": 91.43, "apparentTemperature": 95.85, "dewPoint": 68.27, "humidity": 0.47, "pressure": 1012.58, "windSpeed": 1.52, "windGust": 4.81, "windBearing": 190, "cloudCover": 0.2, "uvIndex": 4, "visibility": 7.35}, {"time": 1434060000, "summary": "Clear", "icon": "clear-day", "precipIntensity": 0, "precipProbability": 0, "temperature": 90.35, "apparentTemperature": 94.53, "dewPoint": 68.19, "humidity": 0.48, "pressure": 1012.21, "windSpeed": 1.82, "windGust": 5.07, "windBearing": 184, "cloudCover": 0.14, "uvIndex": 2, "visibility": 6.32}, {"time": 1434063600, "summary": "Clear", "icon": "clear-day", "precipIntensity": 0, "precipProbability": 0, "temperature": 88.88, "apparentTemperature": 93.74, "dewPoint": 69.42, "humidity": 0.53, "pressure": 1012.35, "windSpeed": 1.49, "windGust": 4.07, "windBearing": 187, "cloudCover": 0.21, "uvIndex": 1, "visibility": 7.22}, {"time": 1434067200, "summary": "Clear", "icon": "clear-day", "precipIntensity": 0, "precipProbability": 0, "temperature": 86.71, "apparentTemperature": 92.08, "dewPoint": 70.62, "humidity": 0.59, "pressure": 1012.94, "windSpeed": 0.67, "windGust": 1.64, "windBearing": 185, "cloudCover": 0.18, "uvIndex": 0, "visibility": 7.59}, {"time": 1434070800, "summary": "Clear", "icon": "clear-night", "precipIntensity": 0, "precipProbability": 0, "temperature": 83.54, "apparentTemperature": 88.41, "dewPoint": 71.06, "humidity": 0.66, "pressure": 1013.26, "windSpeed": 0.62, "windGust": 0.67, "windBearing": 182, "cloudCover": 0.2, "uvIndex": 0, "visibility": 7.07}, {"time": 1434074400, "summary": "Clear", "icon": "clear-night", "precipIntensity": 0, "precipProbability": 0, "temperature": 81.56, "apparentTemperature": 85.88, "dewPoint": 71.35, "humidity": 0.71, "pressure": 1013.9, "windSpeed": 0.78, "windGust": 0.93, "windBearing": 184, "cloudCover": 0.12, "uvIndex": 0, "visibility": 8.81}, {"time": 1434078000, "summary": "Clear", "icon": "clear-night", "precipIntensity": 0, "precipProbability": 0, "temperature": 80.56, "apparentTemperature": 84.5, "dewPoint": 71.52, "humidity": 0.74, "pressure": 1014.13, "windSpeed": 0.55, "windGust": 0.96, "windBearing": 183, "cloudCover": 0.07, "uvIndex": 0, "visibility": 7.57}]}, "daily": {"data": [{"time": 1433995200, "summary": "Clear throughout the day.", "icon": "clear-day", "sunriseTime": 1434015819, "sunsetTime": 1434069280, "moonPhase": 0.83, "precipIntensity": 0, "precipIntensityMax": 0, "precipProbability": 0, "temperatureHigh": 91.89, "temperatureHighTime": 1434052800, "temperatureLow": 73.14, "temperatureLowTime": 1434103200, "apparentTemperatureHigh": 95.98, "apparentTemperatureHighTime": 1434052800, "apparentTemperatureLow": 74.33, "apparentTemperatureLowTime": 1434103200, "dewPoint": 67.44, "humidity": 0.68, "pressure": 1013.3, "windSpeed": 0.64, "windGust": 5.07, "windGustTime": 1434060000, "windBearing": 194, "cloudCover": 0.14, "uvIndex": 9, "uvIndexTime": 1434038400, "visibility": 7.02, "temperatureMin": 67.08, "temperatureMinTime": 1434016800, "temperatureMax": 91.89, "temperatureMaxTime": 1434052800, "apparentTemperatureMin": 67.61, "apparentTemperatureMinTime": 1434016800, "apparentTemperatureMax": 95.98, "apparentTemperatureMaxTime": 1434052800}]}, "flags": {"sources": ["cmc", "gfs", "hrrr", "icon", "isd", "madis", "nam", "sref"], "nearest-station": 0.675, "units": "us"}, "offset": -4}