{"latitude": 38.912659, "longitude": -77.017669, "timezone": "America/New_York", "currently": {"time": 1432440000, "summary": "Clear", "icon": "clear-night", "precipIntensity": 0, "precipProbability": 0, "temperature": 58.29, "apparentTemperature": 58.29, "dewPoint": 46.05, "humidity": 0.64, "pressure": 1028.72, "windSpeed": 0.11, "windGust": 1.24, "windBearing": 191, "cloudCover": 0, "uvIndex": 0, "visibility": 6.05}, "hourly": {"summary": "Partly cloudy in the morning.", "icon": "partly-cloudy-day", "data": [{"time": 1432440000, "summary": "Clear", "icon": "clear-night", "precipIntensity": 0, "precipProbability": 0, "temperature": 58.29, "apparentTemperature": 58.29, "dewPoint": 46.05, "humidity": 0.64, "pressure": 1028.72, "windSpeed": 0.11, "windGust": 1.24, "windBearing": 191, "cloudCover": 0, "uvIndex": 0, "visibility": 6.05}, {"time": 1432443600, "summary": "Clear", "icon": "clear-night", "precipIntensity": 0, "precipProbability": 0, "temperature": 57.09, "apparentTemperature": 57.09, "dewPoint": 46.28, "humidity": 0.67, "pressure": 1028.72, "windSpeed": 0.03, "windGust": 0.6, "windBearing": 188, "cloudCover": 0, "uvIndex": 0, "visibility": 7.56}, {"time": 1432447200, "summary": "Clear", "icon": "clear-night", "precipIntensity": 0, "precipProbability": 0, "temperature": 55.29, "apparentTemperature": 55.29, "dewPoint": 46.11, "humidity": 0.71, "pressure": 1028.35, "windSpeed": 0, "windGust": 0.3, "cloudCover": 0, "uvIndex": 0, "visibility": 5.45}, {"time": 1432450800, "summary": "Clear", "icon": "clear-night", "precipIntensity": 0, "precipProbability": 0, "temperature": 53.73, "apparentTemperature": 53.73, "dewPoint": 45.94, "humidity": 0.75, "pressure": 1028.44, "windSpeed": 0, "windGust": 0.05, "cloudCover": 0.13, "uvIndex": 0, "visibility": 7.4}, {"time": 1432454400, "summary": "Clear", "icon": "clear-night", "precipIntensity": 0, "precipProbability": 0, "temperature": 52.3, "apparentTemperature": 52.3, "dewPoint": 45.95, "humidity": 0.79, "pressure": 1028.21, "windSpeed": 0, "windGust": 0.05, "cloudCover": 0.11, "uvIndex": 0, "visibility": 9.1}, {"time": 1432458000, "summary": "Clear", "icon": "clear-night", "precipIntensity": 0, "precipProbability": 0, "temperature": 51.71, "apparentTemperature": 51.71, "dewPoint": 46.17, "humidity": 0.81, "pressure": 1028.49, "windSpeed": 0, "windGust": 0.05, "cloudCover": 0.14, "uvIndex": 0, "visibility": 7.31}, {"time": 1432461600, "summary": "Partly Cloudy", "icon": "partly-cloudy-day", "precipIntensity": 0, "precipProbability": 0, "temperature": 51.43, "apparentTemperature": 51.43, "dewPoint": 46.24, "humidity": 0.82, "pressure": 1028.92, "windSpeed": 0, "windGust": 0.03, "cloudCover": 0.33, "uvIndex": 0, "visibility": 7.51}, {"time": 1432465200, "summary": "Partly Cloudy", "icon": "partly-cloudy-day", "precipIntensity": 0, "precipProbability": 0, "temperature": 52.63, "apparentTemperature": 52.63, "dewPoint": 48.07, "humidity": 0.84, "pressure": 1028.92, "windSpeed": 0.04, "windGust": 0.25, "windBearing": 172, "cloudCover": 0.37, "uvIndex": 0, "visibility": 8.47}, {"time": 1432468800, "summary": "Clear", "icon": "clear-day", "precipIntensity": 0, "precipProbability": 0, "temperature": 58.36, "apparentTemperature": 58.36, "dewPoint": 51.23, "humidity": 0.77, "pressure": 1029.24, "windSpeed": 0.74, "windGust": 2.87, "windBearing": 205, "cloudCover": 0.12, "uvIndex": 1, "visibility": 10}, {"time": 1432472400, "summary": "Clear", "icon": "clear-day", "precipIntensity": 0, "precipProbability": 0, "temperature": 63.07, "apparentTemperature": 63.07, "dewPoint": 53.09, "humidity": 0.7, "pressure": 1029.11, "windSpeed": 1.3, "windGust": 4.14, "windBearing": 202, "cloudCover": 0.01, "uvIndex": 3, "visibility": 9.46}, {"time": 1432476000, "summary": "Clear", "icon": "clear-day", "precipIntensity": 0, "precipProbability": 0, "temperature": 67.16, "apparentTemperature": 67.16, "dewPoint": 54.48, "humidity": 0.64, "pressure": 1028.86, "windSpeed": 1.39, "windGust": 4.45, "windBearing": 187, "cloudCover": 0.05, "uvIndex": 5, "visibility": 8.63}, {"time": 1432479600, "summary": "Clear", "icon": "clear-day", "precipIntensity": 0, "precipProbability": 0, "temperature": 71.18, "apparentTemperature": 71.18, "dewPoint": 55.76, "humidity": 0.58, "pressure": 1028.26, "windSpeed": 0.63, "windGust": 3.56, "windBearing": 185, "cloudCover": 0.11, "uvIndex": 7, "visibility": 8.59}, {"time": 1432483200, "summary": "Clear", "icon": "clear-day", "precipIntensity": 0, "precipProbability": 0, "temperature": 74.53, "apparentTemperature": 74.53, "dewPoint": 56.65, "humidity": 0.54, "pressure": 1027.61, "windSpeed": 0.62, "windGust": 3.85, "windBearing": 171, "cloudCover": 0.13, "uvIndex": 9, "visibility": 8.31}, {"time": 1432486800, "summary": "Clear", "icon": "clear-day", "precipIntensity": 0, "precipProbability": 0, "temperature": 76.9, "apparentTemperature": 76.9, "dewPoint": 57.01, "humidity": 0.5, "pressure": 1027.3, "windSpeed": 0.91, "windGust": 5.26, "windBearing": 172, "cloudCover": 0.24, "uvIndex": 9, "visibility": 8.61}, {"time": 1432490400, "summary": "Clear", "icon": "clear-day", "precipIntensity": 0, "precipProbability": 0, "temperature": 79.21, "apparentTemperature": 79.21, "dewPoint": 55.78, "humidity": 0.45, "pressure": 1026.62, "windSpeed": 0.73, "windGust": 5.03, "windBearing": 190, "cloudCover": 0.09, "uvIndex": 9, "visibility": 8.62}, {"time": 1432494000, "summary": "Clear", "icon": "clear-day", "precipIntensity": 0, "precipProbability": 0, "temperature": 80.34, "apparentTemperature": 80.34, "dewPoint": 54.38, "humidity": 0.41, "pressure": 1026.03, "windSpeed": 1.11, "windGust": 5.54, "windBearing": 188, "cloudCover": 0.12, "uvIndex": 8, "visibility": 8.2}, {"time": 1432497600, "summary": "Clear", "icon": "clear-day", "precipIntensity": 0, "precipProbability": 0, "temperature": 81.19, "apparentTemperature": 81.19, "dewPoint": 54.34, "humidity": 0.4, "pressure": 1025.1, "windSpeed": 1.08, "windGust": 5.01, "windBearing": 176, "cloudCover": 0.12, "uvIndex": 6, "visibility": 7.99}, {"time": 1432501200, "summary": "Clear", "icon": "clear-day", "precipIntensity": 0, "precipProbability": 0, "temperature": 81.08, "apparentTemperature": 81.08, "dewPoint": 55.21, "humidity": 0.41, "pressure": 1024.53, "windSpeed": 1.23, "windGust": 5.14, "windBearing": 184, "cloudCover": 0.14, "uvIndex": 3, "visibility": 8.55}, {"time": 1432504800, "summary": "Clear", "icon": "clear-day", "precipIntensity": 0, "precipProbability": 0, "temperature": 80.76, "apparentTemperature": 80.76, "dewPoint": 55.88, "humidity": 0.43, "pressure": 1024.24, "windSpeed": 1.23, "windGust": 4.61, "windBearing": 179, "cloudCover": 0.18, "uvIndex": 1, "visibility": 7.91}, {"time": 1432508400, "summary": "Clear", "icon": "clear-day", "precipIntensity": 0, "precipProbability": 0, "temperature": 79.73, "apparentTemperature": 79.73, "dewPoint": 57.03, "humidity": 0.46, "pressure": 1023.95, "windSpeed": 1.29, "windGust": 3.11, "windBearing": 179, "cloudCover": 0.12, "uvIndex": 0, "visibility": 10}, {"time": 1432512000, "summary": "Clear", "icon": "clear-day", "precipIntensity": 0, "precipProbability": 0, "temperature": 77.95, "apparentTemperature": 77.95, "dewPoint": 57.85, "humidity": 0.5, "pressure": 1024.03, "windSpeed": 1.22, "windGust": 2, "windBearing": 173, "cloudCover": 0.2, "uvIndex": 0, "visibility": 10}, {"time": 1432515600, "summary": "Partly Cloudy", "icon": "partly-cloudy-night", "precipIntensity": 0, "precipProbability": 0, "temperature": 73.63, "apparentTemperature": 73.63, "dewPoint": 58.58, "humidity": 0.59, "pressure": 1024.01, "windSpeed": 0.74, "windGust": 1.38, "windBearing": 175, "cloudCover": 0.41, "uvIndex": 0, "visibility": 7.93}, {"time": 1432519200, "summary": "Partly Cloudy", "icon": "partly-cloudy-night", "precipIntensity": 0, "precipProbability": 0, "temperature": 71.62, "apparentTemperature": 71.62, "dewPoint": 59.03, "humidity": 0.65, "pressure": 1024.64, "windSpeed": 0.29, "windGust": 1.29, "windBearing": 166, "cloudCover": 0.37, "uvIndex": 0, "visibility": 10}, {"time": 1432522800, "summary": "Clear", "icon": "clear-night", "precipIntensity": 0, "precipProbability": 0, "temperature": 70, "apparentTemperature": 70, "dewPoint": 59.01, "humidity": 0.68, "pressure": 1024.76, "windSpeed": 0.18, "windGust": 1.18, "windBearing": 184, "cloudCover": 0.09, "uvIndex": 0, "visibility": 8.93}]}, "daily": {"data": [{"time": 1432440000, "summary": "Partly cloudy in the morning.", "icon": "partly-cloudy-day", "sunriseTime": 1432461010, "sunsetTime": 1432513357, "moonPhase": 0.22, "precipIntensity": 0, "precipIntensityMax": 0, "precipProbability": 0, "temperatureHigh": 81.19, "temperatureHighTime": 1432497600, "temperatureLow": 62.8, "temperatureLowTime": 1432548000, "apparentTemperatureHigh": 81.19, "apparentTemperatureHighTime": 1432497600, "apparentTemperatureLow": 62.8, "apparentTemperatureLowTime": 1432548000, "dewPoint": 52.75, "humidity": 0.61, "pressure": 1026.96, "windSpeed": 0.61, "windGust": 5.54, "windGustTime": 1432494000, "windBearing": 183, "cloudCover": 0.15, "uvIndex": 9, "uvIndexTime": 1432483200, "visibility": 8.36, "temperatureMin": 51.43, "temperatureMinTime": 1432461600, "temperatureMax": 81.19, "temperatureMaxTime": 1432497600, "apparentTemperatureMin": 51.43, "apparentTemperatureMinTime": 1432461600, "apparentTemperatureMax": 81.19, "apparentTemperatureMaxTime": 1432497600}]}, "flags": {"sources": ["cmc", "gfs", "hrrr", "icon", "isd", "madis", "nam", "sref"], "nearest-station": 0.675, "units": "us"}, "offset": -4}