{"latitude": 38.912659, "longitude": -77.017669, "timezone": "America/New_York", "currently": {"time": 1427083200, "summary": "Partly Cloudy", "icon": "partly-cloudy-night", "precipIntensity": 0, "precipProbability": 0, "temperature": 40.74, "apparentTemperature": 40.74, "dewPoint": 18.2, "humidity": 0.4, "pressure": 1021.08, "windSpeed": 0.25, "windGust": 1.49, "windBearing": 347, "cloudCover": 0.53, "uvIndex": 0, "visibility": 9.25}, "hourly": {"summary": "Partly cloudy until morning.", "icon": "partly-cloudy-night", "data": [{"time": 1427083200, "summary": "Partly Cloudy", "icon": "partly-cloudy-night", "precipIntensity": 0, "precipProbability": 0, "temperature": 40.74, "apparentTemperature": 40.74, "dewPoint": 18.2, "humidity": 0.4, "pressure": 1021.08, "windSpeed": 0.25, "windGust": 1.49, "windBearing": 347, "cloudCover": 0.53, "uvIndex": 0, "visibility": 9.25}, {"time": 1427086800, "summary": "Partly Cloudy", "icon": "partly-cloudy-night", "precipIntensity": 0, "precipProbability": 0, "temperature": 39.67, "apparentTemperature": 39.67, "dewPoint": 17.34, "humidity": 0.4, "pressure": 1021.25, "windSpeed": 0.35, "windGust": 1.9, "windBearing": 353, "cloudCover": 0.52, "uvIndex": 0, "visibility": 7.94}, {"time": 1427090400, "summary": "Partly Cloudy", "icon": "partly-cloudy-night", "precipIntensity": 0, "precipProbability": 0, "temperature": 39.05, "apparentTemperature": 39.05, "dewPoint": 16.23, "humidity": 0.39, "pressure": 1021.7, "windSpeed": 0.49, "windGust": 2.23, "windBearing": 5, "cloudCover": 0.44, "uvIndex": 0, "visibility": 8.4}, {"time": 1427094000, "summary": "Mostly Cloudy", "icon": "partly-cloudy-night", "precipIntensity": 0, "precipProbability": 0, "temperature": 37.93, "apparentTemperature": 37.93, "dewPoint": 15.39, "humidity": 0.39, "pressure": 1022.15, "windSpeed": 0.62, "windGust": 2.74, "windBearing": 9, "cloudCover": 0.74, "uvIndex": 0, "visibility": 8.59}, {"time": 1427097600, "summary": "Mostly Cloudy", "icon": "partly-cloudy-night", "precipIntensity": 0, "precipProbability": 0, "temperature": 37.26, "apparentTemperature": 37.26, "dewPoint": 14.18, "humidity": 0.38, "pressure": 1022.37, "windSpeed": 1.25, "windGust": 3.23, "windBearing": 11, "cloudCover": 0.83, "uvIndex": 0, "visibility": 8.95}, {"time": 1427101200, "summary": "Mostly Cloudy", "icon": "partly-cloudy-night", "precipIntensity": 0, "precipProbability": 0, "temperature": 36.18, "apparentTemperature": 36.18, "dewPoint": 13.02, "humidity": 0.38, "pressure": 1022.47, "windSpeed": 1.51, "windGust": 3.69, "windBearing": 21, "cloudCover": 0.8, "uvIndex": 0, "visibility": 9.1}, {"time": 1427104800, "summary": "Partly Cloudy", "icon": "partly-cloudy-night", "precipIntensity": 0, "precipProbability": 0, "temperature": 34.75, "apparentTemperature": 34.75, "dewPoint": 12.45, "humidity": 0.39, "pressure": 1023.35, "windSpeed": 2.18, "windGust": 5.47, "windBearing": 30, "cloudCover": 0.46, "uvIndex": 0, "visibility": 7.83}, {"time": 1427108400, "summary": "Partly Cloudy", "icon": "partly-cloudy-night", "precipIntensity": 0, "precipProbability": 0, "temperature": 33.26, "apparentTemperature": 33.26, "dewPoint": 12.26, "humidity": 0.41, "pressure": 1024.27, "windSpeed": 1.5, "windGust": 4.68, "windBearing": 34, "cloudCover": 0.25, "uvIndex": 0, "visibility": 7.9}, {"time": 1427112000, "summary": "Clear", "icon": "clear-day", "precipIntensity": 0, "precipProbability": 0, "temperature": 32.45, "apparentTemperature": 32.45, "dewPoint": 12.72, "humidity": 0.43, "pressure": 1025.21, "windSpeed": 1.41, "windGust": 4.27, "windBearing": 41, "cloudCover": 0.21, "uvIndex": 0, "visibility": 8.63}, {"time": 1427115600, "summary": "Clear", "icon": "clear-day", "precipIntensity": 0, "precipProbability": 0, "temperature": 33.45, "apparentTemperature": 33.45, "dewPoint": 13.05, "humidity": 0.42, "pressure": 1025.75, "windSpeed": 2.28, "windGust": 6.4, "windBearing": 43, "cloudCover": 0.21, "uvIndex": 1, "visibility": 7.9}, {"time": 1427119200, "summary": "Clear", "icon": "clear-day", "precipIntensity": 0, "precipProbability": 0, "temperature": 35.18, "apparentTemperature": 35.18, "dewPoint": 13.29, "humidity": 0.4, "pressure": 1026.05, "windSpeed": 1.82, "windGust": 5.89, "windBearing": 32, "cloudCover": 0.18, "uvIndex": 3, "visibility": 8.28}, {"time": 1427122800, "summary": "Clear", "icon": "clear-day", "precipIntensity": 0, "precipProbability": 0, "temperature": 37.35, "apparentTemperature": 37.35, "dewPoint": 13.51, "humidity": 0.37, "pressure": 1025.95, "windSpeed": 1.33, "windGust": 5.89, "windBearing": 11, "cloudCover": 0.11, "uvIndex": 4, "visibility": 8.29}, {"time": 1427126400, "summary": "Clear", "icon": "clear-day", "precipIntensity": 0, "precipProbability": 0, "temperature": 39.69, "apparentTemperature": 39.69, "dewPoint": 13.26, "humidity": 0.33, "pressure": 1025.64, "windSpeed": 1.3, "windGust": 6.71, "windBearing": 341, "cloudCover": 0.03, "uvIndex": 6, "visibility": 8.34}, {"time": 1427130000, "summary": "Clear", "icon": "clear-day", "precipIntensity": 0, "precipProbability": 0, "temperature": 41.69, "apparentTemperature": 41.69, "dewPoint": 13.3, "humidity": 0.31, "pressure": 1024.66, "windSpeed": 0.94, "windGust": 6.59, "windBearing": 353, "cloudCover": 0.05, "uvIndex": 7, "visibility": 8}, {"time": 1427133600, "summary": "Clear", "icon": "clear-day", "precipIntensity": 0, "precipProbability": 0, "temperature": 43.9, "apparentTemperature": 43.9, "dewPoint": 14.3, "humidity": 0.3, "pressure": 1024.08, "windSpeed": 0.73, "windGust": 7.54, "windBearing": 317, "cloudCover": 0.12, "uvIndex": 6, "visibility": 8.23}, {"time": 1427137200, "summary": "Clear", "icon": "clear-day", "precipIntensity": 0, "precipProbability": 0, "temperature": 45.46, "apparentTemperature": 45.46, "dewPoint": 14.69, "humidity": 0.29, "pressure": 1023.04, "windSpeed": 0.81, "windGust": 7.2, "windBearing": 335, "cloudCover": 0.19, "uvIndex": 5, "visibility": 8.19}, {"time": 1427140800, "summary": "Clear", "icon": "clear-day", "precipIntensity": 0, "precipProbability": 0, "temperature": 46.72, "apparentTemperature": 46.72, "dewPoint": 14.97, "humidity": 0.28, "pressure": 1022.33, "windSpeed": 1.18, "windGust": 7.05, "windBearing": 354, "cloudCover": 0.13, "uvIndex": 3, "visibility": 8.23}, {"time": 1427144400, "summary": "Clear", "icon": "clear-day", "precipIntensity": 0, "precipProbability": 0, "temperature": 47.21, "apparentTemperature": 47.21, "dewPoint": 14.85, "humidity": 0.27, "pressure": 1021.8, "windSpeed": 1.19, "windGust": 6.25, "windBearing": 15, "cloudCover": 0.05, "uvIndex": 2, "visibility": 8}, {"time": 1427148000, "summary": "Clear", "icon": "clear-day", "precipIntensity": 0, "precipProbability": 0, "temperature": 46.8, "apparentTemperature": 46.8, "dewPoint": 15.39, "humidity": 0.28, "pressure": 1021.84, "windSpeed": 0.74, "windGust": 4.95, "windBearing": 9, "cloudCover": 0.05, "uvIndex": 0, "visibility": 8}, {"time": 1427151600, "summary": "Clear", "icon": "clear-day", "precipIntensity": 0, "precipProbability": 0, "temperature": 45.06, "apparentTemperature": 45.06, "dewPoint": 15.53, "humidity": 0.3, "pressure": 1022.37, "windSpeed": 0.39, "windGust": 3.25, "windBearing": 48, "cloudCover": 0.17, "uvIndex": 0, "visibility": 6.97}, {"time": 1427155200, "summary": "Clear", "icon": "clear-night", "precipIntensity": 0, "precipProbability": 0, "temperature": 41.89, "apparentTemperature": 41.89, "dewPoint": 16.87, "humidity": 0.36, "pressure": 1022.87, "windSpeed": 0.3, "windGust": 1.22, "windBearing": 89, "cloudCover": 0.16, "uvIndex": 0, "visibility": 7.58}, {"time": 1427158800, "summary": "Partly Cloudy", "icon": "partly-cloudy-night", "precipIntensity": 0, "precipProbability": 0, "temperature": 39.86, "apparentTemperature": 39.86, "dewPoint": 18.71, "humidity": 0.42, "pressure": 1023.77, "windSpeed": 0.28, "windGust": 1.39, "windBearing": 98, "cloudCover": 0.49, "uvIndex": 0, "visibility": 8.24}, {"time": 1427162400, "summary": "Mostly Cloudy", "icon": "partly-cloudy-night", "precipIntensity": 0, "precipProbability": 0, "temperature": 39.64, "apparentTemperature": 39.64, "dewPoint": 19.33, "humidity": 0.44, "pressure": 1024.25, "windSpeed": 0.37, "windGust": 1.93, "windBearing": 107, "cloudCover": 0.77, "uvIndex": 0, "visibility": 8.06}, {"time": 1427166000, "summary": "Mostly Cloudy", "icon": "partly-cloudy-night", "precipIntensity": 0, "precipProbability": 0, "temperature": 39.22, "apparentTemperature": 39.22, "dewPoint": 19.59, "humidity": 0.45, "pressure": 1024.03, "windSpeed": 0.29, "windGust": 1.63, "windBearing": 103, "cloudCover": 0.76, "uvIndex": 0, "visibility": 8.04}]}, "daily": {"data": [{"time": 1427083200, "summary": "Mostly cloudy starting in the evening.", "icon": "partly-cloudy-night", "sunriseTime": 1427108887, "sunsetTime": 1427153017, "moonPhase": 0.12, "precipIntensity": 0, "precipIntensityMax": 0, "precipProbability": 0, "temperatureHigh": 47.21, "temperatureHighTime": 1427144400, "temperatureLow": 36.81, "temperatureLowTime": 1427198400, "apparentTemperatureHigh": 47.21, "apparentTemperatureHighTime": 1427144400, "apparentTemperatureLow": 36.81, "apparentTemperatureLowTime": 1427198400, "dewPoint": 15.1, "humidity": 0.37, "pressure": 1023.43, "windSpeed": 0.86, "windGust": 7.54, "windGustTime": 1427133600, "windBearing": 19, "cloudCover": 0.34, "uvIndex": 7, "uvIndexTime": 1427130000, "visibility": 8.2, "temperatureMin": 32.45, "temperatureMinTime": 1427112000, "temperatureMax": 47.21, "temperatureMaxTime": 1427144400, "apparentTemperatureMin": 32.45, "apparentTemperatureMinTime": 1427112000, "apparentTemperatureMax": 47.21, "apparentTemperatureMaxTime": 1427144400}]}, "flags": {"sources": ["cmc", "gfs", "hrrr", "icon", "isd", "madis", "nam", "sref"], "nearest-station": 0.675, "units": "us"}, "offset": -4}