{"latitude": 38.912659, "longitude": -77.017669, "timezone": "America/New_York", "currently": {"time": 1459137600, "summary": "Overcast", "icon": "cloudy", "precipIntensity": 0.0013, "precipProbability": 0.38, "precipType": "rain", "temperature": 48.39, "apparentTemperature": 48.39, "dewPoint": 46.09, "humidity": 0.92, "pressure": 1016.91, "windSpeed": 1.48, "windGust": 4.67, "windBearing": 95, "cloudCover": 1, "uvIndex": 0, "visibility": 2.09}, "hourly": {"summary": "Light rain starting overnight, continuing until morning.", "icon": "rain", "data": [{"time": 1459137600, "summary": "Overcast", "icon": "cloudy", "precipIntensity": 0.0013, "precipProbability": 0.38, "precipType": "rain", "temperature": 48.39, "apparentTemperature": 48.39, "dewPoint": 46.09, "humidity": 0.92, "pressure": 1016.91, "windSpeed": 1.48, "windGust": 4.67, "windBearing": 95, "cloudCover": 1, "uvIndex": 0, "visibility": 2.09}, {"time": 1459141200, "summary": "Overcast", "icon": "cloudy", "precipIntensity": 0.0045, "precipProbability": 0.67, "precipType": "rain", "temperature": 48.21, "apparentTemperature": 48.21, "dewPoint": 46.03, "humidity": 0.92, "pressure": 1015.64, "windSpeed": 0.97, "windGust": 3.35, "windBearing": 96, "cloudCover": 1, "uvIndex": 0, "visibility": 2.9}, {"time": 1459144800, "summary": "Light Rain", "icon": "rain", "precipIntensity": 0.0113, "precipProbability": 0.9, "precipType": "rain", "temperature": 47.93, "apparentTemperature": 47.93, "dewPoint": 45.86, "humidity": 0.92, "pressure": 1014.12, "windSpeed": 0.69, "windGust": 3.04, "windBearing": 83, "cloudCover": 1, "uvIndex": 0, "visibility": 2.87}, {"time": 1459148400, "summary": "Light Rain", "icon": "rain", "precipIntensity": 0.0479, "precipProbability": 0.98, "precipType": "rain", "temperature": 47.72, "apparentTemperature": 47.72, "dewPoint": 45.74, "humidity": 0.93, "pressure": 1012.85, "windSpeed": 0.2, "windGust": 1.39, "windBearing": 93, "cloudCover": 1, "uvIndex": 0, "visibility": 4.29}, {"time": 1459152000, "summary": "Light Rain", "icon": "rain", "precipIntensity": 0.0433, "precipProbability": 0.97, "precipType": "rain", "temperature": 47.7, "apparentTemperature": 47.7, "dewPoint": 45.71, "humidity": 0.93, "pressure": 1011.68, "windSpeed": 0.04, "windGust": 0.41, "windBearing": 90, "cloudCover": 1, "uvIndex": 0, "visibility": 6.21}, {"time": 1459155600, "summary": "Light Rain", "icon": "rain", "precipIntensity": 0.0219, "precipProbability": 0.98, "precipType": "rain", "temperature": 47.74, "apparentTemperature": 47.74, "dewPoint": 45.78, "humidity": 0.93, "pressure": 1010.76, "windSpeed": 0, "windGust": 0.27, "cloudCover": 1, "uvIndex": 0, "visibility": 5.81}, {"time": 1459159200, "summary": "Light Rain", "icon": "rain", "precipIntensity": 0.0212, "precipProbability": 0.97, "precipType": "rain", "temperature": 47.85, "apparentTemperature": 47.85, "dewPoint": 45.9, "humidity": 0.93, "pressure": 1009.78, "windSpeed": 0.01, "windGust": 0.64, "windBearing": 90, "cloudCover": 1, "uvIndex": 0, "visibility": 5.63}, {"time": 1459162800, "summary": "Light Rain", "icon": "rain", "precipIntensity": 0.0328, "precipProbability": 0.98, "precipType": "rain", "temperature": 47.93, "apparentTemperature": 47.93, "dewPoint": 46.01, "humidity": 0.93, "pressure": 1008.18, "windSpeed": 0.09, "windGust": 0.63, "windBearing": 91, "cloudCover": 1, "uvIndex": 0, "visibility": 5.62}, {"time": 1459166400, "summary": "Light Rain", "icon": "rain", "precipIntensity": 0.0298, "precipProbability": 0.98, "precipType": "rain", "temperature": 48.17, "apparentTemperature": 48.17, "dewPoint": 46.32, "humidity": 0.93, "pressure": 1007.13, "windSpeed": 0.02, "windGust": 0.48, "windBearing": 90, "cloudCover": 1, "uvIndex": 0, "visibility": 6.08}, {"time": 1459170000, "summary": "Overcast", "icon": "cloudy", "precipIntensity": 0.0126, "precipProbability": 0.78, "precipType": "rain", "temperature": 48.89, "apparentTemperature": 48.89, "dewPoint": 47.13, "humidity": 0.94, "pressure": 1006.47, "windSpeed": 0.44, "windGust": 2.68, "windBearing": 308, "cloudCover": 0.97, "uvIndex": 1, "visibility": 6.58}, {"time": 1459173600, "summary": "Overcast", "icon": "cloudy", "precipIntensity": 0.0041, "precipProbability": 0.51, "precipType": "rain", "temperature": 51.6, "apparentTemperature": 51.6, "dewPoint": 49.75, "humidity": 0.93, "pressure": 1005.54, "windSpeed": 0.26, "windGust": 2.48, "windBearing": 239, "cloudCover": 0.98, "uvIndex": 2, "visibility": 7.23}, {"time": 1459177200, "summary": "Mostly Cloudy", "icon": "partly-cloudy-day", "precipIntensity": 0, "precipProbability": 0, "temperature": 55.93, "apparentTemperature": 55.93, "dewPoint": 53.22, "humidity": 0.91, "pressure": 1005.41, "windSpeed": 1.96, "windGust": 6.9, "windBearing": 254, "cloudCover": 0.92, "uvIndex": 3, "visibility": 8.54}, {"time": 1459180800, "summary": "Partly Cloudy", "icon": "partly-cloudy-day", "precipIntensity": 0, "precipProbability": 0, "temperature": 62.52, "apparentTemperature": 62.52, "dewPoint": 53.99, "humidity": 0.74, "pressure": 1005.42, "windSpeed": 3.61, "windGust": 10.78, "windBearing": 269, "cloudCover": 0.43, "uvIndex": 5, "visibility": 9.4}, {"time": 1459184400, "summary": "Partly Cloudy", "icon": "partly-cloudy-day", "precipIntensity": 0, "precipProbability": 0, "temperature": 66.77, "apparentTemperature": 66.77, "dewPoint": 47.43, "humidity": 0.5, "pressure": 1005.1, "windSpeed": 6.37, "windGust": 17.39, "windBearing": 287, "cloudCover": 0.39, "uvIndex": 6, "visibility": 8.41}, {"time": 1459188000, "summary": "Partly Cloudy", "icon": "partly-cloudy-day", "precipIntensity": 0, "precipProbability": 0, "temperature": 67.8, "apparentTemperature": 67.8, "dewPoint": 42.14, "humidity": 0.39, "pressure": 1005.31, "windSpeed": 7.33, "windGust": 19.27, "windBearing": 293, "cloudCover": 0.42, "uvIndex": 6, "visibility": 8}, {"time": 1459191600, "summary": "Clear", "icon": "clear-day", "precipIntensity": 0, "precipProbability": 0, "temperature": 67.23, "apparentTemperature": 67.23, "dewPoint": 37.75, "humidity": 0.34, "pressure": 1005.58, "windSpeed": 8.19, "windGust": 22.54, "windBearing": 299, "cloudCover": 0.08, "uvIndex": 6, "visibility": 7.87}, {"time": 1459195200, "summary": "Clear", "icon": "clear-day", "precipIntensity": 0, "precipProbability": 0, "temperature": 64.36, "apparentTemperature": 64.36, "dewPoint": 36.6, "humidity": 0.36, "pressure": 1006.74, "windSpeed": 8.48, "windGust": 21.79, "windBearing": 298, "cloudCover": 0.06, "uvIndex": 4, "visibility": 8.24}, {"time": 1459198800, "summary": "Clear", "icon": "clear-day", "precipIntensity": 0, "precipProbability": 0, "temperature": 62.08, "apparentTemperature": 62.08, "dewPoint": 36.65, "humidity": 0.39, "pressure": 1007.68, "windSpeed": 8.17, "windGust": 21.79, "windBearing": 298, "cloudCover": 0.12, "uvIndex": 2, "visibility": 7.8}, {"time": 1459202400, "summary": "Partly Cloudy", "icon": "partly-cloudy-day", "precipIntensity": 0, "precipProbability": 0, "temperature": 60.3, "apparentTemperature": 60.3, "dewPoint": 36.71, "humidity": 0.41, "pressure": 1008.58, "windSpeed": 7.67, "windGust": 20.11, "windBearing": 294, "cloudCover": 0.27, "uvIndex": 1, "visibility": 9.05}, {"time": 1459206000, "summary": "Mostly Cloudy", "icon": "partly-cloudy-day", "precipIntensity": 0, "precipProbability": 0, "temperature": 58.27, "apparentTemperature": 58.27, "dewPoint": 37.03, "humidity": 0.45, "pressure": 1009.57, "windSpeed": 7.58, "windGust": 18.7, "windBearing": 298, "cloudCover": 0.71, "uvIndex": 0, "visibility": 8.59}, {"time": 1459209600, "summary": "Mostly Cloudy", "icon": "partly-cloudy-night", "precipIntensity": 0, "precipProbability": 0, "temperature": 56.59, "apparentTemperature": 56.59, "dewPoint": 37.1, "humidity": 0.48, "pressure": 1010.61, "windSpeed": 6.44, "windGust": 18.12, "windBearing": 297, "cloudCover": 0.93, "uvIndex": 0, "visibility": 8.57}, {"time": 1459213200, "summary": "Mostly Cloudy", "icon": "partly-cloudy-night", "precipIntensity": 0, "precipProbability": 0, "temperature": 55.77, "apparentTemperature": 55.77, "dewPoint": 36.92, "humidity": 0.49, "pressure": 1011.74, "windSpeed": 6.21, "windGust": 16.95, "windBearing": 296, "cloudCover": 0.91, "uvIndex": 0, "visibility": 9.05}, {"time": 1459216800, "summary": "Partly Cloudy", "icon": "partly-cloudy-night", "precipIntensity": 0, "precipProbability": 0, "temperature": 55.03, "apparentTemperature": 55.03, "dewPoint": 36.94, "humidity": 0.5, "pressure": 1012.57, "windSpeed": 6.1, "windGust": 15.69, "windBearing": 300, "cloudCover": 0.55, "uvIndex": 0, "visibility": 7.59}, {"time": 1459220400, "summary": "Mostly Cloudy", "icon": "partly-cloudy-night", "precipIntensity": 0, "precipProbability": 0, "temperature": 54.47, "apparentTemperature": 54.47, "dewPoint": 37.14, "humidity": 0.52, "pressure": 1013.01, "windSpeed": 5.17, "windGust": 14.65, "windBearing": 298, "cloudCover": 0.87, "uvIndex": 0, "visibility": 8.25}]}, "daily": {"data": [{"time": 1459137600, "summary": "Light rain in the morning.", "icon": "rain", "sunriseTime": 1459162739, "sunsetTime": 1459207747, "moonPhase": 0.66, "precipIntensity": 0.0096, "precipIntensityMax": 0.0479, "precipIntensityMaxTime": 1459148400, "precipProbability": 0.98, "precipType": "rain", "temperatureHigh": 67.8, "temperatureHighTime": 1459188000, "temperatureLow": 46.07, "temperatureLowTime": 1459249200, "apparentTemperatureHigh": 67.8, "apparentTemperatureHighTime": 1459188000, "apparentTemperatureLow": 44.43, "apparentTemperatureLowTime": 1459252800, "dewPoint": 43.33, "humidity": 0.7, "pressure": 1009.43, "windSpeed": 3.32, "windGust": 22.54, "windGustTime": 1459191600, "windBearing": 295, "cloudCover": 0.73, "uvIndex": 6, "uvIndexTime": 1459184400, "visibility": 6.86, "temperatureMin": 47.7, "temperatureMinTime": 1459152000, "temperatureMax": 67.8, "temperatureMaxTime": 1459188000, "apparentTemperatureMin": 47.7, "apparentTemperatureMinTime": 1459152000, "apparentTemperatureMax": 67.8, "apparentTemperatureMaxTime": 1459188000}]}, "flags": {"sources": ["cmc", "gfs", "hrrr", "icon", "isd", "madis", "nam", "sref"], "nearest-station": 1.106, "units": "us"}, "offset": -4}