{"latitude": 38.912659, "longitude": -77.017669, "timezone": "America/New_York", "currently": {"time": 1425358800, "summary": "Clear", "icon": "clear-night", "precipIntensity": 0, "precipProbability": 0, "temperature": 28.45, "apparentTemperature": 28.45, "dewPoint": 16.58, "humidity": 0.61, "pressure": 1030.32, "windSpeed": 0.22, "windGust": 1.19, "windBearing": 337, "cloudCover": 0.06, "uvIndex": 0, "visibility": 9.43}, "hourly": {"summary": "Mostly cloudy starting overnight.", "icon": "partly-cloudy-day", "data": [{"time": 1425358800, "summary": "Clear", "icon": "clear-night", "precipIntensity": 0, "precipProbability": 0, "temperature": 28.45, "apparentTemperature": 28.45, "dewPoint": 16.58, "humidity": 0.61, "pressure": 1030.32, "windSpeed": 0.22, "windGust": 1.19, "windBearing": 337, "cloudCover": 0.06, "uvIndex": 0, "visibility": 9.43}, {"time": 1425362400, "summary": "Clear", "icon": "clear-night", "precipIntensity": 0, "precipProbability": 0, "temperature": 27.61, "apparentTemperature": 27.61, "dewPoint": 16.38, "humidity": 0.62, "pressure": 1030.28, "windSpeed": 0.32, "windGust": 1.23, "windBearing": 353, "cloudCover": 0.15, "uvIndex": 0, "visibility": 8.41}, {"time": 1425366000, "summary": "Partly Cloudy", "icon": "partly-cloudy-night", "precipIntensity": 0, "precipProbability": 0, "temperature": 27.04, "apparentTemperature": 27.04, "dewPoint": 16.38, "humidity": 0.64, "pressure": 1030.05, "windSpeed": 0.26, "windGust": 1.34, "windBearing": 356, "cloudCover": 0.38, "uvIndex": 0, "visibility": 7.78}, {"time": 1425369600, "summary": "Partly Cloudy", "icon": "partly-cloudy-night", "precipIntensity": 0, "precipProbability": 0, "temperature": 26.9, "apparentTemperature": 26.9, "dewPoint": 16.43, "humidity": 0.64, "pressure": 1029.65, "windSpeed": 0.19, "windGust": 1.17, "windBearing": 355, "cloudCover": 0.31, "uvIndex": 0, "visibility": 8.09}, {"time": 1425373200, "summary": "Partly Cloudy", "icon": "partly-cloudy-night", "precipIntensity": 0, "precipProbability": 0, "temperature": 26.77, "apparentTemperature": 26.77, "dewPoint": 16.46, "humidity": 0.65, "pressure": 1030.13, "windSpeed": 0.13, "windGust": 0.83, "windBearing": 1, "cloudCover": 0.3, "uvIndex": 0, "visibility": 8.21}, {"time": 1425376800, "summary": "Partly Cloudy", "icon": "partly-cloudy-night", "precipIntensity": 0, "precipProbability": 0, "temperature": 26.32, "apparentTemperature": 26.32, "dewPoint": 16.83, "humidity": 0.67, "pressure": 1030, "windSpeed": 0.03, "windGust": 0.29, "windBearing": 47, "cloudCover": 0.33, "uvIndex": 0, "visibility": 9.53}, {"time": 1425380400, "summary": "Partly Cloudy", "icon": "partly-cloudy-night", "precipIntensity": 0, "precipProbability": 0, "temperature": 26.05, "apparentTemperature": 26.05, "dewPoint": 17.12, "humidity": 0.68, "pressure": 1030.73, "windSpeed": 0.09, "windGust": 0.34, "windBearing": 31, "cloudCover": 0.4, "uvIndex": 0, "visibility": 10}, {"time": 1425384000, "summary": "Partly Cloudy", "icon": "partly-cloudy-day", "precipIntensity": 0, "precipProbability": 0, "temperature": 26.53, "apparentTemperature": 26.53, "dewPoint": 17.25, "humidity": 0.67, "pressure": 1030.56, "windSpeed": 0.2, "windGust": 0.84, "windBearing": 62, "cloudCover": 0.58, "uvIndex": 0, "visibility": 10}, {"time": 1425387600, "summary": "Mostly Cloudy", "icon": "partly-cloudy-day", "precipIntensity": 0, "precipProbability": 0, "temperature": 28.55, "apparentTemperature": 28.55, "dewPoint": 17.13, "humidity": 0.62, "pressure": 1031.09, "windSpeed": 0.47, "windGust": 2.37, "windBearing": 84, "cloudCover": 0.85, "uvIndex": 0, "visibility": 7.9}, {"time": 1425391200, "summary": "Overcast", "icon": "cloudy", "precipIntensity": 0, "precipProbability": 0, "temperature": 30.41, "apparentTemperature": 30.41, "dewPoint": 16.27, "humidity": 0.55, "pressure": 1031.07, "windSpeed": 1.61, "windGust": 5.15, "windBearing": 98, "cloudCover": 0.95, "uvIndex": 1, "visibility": 7.78}, {"time": 1425394800, "summary": "Mostly Cloudy", "icon": "partly-cloudy-day", "precipIntensity": 0, "precipProbability": 0, "temperature": 31.44, "apparentTemperature": 31.44, "dewPoint": 16.44, "humidity": 0.53, "pressure": 1030.24, "windSpeed": 2.01, "windGust": 5.68, "windBearing": 126, "cloudCover": 0.67, "uvIndex": 3, "visibility": 8.22}, {"time": 1425398400, "summary": "Mostly Cloudy", "icon": "partly-cloudy-day", "precipIntensity": 0, "precipProbability": 0, "temperature": 32.19, "apparentTemperature": 32.19, "dewPoint": 16.85, "humidity": 0.53, "pressure": 1029.59, "windSpeed": 2.98, "windGust": 7.29, "windBearing": 149, "cloudCover": 0.87, "uvIndex": 3, "visibility": 8.28}, {"time": 1425402000, "summary": "Mostly Cloudy", "icon": "partly-cloudy-day", "precipIntensity": 0, "precipProbability": 0, "temperature": 32.7, "apparentTemperature": 32.7, "dewPoint": 17.84, "humidity": 0.54, "pressure": 1028.39, "windSpeed": 2.85, "windGust": 7.75, "windBearing": 159, "cloudCover": 0.88, "uvIndex": 4, "visibility": 8.28}, {"time": 1425405600, "summary": "Mostly Cloudy", "icon": "partly-cloudy-day", "precipIntensity": 0, "precipProbability": 0, "temperature": 32.42, "apparentTemperature": 29.75, "dewPoint": 20.68, "humidity": 0.61, "pressure": 1026.89, "windSpeed": 3.03, "windGust": 8.11, "windBearing": 167, "cloudCover": 0.89, "uvIndex": 3, "visibility": 8.34}, {"time": 1425409200, "summary": "Overcast", "icon": "cloudy", "precipIntensity": 0.0018, "precipProbability": 0.34, "precipAccumulation": 0.015, "precipType": "snow", "temperature": 31.57, "apparentTemperature": 31.57, "dewPoint": 22.61, "humidity": 0.69, "pressure": 1025.04, "windSpeed": 2.22, "windGust": 6.85, "windBearing": 157, "cloudCover": 1, "uvIndex": 3, "visibility": 7.82}, {"time": 1425412800, "summary": "Overcast", "icon": "cloudy", "precipIntensity": 0.0011, "precipProbability": 0.11, "precipAccumulation": 0.009, "precipType": "snow", "temperature": 31.79, "apparentTemperature": 31.79, "dewPoint": 22.87, "humidity": 0.69, "pressure": 1023.51, "windSpeed": 2.22, "windGust": 6.24, "windBearing": 156, "cloudCover": 1, "uvIndex": 2, "visibility": 8.29}, {"time": 1425416400, "summary": "Overcast", "icon": "cloudy", "precipIntensity": 0, "precipProbability": 0, "temperature": 31.97, "apparentTemperature": 31.97, "dewPoint": 23.19, "humidity": 0.7, "pressure": 1021.97, "windSpeed": 2.61, "windGust": 7.4, "windBearing": 157, "cloudCover": 1, "uvIndex": 1, "visibility": 7.88}, {"time": 1425420000, "summary": "Overcast", "icon": "cloudy", "precipIntensity": 0.0003, "precipProbability": 0.07, "precipAccumulation": 0, "precipType": "snow", "temperature": 31.87, "apparentTemperature": 31.87, "dewPoint": 24.38, "humidity": 0.73, "pressure": 1020.91, "windSpeed": 2.56, "windGust": 6.76, "windBearing": 166, "cloudCover": 1, "uvIndex": 0, "visibility": 6.49}, {"time": 1425423600, "summary": "Overcast", "icon": "cloudy", "precipIntensity": 0.0002, "precipProbability": 0.05, "precipAccumulation": 0, "precipType": "snow", "temperature": 31.74, "apparentTemperature": 31.74, "dewPoint": 25.55, "humidity": 0.78, "pressure": 1019.46, "windSpeed": 2.42, "windGust": 6.41, "windBearing": 169, "cloudCover": 1, "uvIndex": 0, "visibility": 7.11}, {"time": 1425427200, "summary": "Overcast", "icon": "cloudy", "precipIntensity": 0.0009, "precipProbability": 0.18, "precipAccumulation": 0.007, "precipType": "snow", "temperature": 31.85, "apparentTemperature": 31.85, "dewPoint": 25.97, "humidity": 0.79, "pressure": 1018.12, "windSpeed": 2.59, "windGust": 7.11, "windBearing": 170, "cloudCover": 1, "uvIndex": 0, "visibility": 7.9}, {"time": 1425430800, "summary": "Overcast", "icon": "cloudy", "precipIntensity": 0, "precipProbability": 0, "temperature": 32.76, "apparentTemperature": 32.76, "dewPoint": 26.13, "humidity": 0.76, "pressure": 1017.13, "windSpeed": 2.13, "windGust": 6.62, "windBearing": 172, "cloudCover": 1, "uvIndex": 0, "visibility": 8.17}, {"time": 1425434400, "summary": "Overcast", "icon": "cloudy", "precipIntensity": 0, "precipProbability": 0, "temperature": 34.04, "apparentTemperature": 34.04, "dewPoint": 27.1, "humidity": 0.75, "pressure": 1015.53, "windSpeed": 2.91, "windGust": 7.77, "windBearing": 188, "cloudCover": 1, "uvIndex": 0, "visibility": 8.29}, {"time": 1425438000, "summary": "Mostly Cloudy", "icon": "partly-cloudy-night", "precipIntensity": 0, "precipProbability": 0, "temperature": 35.61, "apparentTemperature": 33.32, "dewPoint": 29.66, "humidity": 0.79, "pressure": 1014.29, "windSpeed": 3.07, "windGust": 8.82, "windBearing": 206, "cloudCover": 0.88, "uvIndex": 0, "visibility": 8.67}, {"time": 1425441600, "summary": "Mostly Cloudy", "icon": "partly-cloudy-night", "precipIntensity": 0.0002, "precipProbability": 0.03, "precipType": "rain", "temperature": 36.78, "apparentTemperature": 34.66, "dewPoint": 32.02, "humidity": 0.83, "pressure": 1013.24, "windSpeed": 3.05, "windGust": 9.56, "windBearing": 208, "cloudCover": 0.8, "uvIndex": 0, "visibility": 8.12}]}, "daily": {"data": [{"time": 1425358800, "summary": "Mostly cloudy throughout the day.", "icon": "partly-cloudy-day", "sunriseTime": 1425382744, "sunsetTime": 1425423829, "moonPhase": 0.44, "precipIntensity": 0.0002, "precipIntensityMax": 0.0018, "precipIntensityMaxTime": 1425409200, "precipProbability": 0.34, "precipAccumulation": 0.035, "precipType": "snow", "temperatureHigh": 32.7, "temperatureHighTime": 1425402000, "temperatureLow": 32.76, "temperatureLowTime": 1425430800, "apparentTemperatureHigh": 32.7, "apparentTemperatureHighTime": 1425402000, "apparentTemperatureLow": 32.76, "apparentTemperatureLowTime": 1425430800, "dewPoint": 20.76, "humidity": 0.67, "pressure": 1025.34, "windSpeed": 1.4, "windGust": 9.56, "windGustTime": 1425441600, "windBearing": 165, "cloudCover": 0.72, "uvIndex": 4, "uvIndexTime": 1425402000, "visibility": 8.29, "temperatureMin": 26.05, "temperatureMinTime": 1425380400, "temperatureMax": 36.78, "temperatureMaxTime": 1425441600, "apparentTemperatureMin": 26.05, "apparentTemperatureMinTime": 1425380400, "apparentTemperatureMax": 34.66, "apparentTemperatureMaxTime": 1425441600}]}, "flags": {"sources": ["cmc", "gfs", "hrrr", "icon", "isd", "madis", "nam", "sref"], "nearest-station": 0.675, "units": "us"}, "offset": -5}