{"latitude": 38.912659, "longitude": -77.017669, "timezone": "America/New_York", "currently": {"time": 1446091200, "summary": "Drizzle", "icon": "rain", "precipIntensity": 0.0069, "precipProbability": 0.34, "precipType": "rain", "temperature": 68.4, "apparentTemperature": 69.28, "dewPoint": 66.09, "humidity": 0.92, "pressure": 1003.61, "windSpeed": 2.74, "windGust": 9.27, "windBearing": 189, "cloudCover": 0.94, "uvIndex": 0, "visibility": 8.2}, "hourly": {"summary": "Light rain overnight.", "icon": "rain", "data": [{"time": 1446091200, "summary": "Overcast", "icon": "cloudy", "precipIntensity": 0.0069, "precipProbability": 0.34, "precipType": "rain", "temperature": 68.4, "apparentTemperature": 69.28, "dewPoint": 66.09, "humidity": 0.92, "pressure": 1003.61, "windSpeed": 2.74, "windGust": 9.27, "windBearing": 189, "cloudCover": 0.94, "uvIndex": 0, "visibility": 8.2}, {"time": 1446094800, "summary": "Light Rain", "icon": "rain", "precipIntensity": 0.0178, "precipProbability": 0.75, "precipType": "rain", "temperature": 67.37, "apparentTemperature": 68.15, "dewPoint": 65.07, "humidity": 0.92, "pressure": 1002.9, "windSpeed": 1.47, "windGust": 6.51, "windBearing": 189, "cloudCover": 1, "uvIndex": 0, "visibility": 5.74}, {"time": 1446098400, "summary": "Light Rain", "icon": "rain", "precipIntensity": 0.0364, "precipProbability": 0.67, "precipType": "rain", "temperature": 64.88, "apparentTemperature": 65.44, "dewPoint": 62.81, "humidity": 0.93, "pressure": 1002.73, "windSpeed": 0.63, "windGust": 3.29, "windBearing": 200, "cloudCover": 1, "uvIndex": 0, "visibility": 8.94}, {"time": 1446102000, "summary": "Mostly Cloudy", "icon": "partly-cloudy-night", "precipIntensity": 0.0079, "precipProbability": 0.2, "precipType": "rain", "temperature": 63.26, "apparentTemperature": 63.7, "dewPoint": 61.43, "humidity": 0.94, "pressure": 1002.72, "windSpeed": 0.08, "windGust": 0.91, "windBearing": 186, "cloudCover": 0.68, "uvIndex": 0, "visibility": 7.56}, {"time": 1446105600, "summary": "Mostly Cloudy", "icon": "partly-cloudy-night", "precipIntensity": 0, "precipProbability": 0, "temperature": 62.76, "apparentTemperature": 63.13, "dewPoint": 60.83, "humidity": 0.93, "pressure": 1002.73, "windSpeed": 0.05, "windGust": 0.44, "windBearing": 229, "cloudCover": 0.83, "uvIndex": 0, "visibility": 7.08}, {"time": 1446109200, "summary": "Overcast", "icon": "cloudy", "precipIntensity": 0, "precipProbability": 0, "temperature": 62.76, "apparentTemperature": 63.14, "dewPoint": 60.92, "humidity": 0.94, "pressure": 1002.78, "windSpeed": 0.15, "windGust": 0.71, "windBearing": 198, "cloudCover": 0.95, "uvIndex": 0, "visibility": 6.56}, {"time": 1446112800, "summary": "Overcast", "icon": "cloudy", "precipIntensity": 0, "precipProbability": 0, "temperature": 62.79, "apparentTemperature": 63.18, "dewPoint": 61.04, "humidity": 0.94, "pressure": 1002.77, "windSpeed": 0.13, "windGust": 1.14, "windBearing": 227, "cloudCover": 1, "uvIndex": 0, "visibility": 3.78}, {"time": 1446116400, "summary": "Mostly Cloudy", "icon": "partly-cloudy-night", "precipIntensity": 0, "precipProbability": 0, "temperature": 62.62, "apparentTemperature": 63.01, "dewPoint": 60.91, "humidity": 0.94, "pressure": 1003.53, "windSpeed": 0.27, "windGust": 1.69, "windBearing": 226, "cloudCover": 0.93, "uvIndex": 0, "visibility": 5.18}, {"time": 1446120000, "summary": "Mostly Cloudy", "icon": "partly-cloudy-day", "precipIntensity": 0, "precipProbability": 0, "temperature": 62.19, "apparentTemperature": 62.56, "dewPoint": 60.64, "humidity": 0.95, "pressure": 1003.94, "windSpeed": 0.34, "windGust": 1.56, "windBearing": 203, "cloudCover": 0.71, "uvIndex": 0, "visibility": 4.97}, {"time": 1446123600, "summary": "Partly Cloudy", "icon": "partly-cloudy-day", "precipIntensity": 0, "precipProbability": 0, "temperature": 63.05, "apparentTemperature": 63.48, "dewPoint": 61.32, "humidity": 0.94, "pressure": 1005.19, "windSpeed": 0.7, "windGust": 3.55, "windBearing": 210, "cloudCover": 0.54, "uvIndex": 0, "visibility": 7.8}, {"time": 1446127200, "summary": "Partly Cloudy", "icon": "partly-cloudy-day", "precipIntensity": 0, "precipProbability": 0, "temperature": 65.35, "apparentTemperature": 65.75, "dewPoint": 61.95, "humidity": 0.89, "pressure": 1005.68, "windSpeed": 1.47, "windGust": 5.68, "windBearing": 240, "cloudCover": 0.33, "uvIndex": 1, "visibility": 10}, {"time": 1446130800, "summary": "Partly Cloudy", "icon": "partly-cloudy-day", "precipIntensity": 0, "precipProbability": 0, "temperature": 67.63, "apparentTemperature": 67.69, "dewPoint": 59.99, "humidity": 0.77, "pressure": 1005.81, "windSpeed": 2.48, "windGust": 8.46, "windBearing": 273, "cloudCover": 0.25, "uvIndex": 2, "visibility": 9.48}, {"time": 1446134400, "summary": "Partly Cloudy", "icon": "partly-cloudy-day", "precipIntensity": 0, "precipProbability": 0, "temperature": 68.93, "apparentTemperature": 68.93, "dewPoint": 56.51, "humidity": 0.65, "pressure": 1005.95, "windSpeed": 3.77, "windGust": 9.96, "windBearing": 294, "cloudCover": 0.43, "uvIndex": 3, "visibility": 7.87}, {"time": 1446138000, "summary": "Partly Cloudy", "icon": "partly-cloudy-day", "precipIntensity": 0, "precipProbability": 0, "temperature": 68.84, "apparentTemperature": 68.84, "dewPoint": 52.18, "humidity": 0.55, "pressure": 1005.9, "windSpeed": 3.32, "windGust": 10.3, "windBearing": 303, "cloudCover": 0.25, "uvIndex": 3, "visibility": 8.25}, {"time": 1446141600, "summary": "Partly Cloudy", "icon": "partly-cloudy-day", "precipIntensity": 0, "precipProbability": 0, "temperature": 68.26, "apparentTemperature": 68.26, "dewPoint": 48.43, "humidity": 0.49, "pressure": 1005.31, "windSpeed": 2.29, "windGust": 7.48, "windBearing": 307, "cloudCover": 0.42, "uvIndex": 3, "visibility": 7.29}, {"time": 1446145200, "summary": "Partly Cloudy", "icon": "partly-cloudy-day", "precipIntensity": 0, "precipProbability": 0, "temperature": 68.35, "apparentTemperature": 68.35, "dewPoint": 47.83, "humidity": 0.48, "pressure": 1004.93, "windSpeed": 1.47, "windGust": 5.48, "windBearing": 299, "cloudCover": 0.42, "uvIndex": 2, "visibility": 7.9}, {"time": 1446148800, "summary": "Partly Cloudy", "icon": "partly-cloudy-day", "precipIntensity": 0, "precipProbability": 0, "temperature": 67.75, "apparentTemperature": 67.75, "dewPoint": 47.46, "humidity": 0.48, "pressure": 1005.08, "windSpeed": 1.21, "windGust": 4.12, "windBearing": 288, "cloudCover": 0.37, "uvIndex": 1, "visibility": 8.36}, {"time": 1446152400, "summary": "Partly Cloudy", "icon": "partly-cloudy-day", "precipIntensity": 0, "precipProbability": 0, "temperature": 66.76, "apparentTemperature": 66.76, "dewPoint": 47.12, "humidity": 0.49, "pressure": 1005.31, "windSpeed": 0.73, "windGust": 3.17, "windBearing": 262, "cloudCover": 0.37, "uvIndex": 0, "visibility": 9.52}, {"time": 1446156000, "summary": "Partly Cloudy", "icon": "partly-cloudy-day", "precipIntensity": 0, "precipProbability": 0, "temperature": 64.58, "apparentTemperature": 64.58, "dewPoint": 46.51, "humidity": 0.52, "pressure": 1005.87, "windSpeed": 0.41, "windGust": 1.71, "windBearing": 273, "cloudCover": 0.25, "uvIndex": 0, "visibility": 9.48}, {"time": 1446159600, "summary": "Partly Cloudy", "icon": "partly-cloudy-night", "precipIntensity": 0, "precipProbability": 0, "temperature": 60.75, "apparentTemperature": 60.75, "dewPoint": 45.98, "humidity": 0.58, "pressure": 1006.83, "windSpeed": 0.15, "windGust": 0.62, "windBearing": 273, "cloudCover": 0.33, "uvIndex": 0, "visibility": 9.34}, {"time": 1446163200, "summary": "Partly Cloudy", "icon": "partly-cloudy-night", "precipIntensity": 0, "precipProbability": 0, "temperature": 57.91, "apparentTemperature": 57.91, "dewPoint": 45.87, "humidity": 0.64, "pressure": 1007.61, "windSpeed": 0.01, "windGust": 0.19, "windBearing": 270, "cloudCover": 0.27, "uvIndex": 0, "visibility": 9.26}, {"time": 1446166800, "summary": "Clear", "icon": "clear-night", "precipIntensity": 0, "precipProbability": 0, "temperature": 55.28, "apparentTemperature": 55.28, "dewPoint": 45.5, "humidity": 0.7, "pressure": 1007.9, "windSpeed": 0.02, "windGust": 0.18, "windBearing": 270, "cloudCover": 0.08, "uvIndex": 0, "visibility": 10}, {"time": 1446170400, "summary": "Clear", "icon": "clear-night", "precipIntensity": 0, "precipProbability": 0, "temperature": 54.58, "apparentTemperature": 54.58, "dewPoint": 45.28, "humidity": 0.71, "pressure": 1008.66, "windSpeed": 0.01, "windGust": 0.29, "windBearing": 270, "cloudCover": 0.19, "uvIndex": 0, "visibility": 10}, {"time": 1446174000, "summary": "Clear", "icon": "clear-night", "precipIntensity": 0, "precipProbability": 0, "temperature": 52.77, "apparentTemperature": 52.77, "dewPoint": 45.35, "humidity": 0.76, "pressure": 1009.4, "windSpeed": 0, "windGust": 0.28, "cloudCover": 0, "uvIndex": 0, "visibility": 8.38}]}, "daily": {"data": [{"time": 1446091200, "summary": "Partly cloudy until evening.", "icon": "partly-cloudy-day", "sunriseTime": 1446118389, "sunsetTime": 1446156767, "moonPhase": 0.58, "precipIntensity": 0.0029, "precipIntensityMax": 0.0364, "precipIntensityMaxTime": 1446098400, "precipProbability": 0.75, "precipType": "rain", "temperatureHigh": 68.93, "temperatureHighTime": 1446134400, "temperatureLow": 46.39, "temperatureLowTime": 1446206400, "apparentTemperatureHigh": 68.93, "apparentTemperatureHighTime": 1446134400, "apparentTemperatureLow": 46.39, "apparentTemperatureLowTime": 1446206400, "dewPoint": 54.88, "humidity": 0.75, "pressure": 1005.13, "windSpeed": 0.72, "windGust": 10.3, "windGustTime": 1446138000, "windBearing": 267, "cloudCover": 0.52, "uvIndex": 3, "uvIndexTime": 1446134400, "visibility": 7.95, "temperatureMin": 52.77, "temperatureMinTime": 1446174000, "temperatureMax": 68.93, "temperatureMaxTime": 1446134400, "apparentTemperatureMin": 52.77, "apparentTemperatureMinTime": 1446174000, "apparentTemperatureMax": 69.28, "apparentTemperatureMaxTime": 1446091200}]}, "flags": {"sources": ["cmc", "gfs", "hrrr", "icon", "isd", "madis", "nam", "sref"], "nearest-station": 1.106, "units": "us"}, "offset": -4}