{"latitude": 38.912659, "longitude": -77.017669, "timezone": "America/New_York", "currently": {"time": 1434945600, "summary": "Clear", "icon": "clear-night", "precipIntensity": 0, "precipProbability": 0, "temperature": 79.21, "apparentTemperature": 81.91, "dewPoint": 69.44, "humidity": 0.72, "pressure": 1012.11, "windSpeed": 0.68, "windGust": 0.85, "windBearing": 299, "cloudCover": 0.11, "uvIndex": 0, "visibility": 7.01}, "hourly": {"summary": "Partly cloudy in the afternoon.", "icon": "partly-cloudy-day", "data": [{"time": 1434945600, "summary": "Clear", "icon": "clear-night", "precipIntensity": 0, "precipProbability": 0, "temperature": 79.21, "apparentTemperature": 81.91, "dewPoint": 69.44, "humidity": 0.72, "pressure": 1012.11, "windSpeed": 0.68, "windGust": 0.85, "windBearing": 299, "cloudCover": 0.11, "uvIndex": 0, "visibility": 7.01}, {"time": 1434949200, "summary": "Partly Cloudy", "icon": "partly-cloudy-night", "precipIntensity": 0, "precipProbability": 0, "temperature": 78.66, "apparentTemperature": 79.57, "dewPoint": 68.49, "humidity": 0.71, "pressure": 1012.34, "windSpeed": 0.49, "windGust": 1.01, "windBearing": 318, "cloudCover": 0.28, "uvIndex": 0, "visibility": 8.25}, {"time": 1434952800, "summary": "Clear", "icon": "clear-night", "precipIntensity": 0, "precipProbability": 0, "temperature": 77.53, "apparentTemperature": 78.4, "dewPoint": 68.07, "humidity": 0.73, "pressure": 1012.7, "windSpeed": 0.36, "windGust": 0.95, "windBearing": 327, "cloudCover": 0.14, "uvIndex": 0, "visibility": 7.55}, {"time": 1434956400, "summary": "Partly Cloudy", "icon": "partly-cloudy-night", "precipIntensity": 0, "precipProbability": 0, "temperature": 76.09, "apparentTemperature": 76.94, "dewPoint": 67.77, "humidity": 0.76, "pressure": 1013.29, "windSpeed": 0.46, "windGust": 0.94, "windBearing": 313, "cloudCover": 0.38, "uvIndex": 0, "visibility": 6.16}, {"time": 1434960000, "summary": "Clear", "icon": "clear-night", "precipIntensity": 0, "precipProbability": 0, "temperature": 74.91, "apparentTemperature": 75.74, "dewPoint": 67.4, "humidity": 0.78, "pressure": 1013.93, "windSpeed": 0.35, "windGust": 1.04, "windBearing": 329, "cloudCover": 0.14, "uvIndex": 0, "visibility": 8.52}, {"time": 1434963600, "summary": "Clear", "icon": "clear-night", "precipIntensity": 0, "precipProbability": 0, "temperature": 73.69, "apparentTemperature": 74.52, "dewPoint": 67.08, "humidity": 0.8, "pressure": 1014.31, "windSpeed": 0.27, "windGust": 0.71, "windBearing": 334, "cloudCover": 0.07, "uvIndex": 0, "visibility": 7.07}, {"time": 1434967200, "summary": "Partly Cloudy", "icon": "partly-cloudy-day", "precipIntensity": 0, "precipProbability": 0, "temperature": 72.66, "apparentTemperature": 73.45, "dewPoint": 66.65, "humidity": 0.81, "pressure": 1015.07, "windSpeed": 0.23, "windGust": 0.63, "windBearing": 310, "cloudCover": 0.25, "uvIndex": 0, "visibility": 7.96}, {"time": 1434970800, "summary": "Clear", "icon": "clear-day", "precipIntensity": 0, "precipProbability": 0, "temperature": 73.35, "apparentTemperature": 74.24, "dewPoint": 67.52, "humidity": 0.82, "pressure": 1016.1, "windSpeed": 0.31, "windGust": 0.77, "windBearing": 330, "cloudCover": 0.12, "uvIndex": 0, "visibility": 9.52}, {"time": 1434974400, "summary": "Clear", "icon": "clear-day", "precipIntensity": 0, "precipProbability": 0, "temperature": 77.01, "apparentTemperature": 77.95, "dewPoint": 68.65, "humidity": 0.75, "pressure": 1016.64, "windSpeed": 0.77, "windGust": 1.62, "windBearing": 329, "cloudCover": 0, "uvIndex": 1, "visibility": 7.46}, {"time": 1434978000, "summary": "Clear", "icon": "clear-day", "precipIntensity": 0, "precipProbability": 0, "temperature": 80.49, "apparentTemperature": 83.43, "dewPoint": 68.8, "humidity": 0.68, "pressure": 1017.23, "windSpeed": 0.69, "windGust": 2.76, "windBearing": 320, "cloudCover": 0.12, "uvIndex": 3, "visibility": 8.15}, {"time": 1434981600, "summary": "Clear", "icon": "clear-day", "precipIntensity": 0, "precipProbability": 0, "temperature": 82.44, "apparentTemperature": 85.97, "dewPoint": 69.14, "humidity": 0.64, "pressure": 1017.32, "windSpeed": 1.16, "windGust": 4.1, "windBearing": 311, "cloudCover": 0.17, "uvIndex": 5, "visibility": 9}, {"time": 1434985200, "summary": "Clear", "icon": "clear-day", "precipIntensity": 0, "precipProbability": 0, "temperature": 84.36, "apparentTemperature": 88.22, "dewPoint": 69.09, "humidity": 0.6, "pressure": 1017.33, "windSpeed": 1.14, "windGust": 4.83, "windBearing": 293, "cloudCover": 0.2, "uvIndex": 7, "visibility": 8}, {"time": 1434988800, "summary": "Partly Cloudy", "icon": "partly-cloudy-day", "precipIntensity": 0, "precipProbability": 0, "temperature": 85.99, "apparentTemperature": 89.49, "dewPoint": 68.09, "humidity": 0.55, "pressure": 1017.07, "windSpeed": 0.79, "windGust": 4.57, "windBearing": 290, "cloudCover": 0.41, "uvIndex": 8, "visibility": 7.5}, {"time": 1434992400, "summary": "Partly Cloudy", "icon": "partly-cloudy-day", "precipIntensity": 0, "precipProbability": 0, "temperature": 87.46, "apparentTemperature": 90.29, "dewPoint": 66.74, "humidity": 0.5, "pressure": 1016.65, "windSpeed": 0.73, "windGust": 4.68, "windBearing": 276, "cloudCover": 0.46, "uvIndex": 8, "visibility": 7.5}, {"time": 1434996000, "summary": "Partly Cloudy", "icon": "partly-cloudy-day", "precipIntensity": 0, "precipProbability": 0, "temperature": 88.49, "apparentTemperature": 91.39, "dewPoint": 66.68, "humidity": 0.49, "pressure": 1016.33, "windSpeed": 1.17, "windGust": 6.05, "windBearing": 266, "cloudCover": 0.36, "uvIndex": 8, "visibility": 7.45}, {"time": 1434999600, "summary": "Partly Cloudy", "icon": "partly-cloudy-day", "precipIntensity": 0, "precipProbability": 0, "temperature": 89.34, "apparentTemperature": 92.32, "dewPoint": 66.66, "humidity": 0.47, "pressure": 1017.22, "windSpeed": 1.78, "windGust": 7.31, "windBearing": 285, "cloudCover": 0.38, "uvIndex": 7, "visibility": 7.56}, {"time": 1435003200, "summary": "Partly Cloudy", "icon": "partly-cloudy-day", "precipIntensity": 0, "precipProbability": 0, "temperature": 89.51, "apparentTemperature": 92.79, "dewPoint": 67.09, "humidity": 0.48, "pressure": 1016.84, "windSpeed": 1.65, "windGust": 6.83, "windBearing": 265, "cloudCover": 0.25, "uvIndex": 6, "visibility": 7.29}, {"time": 1435006800, "summary": "Clear", "icon": "clear-day", "precipIntensity": 0, "precipProbability": 0, "temperature": 89.13, "apparentTemperature": 92.61, "dewPoint": 67.46, "humidity": 0.49, "pressure": 1016.14, "windSpeed": 1.34, "windGust": 5.3, "windBearing": 249, "cloudCover": 0.19, "uvIndex": 4, "visibility": 8.38}, {"time": 1435010400, "summary": "Clear", "icon": "clear-day", "precipIntensity": 0, "precipProbability": 0, "temperature": 88.6, "apparentTemperature": 92.01, "dewPoint": 67.45, "humidity": 0.5, "pressure": 1015.33, "windSpeed": 0.99, "windGust": 3.94, "windBearing": 235, "cloudCover": 0.22, "uvIndex": 2, "visibility": 7.83}, {"time": 1435014000, "summary": "Clear", "icon": "clear-day", "precipIntensity": 0, "precipProbability": 0, "temperature": 87.4, "apparentTemperature": 91.16, "dewPoint": 68.22, "humidity": 0.53, "pressure": 1015.16, "windSpeed": 0.61, "windGust": 2.04, "windBearing": 223, "cloudCover": 0.16, "uvIndex": 1, "visibility": 7.96}, {"time": 1435017600, "summary": "Clear", "icon": "clear-day", "precipIntensity": 0, "precipProbability": 0, "temperature": 85, "apparentTemperature": 89.32, "dewPoint": 69.63, "humidity": 0.6, "pressure": 1015.6, "windSpeed": 0.31, "windGust": 0.64, "windBearing": 227, "cloudCover": 0.11, "uvIndex": 0, "visibility": 8.19}, {"time": 1435021200, "summary": "Mostly Cloudy", "icon": "partly-cloudy-night", "precipIntensity": 0, "precipProbability": 0, "temperature": 81.88, "apparentTemperature": 85.7, "dewPoint": 70.05, "humidity": 0.68, "pressure": 1015.9, "windSpeed": 0.12, "windGust": 0.22, "windBearing": 180, "cloudCover": 0.69, "uvIndex": 0, "visibility": 6.5}, {"time": 1435024800, "summary": "Partly Cloudy", "icon": "partly-cloudy-night", "precipIntensity": 0, "precipProbability": 0, "temperature": 79.49, "apparentTemperature": 82.41, "dewPoint": 69.91, "humidity": 0.73, "pressure": 1015.74, "windSpeed": 0.26, "windGust": 0.53, "windBearing": 180, "cloudCover": 0.46, "uvIndex": 0, "visibility": 6.24}, {"time": 1435028400, "summary": "Clear", "icon": "clear-night", "precipIntensity": 0, "precipProbability": 0, "temperature": 79.01, "apparentTemperature": 81.77, "dewPoint": 70.15, "humidity": 0.74, "pressure": 1015.11, "windSpeed": 0.44, "windGust": 1.26, "windBearing": 178, "cloudCover": 0.08, "uvIndex": 0, "visibility": 7.35}]}, "daily": {"data": [{"time": 1434945600, "summary": "Partly cloudy in the afternoon.", "icon": "partly-cloudy-day", "sunriseTime": 1434966266, "sunsetTime": 1435019898, "moonPhase": 0.2, "precipIntensity": 0, "precipIntensityMax": 0, "precipProbability": 0, "temperatureHigh": 89.51, "temperatureHighTime": 1435003200, "temperatureLow": 75.04, "temperatureLowTime": 1435053600, "apparentTemperatureHigh": 92.79, "apparentTemperatureHighTime": 1435003200, "apparentTemperatureLow": 76.21, "apparentTemperatureLowTime": 1435053600, "dewPoint": 68.18, "humidity": 0.65, "pressure": 1015.48, "windSpeed": 0.58, "windGust": 7.31, "windGustTime": 1434999600, "windBearing": 281, "cloudCover": 0.24, "uvIndex": 8, "uvIndexTime": 1434988800, "visibility": 7.68, "temperatureMin": 72.66, "temperatureMinTime": 1434967200, "temperatureMax": 89.51, "temperatureMaxTime": 1435003200, "apparentTemperatureMin": 73.45, "apparentTemperatureMinTime": 1434967200, "apparentTemperatureMax": 92.79, "apparentTemperatureMaxTime": 1435003200}]}, "flags": {"sources": ["cmc", "gfs", "hrrr", "icon", "isd", "madis", "nam", "sref"], "nearest-station": 0.675, "units": "us"}, "offset": -4}