{"latitude": 38.912659, "longitude": -77.017669, "timezone": "America/New_York", "currently": {"time": 1421384400, "summary": "Clear", "icon": "clear-night", "precipIntensity": 0, "precipProbability": 0, "temperature": 27.93, "apparentTemperature": 27.93, "dewPoint": 24.43, "humidity": 0.86, "pressure": 1016.28, "windSpeed": 0.09, "windGust": 0.37, "windBearing": 253, "cloudCover": 0, "uvIndex": 0, "visibility": 8.49}, "hourly": {"summary": "Partly cloudy starting in the morning, continuing until evening.", "icon": "partly-cloudy-day", "data": [{"time": 1421384400, "summary": "Clear", "icon": "clear-night", "precipIntensity": 0, "precipProbability": 0, "temperature": 27.93, "apparentTemperature": 27.93, "dewPoint": 24.43, "humidity": 0.86, "pressure": 1016.28, "windSpeed": 0.09, "windGust": 0.37, "windBearing": 253, "cloudCover": 0, "uvIndex": 0, "visibility": 8.49}, {"time": 1421388000, "summary": "Clear", "icon": "clear-night", "precipIntensity": 0, "precipProbability": 0, "temperature": 27.41, "apparentTemperature": 27.41, "dewPoint": 24.13, "humidity": 0.87, "pressure": 1016.05, "windSpeed": 0.04, "windGust": 0.26, "windBearing": 240, "cloudCover": 0, "uvIndex": 0, "visibility": 6.46}, {"time": 1421391600, "summary": "Clear", "icon": "clear-night", "precipIntensity": 0, "precipProbability": 0, "temperature": 27.07, "apparentTemperature": 27.07, "dewPoint": 24.02, "humidity": 0.88, "pressure": 1015.89, "windSpeed": 0.05, "windGust": 0.42, "windBearing": 237, "cloudCover": 0, "uvIndex": 0, "visibility": 6.89}, {"time": 1421395200, "summary": "Clear", "icon": "clear-night", "precipIntensity": 0, "precipProbability": 0, "temperature": 26.56, "apparentTemperature": 26.56, "dewPoint": 23.37, "humidity": 0.88, "pressure": 1015.38, "windSpeed": 0.13, "windGust": 0.47, "windBearing": 257, "cloudCover": 0, "uvIndex": 0, "visibility": 7.86}, {"time": 1421398800, "summary": "Clear", "icon": "clear-night", "precipIntensity": 0, "precipProbability": 0, "temperature": 26.89, "apparentTemperature": 26.89, "dewPoint": 23.17, "humidity": 0.86, "pressure": 1014.51, "windSpeed": 0.16, "windGust": 0.55, "windBearing": 261, "cloudCover": 0, "uvIndex": 0, "visibility": 7.09}, {"time": 1421402400, "summary": "Clear", "icon": "clear-night", "precipIntensity": 0, "precipProbability": 0, "temperature": 26.85, "apparentTemperature": 26.85, "dewPoint": 22.8, "humidity": 0.84, "pressure": 1014.66, "windSpeed": 0.24, "windGust": 1.33, "windBearing": 263, "cloudCover": 0.05, "uvIndex": 0, "visibility": 8.82}, {"time": 1421406000, "summary": "Clear", "icon": "clear-night", "precipIntensity": 0, "precipProbability": 0, "temperature": 27.43, "apparentTemperature": 27.43, "dewPoint": 22.54, "humidity": 0.82, "pressure": 1014.54, "windSpeed": 0.42, "windGust": 1.22, "windBearing": 250, "cloudCover": 0.07, "uvIndex": 0, "visibility": 8.35}, {"time": 1421409600, "summary": "Clear", "icon": "clear-night", "precipIntensity": 0, "precipProbability": 0, "temperature": 28.02, "apparentTemperature": 28.02, "dewPoint": 22.71, "humidity": 0.8, "pressure": 1015.05, "windSpeed": 0.74, "windGust": 2.67, "windBearing": 250, "cloudCover": 0, "uvIndex": 0, "visibility": 9.58}, {"time": 1421413200, "summary": "Clear", "icon": "clear-day", "precipIntensity": 0, "precipProbability": 0, "temperature": 28.78, "apparentTemperature": 28.78, "dewPoint": 23.19, "humidity": 0.79, "pressure": 1015.12, "windSpeed": 0.81, "windGust": 2.92, "windBearing": 261, "cloudCover": 0, "uvIndex": 0, "visibility": 8.78}, {"time": 1421416800, "summary": "Clear", "icon": "clear-day", "precipIntensity": 0, "precipProbability": 0, "temperature": 34.57, "apparentTemperature": 34.57, "dewPoint": 25.54, "humidity": 0.69, "pressure": 1015.67, "windSpeed": 1.75, "windGust": 6.2, "windBearing": 268, "cloudCover": 0, "uvIndex": 0, "visibility": 8}, {"time": 1421420400, "summary": "Clear", "icon": "clear-day", "precipIntensity": 0, "precipProbability": 0, "temperature": 39.17, "apparentTemperature": 36.55, "dewPoint": 25.99, "humidity": 0.59, "pressure": 1016.61, "windSpeed": 3.81, "windGust": 11.13, "windBearing": 279, "cloudCover": 0.01, "uvIndex": 1, "visibility": 8.12}, {"time": 1421424000, "summary": "Partly Cloudy", "icon": "partly-cloudy-day", "precipIntensity": 0, "precipProbability": 0, "temperature": 40.88, "apparentTemperature": 36.94, "dewPoint": 26.39, "humidity": 0.56, "pressure": 1016.93, "windSpeed": 5.79, "windGust": 14.28, "windBearing": 297, "cloudCover": 0.39, "uvIndex": 2, "visibility": 7.95}, {"time": 1421427600, "summary": "Partly Cloudy", "icon": "partly-cloudy-day", "precipIntensity": 0, "precipProbability": 0, "temperature": 41.89, "apparentTemperature": 37.6, "dewPoint": 26.76, "humidity": 0.55, "pressure": 1016.36, "windSpeed": 6.67, "windGust": 15.96, "windBearing": 303, "cloudCover": 0.52, "uvIndex": 2, "visibility": 7.99}, {"time": 1421431200, "summary": "Partly Cloudy", "icon": "partly-cloudy-day", "precipIntensity": 0, "precipProbability": 0, "temperature": 42.33, "apparentTemperature": 38.31, "dewPoint": 26.5, "humidity": 0.53, "pressure": 1016.16, "windSpeed": 6.36, "windGust": 16.71, "windBearing": 301, "cloudCover": 0.37, "uvIndex": 2, "visibility": 8.28}, {"time": 1421434800, "summary": "Partly Cloudy", "icon": "partly-cloudy-day", "precipIntensity": 0, "precipProbability": 0, "temperature": 42.62, "apparentTemperature": 38.69, "dewPoint": 25.66, "humidity": 0.51, "pressure": 1015.83, "windSpeed": 6.31, "windGust": 16.45, "windBearing": 303, "cloudCover": 0.33, "uvIndex": 2, "visibility": 7.99}, {"time": 1421438400, "summary": "Clear", "icon": "clear-day", "precipIntensity": 0, "precipProbability": 0, "temperature": 42.54, "apparentTemperature": 38.96, "dewPoint": 24.68, "humidity": 0.49, "pressure": 1016.39, "windSpeed": 5.71, "windGust": 14.83, "windBearing": 295, "cloudCover": 0.19, "uvIndex": 1, "visibility": 7.98}, {"time": 1421442000, "summary": "Partly Cloudy", "icon": "partly-cloudy-day", "precipIntensity": 0, "precipProbability": 0, "temperature": 42.06, "apparentTemperature": 38.67, "dewPoint": 23.7, "humidity": 0.48, "pressure": 1017.05, "windSpeed": 5.31, "windGust": 14.21, "windBearing": 295, "cloudCover": 0.3, "uvIndex": 0, "visibility": 8.29}, {"time": 1421445600, "summary": "Partly Cloudy", "icon": "partly-cloudy-day", "precipIntensity": 0, "precipProbability": 0, "temperature": 40.52, "apparentTemperature": 37.69, "dewPoint": 22.94, "humidity": 0.49, "pressure": 1017.43, "windSpeed": 4.25, "windGust": 11.82, "windBearing": 300, "cloudCover": 0.27, "uvIndex": 0, "visibility": 7.81}, {"time": 1421449200, "summary": "Clear", "icon": "clear-night", "precipIntensity": 0, "precipProbability": 0, "temperature": 38.63, "apparentTemperature": 38.63, "dewPoint": 22.72, "humidity": 0.52, "pressure": 1018.51, "windSpeed": 2.58, "windGust": 7.29, "windBearing": 301, "cloudCover": 0.07, "uvIndex": 0, "visibility": 7.57}, {"time": 1421452800, "summary": "Clear", "icon": "clear-night", "precipIntensity": 0, "precipProbability": 0, "temperature": 37.16, "apparentTemperature": 37.16, "dewPoint": 22.62, "humidity": 0.55, "pressure": 1019.8, "windSpeed": 1.79, "windGust": 4.67, "windBearing": 306, "cloudCover": 0, "uvIndex": 0, "visibility": 7.77}, {"time": 1421456400, "summary": "Clear", "icon": "clear-night", "precipIntensity": 0, "precipProbability": 0, "temperature": 36.12, "apparentTemperature": 36.12, "dewPoint": 22.37, "humidity": 0.57, "pressure": 1020.88, "windSpeed": 1.33, "windGust": 4.23, "windBearing": 306, "cloudCover": 0.01, "uvIndex": 0, "visibility": 8.69}, {"time": 1421460000, "summary": "Clear", "icon": "clear-night", "precipIntensity": 0, "precipProbability": 0, "temperature": 35.07, "apparentTemperature": 35.07, "dewPoint": 22.13, "humidity": 0.59, "pressure": 1021.67, "windSpeed": 0.84, "windGust": 3.03, "windBearing": 319, "cloudCover": 0.2, "uvIndex": 0, "visibility": 8.11}, {"time": 1421463600, "summary": "Partly Cloudy", "icon": "partly-cloudy-night", "precipIntensity": 0, "precipProbability": 0, "temperature": 33.28, "apparentTemperature": 33.28, "dewPoint": 21.16, "humidity": 0.61, "pressure": 1022.77, "windSpeed": 0.83, "windGust": 3.02, "windBearing": 0, "cloudCover": 0.36, "uvIndex": 0, "visibility": 10}, {"time": 1421467200, "summary": "Mostly Cloudy", "icon": "partly-cloudy-night", "precipIntensity": 0, "precipProbability": 0, "temperature": 32.7, "apparentTemperature": 32.7, "dewPoint": 19.7, "humidity": 0.58, "pressure": 1024.23, "windSpeed": 1.33, "windGust": 4.49, "windBearing": 7, "cloudCover": 0.63, "uvIndex": 0, "visibility": 8.95}]}, "daily": {"data": [{"time": 1421384400, "summary": "Partly cloudy throughout the day.", "icon": "partly-cloudy-night", "sunriseTime": 1421411156, "sunsetTime": 1421446313, "moonPhase": 0.86, "precipIntensity": 0, "precipIntensityMax": 0, "precipProbability": 0, "temperatureHigh": 42.62, "temperatureHighTime": 1421434800, "temperatureLow": 23.7, "temperatureLowTime": 1421499600, "apparentTemperatureHigh": 38.96, "apparentTemperatureHighTime": 1421438400, "apparentTemperatureLow": 23.7, "apparentTemperatureLowTime": 1421499600, "dewPoint": 23.72, "humidity": 0.66, "pressure": 1017.24, "windSpeed": 2.28, "windGust": 16.71, "windGustTime": 1421431200, "windBearing": 298, "cloudCover": 0.16, "uvIndex": 2, "uvIndexTime": 1421424000, "visibility": 8.16, "temperatureMin": 26.56, "temperatureMinTime": 1421395200, "temperatureMax": 42.62, "temperatureMaxTime": 1421434800, "apparentTemperatureMin": 26.56, "apparentTemperatureMinTime": 1421395200, "apparentTemperatureMax": 38.96, "apparentTemperatureMaxTime": 1421438400}]}, "flags": {"sources": ["cmc", "gfs", "hrrr", "icon", "isd", "madis", "nam", "sref"], "nearest-station": 0.675, "units": "us"}, "offset": -5}