{"latitude": 38.912659, "longitude": -77.017669, "timezone": "America/New_York", "currently": {"time": 1454734800, "summary": "Clear", "icon": "clear-night", "precipIntensity": 0, "precipProbability": 0, "temperature": 28.96, "apparentTemperature": 28.96, "dewPoint": 20.59, "humidity": 0.7, "pressure": 1029.54, "windSpeed": 0, "windGust": 0.33, "cloudCover": 0.22, "uvIndex": 0, "visibility": 10}, "hourly": {"summary": "Partly cloudy starting in the morning, continuing until afternoon.", "icon": "partly-cloudy-day", "data": [{"time": 1454734800, "summary": "Clear", "icon": "clear-night", "precipIntensity": 0, "precipProbability": 0, "temperature": 28.96, "apparentTemperature": 28.96, "dewPoint": 20.59, "humidity": 0.7, "pressure": 1029.54, "windSpeed": 0, "windGust": 0.33, "cloudCover": 0.22, "uvIndex": 0, "visibility": 10}, {"time": 1454738400, "summary": "Clear", "icon": "clear-night", "precipIntensity": 0, "precipProbability": 0, "temperature": 27.91, "apparentTemperature": 27.91, "dewPoint": 20.73, "humidity": 0.74, "pressure": 1029.54, "windSpeed": 0, "windGust": 0.19, "cloudCover": 0.04, "uvIndex": 0, "visibility": 9.07}, {"time": 1454742000, "summary": "Clear", "icon": "clear-night", "precipIntensity": 0, "precipProbability": 0, "temperature": 27.22, "apparentTemperature": 27.22, "dewPoint": 20.71, "humidity": 0.76, "pressure": 1029.87, "windSpeed": 0, "windGust": 0.18, "cloudCover": 0.03, "uvIndex": 0, "visibility": 10}, {"time": 1454745600, "summary": "Clear", "icon": "clear-night", "precipIntensity": 0, "precipProbability": 0, "temperature": 26.42, "apparentTemperature": 26.42, "dewPoint": 20.71, "humidity": 0.79, "pressure": 1030.04, "windSpeed": 0, "windGust": 0.06, "cloudCover": 0.02, "uvIndex": 0, "visibility": 10}, {"time": 1454749200, "summary": "Clear", "icon": "clear-night", "precipIntensity": 0, "precipProbability": 0, "temperature": 26.08, "apparentTemperature": 26.08, "dewPoint": 20.75, "humidity": 0.8, "pressure": 1030.2, "windSpeed": 0, "windGust": 0.07, "cloudCover": 0.06, "uvIndex": 0, "visibility": 8.66}, {"time": 1454752800, "summary": "Clear", "icon": "clear-night", "precipIntensity": 0, "precipProbability": 0, "temperature": 25.47, "apparentTemperature": 25.47, "dewPoint": 20.72, "humidity": 0.82, "pressure": 1030.35, "windSpeed": 0, "windGust": 0.02, "cloudCover": 0.09, "uvIndex": 0, "visibility": 10}, {"time": 1454756400, "summary": "Clear", "icon": "clear-night", "precipIntensity": 0, "precipProbability": 0, "temperature": 25.37, "apparentTemperature": 25.37, "dewPoint": 20.79, "humidity": 0.82, "pressure": 1030.98, "windSpeed": 0, "windGust": 0, "cloudCover": 0.12, "uvIndex": 0, "visibility": 9.95}, {"time": 1454760000, "summary": "Partly Cloudy", "icon": "partly-cloudy-night", "precipIntensity": 0, "precipProbability": 0, "temperature": 24.8, "apparentTemperature": 24.8, "dewPoint": 20.5, "humidity": 0.83, "pressure": 1031.16, "windSpeed": 0, "windGust": 0, "cloudCover": 0.26, "uvIndex": 0, "visibility": 9.95}, {"time": 1454763600, "summary": "Partly Cloudy", "icon": "partly-cloudy-day", "precipIntensity": 0, "precipProbability": 0, "temperature": 25.24, "apparentTemperature": 25.24, "dewPoint": 21.09, "humidity": 0.84, "pressure": 1031.63, "windSpeed": 0, "windGust": 0.04, "cloudCover": 0.28, "uvIndex": 0, "visibility": 10}, {"time": 1454767200, "summary": "Clear", "icon": "clear-day", "precipIntensity": 0, "precipProbability": 0, "temperature": 30.37, "apparentTemperature": 30.37, "dewPoint": 23.68, "humidity": 0.76, "pressure": 1031.77, "windSpeed": 0.08, "windGust": 0.68, "windBearing": 214, "cloudCover": 0.21, "uvIndex": 1, "visibility": 8.26}, {"time": 1454770800, "summary": "Partly Cloudy", "icon": "partly-cloudy-day", "precipIntensity": 0, "precipProbability": 0, "temperature": 36.27, "apparentTemperature": 36.27, "dewPoint": 23.5, "humidity": 0.59, "pressure": 1031.99, "windSpeed": 0.97, "windGust": 4.48, "windBearing": 207, "cloudCover": 0.32, "uvIndex": 2, "visibility": 8.34}, {"time": 1454774400, "summary": "Partly Cloudy", "icon": "partly-cloudy-day", "precipIntensity": 0, "precipProbability": 0, "temperature": 39.15, "apparentTemperature": 39.15, "dewPoint": 22.52, "humidity": 0.51, "pressure": 1031.77, "windSpeed": 2.32, "windGust": 7.14, "windBearing": 189, "cloudCover": 0.28, "uvIndex": 3, "visibility": 7.37}, {"time": 1454778000, "summary": "Partly Cloudy", "icon": "partly-cloudy-day", "precipIntensity": 0, "precipProbability": 0, "temperature": 40.19, "apparentTemperature": 40.19, "dewPoint": 22.41, "humidity": 0.49, "pressure": 1030.53, "windSpeed": 2.5, "windGust": 8.06, "windBearing": 191, "cloudCover": 0.27, "uvIndex": 3, "visibility": 8.17}, {"time": 1454781600, "summary": "Clear", "icon": "clear-day", "precipIntensity": 0, "precipProbability": 0, "temperature": 42.27, "apparentTemperature": 42.27, "dewPoint": 21.98, "humidity": 0.44, "pressure": 1029.07, "windSpeed": 2.78, "windGust": 8.37, "windBearing": 200, "cloudCover": 0.24, "uvIndex": 3, "visibility": 8.34}, {"time": 1454785200, "summary": "Partly Cloudy", "icon": "partly-cloudy-day", "precipIntensity": 0, "precipProbability": 0, "temperature": 43.1, "apparentTemperature": 43.1, "dewPoint": 21.67, "humidity": 0.42, "pressure": 1027.72, "windSpeed": 2.86, "windGust": 8.25, "windBearing": 193, "cloudCover": 0.26, "uvIndex": 2, "visibility": 7.8}, {"time": 1454788800, "summary": "Partly Cloudy", "icon": "partly-cloudy-day", "precipIntensity": 0, "precipProbability": 0, "temperature": 43.69, "apparentTemperature": 43.69, "dewPoint": 21.68, "humidity": 0.41, "pressure": 1026.92, "windSpeed": 2.24, "windGust": 7.73, "windBearing": 196, "cloudCover": 0.26, "uvIndex": 1, "visibility": 7.87}, {"time": 1454792400, "summary": "Clear", "icon": "clear-day", "precipIntensity": 0, "precipProbability": 0, "temperature": 43.75, "apparentTemperature": 43.75, "dewPoint": 21.3, "humidity": 0.4, "pressure": 1026.28, "windSpeed": 2.27, "windGust": 6.84, "windBearing": 182, "cloudCover": 0.18, "uvIndex": 1, "visibility": 8}, {"time": 1454796000, "summary": "Clear", "icon": "clear-day", "precipIntensity": 0, "precipProbability": 0, "temperature": 42.64, "apparentTemperature": 42.64, "dewPoint": 20.88, "humidity": 0.41, "pressure": 1026.52, "windSpeed": 1.1, "windGust": 4.56, "windBearing": 196, "cloudCover": 0.1, "uvIndex": 0, "visibility": 7.9}, {"time": 1454799600, "summary": "Clear", "icon": "clear-night", "precipIntensity": 0, "precipProbability": 0, "temperature": 39.8, "apparentTemperature": 39.8, "dewPoint": 21.24, "humidity": 0.47, "pressure": 1026.51, "windSpeed": 0.22, "windGust": 0.93, "windBearing": 179, "cloudCover": 0.08, "uvIndex": 0, "visibility": 7.65}, {"time": 1454803200, "summary": "Partly Cloudy", "icon": "partly-cloudy-night", "precipIntensity": 0, "precipProbability": 0, "temperature": 37.21, "apparentTemperature": 37.21, "dewPoint": 22.27, "humidity": 0.54, "pressure": 1026.31, "windSpeed": 0.35, "windGust": 0.76, "windBearing": 165, "cloudCover": 0.31, "uvIndex": 0, "visibility": 8.45}, {"time": 1454806800, "summary": "Partly Cloudy", "icon": "partly-cloudy-night", "precipIntensity": 0, "precipProbability": 0, "temperature": 35.85, "apparentTemperature": 35.85, "dewPoint": 22.38, "humidity": 0.58, "pressure": 1026.73, "windSpeed": 0.34, "windGust": 0.96, "windBearing": 180, "cloudCover": 0.37, "uvIndex": 0, "visibility": 8.26}, {"time": 1454810400, "summary": "Partly Cloudy", "icon": "partly-cloudy-night", "precipIntensity": 0, "precipProbability": 0, "temperature": 35.65, "apparentTemperature": 35.65, "dewPoint": 23.13, "humidity": 0.6, "pressure": 1026.71, "windSpeed": 0.33, "windGust": 1.37, "windBearing": 187, "cloudCover": 0.54, "uvIndex": 0, "visibility": 6.97}, {"time": 1454814000, "summary": "Clear", "icon": "clear-night", "precipIntensity": 0, "precipProbability": 0, "temperature": 34.17, "apparentTemperature": 34.17, "dewPoint": 23.28, "humidity": 0.64, "pressure": 1026.42, "windSpeed": 0.16, "windGust": 0.57, "windBearing": 180, "cloudCover": 0.09, "uvIndex": 0, "visibility": 7.63}, {"time": 1454817600, "summary": "Clear", "icon": "clear-night", "precipIntensity": 0, "precipProbability": 0, "temperature": 31.94, "apparentTemperature": 31.94, "dewPoint": 23, "humidity": 0.69, "pressure": 1025.54, "windSpeed": 0, "windGust": 0.11, "cloudCover": 0.11, "uvIndex": 0, "visibility": 8.13}]}, "daily": {"data": [{"time": 1454734800, "summary": "Partly cloudy until afternoon.", "icon": "partly-cloudy-day", "sunriseTime": 1454760667, "sunsetTime": 1454798144, "moonPhase": 0.93, "precipIntensity": 0, "precipIntensityMax": 0, "precipProbability": 0, "temperatureHigh": 43.75, "temperatureHighTime": 1454792400, "temperatureLow": 26.39, "temperatureLowTime": 1454846400, "apparentTemperatureHigh": 43.75, "apparentTemperatureHighTime": 1454792400, "apparentTemperatureLow": 26.39, "apparentTemperatureLowTime": 1454846400, "dewPoint": 21.73, "humidity": 0.63, "pressure": 1028.92, "windSpeed": 0.77, "windGust": 8.37, "windGustTime": 1454781600, "windBearing": 192, "cloudCover": 0.2, "uvIndex": 3, "uvIndexTime": 1454774400, "visibility": 8.61, "temperatureMin": 24.8, "temperatureMinTime": 1454760000, "temperatureMax": 43.75, "temperatureMaxTime": 1454792400, "apparentTemperatureMin": 24.8, "apparentTemperatureMinTime": 1454760000, "apparentTemperatureMax": 43.75, "apparentTemperatureMaxTime": 1454792400}]}, "flags": {"sources": ["cmc", "gfs", "hrrr", "icon", "isd", "madis", "nam", "sref"], "nearest-station": 1.106, "units": "us"}, "offset": -5}