{"latitude": 38.912659, "longitude": -77.017669, "timezone": "America/New_York", "currently": {"time": 1441771200, "summary": "Clear", "icon": "clear-night", "precipIntensity": 0, "precipProbability": 0, "temperature": 77.72, "apparentTemperature": 79, "dewPoint": 71.46, "humidity": 0.81, "pressure": 1015.12, "windSpeed": 0.6, "windGust": 1.79, "windBearing": 179, "cloudCover": 0, "uvIndex": 0, "visibility": 8.25}, "hourly": {"summary": "Partly cloudy starting in the morning, continuing until night.", "icon": "partly-cloudy-day", "data": [{"time": 1441771200, "summary": "Clear", "icon": "clear-night", "precipIntensity": 0, "precipProbability": 0, "temperature": 77.72, "apparentTemperature": 79, "dewPoint": 71.46, "humidity": 0.81, "pressure": 1015.12, "windSpeed": 0.6, "windGust": 1.79, "windBearing": 179, "cloudCover": 0, "uvIndex": 0, "visibility": 8.25}, {"time": 1441774800, "summary": "Clear", "icon": "clear-night", "precipIntensity": 0, "precipProbability": 0, "temperature": 76.64, "apparentTemperature": 77.95, "dewPoint": 71.4, "humidity": 0.84, "pressure": 1015.04, "windSpeed": 0.6, "windGust": 1.47, "windBearing": 179, "cloudCover": 0.04, "uvIndex": 0, "visibility": 8.41}, {"time": 1441778400, "summary": "Clear", "icon": "clear-night", "precipIntensity": 0, "precipProbability": 0, "temperature": 75.78, "apparentTemperature": 77.1, "dewPoint": 71.26, "humidity": 0.86, "pressure": 1014.87, "windSpeed": 0.56, "windGust": 1.51, "windBearing": 190, "cloudCover": 0.01, "uvIndex": 0, "visibility": 8.49}, {"time": 1441782000, "summary": "Clear", "icon": "clear-night", "precipIntensity": 0, "precipProbability": 0, "temperature": 75.18, "apparentTemperature": 76.52, "dewPoint": 71.27, "humidity": 0.88, "pressure": 1014.43, "windSpeed": 0.48, "windGust": 1.36, "windBearing": 184, "cloudCover": 0.05, "uvIndex": 0, "visibility": 7.8}, {"time": 1441785600, "summary": "Clear", "icon": "clear-night", "precipIntensity": 0, "precipProbability": 0, "temperature": 74.71, "apparentTemperature": 76.07, "dewPoint": 71.31, "humidity": 0.89, "pressure": 1014.09, "windSpeed": 0.49, "windGust": 1.28, "windBearing": 187, "cloudCover": 0.12, "uvIndex": 0, "visibility": 7.91}, {"time": 1441789200, "summary": "Clear", "icon": "clear-night", "precipIntensity": 0, "precipProbability": 0, "temperature": 74.23, "apparentTemperature": 75.58, "dewPoint": 71.12, "humidity": 0.9, "pressure": 1013.92, "windSpeed": 0.18, "windGust": 1.28, "windBearing": 187, "cloudCover": 0.21, "uvIndex": 0, "visibility": 10}, {"time": 1441792800, "summary": "Partly Cloudy", "icon": "partly-cloudy-night", "precipIntensity": 0, "precipProbability": 0, "temperature": 73.71, "apparentTemperature": 75.05, "dewPoint": 70.89, "humidity": 0.91, "pressure": 1014.05, "windSpeed": 0.26, "windGust": 0.7, "windBearing": 181, "cloudCover": 0.33, "uvIndex": 0, "visibility": 10}, {"time": 1441796400, "summary": "Mostly Cloudy", "icon": "partly-cloudy-day", "precipIntensity": 0, "precipProbability": 0, "temperature": 73.97, "apparentTemperature": 75.36, "dewPoint": 71.24, "humidity": 0.91, "pressure": 1014.36, "windSpeed": 0.45, "windGust": 0.98, "windBearing": 180, "cloudCover": 0.7, "uvIndex": 0, "visibility": 7.46}, {"time": 1441800000, "summary": "Humid and Mostly Cloudy", "icon": "partly-cloudy-day", "precipIntensity": 0, "precipProbability": 0, "temperature": 74.94, "apparentTemperature": 76.41, "dewPoint": 72.07, "humidity": 0.91, "pressure": 1014.5, "windSpeed": 0.43, "windGust": 1.86, "windBearing": 203, "cloudCover": 0.69, "uvIndex": 0, "visibility": 10}, {"time": 1441803600, "summary": "Humid and Mostly Cloudy", "icon": "partly-cloudy-day", "precipIntensity": 0, "precipProbability": 0, "temperature": 77.53, "apparentTemperature": 79.05, "dewPoint": 73.21, "humidity": 0.87, "pressure": 1014.35, "windSpeed": 0.81, "windGust": 2.82, "windBearing": 199, "cloudCover": 0.64, "uvIndex": 1, "visibility": 8.51}, {"time": 1441807200, "summary": "Humid and Partly Cloudy", "icon": "partly-cloudy-day", "precipIntensity": 0, "precipProbability": 0, "temperature": 80.94, "apparentTemperature": 85.97, "dewPoint": 73.5, "humidity": 0.78, "pressure": 1014.19, "windSpeed": 0.82, "windGust": 3.27, "windBearing": 196, "cloudCover": 0.57, "uvIndex": 3, "visibility": 9}, {"time": 1441810800, "summary": "Humid and Partly Cloudy", "icon": "partly-cloudy-day", "precipIntensity": 0, "precipProbability": 0, "temperature": 84.92, "apparentTemperature": 92.17, "dewPoint": 73.61, "humidity": 0.69, "pressure": 1013.64, "windSpeed": 0.86, "windGust": 4.73, "windBearing": 204, "cloudCover": 0.59, "uvIndex": 4, "visibility": 9.38}, {"time": 1441814400, "summary": "Humid", "icon": "clear-day", "precipIntensity": 0, "precipProbability": 0, "temperature": 88.17, "apparentTemperature": 95.65, "dewPoint": 72.65, "humidity": 0.6, "pressure": 1012.93, "windSpeed": 0.93, "windGust": 5.05, "windBearing": 215, "cloudCover": 0.15, "uvIndex": 6, "visibility": 8.21}, {"time": 1441818000, "summary": "Clear", "icon": "clear-day", "precipIntensity": 0, "precipProbability": 0, "temperature": 90.85, "apparentTemperature": 97.59, "dewPoint": 71.14, "humidity": 0.53, "pressure": 1012.2, "windSpeed": 1.17, "windGust": 4.82, "windBearing": 220, "cloudCover": 0.14, "uvIndex": 7, "visibility": 7.55}, {"time": 1441821600, "summary": "Partly Cloudy", "icon": "partly-cloudy-day", "precipIntensity": 0, "precipProbability": 0, "temperature": 92.09, "apparentTemperature": 98.05, "dewPoint": 69.98, "humidity": 0.49, "pressure": 1011.5, "windSpeed": 0.99, "windGust": 4.58, "windBearing": 189, "cloudCover": 0.33, "uvIndex": 6, "visibility": 6.7}, {"time": 1441825200, "summary": "Partly Cloudy", "icon": "partly-cloudy-day", "precipIntensity": 0, "precipProbability": 0, "temperature": 91.7, "apparentTemperature": 97.55, "dewPoint": 69.95, "humidity": 0.49, "pressure": 1010.71, "windSpeed": 0.95, "windGust": 4.2, "windBearing": 199, "cloudCover": 0.42, "uvIndex": 5, "visibility": 6.74}, {"time": 1441828800, "summary": "Partly Cloudy", "icon": "partly-cloudy-day", "precipIntensity": 0, "precipProbability": 0, "temperature": 90.57, "apparentTemperature": 96.82, "dewPoint": 70.67, "humidity": 0.52, "pressure": 1009.83, "windSpeed": 0.82, "windGust": 3.19, "windBearing": 186, "cloudCover": 0.5, "uvIndex": 3, "visibility": 8.57}, {"time": 1441832400, "summary": "Partly Cloudy", "icon": "partly-cloudy-day", "precipIntensity": 0, "precipProbability": 0, "temperature": 88.75, "apparentTemperature": 95.58, "dewPoint": 71.77, "humidity": 0.57, "pressure": 1009.31, "windSpeed": 0.64, "windGust": 2.8, "windBearing": 194, "cloudCover": 0.54, "uvIndex": 2, "visibility": 7.5}, {"time": 1441836000, "summary": "Mostly Cloudy", "icon": "partly-cloudy-day", "precipIntensity": 0, "precipProbability": 0, "temperature": 87.12, "apparentTemperature": 93.71, "dewPoint": 71.99, "humidity": 0.61, "pressure": 1009.42, "windSpeed": 0.79, "windGust": 2.36, "windBearing": 202, "cloudCover": 0.66, "uvIndex": 1, "visibility": 8.59}, {"time": 1441839600, "summary": "Humid and Partly Cloudy", "icon": "partly-cloudy-day", "precipIntensity": 0, "precipProbability": 0, "temperature": 84.98, "apparentTemperature": 91.12, "dewPoint": 72.22, "humidity": 0.66, "pressure": 1009.52, "windSpeed": 1.03, "windGust": 2.5, "windBearing": 190, "cloudCover": 0.54, "uvIndex": 0, "visibility": 8.51}, {"time": 1441843200, "summary": "Mostly Cloudy", "icon": "partly-cloudy-night", "precipIntensity": 0, "precipProbability": 0, "temperature": 82.75, "apparentTemperature": 87.42, "dewPoint": 71.16, "humidity": 0.68, "pressure": 1010, "windSpeed": 0.9, "windGust": 3.38, "windBearing": 175, "cloudCover": 0.74, "uvIndex": 0, "visibility": 7.95}, {"time": 1441846800, "summary": "Mostly Cloudy", "icon": "partly-cloudy-night", "precipIntensity": 0, "precipProbability": 0, "temperature": 81.16, "apparentTemperature": 85.13, "dewPoint": 70.95, "humidity": 0.71, "pressure": 1010.34, "windSpeed": 0.85, "windGust": 3.51, "windBearing": 179, "cloudCover": 0.66, "uvIndex": 0, "visibility": 7.66}, {"time": 1441850400, "summary": "Partly Cloudy", "icon": "partly-cloudy-night", "precipIntensity": 0, "precipProbability": 0, "temperature": 79.61, "apparentTemperature": 82.79, "dewPoint": 70.68, "humidity": 0.74, "pressure": 1010.7, "windSpeed": 0.47, "windGust": 1.45, "windBearing": 193, "cloudCover": 0.52, "uvIndex": 0, "visibility": 8.23}, {"time": 1441854000, "summary": "Partly Cloudy", "icon": "partly-cloudy-night", "precipIntensity": 0, "precipProbability": 0, "temperature": 78.56, "apparentTemperature": 79.74, "dewPoint": 70.78, "humidity": 0.77, "pressure": 1010.51, "windSpeed": 0.18, "windGust": 0.64, "windBearing": 183, "cloudCover": 0.56, "uvIndex": 0, "visibility": 8.28}]}, "daily": {"data": [{"time": 1441771200, "summary": "Humid and partly cloudy throughout the day.", "icon": "partly-cloudy-day", "sunriseTime": 1441795530, "sunsetTime": 1441841295, "moonPhase": 0.89, "precipIntensity": 0, "precipIntensityMax": 0, "precipProbability": 0, "temperatureHigh": 92.09, "temperatureHighTime": 1441821600, "temperatureLow": 73.07, "temperatureLowTime": 1441882800, "apparentTemperatureHigh": 98.05, "apparentTemperatureHighTime": 1441821600, "apparentTemperatureLow": 74.36, "apparentTemperatureLowTime": 1441882800, "dewPoint": 71.51, "humidity": 0.73, "pressure": 1012.48, "windSpeed": 0.66, "windGust": 5.05, "windGustTime": 1441814400, "windBearing": 194, "cloudCover": 0.4, "uvIndex": 7, "uvIndexTime": 1441818000, "visibility": 8.32, "temperatureMin": 73.71, "temperatureMinTime": 1441792800, "temperatureMax": 92.09, "temperatureMaxTime": 1441821600, "apparentTemperatureMin": 75.05, "apparentTemperatureMinTime": 1441792800, "apparentTemperatureMax": 98.05, "apparentTemperatureMaxTime": 1441821600}]}, "flags": {"sources": ["cmc", "gfs", "hrrr", "icon", "isd", "madis", "nam", "sref"], "nearest-station": 1.106, "units": "us"}, "offset": -4}