{"latitude": 38.912659, "longitude": -77.017669, "timezone": "America/New_York", "currently": {"time": 1429243200, "summary": "Drizzle", "icon": "rain", "precipIntensity": 0.0037, "precipProbability": 0.52, "precipType": "rain", "temperature": 59.51, "apparentTemperature": 59.51, "dewPoint": 51.35, "humidity": 0.74, "pressure": 1024.24, "windSpeed": 0.49, "windGust": 2.1, "windBearing": 178, "cloudCover": 1, "uvIndex": 0, "visibility": 8.58}, "hourly": {"summary": "Light rain overnight.", "icon": "rain", "data": [{"time": 1429243200, "summary": "Overcast", "icon": "cloudy", "precipIntensity": 0.0037, "precipProbability": 0.52, "precipType": "rain", "temperature": 59.51, "apparentTemperature": 59.51, "dewPoint": 51.35, "humidity": 0.74, "pressure": 1024.24, "windSpeed": 0.49, "windGust": 2.1, "windBearing": 178, "cloudCover": 1, "uvIndex": 0, "visibility": 8.58}, {"time": 1429246800, "summary": "Light Rain", "icon": "rain", "precipIntensity": 0.0172, "precipProbability": 0.78, "precipType": "rain", "temperature": 57.45, "apparentTemperature": 57.45, "dewPoint": 52.64, "humidity": 0.84, "pressure": 1023.58, "windSpeed": 0.34, "windGust": 0.94, "windBearing": 171, "cloudCover": 0.97, "uvIndex": 0, "visibility": 7.66}, {"time": 1429250400, "summary": "Light Rain", "icon": "rain", "precipIntensity": 0.0289, "precipProbability": 0.88, "precipType": "rain", "temperature": 56.48, "apparentTemperature": 56.48, "dewPoint": 52.94, "humidity": 0.88, "pressure": 1022.8, "windSpeed": 0.43, "windGust": 1.56, "windBearing": 174, "cloudCover": 0.98, "uvIndex": 0, "visibility": 6.78}, {"time": 1429254000, "summary": "Overcast", "icon": "cloudy", "precipIntensity": 0.0136, "precipProbability": 0.68, "precipType": "rain", "temperature": 56.23, "apparentTemperature": 56.23, "dewPoint": 53.13, "humidity": 0.89, "pressure": 1021.44, "windSpeed": 0.12, "windGust": 0.55, "windBearing": 163, "cloudCover": 1, "uvIndex": 0, "visibility": 8.31}, {"time": 1429257600, "summary": "Overcast", "icon": "cloudy", "precipIntensity": 0.0047, "precipProbability": 0.37, "precipType": "rain", "temperature": 56.16, "apparentTemperature": 56.16, "dewPoint": 53.41, "humidity": 0.9, "pressure": 1021.01, "windSpeed": 0.38, "windGust": 1.13, "windBearing": 178, "cloudCover": 1, "uvIndex": 0, "visibility": 7.83}, {"time": 1429261200, "summary": "Overcast", "icon": "cloudy", "precipIntensity": 0.0093, "precipProbability": 0.46, "precipType": "rain", "temperature": 56.21, "apparentTemperature": 56.21, "dewPoint": 53.52, "humidity": 0.91, "pressure": 1020.83, "windSpeed": 0.55, "windGust": 2.15, "windBearing": 183, "cloudCover": 1, "uvIndex": 0, "visibility": 8.08}, {"time": 1429264800, "summary": "Overcast", "icon": "cloudy", "precipIntensity": 0.0013, "precipProbability": 0.22, "precipType": "rain", "temperature": 56.31, "apparentTemperature": 56.31, "dewPoint": 53.79, "humidity": 0.91, "pressure": 1020.31, "windSpeed": 0.44, "windGust": 1.83, "windBearing": 181, "cloudCover": 1, "uvIndex": 0, "visibility": 7.52}, {"time": 1429268400, "summary": "Overcast", "icon": "cloudy", "precipIntensity": 0.0004, "precipProbability": 0.06, "precipType": "rain", "temperature": 56.35, "apparentTemperature": 56.35, "dewPoint": 53.8, "humidity": 0.91, "pressure": 1020.3, "windSpeed": 0.37, "windGust": 1.32, "windBearing": 177, "cloudCover": 0.98, "uvIndex": 0, "visibility": 7.72}, {"time": 1429272000, "summary": "Mostly Cloudy", "icon": "partly-cloudy-day", "precipIntensity": 0, "precipProbability": 0, "temperature": 57.38, "apparentTemperature": 57.38, "dewPoint": 54.87, "humidity": 0.91, "pressure": 1020.05, "windSpeed": 1.02, "windGust": 2.88, "windBearing": 192, "cloudCover": 0.8, "uvIndex": 1, "visibility": 8.64}, {"time": 1429275600, "summary": "Partly Cloudy", "icon": "partly-cloudy-day", "precipIntensity": 0, "precipProbability": 0, "temperature": 60.37, "apparentTemperature": 60.37, "dewPoint": 56.71, "humidity": 0.88, "pressure": 1019.22, "windSpeed": 1.45, "windGust": 5.5, "windBearing": 205, "cloudCover": 0.43, "uvIndex": 2, "visibility": 8.63}, {"time": 1429279200, "summary": "Partly Cloudy", "icon": "partly-cloudy-day", "precipIntensity": 0, "precipProbability": 0, "temperature": 64.41, "apparentTemperature": 64.41, "dewPoint": 57.97, "humidity": 0.8, "pressure": 1018.74, "windSpeed": 2.29, "windGust": 7.13, "windBearing": 219, "cloudCover": 0.36, "uvIndex": 4, "visibility": 9.5}, {"time": 1429282800, "summary": "Partly Cloudy", "icon": "partly-cloudy-day", "precipIntensity": 0, "precipProbability": 0, "temperature": 68.52, "apparentTemperature": 68.52, "dewPoint": 58.87, "humidity": 0.71, "pressure": 1018.37, "windSpeed": 1.31, "windGust": 5.72, "windBearing": 230, "cloudCover": 0.3, "uvIndex": 5, "visibility": 8.66}, {"time": 1429286400, "summary": "Clear", "icon": "clear-day", "precipIntensity": 0, "precipProbability": 0, "temperature": 72.17, "apparentTemperature": 72.17, "dewPoint": 59.21, "humidity": 0.64, "pressure": 1017.9, "windSpeed": 0.75, "windGust": 5.77, "windBearing": 224, "cloudCover": 0.24, "uvIndex": 7, "visibility": 7.89}, {"time": 1429290000, "summary": "Partly Cloudy", "icon": "partly-cloudy-day", "precipIntensity": 0, "precipProbability": 0, "temperature": 74.43, "apparentTemperature": 74.43, "dewPoint": 59.12, "humidity": 0.59, "pressure": 1016.67, "windSpeed": 0.93, "windGust": 6.68, "windBearing": 244, "cloudCover": 0.38, "uvIndex": 7, "visibility": 7.61}, {"time": 1429293600, "summary": "Mostly Cloudy", "icon": "partly-cloudy-day", "precipIntensity": 0, "precipProbability": 0, "temperature": 75.82, "apparentTemperature": 75.82, "dewPoint": 59.07, "humidity": 0.56, "pressure": 1016.12, "windSpeed": 1.01, "windGust": 5.58, "windBearing": 248, "cloudCover": 0.83, "uvIndex": 5, "visibility": 8.47}, {"time": 1429297200, "summary": "Mostly Cloudy", "icon": "partly-cloudy-day", "precipIntensity": 0, "precipProbability": 0, "temperature": 76.6, "apparentTemperature": 76.6, "dewPoint": 58.9, "humidity": 0.54, "pressure": 1015.25, "windSpeed": 0.46, "windGust": 4.94, "windBearing": 271, "cloudCover": 0.75, "uvIndex": 5, "visibility": 8.27}, {"time": 1429300800, "summary": "Mostly Cloudy", "icon": "partly-cloudy-day", "precipIntensity": 0, "precipProbability": 0, "temperature": 77.7, "apparentTemperature": 77.7, "dewPoint": 59.01, "humidity": 0.53, "pressure": 1014.2, "windSpeed": 0.36, "windGust": 5.24, "windBearing": 292, "cloudCover": 0.77, "uvIndex": 3, "visibility": 8.26}, {"time": 1429304400, "summary": "Mostly Cloudy", "icon": "partly-cloudy-day", "precipIntensity": 0, "precipProbability": 0, "temperature": 77.67, "apparentTemperature": 77.67, "dewPoint": 58.68, "humidity": 0.52, "pressure": 1013.51, "windSpeed": 0.29, "windGust": 4.64, "windBearing": 252, "cloudCover": 0.69, "uvIndex": 2, "visibility": 8.08}, {"time": 1429308000, "summary": "Mostly Cloudy", "icon": "partly-cloudy-day", "precipIntensity": 0, "precipProbability": 0, "temperature": 76.74, "apparentTemperature": 76.74, "dewPoint": 58.68, "humidity": 0.54, "pressure": 1013.43, "windSpeed": 0.49, "windGust": 3.21, "windBearing": 259, "cloudCover": 0.69, "uvIndex": 1, "visibility": 8.67}, {"time": 1429311600, "summary": "Mostly Cloudy", "icon": "partly-cloudy-day", "precipIntensity": 0, "precipProbability": 0, "temperature": 74.55, "apparentTemperature": 74.55, "dewPoint": 59.14, "humidity": 0.59, "pressure": 1013.42, "windSpeed": 0.59, "windGust": 3.37, "windBearing": 232, "cloudCover": 0.66, "uvIndex": 0, "visibility": 7.91}, {"time": 1429315200, "summary": "Mostly Cloudy", "icon": "partly-cloudy-night", "precipIntensity": 0, "precipProbability": 0, "temperature": 72.2, "apparentTemperature": 72.2, "dewPoint": 59.71, "humidity": 0.65, "pressure": 1013.79, "windSpeed": 0.06, "windGust": 0.96, "windBearing": 223, "cloudCover": 0.89, "uvIndex": 0, "visibility": 8.75}, {"time": 1429318800, "summary": "Mostly Cloudy", "icon": "partly-cloudy-night", "precipIntensity": 0, "precipProbability": 0, "temperature": 69.43, "apparentTemperature": 69.43, "dewPoint": 59.55, "humidity": 0.71, "pressure": 1014.31, "windSpeed": 0.04, "windGust": 0.4, "windBearing": 180, "cloudCover": 0.86, "uvIndex": 0, "visibility": 10}, {"time": 1429322400, "summary": "Mostly Cloudy", "icon": "partly-cloudy-night", "precipIntensity": 0, "precipProbability": 0, "temperature": 66.94, "apparentTemperature": 66.94, "dewPoint": 59.18, "humidity": 0.76, "pressure": 1014.91, "windSpeed": 0, "windGust": 0.14, "cloudCover": 0.74, "uvIndex": 0, "visibility": 10}, {"time": 1429326000, "summary": "Mostly Cloudy", "icon": "partly-cloudy-night", "precipIntensity": 0, "precipProbability": 0, "temperature": 65.06, "apparentTemperature": 65.06, "dewPoint": 58.7, "humidity": 0.8, "pressure": 1015.03, "windSpeed": 0, "windGust": 0.13, "cloudCover": 0.64, "uvIndex": 0, "visibility": 9.59}]}, "daily": {"data": [{"time": 1429243200, "summary": "Mostly cloudy throughout the day.", "icon": "partly-cloudy-day", "sunriseTime": 1429266588, "sunsetTime": 1429314456, "moonPhase": 0.96, "precipIntensity": 0.0033, "precipIntensityMax": 0.0289, "precipIntensityMaxTime": 1429250400, "precipProbability": 0.88, "precipType": "rain", "temperatureHigh": 77.7, "temperatureHighTime": 1429300800, "temperatureLow": 55.04, "temperatureLowTime": 1429354800, "apparentTemperatureHigh": 77.7, "apparentTemperatureHighTime": 1429300800, "apparentTemperatureLow": 55.04, "apparentTemperatureLowTime": 1429354800, "dewPoint": 56.75, "humidity": 0.74, "pressure": 1017.89, "windSpeed": 0.52, "windGust": 7.13, "windGustTime": 1429279200, "windBearing": 217, "cloudCover": 0.75, "uvIndex": 7, "uvIndexTime": 1429286400, "visibility": 8.39, "temperatureMin": 56.16, "temperatureMinTime": 1429257600, "temperatureMax": 77.7, "temperatureMaxTime": 1429300800, "apparentTemperatureMin": 56.16, "apparentTemperatureMinTime": 1429257600, "apparentTemperatureMax": 77.7, "apparentTemperatureMaxTime": 1429300800}]}, "flags": {"sources": ["cmc", "gfs", "hrrr", "icon", "isd", "madis", "nam", "sref"], "nearest-station": 0.675, "units": "us"}, "offset": -4}