{"latitude": 38.912659, "longitude": -77.017669, "timezone": "America/New_York", "currently": {"time": 1455166800, "summary": "Clear", "icon": "clear-night", "precipIntensity": 0, "precipProbability": 0, "temperature": 24.58, "apparentTemperature": 19.67, "dewPoint": 10.05, "humidity": 0.53, "pressure": 1014.36, "windSpeed": 3.88, "windGust": 11.33, "windBearing": 284, "cloudCover": 0.18, "uvIndex": 0, "visibility": 9}, "hourly": {"summary": "Partly cloudy starting in the morning, continuing until afternoon.", "icon": "partly-cloudy-day", "data": [{"time": 1455166800, "summary": "Clear", "icon": "clear-night", "precipIntensity": 0, "precipProbability": 0, "temperature": 24.58, "apparentTemperature": 19.67, "dewPoint": 10.05, "humidity": 0.53, "pressure": 1014.36, "windSpeed": 3.88, "windGust": 11.33, "windBearing": 284, "cloudCover": 0.18, "uvIndex": 0, "visibility": 9}, {"time": 1455170400, "summary": "Clear", "icon": "clear-night", "precipIntensity": 0, "precipProbability": 0, "temperature": 24.16, "apparentTemperature": 18.36, "dewPoint": 9.25, "humidity": 0.52, "pressure": 1014.98, "windSpeed": 4.55, "windGust": 12.26, "windBearing": 289, "cloudCover": 0.23, "uvIndex": 0, "visibility": 8.75}, {"time": 1455174000, "summary": "Clear", "icon": "clear-night", "precipIntensity": 0, "precipProbability": 0, "temperature": 23.44, "apparentTemperature": 17.89, "dewPoint": 8.38, "humidity": 0.52, "pressure": 1015.12, "windSpeed": 4.25, "windGust": 12.88, "windBearing": 292, "cloudCover": 0.19, "uvIndex": 0, "visibility": 9.1}, {"time": 1455177600, "summary": "Clear", "icon": "clear-night", "precipIntensity": 0, "precipProbability": 0, "temperature": 22.9, "apparentTemperature": 16.55, "dewPoint": 7.73, "humidity": 0.52, "pressure": 1015.45, "windSpeed": 4.85, "windGust": 12.49, "windBearing": 294, "cloudCover": 0.03, "uvIndex": 0, "visibility": 8.68}, {"time": 1455181200, "summary": "Clear", "icon": "clear-night", "precipIntensity": 0, "precipProbability": 0, "temperature": 22.27, "apparentTemperature": 16.11, "dewPoint": 7.19, "humidity": 0.52, "pressure": 1015.51, "windSpeed": 4.59, "windGust": 12.8, "windBearing": 291, "cloudCover": 0.04, "uvIndex": 0, "visibility": 9.48}, {"time": 1455184800, "summary": "Clear", "icon": "clear-night", "precipIntensity": 0, "precipProbability": 0, "temperature": 21.51, "apparentTemperature": 15.57, "dewPoint": 6.44, "humidity": 0.52, "pressure": 1016.58, "windSpeed": 4.3, "windGust": 11.36, "windBearing": 284, "cloudCover": 0.04, "uvIndex": 0, "visibility": 8.96}, {"time": 1455188400, "summary": "Clear", "icon": "clear-night", "precipIntensity": 0, "precipProbability": 0, "temperature": 20.88, "apparentTemperature": 14.76, "dewPoint": 5.35, "humidity": 0.5, "pressure": 1017.31, "windSpeed": 4.36, "windGust": 12.24, "windBearing": 285, "cloudCover": 0.06, "uvIndex": 0, "visibility": 8.96}, {"time": 1455192000, "summary": "Clear", "icon": "clear-night", "precipIntensity": 0, "precipProbability": 0, "temperature": 20.25, "apparentTemperature": 14.36, "dewPoint": 4.81, "humidity": 0.5, "pressure": 1018.22, "windSpeed": 4.1, "windGust": 10.7, "windBearing": 284, "cloudCover": 0, "uvIndex": 0, "visibility": 9.48}, {"time": 1455195600, "summary": "Clear", "icon": "clear-day", "precipIntensity": 0, "precipProbability": 0, "temperature": 20.49, "apparentTemperature": 14.93, "dewPoint": 5.07, "humidity": 0.51, "pressure": 1019.09, "windSpeed": 3.89, "windGust": 11.91, "windBearing": 285, "cloudCover": 0.06, "uvIndex": 0, "visibility": 9.45}, {"time": 1455199200, "summary": "Partly Cloudy", "icon": "partly-cloudy-day", "precipIntensity": 0, "precipProbability": 0, "temperature": 22.16, "apparentTemperature": 14.9, "dewPoint": 4.7, "humidity": 0.46, "pressure": 1020.13, "windSpeed": 5.6, "windGust": 15.55, "windBearing": 288, "cloudCover": 0.31, "uvIndex": 1, "visibility": 8.84}, {"time": 1455202800, "summary": "Mostly Cloudy", "icon": "partly-cloudy-day", "precipIntensity": 0, "precipProbability": 0, "temperature": 23.37, "apparentTemperature": 15.09, "dewPoint": 4.11, "humidity": 0.43, "pressure": 1020.53, "windSpeed": 7.01, "windGust": 18.41, "windBearing": 294, "cloudCover": 0.71, "uvIndex": 2, "visibility": 7.9}, {"time": 1455206400, "summary": "Partly Cloudy", "icon": "partly-cloudy-day", "precipIntensity": 0, "precipProbability": 0, "temperature": 24.71, "apparentTemperature": 17.34, "dewPoint": 3.66, "humidity": 0.4, "pressure": 1020.48, "windSpeed": 6.24, "windGust": 16.76, "windBearing": 293, "cloudCover": 0.46, "uvIndex": 3, "visibility": 8.16}, {"time": 1455210000, "summary": "Partly Cloudy", "icon": "partly-cloudy-day", "precipIntensity": 0, "precipProbability": 0, "temperature": 25.83, "apparentTemperature": 18.69, "dewPoint": 3.77, "humidity": 0.38, "pressure": 1020.48, "windSpeed": 6.23, "windGust": 16.72, "windBearing": 294, "cloudCover": 0.49, "uvIndex": 3, "visibility": 7.98}, {"time": 1455213600, "summary": "Mostly Cloudy", "icon": "partly-cloudy-day", "precipIntensity": 0, "precipProbability": 0, "temperature": 26.75, "apparentTemperature": 19.92, "dewPoint": 3.91, "humidity": 0.37, "pressure": 1020.2, "windSpeed": 6.07, "windGust": 16.57, "windBearing": 295, "cloudCover": 0.69, "uvIndex": 3, "visibility": 7.98}, {"time": 1455217200, "summary": "Clear", "icon": "clear-day", "precipIntensity": 0, "precipProbability": 0, "temperature": 27.57, "apparentTemperature": 20.56, "dewPoint": 4.01, "humidity": 0.36, "pressure": 1019.76, "windSpeed": 6.48, "windGust": 17.66, "windBearing": 298, "cloudCover": 0.22, "uvIndex": 3, "visibility": 7.87}, {"time": 1455220800, "summary": "Clear", "icon": "clear-day", "precipIntensity": 0, "precipProbability": 0, "temperature": 27.71, "apparentTemperature": 20.51, "dewPoint": 3.43, "humidity": 0.35, "pressure": 1020.27, "windSpeed": 6.76, "windGust": 17.38, "windBearing": 301, "cloudCover": 0.22, "uvIndex": 2, "visibility": 8}, {"time": 1455224400, "summary": "Clear", "icon": "clear-day", "precipIntensity": 0, "precipProbability": 0, "temperature": 27.23, "apparentTemperature": 19.98, "dewPoint": 2.74, "humidity": 0.34, "pressure": 1021.29, "windSpeed": 6.69, "windGust": 17.5, "windBearing": 301, "cloudCover": 0.06, "uvIndex": 1, "visibility": 8.21}, {"time": 1455228000, "summary": "Clear", "icon": "clear-day", "precipIntensity": 0, "precipProbability": 0, "temperature": 26.09, "apparentTemperature": 20.19, "dewPoint": 2.03, "humidity": 0.35, "pressure": 1022.53, "windSpeed": 4.94, "windGust": 14.52, "windBearing": 298, "cloudCover": 0.07, "uvIndex": 0, "visibility": 8}, {"time": 1455231600, "summary": "Clear", "icon": "clear-night", "precipIntensity": 0, "precipProbability": 0, "temperature": 24.48, "apparentTemperature": 18.79, "dewPoint": 2.11, "humidity": 0.37, "pressure": 1023.45, "windSpeed": 4.5, "windGust": 12.61, "windBearing": 302, "cloudCover": 0.1, "uvIndex": 0, "visibility": 9.47}, {"time": 1455235200, "summary": "Clear", "icon": "clear-night", "precipIntensity": 0, "precipProbability": 0, "temperature": 23.36, "apparentTemperature": 18.37, "dewPoint": 2.2, "humidity": 0.39, "pressure": 1024.75, "windSpeed": 3.79, "windGust": 10.66, "windBearing": 305, "cloudCover": 0.05, "uvIndex": 0, "visibility": 9}, {"time": 1455238800, "summary": "Clear", "icon": "clear-night", "precipIntensity": 0, "precipProbability": 0, "temperature": 22.61, "apparentTemperature": 17.01, "dewPoint": 2.65, "humidity": 0.41, "pressure": 1025.7, "windSpeed": 4.17, "windGust": 11.13, "windBearing": 305, "cloudCover": 0, "uvIndex": 0, "visibility": 8.75}, {"time": 1455242400, "summary": "Clear", "icon": "clear-night", "precipIntensity": 0, "precipProbability": 0, "temperature": 21.91, "apparentTemperature": 16.73, "dewPoint": 2.83, "humidity": 0.43, "pressure": 1026.48, "windSpeed": 3.77, "windGust": 9.87, "windBearing": 300, "cloudCover": 0, "uvIndex": 0, "visibility": 9}, {"time": 1455246000, "summary": "Clear", "icon": "clear-night", "precipIntensity": 0, "precipProbability": 0, "temperature": 21.31, "apparentTemperature": 21.31, "dewPoint": 2.77, "humidity": 0.44, "pressure": 1026.85, "windSpeed": 2.47, "windGust": 8.09, "windBearing": 297, "cloudCover": 0, "uvIndex": 0, "visibility": 9.48}, {"time": 1455249600, "summary": "Clear", "icon": "clear-night", "precipIntensity": 0, "precipProbability": 0, "temperature": 20.66, "apparentTemperature": 20.66, "dewPoint": 2.92, "humidity": 0.45, "pressure": 1027.12, "windSpeed": 1.88, "windGust": 5.81, "windBearing": 295, "cloudCover": 0, "uvIndex": 0, "visibility": 9.14}]}, "daily": {"data": [{"time": 1455166800, "summary": "Partly cloudy until afternoon.", "icon": "partly-cloudy-day", "sunriseTime": 1455192346, "sunsetTime": 1455230493, "moonPhase": 0.11, "precipIntensity": 0, "precipIntensityMax": 0, "precipProbability": 0, "temperatureHigh": 27.71, "temperatureHighTime": 1455220800, "temperatureLow": 16.01, "temperatureLowTime": 1455278400, "apparentTemperatureHigh": 20.56, "apparentTemperatureHighTime": 1455217200, "apparentTemperatureLow": 16.01, "apparentTemperatureLowTime": 1455278400, "dewPoint": 4.67, "humidity": 0.44, "pressure": 1020.28, "windSpeed": 4.78, "windGust": 18.41, "windGustTime": 1455202800, "windBearing": 294, "cloudCover": 0.18, "uvIndex": 3, "uvIndexTime": 1455206400, "visibility": 8.74, "temperatureMin": 20.25, "temperatureMinTime": 1455192000, "temperatureMax": 27.71, "temperatureMaxTime": 1455220800, "apparentTemperatureMin": 14.36, "apparentTemperatureMinTime": 1455192000, "apparentTemperatureMax": 21.31, "apparentTemperatureMaxTime": 1455246000}]}, "flags": {"sources": ["cmc", "gfs", "hrrr", "icon", "isd", "madis", "nam", "sref"], "nearest-station": 1.106, "units": "us"}, "offset": -5}