{"latitude": 38.912659, "longitude": -77.017669, "timezone": "America/New_York", "currently": {"time": 1439006400, "summary": "Mostly Cloudy", "icon": "partly-cloudy-night", "precipIntensity": 0, "precipProbability": 0, "temperature": 71.71, "apparentTemperature": 72.43, "dewPoint": 65.87, "humidity": 0.82, "pressure": 1012.46, "windSpeed": 0.1, "windGust": 0.2, "windBearing": 91, "cloudCover": 0.67, "uvIndex": 0, "visibility": 7.44}, "hourly": {"summary": "Partly cloudy until evening.", "icon": "partly-cloudy-day", "data": [{"time": 1439006400, "summary": "Mostly Cloudy", "icon": "partly-cloudy-night", "precipIntensity": 0, "precipProbability": 0, "temperature": 71.71, "apparentTemperature": 72.43, "dewPoint": 65.87, "humidity": 0.82, "pressure": 1012.46, "windSpeed": 0.1, "windGust": 0.2, "windBearing": 91, "cloudCover": 0.67, "uvIndex": 0, "visibility": 7.44}, {"time": 1439010000, "summary": "Mostly Cloudy", "icon": "partly-cloudy-night", "precipIntensity": 0, "precipProbability": 0, "temperature": 71.22, "apparentTemperature": 71.9, "dewPoint": 65.49, "humidity": 0.82, "pressure": 1012.44, "windSpeed": 0.09, "windGust": 0.13, "windBearing": 66, "cloudCover": 0.71, "uvIndex": 0, "visibility": 7.07}, {"time": 1439013600, "summary": "Overcast", "icon": "cloudy", "precipIntensity": 0, "precipProbability": 0, "temperature": 70.79, "apparentTemperature": 71.37, "dewPoint": 64.66, "humidity": 0.81, "pressure": 1012.13, "windSpeed": 0.06, "windGust": 0.23, "windBearing": 55, "cloudCover": 0.99, "uvIndex": 0, "visibility": 7.73}, {"time": 1439017200, "summary": "Mostly Cloudy", "icon": "partly-cloudy-night", "precipIntensity": 0, "precipProbability": 0, "temperature": 70.14, "apparentTemperature": 70.66, "dewPoint": 64.02, "humidity": 0.81, "pressure": 1012.05, "windSpeed": 0.05, "windGust": 0.17, "windBearing": 37, "cloudCover": 0.86, "uvIndex": 0, "visibility": 7.07}, {"time": 1439020800, "summary": "Mostly Cloudy", "icon": "partly-cloudy-night", "precipIntensity": 0, "precipProbability": 0, "temperature": 69.19, "apparentTemperature": 69.69, "dewPoint": 63.65, "humidity": 0.83, "pressure": 1012.3, "windSpeed": 0.08, "windGust": 0.23, "windBearing": 3, "cloudCover": 0.77, "uvIndex": 0, "visibility": 9.34}, {"time": 1439024400, "summary": "Mostly Cloudy", "icon": "partly-cloudy-night", "precipIntensity": 0, "precipProbability": 0, "temperature": 68.49, "apparentTemperature": 68.95, "dewPoint": 63.21, "humidity": 0.83, "pressure": 1012.27, "windSpeed": 0.13, "windGust": 0.42, "windBearing": 21, "cloudCover": 0.67, "uvIndex": 0, "visibility": 7.75}, {"time": 1439028000, "summary": "Partly Cloudy", "icon": "partly-cloudy-night", "precipIntensity": 0, "precipProbability": 0, "temperature": 67.84, "apparentTemperature": 68.29, "dewPoint": 62.92, "humidity": 0.84, "pressure": 1012.86, "windSpeed": 0.13, "windGust": 0.19, "windBearing": 12, "cloudCover": 0.58, "uvIndex": 0, "visibility": 7.06}, {"time": 1439031600, "summary": "Partly Cloudy", "icon": "partly-cloudy-day", "precipIntensity": 0, "precipProbability": 0, "temperature": 67.9, "apparentTemperature": 68.31, "dewPoint": 62.74, "humidity": 0.84, "pressure": 1013.44, "windSpeed": 0.27, "windGust": 0.48, "windBearing": 14, "cloudCover": 0.46, "uvIndex": 0, "visibility": 7.34}, {"time": 1439035200, "summary": "Partly Cloudy", "icon": "partly-cloudy-day", "precipIntensity": 0, "precipProbability": 0, "temperature": 69.06, "apparentTemperature": 69.51, "dewPoint": 63.28, "humidity": 0.82, "pressure": 1014.02, "windSpeed": 0.52, "windGust": 1.46, "windBearing": 26, "cloudCover": 0.42, "uvIndex": 1, "visibility": 9.49}, {"time": 1439038800, "summary": "Clear", "icon": "clear-day", "precipIntensity": 0, "precipProbability": 0, "temperature": 71.89, "apparentTemperature": 72.33, "dewPoint": 63.74, "humidity": 0.76, "pressure": 1014.46, "windSpeed": 1.33, "windGust": 3.84, "windBearing": 51, "cloudCover": 0.22, "uvIndex": 2, "visibility": 8.23}, {"time": 1439042400, "summary": "Clear", "icon": "clear-day", "precipIntensity": 0, "precipProbability": 0, "temperature": 75.03, "apparentTemperature": 75.4, "dewPoint": 63.54, "humidity": 0.68, "pressure": 1014.88, "windSpeed": 1.74, "windGust": 5.24, "windBearing": 53, "cloudCover": 0.23, "uvIndex": 4, "visibility": 8.25}, {"time": 1439046000, "summary": "Partly Cloudy", "icon": "partly-cloudy-day", "precipIntensity": 0, "precipProbability": 0, "temperature": 77.45, "apparentTemperature": 77.73, "dewPoint": 62.6, "humidity": 0.6, "pressure": 1015.3, "windSpeed": 2, "windGust": 5.4, "windBearing": 58, "cloudCover": 0.51, "uvIndex": 5, "visibility": 8.24}, {"time": 1439049600, "summary": "Partly Cloudy", "icon": "partly-cloudy-day", "precipIntensity": 0, "precipProbability": 0, "temperature": 79.53, "apparentTemperature": 79.79, "dewPoint": 62.11, "humidity": 0.55, "pressure": 1014.91, "windSpeed": 1.75, "windGust": 5.7, "windBearing": 59, "cloudCover": 0.38, "uvIndex": 7, "visibility": 7.56}, {"time": 1439053200, "summary": "Partly Cloudy", "icon": "partly-cloudy-day", "precipIntensity": 0, "precipProbability": 0, "temperature": 81.28, "apparentTemperature": 82.29, "dewPoint": 62.01, "humidity": 0.52, "pressure": 1014.4, "windSpeed": 2.29, "windGust": 7.06, "windBearing": 66, "cloudCover": 0.42, "uvIndex": 7, "visibility": 7.88}, {"time": 1439056800, "summary": "Partly Cloudy", "icon": "partly-cloudy-day", "precipIntensity": 0, "precipProbability": 0, "temperature": 82.56, "apparentTemperature": 83.28, "dewPoint": 61.64, "humidity": 0.49, "pressure": 1014.29, "windSpeed": 1.86, "windGust": 6.66, "windBearing": 76, "cloudCover": 0.35, "uvIndex": 8, "visibility": 7.49}, {"time": 1439060400, "summary": "Partly Cloudy", "icon": "partly-cloudy-day", "precipIntensity": 0, "precipProbability": 0, "temperature": 82.62, "apparentTemperature": 83.19, "dewPoint": 61.13, "humidity": 0.48, "pressure": 1014.28, "windSpeed": 1.62, "windGust": 5.74, "windBearing": 72, "cloudCover": 0.47, "uvIndex": 6, "visibility": 7.55}, {"time": 1439064000, "summary": "Partly Cloudy", "icon": "partly-cloudy-day", "precipIntensity": 0, "precipProbability": 0, "temperature": 82.66, "apparentTemperature": 83.24, "dewPoint": 61.2, "humidity": 0.48, "pressure": 1013.86, "windSpeed": 1.29, "windGust": 5.27, "windBearing": 82, "cloudCover": 0.54, "uvIndex": 4, "visibility": 7.15}, {"time": 1439067600, "summary": "Partly Cloudy", "icon": "partly-cloudy-day", "precipIntensity": 0, "precipProbability": 0, "temperature": 82.35, "apparentTemperature": 82.96, "dewPoint": 61.1, "humidity": 0.49, "pressure": 1013.83, "windSpeed": 1.29, "windGust": 4.2, "windBearing": 89, "cloudCover": 0.53, "uvIndex": 3, "visibility": 8.37}, {"time": 1439071200, "summary": "Partly Cloudy", "icon": "partly-cloudy-day", "precipIntensity": 0, "precipProbability": 0, "temperature": 82, "apparentTemperature": 82.71, "dewPoint": 61.3, "humidity": 0.5, "pressure": 1013.56, "windSpeed": 0.72, "windGust": 2.97, "windBearing": 92, "cloudCover": 0.27, "uvIndex": 1, "visibility": 7.65}, {"time": 1439074800, "summary": "Clear", "icon": "clear-day", "precipIntensity": 0, "precipProbability": 0, "temperature": 80.52, "apparentTemperature": 81.55, "dewPoint": 61.5, "humidity": 0.52, "pressure": 1013.56, "windSpeed": 0.53, "windGust": 1.98, "windBearing": 112, "cloudCover": 0.09, "uvIndex": 0, "visibility": 7.91}, {"time": 1439078400, "summary": "Clear", "icon": "clear-day", "precipIntensity": 0, "precipProbability": 0, "temperature": 77.85, "apparentTemperature": 78.12, "dewPoint": 62.45, "humidity": 0.59, "pressure": 1013.88, "windSpeed": 0.28, "windGust": 0.67, "windBearing": 107, "cloudCover": 0.15, "uvIndex": 0, "visibility": 7.82}, {"time": 1439082000, "summary": "Partly Cloudy", "icon": "partly-cloudy-night", "precipIntensity": 0, "precipProbability": 0, "temperature": 74.25, "apparentTemperature": 74.54, "dewPoint": 62.7, "humidity": 0.67, "pressure": 1014.09, "windSpeed": 0.02, "windGust": 0.16, "windBearing": 153, "cloudCover": 0.31, "uvIndex": 0, "visibility": 8.99}, {"time": 1439085600, "summary": "Partly Cloudy", "icon": "partly-cloudy-night", "precipIntensity": 0, "precipProbability": 0, "temperature": 72.12, "apparentTemperature": 72.46, "dewPoint": 62.93, "humidity": 0.73, "pressure": 1014.88, "windSpeed": 0.05, "windGust": 0.15, "windBearing": 144, "cloudCover": 0.46, "uvIndex": 0, "visibility": 7.04}, {"time": 1439089200, "summary": "Clear", "icon": "clear-night", "precipIntensity": 0, "precipProbability": 0, "temperature": 70.52, "apparentTemperature": 70.89, "dewPoint": 62.96, "humidity": 0.77, "pressure": 1015.06, "windSpeed": 0.04, "windGust": 0.13, "windBearing": 160, "cloudCover": 0.11, "uvIndex": 0, "visibility": 8.33}]}, "daily": {"data": [{"time": 1439006400, "summary": "Partly cloudy until evening.", "icon": "partly-cloudy-day", "sunriseTime": 1439028994, "sunsetTime": 1439079213, "moonPhase": 0.8, "precipIntensity": 0, "precipIntensityMax": 0, "precipProbability": 0, "temperatureHigh": 82.66, "temperatureHighTime": 1439064000, "temperatureLow": 67.48, "temperatureLowTime": 1439100000, "apparentTemperatureHigh": 83.28, "apparentTemperatureHighTime": 1439056800, "apparentTemperatureLow": 67.92, "apparentTemperatureLowTime": 1439100000, "dewPoint": 62.86, "humidity": 0.68, "pressure": 1013.72, "windSpeed": 0.72, "windGust": 7.06, "windGustTime": 1439053200, "windBearing": 67, "cloudCover": 0.47, "uvIndex": 8, "uvIndexTime": 1439056800, "visibility": 7.87, "temperatureMin": 67.84, "temperatureMinTime": 1439028000, "temperatureMax": 82.66, "temperatureMaxTime": 1439064000, "apparentTemperatureMin": 68.29, "apparentTemperatureMinTime": 1439028000, "apparentTemperatureMax": 83.28, "apparentTemperatureMaxTime": 1439056800}]}, "flags": {"sources": ["cmc", "gfs", "hrrr", "icon", "isd", "madis", "nam", "sref"], "nearest-station": 0.675, "units": "us"}, "offset": -4}