{"latitude": 38.912659, "longitude": -77.017669, "timezone": "America/New_York", "currently": {"time": 1462248000, "summary": "Mostly Cloudy", "icon": "partly-cloudy-night", "precipIntensity": 0.0015, "precipProbability": 0.28, "precipType": "rain", "temperature": 62.26, "apparentTemperature": 62.57, "dewPoint": 60.28, "humidity": 0.93, "pressure": 1010.82, "windSpeed": 0.11, "windGust": 0.89, "windBearing": 121, "cloudCover": 0.85, "uvIndex": 0, "visibility": 6.63}, "hourly": {"summary": "Mostly cloudy throughout the day.", "icon": "partly-cloudy-day", "data": [{"time": 1462248000, "summary": "Mostly Cloudy", "icon": "partly-cloudy-night", "precipIntensity": 0.0015, "precipProbability": 0.28, "precipType": "rain", "temperature": 62.26, "apparentTemperature": 62.57, "dewPoint": 60.28, "humidity": 0.93, "pressure": 1010.82, "windSpeed": 0.11, "windGust": 0.89, "windBearing": 121, "cloudCover": 0.85, "uvIndex": 0, "visibility": 6.63}, {"time": 1462251600, "summary": "Mostly Cloudy", "icon": "partly-cloudy-night", "precipIntensity": 0, "precipProbability": 0, "temperature": 61.93, "apparentTemperature": 62.25, "dewPoint": 60.23, "humidity": 0.94, "pressure": 1010.12, "windSpeed": 0.13, "windGust": 1.2, "windBearing": 47, "cloudCover": 0.73, "uvIndex": 0, "visibility": 4.64}, {"time": 1462255200, "summary": "Overcast", "icon": "cloudy", "precipIntensity": 0, "precipProbability": 0, "temperature": 61.96, "apparentTemperature": 62.27, "dewPoint": 60.18, "humidity": 0.94, "pressure": 1009.92, "windSpeed": 0.14, "windGust": 0.97, "windBearing": 83, "cloudCover": 1, "uvIndex": 0, "visibility": 4.6}, {"time": 1462258800, "summary": "Overcast", "icon": "cloudy", "precipIntensity": 0, "precipProbability": 0, "temperature": 61.83, "apparentTemperature": 62.13, "dewPoint": 60.03, "humidity": 0.94, "pressure": 1009.3, "windSpeed": 0.02, "windGust": 0.46, "windBearing": 8, "cloudCover": 1, "uvIndex": 0, "visibility": 3.09}, {"time": 1462262400, "summary": "Overcast", "icon": "cloudy", "precipIntensity": 0.0006, "precipProbability": 0.18, "precipType": "rain", "temperature": 61.63, "apparentTemperature": 61.88, "dewPoint": 59.74, "humidity": 0.94, "pressure": 1009.14, "windSpeed": 0.06, "windGust": 0.35, "windBearing": 1, "cloudCover": 1, "uvIndex": 0, "visibility": 2.5}, {"time": 1462266000, "summary": "Overcast", "icon": "cloudy", "precipIntensity": 0.0064, "precipProbability": 0.73, "precipType": "rain", "temperature": 61.4, "apparentTemperature": 61.63, "dewPoint": 59.49, "humidity": 0.93, "pressure": 1008.75, "windSpeed": 0, "windGust": 0.34, "cloudCover": 1, "uvIndex": 0, "visibility": 3.07}, {"time": 1462269600, "summary": "Overcast", "icon": "cloudy", "precipIntensity": 0.0029, "precipProbability": 0.58, "precipType": "rain", "temperature": 61.38, "apparentTemperature": 61.63, "dewPoint": 59.61, "humidity": 0.94, "pressure": 1008.55, "windSpeed": 0, "windGust": 0.35, "cloudCover": 1, "uvIndex": 0, "visibility": 3}, {"time": 1462273200, "summary": "Foggy", "icon": "fog", "precipIntensity": 0.0031, "precipProbability": 0.66, "precipType": "rain", "temperature": 61.57, "apparentTemperature": 61.83, "dewPoint": 59.76, "humidity": 0.94, "pressure": 1008.68, "windSpeed": 0, "windGust": 0.13, "cloudCover": 1, "uvIndex": 0, "visibility": 1.92}, {"time": 1462276800, "summary": "Overcast", "icon": "cloudy", "precipIntensity": 0.0035, "precipProbability": 0.58, "precipType": "rain", "temperature": 61.91, "apparentTemperature": 62.22, "dewPoint": 60.22, "humidity": 0.94, "pressure": 1008.69, "windSpeed": 0.08, "windGust": 0.68, "windBearing": 349, "cloudCover": 0.98, "uvIndex": 1, "visibility": 3.48}, {"time": 1462280400, "summary": "Overcast", "icon": "cloudy", "precipIntensity": 0.0002, "precipProbability": 0.07, "precipType": "rain", "temperature": 62.55, "apparentTemperature": 62.9, "dewPoint": 60.66, "humidity": 0.94, "pressure": 1008.7, "windSpeed": 0.43, "windGust": 1.71, "windBearing": 331, "cloudCover": 1, "uvIndex": 2, "visibility": 4.83}, {"time": 1462284000, "summary": "Overcast", "icon": "cloudy", "precipIntensity": 0, "precipProbability": 0, "temperature": 63.67, "apparentTemperature": 64.05, "dewPoint": 61.22, "humidity": 0.92, "pressure": 1008.84, "windSpeed": 0.63, "windGust": 2.31, "windBearing": 333, "cloudCover": 0.96, "uvIndex": 3, "visibility": 5.92}, {"time": 1462287600, "summary": "Mostly Cloudy", "icon": "partly-cloudy-day", "precipIntensity": 0, "precipProbability": 0, "temperature": 65.13, "apparentTemperature": 65.46, "dewPoint": 61.38, "humidity": 0.88, "pressure": 1008.86, "windSpeed": 0.96, "windGust": 3.33, "windBearing": 334, "cloudCover": 0.9, "uvIndex": 4, "visibility": 6.93}, {"time": 1462291200, "summary": "Mostly Cloudy", "icon": "partly-cloudy-day", "precipIntensity": 0, "precipProbability": 0, "temperature": 65.74, "apparentTemperature": 65.91, "dewPoint": 60.39, "humidity": 0.83, "pressure": 1008.62, "windSpeed": 0.98, "windGust": 3.76, "windBearing": 359, "cloudCover": 0.89, "uvIndex": 5, "visibility": 7.16}, {"time": 1462294800, "summary": "Overcast", "icon": "cloudy", "precipIntensity": 0, "precipProbability": 0, "temperature": 66.54, "apparentTemperature": 66.61, "dewPoint": 59.82, "humidity": 0.79, "pressure": 1008.5, "windSpeed": 1.02, "windGust": 4.12, "windBearing": 355, "cloudCover": 0.95, "uvIndex": 5, "visibility": 7.52}, {"time": 1462298400, "summary": "Overcast", "icon": "cloudy", "precipIntensity": 0, "precipProbability": 0, "temperature": 68.69, "apparentTemperature": 68.7, "dewPoint": 59.73, "humidity": 0.73, "pressure": 1008.15, "windSpeed": 1.25, "windGust": 5.16, "windBearing": 11, "cloudCover": 0.97, "uvIndex": 5, "visibility": 7.28}, {"time": 1462302000, "summary": "Mostly Cloudy", "icon": "partly-cloudy-day", "precipIntensity": 0, "precipProbability": 0, "temperature": 69.29, "apparentTemperature": 69.29, "dewPoint": 59.05, "humidity": 0.7, "pressure": 1007.78, "windSpeed": 1.88, "windGust": 6.17, "windBearing": 28, "cloudCover": 0.81, "uvIndex": 5, "visibility": 7.78}, {"time": 1462305600, "summary": "Mostly Cloudy", "icon": "partly-cloudy-day", "precipIntensity": 0, "precipProbability": 0, "temperature": 69.47, "apparentTemperature": 69.47, "dewPoint": 58.63, "humidity": 0.68, "pressure": 1007.07, "windSpeed": 1.71, "windGust": 5.04, "windBearing": 53, "cloudCover": 0.82, "uvIndex": 4, "visibility": 8.29}, {"time": 1462309200, "summary": "Mostly Cloudy", "icon": "partly-cloudy-day", "precipIntensity": 0.0014, "precipProbability": 0.28, "precipType": "rain", "temperature": 66.66, "apparentTemperature": 66.66, "dewPoint": 58.64, "humidity": 0.75, "pressure": 1007.37, "windSpeed": 1, "windGust": 2.41, "windBearing": 74, "cloudCover": 0.74, "uvIndex": 2, "visibility": 7.65}, {"time": 1462312800, "summary": "Light Rain", "icon": "rain", "precipIntensity": 0.0228, "precipProbability": 0.66, "precipType": "rain", "temperature": 64.13, "apparentTemperature": 64.26, "dewPoint": 59.72, "humidity": 0.86, "pressure": 1007.29, "windSpeed": 0.81, "windGust": 3.04, "windBearing": 71, "cloudCover": 0.84, "uvIndex": 1, "visibility": 6.23}, {"time": 1462316400, "summary": "Mostly Cloudy", "icon": "partly-cloudy-day", "precipIntensity": 0.006, "precipProbability": 0.55, "precipType": "rain", "temperature": 63.33, "apparentTemperature": 63.39, "dewPoint": 58.96, "humidity": 0.86, "pressure": 1007.3, "windSpeed": 1.46, "windGust": 4.86, "windBearing": 82, "cloudCover": 0.71, "uvIndex": 0, "visibility": 7.53}, {"time": 1462320000, "summary": "Mostly Cloudy", "icon": "partly-cloudy-night", "precipIntensity": 0, "precipProbability": 0, "temperature": 61.36, "apparentTemperature": 61.36, "dewPoint": 57.45, "humidity": 0.87, "pressure": 1007.97, "windSpeed": 1.42, "windGust": 4.49, "windBearing": 86, "cloudCover": 0.83, "uvIndex": 0, "visibility": 7.07}, {"time": 1462323600, "summary": "Overcast", "icon": "cloudy", "precipIntensity": 0.0008, "precipProbability": 0.12, "precipType": "rain", "temperature": 60.04, "apparentTemperature": 60.04, "dewPoint": 56.37, "humidity": 0.88, "pressure": 1008.15, "windSpeed": 1.04, "windGust": 3.3, "windBearing": 79, "cloudCover": 0.99, "uvIndex": 0, "visibility": 7.49}, {"time": 1462327200, "summary": "Overcast", "icon": "cloudy", "precipIntensity": 0.0008, "precipProbability": 0.14, "precipType": "rain", "temperature": 59.08, "apparentTemperature": 59.08, "dewPoint": 55.47, "humidity": 0.88, "pressure": 1008.07, "windSpeed": 0.84, "windGust": 3.43, "windBearing": 65, "cloudCover": 1, "uvIndex": 0, "visibility": 7.18}, {"time": 1462330800, "summary": "Overcast", "icon": "cloudy", "precipIntensity": 0.0006, "precipProbability": 0.14, "precipType": "rain", "temperature": 58.38, "apparentTemperature": 58.38, "dewPoint": 54.82, "humidity": 0.88, "pressure": 1008.66, "windSpeed": 1.11, "windGust": 2.29, "windBearing": 65, "cloudCover": 1, "uvIndex": 0, "visibility": 6.99}]}, "daily": {"data": [{"time": 1462248000, "summary": "Light rain overnight.", "icon": "rain", "sunriseTime": 1462270094, "sunsetTime": 1462320240, "moonPhase": 0.88, "precipIntensity": 0.0021, "precipIntensityMax": 0.0228, "precipIntensityMaxTime": 1462312800, "precipProbability": 0.73, "precipType": "rain", "temperatureHigh": 69.47, "temperatureHighTime": 1462305600, "temperatureLow": 53.49, "temperatureLowTime": 1462363200, "apparentTemperatureHigh": 69.47, "apparentTemperatureHighTime": 1462305600, "apparentTemperatureLow": 53.49, "apparentTemperatureLowTime": 1462363200, "dewPoint": 59.24, "humidity": 0.87, "pressure": 1008.56, "windSpeed": 0.56, "windGust": 6.17, "windGustTime": 1462302000, "windBearing": 43, "cloudCover": 0.92, "uvIndex": 5, "uvIndexTime": 1462291200, "visibility": 5.78, "temperatureMin": 58.38, "temperatureMinTime": 1462330800, "temperatureMax": 69.47, "temperatureMaxTime": 1462305600, "apparentTemperatureMin": 58.38, "apparentTemperatureMinTime": 1462330800, "apparentTemperatureMax": 69.47, "apparentTemperatureMaxTime": 1462305600}]}, "flags": {"sources": ["cmc", "gfs", "hrrr", "icon", "isd", "madis", "nam", "sref"], "nearest-station": 1.106, "units": "us"}, "offset": -4}