{"latitude": 38.912659, "longitude": -77.017669, "timezone": "America/New_York", "currently": {"time": 1429934400, "summary": "Clear", "icon": "clear-night", "precipIntensity": 0, "precipProbability": 0, "temperature": 47.58, "apparentTemperature": 47.58, "dewPoint": 30.48, "humidity": 0.51, "pressure": 1014.11, "windSpeed": 2.24, "windGust": 4.48, "windBearing": 273, "cloudCover": 0.05, "uvIndex": 0, "visibility": 10}, "hourly": {"summary": "Light rain starting in the evening.", "icon": "rain", "data": [{"time": 1429934400, "summary": "Clear", "icon": "clear-night", "precipIntensity": 0, "precipProbability": 0, "temperature": 47.58, "apparentTemperature": 47.58, "dewPoint": 30.48, "humidity": 0.51, "pressure": 1014.11, "windSpeed": 2.24, "windGust": 4.48, "windBearing": 273, "cloudCover": 0.05, "uvIndex": 0, "visibility": 10}, {"time": 1429938000, "summary": "Clear", "icon": "clear-night", "precipIntensity": 0, "precipProbability": 0, "temperature": 45.98, "apparentTemperature": 45.98, "dewPoint": 30.28, "humidity": 0.54, "pressure": 1014.46, "windSpeed": 2.17, "windGust": 6.72, "windBearing": 325, "cloudCover": 0.02, "uvIndex": 0, "visibility": 10}, {"time": 1429941600, "summary": "Clear", "icon": "clear-night", "precipIntensity": 0, "precipProbability": 0, "temperature": 44.4, "apparentTemperature": 44.4, "dewPoint": 30.91, "humidity": 0.59, "pressure": 1014.74, "windSpeed": 2.74, "windGust": 6.72, "windBearing": 309, "cloudCover": 0.02, "uvIndex": 0, "visibility": 10}, {"time": 1429945200, "summary": "Clear", "icon": "clear-night", "precipIntensity": 0, "precipProbability": 0, "temperature": 44.08, "apparentTemperature": 44.08, "dewPoint": 29.51, "humidity": 0.56, "pressure": 1014.59, "windSpeed": 1.65, "windGust": 4.48, "windBearing": 322, "cloudCover": 0.13, "uvIndex": 0, "visibility": 10}, {"time": 1429948800, "summary": "Partly Cloudy", "icon": "partly-cloudy-night", "precipIntensity": 0, "precipProbability": 0, "temperature": 43.32, "apparentTemperature": 43.32, "dewPoint": 27.19, "humidity": 0.53, "pressure": 1014.71, "windSpeed": 1.92, "windGust": 3.3, "windBearing": 350, "cloudCover": 0.47, "uvIndex": 0, "visibility": 9.08}, {"time": 1429952400, "summary": "Partly Cloudy", "icon": "partly-cloudy-night", "precipIntensity": 0, "precipProbability": 0, "temperature": 41.98, "apparentTemperature": 41.98, "dewPoint": 28.63, "humidity": 0.59, "pressure": 1014.52, "windSpeed": 0.15, "windGust": 0.57, "windBearing": 13, "cloudCover": 0.58, "uvIndex": 0, "visibility": 9.07}, {"time": 1429956000, "summary": "Mostly Cloudy", "icon": "partly-cloudy-night", "precipIntensity": 0, "precipProbability": 0, "temperature": 43.18, "apparentTemperature": 43.18, "dewPoint": 27.62, "humidity": 0.54, "pressure": 1014.8, "windSpeed": 0.31, "windGust": 1.16, "windBearing": 22, "cloudCover": 0.81, "uvIndex": 0, "visibility": 8.55}, {"time": 1429959600, "summary": "Mostly Cloudy", "icon": "partly-cloudy-day", "precipIntensity": 0, "precipProbability": 0, "temperature": 43.49, "apparentTemperature": 43.49, "dewPoint": 27.79, "humidity": 0.54, "pressure": 1014.94, "windSpeed": 0.24, "windGust": 0.82, "windBearing": 61, "cloudCover": 0.89, "uvIndex": 0, "visibility": 7.92}, {"time": 1429963200, "summary": "Overcast", "icon": "cloudy", "precipIntensity": 0, "precipProbability": 0, "temperature": 44.41, "apparentTemperature": 44.41, "dewPoint": 28.93, "humidity": 0.54, "pressure": 1015.12, "windSpeed": 0.41, "windGust": 1.87, "windBearing": 55, "cloudCover": 1, "uvIndex": 1, "visibility": 8.13}, {"time": 1429966800, "summary": "Mostly Cloudy", "icon": "partly-cloudy-day", "precipIntensity": 0, "precipProbability": 0, "temperature": 46.36, "apparentTemperature": 46.36, "dewPoint": 28.2, "humidity": 0.49, "pressure": 1015.37, "windSpeed": 0.78, "windGust": 3.63, "windBearing": 41, "cloudCover": 0.88, "uvIndex": 2, "visibility": 7.87}, {"time": 1429970400, "summary": "Mostly Cloudy", "icon": "partly-cloudy-day", "precipIntensity": 0, "precipProbability": 0, "temperature": 47.3, "apparentTemperature": 47.3, "dewPoint": 26.77, "humidity": 0.44, "pressure": 1014.83, "windSpeed": 0.39, "windGust": 3.08, "windBearing": 79, "cloudCover": 0.88, "uvIndex": 3, "visibility": 7.6}, {"time": 1429974000, "summary": "Overcast", "icon": "cloudy", "precipIntensity": 0, "precipProbability": 0, "temperature": 48.59, "apparentTemperature": 48.59, "dewPoint": 26.81, "humidity": 0.42, "pressure": 1014.39, "windSpeed": 0.65, "windGust": 3.18, "windBearing": 192, "cloudCover": 0.95, "uvIndex": 4, "visibility": 8.02}, {"time": 1429977600, "summary": "Mostly Cloudy", "icon": "partly-cloudy-day", "precipIntensity": 0, "precipProbability": 0, "temperature": 49.32, "apparentTemperature": 49.32, "dewPoint": 28.14, "humidity": 0.44, "pressure": 1013.54, "windSpeed": 0.93, "windGust": 3.48, "windBearing": 202, "cloudCover": 0.93, "uvIndex": 5, "visibility": 7.69}, {"time": 1429981200, "summary": "Overcast", "icon": "cloudy", "precipIntensity": 0, "precipProbability": 0, "temperature": 49.76, "apparentTemperature": 49.76, "dewPoint": 29.03, "humidity": 0.45, "pressure": 1012.44, "windSpeed": 0.84, "windGust": 3.35, "windBearing": 205, "cloudCover": 1, "uvIndex": 4, "visibility": 8.32}, {"time": 1429984800, "summary": "Overcast", "icon": "cloudy", "precipIntensity": 0, "precipProbability": 0, "temperature": 50.54, "apparentTemperature": 50.54, "dewPoint": 29.77, "humidity": 0.45, "pressure": 1011.59, "windSpeed": 0.96, "windGust": 3.5, "windBearing": 226, "cloudCover": 0.94, "uvIndex": 5, "visibility": 8.29}, {"time": 1429988400, "summary": "Overcast", "icon": "cloudy", "precipIntensity": 0, "precipProbability": 0, "temperature": 51.42, "apparentTemperature": 51.42, "dewPoint": 30.26, "humidity": 0.44, "pressure": 1010.57, "windSpeed": 0.77, "windGust": 3.69, "windBearing": 227, "cloudCover": 0.99, "uvIndex": 4, "visibility": 7.31}, {"time": 1429992000, "summary": "Overcast", "icon": "cloudy", "precipIntensity": 0, "precipProbability": 0, "temperature": 51.59, "apparentTemperature": 51.59, "dewPoint": 30.22, "humidity": 0.44, "pressure": 1009.59, "windSpeed": 0.86, "windGust": 3.87, "windBearing": 220, "cloudCover": 1, "uvIndex": 3, "visibility": 8.01}, {"time": 1429995600, "summary": "Overcast", "icon": "cloudy", "precipIntensity": 0, "precipProbability": 0, "temperature": 51.42, "apparentTemperature": 51.42, "dewPoint": 31.15, "humidity": 0.46, "pressure": 1008.58, "windSpeed": 0.9, "windGust": 3.43, "windBearing": 218, "cloudCover": 0.97, "uvIndex": 2, "visibility": 8.01}, {"time": 1429999200, "summary": "Mostly Cloudy", "icon": "partly-cloudy-day", "precipIntensity": 0, "precipProbability": 0, "temperature": 49.47, "apparentTemperature": 49.47, "dewPoint": 34.21, "humidity": 0.55, "pressure": 1008.5, "windSpeed": 1.48, "windGust": 4.14, "windBearing": 210, "cloudCover": 0.92, "uvIndex": 1, "visibility": 7.47}, {"time": 1430002800, "summary": "Overcast", "icon": "cloudy", "precipIntensity": 0.0081, "precipProbability": 0.6, "precipType": "rain", "temperature": 46.28, "apparentTemperature": 46.28, "dewPoint": 37.65, "humidity": 0.72, "pressure": 1008.24, "windSpeed": 0.85, "windGust": 3.17, "windBearing": 225, "cloudCover": 0.95, "uvIndex": 0, "visibility": 7.03}, {"time": 1430006400, "summary": "Light Rain", "icon": "rain", "precipIntensity": 0.023, "precipProbability": 0.84, "precipType": "rain", "temperature": 44.12, "apparentTemperature": 44.12, "dewPoint": 39.07, "humidity": 0.82, "pressure": 1007.8, "windSpeed": 0.62, "windGust": 1.96, "windBearing": 240, "cloudCover": 1, "uvIndex": 0, "visibility": 6.3}, {"time": 1430010000, "summary": "Light Rain", "icon": "rain", "precipIntensity": 0.0272, "precipProbability": 0.89, "precipType": "rain", "temperature": 43.27, "apparentTemperature": 43.27, "dewPoint": 39.5, "humidity": 0.86, "pressure": 1007.45, "windSpeed": 0.41, "windGust": 1.53, "windBearing": 282, "cloudCover": 1, "uvIndex": 0, "visibility": 6.72}, {"time": 1430013600, "summary": "Light Rain", "icon": "rain", "precipIntensity": 0.0327, "precipProbability": 0.97, "precipType": "rain", "temperature": 42.49, "apparentTemperature": 42.49, "dewPoint": 39.35, "humidity": 0.89, "pressure": 1007.72, "windSpeed": 0.82, "windGust": 2.69, "windBearing": 319, "cloudCover": 0.94, "uvIndex": 0, "visibility": 5.28}, {"time": 1430017200, "summary": "Light Rain", "icon": "rain", "precipIntensity": 0.05, "precipProbability": 0.95, "precipType": "rain", "temperature": 42.03, "apparentTemperature": 42.03, "dewPoint": 39.14, "humidity": 0.89, "pressure": 1007.63, "windSpeed": 0.57, "windGust": 2.25, "windBearing": 355, "cloudCover": 1, "uvIndex": 0, "visibility": 5.49}]}, "daily": {"data": [{"time": 1429934400, "summary": "Light rain starting in the evening.", "icon": "rain", "sunriseTime": 1429957134, "sunsetTime": 1430006125, "moonPhase": 0.24, "precipIntensity": 0.0059, "precipIntensityMax": 0.05, "precipIntensityMaxTime": 1430017200, "precipProbability": 0.97, "precipType": "rain", "temperatureHigh": 51.59, "temperatureHighTime": 1429992000, "temperatureLow": 41.84, "temperatureLowTime": 1430020800, "apparentTemperatureHigh": 51.59, "apparentTemperatureHighTime": 1429992000, "apparentTemperatureLow": 41.84, "apparentTemperatureLowTime": 1430020800, "dewPoint": 31.28, "humidity": 0.57, "pressure": 1012.09, "windSpeed": 0.49, "windGust": 6.72, "windGustTime": 1429938000, "windBearing": 282, "cloudCover": 0.76, "uvIndex": 5, "uvIndexTime": 1429977600, "visibility": 8.01, "temperatureMin": 41.98, "temperatureMinTime": 1429952400, "temperatureMax": 51.59, "temperatureMaxTime": 1429992000, "apparentTemperatureMin": 41.98, "apparentTemperatureMinTime": 1429952400, "apparentTemperatureMax": 51.59, "apparentTemperatureMaxTime": 1429992000}]}, "flags": {"sources": ["cmc", "gfs", "hrrr", "icon", "isd", "madis", "nam", "sref"], "nearest-station": 0.675, "units": "us"}, "offset": -4}