{"latitude": 38.912659, "longitude": -77.017669, "timezone": "America/New_York", "currently": {"time": 1431576000, "summary": "Clear", "icon": "clear-night", "precipIntensity": 0, "precipProbability": 0, "temperature": 54.07, "apparentTemperature": 54.07, "dewPoint": 41.87, "humidity": 0.63, "pressure": 1027.17, "windSpeed": 1.84, "windGust": 5, "windBearing": 310, "cloudCover": 0.06, "uvIndex": 0, "visibility": 8}, "hourly": {"summary": "Partly cloudy starting in the evening.", "icon": "partly-cloudy-night", "data": [{"time": 1431576000, "summary": "Clear", "icon": "clear-night", "precipIntensity": 0, "precipProbability": 0, "temperature": 54.07, "apparentTemperature": 54.07, "dewPoint": 41.87, "humidity": 0.63, "pressure": 1027.17, "windSpeed": 1.84, "windGust": 5, "windBearing": 310, "cloudCover": 0.06, "uvIndex": 0, "visibility": 8}, {"time": 1431579600, "summary": "Clear", "icon": "clear-night", "precipIntensity": 0, "precipProbability": 0, "temperature": 53.36, "apparentTemperature": 53.36, "dewPoint": 41.6, "humidity": 0.64, "pressure": 1027.53, "windSpeed": 1.36, "windGust": 3.27, "windBearing": 325, "cloudCover": 0.05, "uvIndex": 0, "visibility": 8.16}, {"time": 1431583200, "summary": "Clear", "icon": "clear-night", "precipIntensity": 0, "precipProbability": 0, "temperature": 52.79, "apparentTemperature": 52.79, "dewPoint": 41.36, "humidity": 0.65, "pressure": 1027.84, "windSpeed": 1.25, "windGust": 3.74, "windBearing": 345, "cloudCover": 0.08, "uvIndex": 0, "visibility": 8.26}, {"time": 1431586800, "summary": "Clear", "icon": "clear-night", "precipIntensity": 0, "precipProbability": 0, "temperature": 51.9, "apparentTemperature": 51.9, "dewPoint": 41.13, "humidity": 0.67, "pressure": 1027.93, "windSpeed": 0.93, "windGust": 2.97, "windBearing": 348, "cloudCover": 0.09, "uvIndex": 0, "visibility": 7.51}, {"time": 1431590400, "summary": "Clear", "icon": "clear-night", "precipIntensity": 0, "precipProbability": 0, "temperature": 50.84, "apparentTemperature": 50.84, "dewPoint": 40.72, "humidity": 0.68, "pressure": 1028.78, "windSpeed": 0.84, "windGust": 2.01, "windBearing": 342, "cloudCover": 0, "uvIndex": 0, "visibility": 7.3}, {"time": 1431594000, "summary": "Clear", "icon": "clear-night", "precipIntensity": 0, "precipProbability": 0, "temperature": 49.58, "apparentTemperature": 49.58, "dewPoint": 40.04, "humidity": 0.7, "pressure": 1028.9, "windSpeed": 0.68, "windGust": 1.5, "windBearing": 345, "cloudCover": 0.05, "uvIndex": 0, "visibility": 7.33}, {"time": 1431597600, "summary": "Clear", "icon": "clear-night", "precipIntensity": 0, "precipProbability": 0, "temperature": 48.37, "apparentTemperature": 48.37, "dewPoint": 39.51, "humidity": 0.71, "pressure": 1029.16, "windSpeed": 0.6, "windGust": 1.62, "windBearing": 345, "cloudCover": 0.15, "uvIndex": 0, "visibility": 7.82}, {"time": 1431601200, "summary": "Partly Cloudy", "icon": "partly-cloudy-day", "precipIntensity": 0, "precipProbability": 0, "temperature": 48.73, "apparentTemperature": 48.73, "dewPoint": 39.72, "humidity": 0.71, "pressure": 1029.75, "windSpeed": 0.8, "windGust": 2.33, "windBearing": 350, "cloudCover": 0.26, "uvIndex": 0, "visibility": 8.18}, {"time": 1431604800, "summary": "Clear", "icon": "clear-day", "precipIntensity": 0, "precipProbability": 0, "temperature": 52.31, "apparentTemperature": 52.31, "dewPoint": 40.52, "humidity": 0.64, "pressure": 1030.42, "windSpeed": 1.64, "windGust": 4.82, "windBearing": 3, "cloudCover": 0.1, "uvIndex": 1, "visibility": 9.52}, {"time": 1431608400, "summary": "Clear", "icon": "clear-day", "precipIntensity": 0, "precipProbability": 0, "temperature": 55.66, "apparentTemperature": 55.66, "dewPoint": 40.46, "humidity": 0.57, "pressure": 1030.95, "windSpeed": 1.99, "windGust": 6.17, "windBearing": 19, "cloudCover": 0.09, "uvIndex": 3, "visibility": 8.59}, {"time": 1431612000, "summary": "Clear", "icon": "clear-day", "precipIntensity": 0, "precipProbability": 0, "temperature": 59.02, "apparentTemperature": 59.02, "dewPoint": 40.21, "humidity": 0.5, "pressure": 1031.07, "windSpeed": 1.52, "windGust": 5.76, "windBearing": 32, "cloudCover": 0.1, "uvIndex": 5, "visibility": 8.38}, {"time": 1431615600, "summary": "Clear", "icon": "clear-day", "precipIntensity": 0, "precipProbability": 0, "temperature": 61.9, "apparentTemperature": 61.9, "dewPoint": 38.99, "humidity": 0.43, "pressure": 1031.29, "windSpeed": 0.92, "windGust": 4.99, "windBearing": 51, "cloudCover": 0.07, "uvIndex": 7, "visibility": 9.47}, {"time": 1431619200, "summary": "Clear", "icon": "clear-day", "precipIntensity": 0, "precipProbability": 0, "temperature": 64.28, "apparentTemperature": 64.28, "dewPoint": 38.65, "humidity": 0.39, "pressure": 1031.2, "windSpeed": 0.45, "windGust": 5.2, "windBearing": 69, "cloudCover": 0.04, "uvIndex": 9, "visibility": 8.59}, {"time": 1431622800, "summary": "Clear", "icon": "clear-day", "precipIntensity": 0, "precipProbability": 0, "temperature": 65.9, "apparentTemperature": 65.9, "dewPoint": 39.24, "humidity": 0.38, "pressure": 1030.2, "windSpeed": 0.63, "windGust": 5.39, "windBearing": 49, "cloudCover": 0.11, "uvIndex": 9, "visibility": 8.34}, {"time": 1431626400, "summary": "Clear", "icon": "clear-day", "precipIntensity": 0, "precipProbability": 0, "temperature": 67.55, "apparentTemperature": 67.55, "dewPoint": 39.02, "humidity": 0.35, "pressure": 1029.3, "windSpeed": 0.61, "windGust": 5.37, "windBearing": 60, "cloudCover": 0.01, "uvIndex": 9, "visibility": 8.26}, {"time": 1431630000, "summary": "Clear", "icon": "clear-day", "precipIntensity": 0, "precipProbability": 0, "temperature": 68.81, "apparentTemperature": 68.81, "dewPoint": 38.96, "humidity": 0.34, "pressure": 1028.57, "windSpeed": 0.31, "windGust": 4.75, "windBearing": 96, "cloudCover": 0, "uvIndex": 8, "visibility": 8.24}, {"time": 1431633600, "summary": "Clear", "icon": "clear-day", "precipIntensity": 0, "precipProbability": 0, "temperature": 69.72, "apparentTemperature": 69.72, "dewPoint": 38.93, "humidity": 0.32, "pressure": 1027.68, "windSpeed": 0.22, "windGust": 4.3, "windBearing": 172, "cloudCover": 0.04, "uvIndex": 6, "visibility": 8.34}, {"time": 1431637200, "summary": "Clear", "icon": "clear-day", "precipIntensity": 0, "precipProbability": 0, "temperature": 69.72, "apparentTemperature": 69.72, "dewPoint": 38.97, "humidity": 0.33, "pressure": 1027.11, "windSpeed": 0.33, "windGust": 3.65, "windBearing": 190, "cloudCover": 0.08, "uvIndex": 3, "visibility": 8}, {"time": 1431640800, "summary": "Clear", "icon": "clear-day", "precipIntensity": 0, "precipProbability": 0, "temperature": 69.23, "apparentTemperature": 69.23, "dewPoint": 39.49, "humidity": 0.34, "pressure": 1026.99, "windSpeed": 0.6, "windGust": 3, "windBearing": 165, "cloudCover": 0.2, "uvIndex": 1, "visibility": 8.32}, {"time": 1431644400, "summary": "Clear", "icon": "clear-day", "precipIntensity": 0, "precipProbability": 0, "temperature": 67.64, "apparentTemperature": 67.64, "dewPoint": 40.33, "humidity": 0.37, "pressure": 1026.7, "windSpeed": 0.68, "windGust": 2.35, "windBearing": 163, "cloudCover": 0.23, "uvIndex": 0, "visibility": 8.52}, {"time": 1431648000, "summary": "Partly Cloudy", "icon": "partly-cloudy-day", "precipIntensity": 0, "precipProbability": 0, "temperature": 64.79, "apparentTemperature": 64.79, "dewPoint": 42.02, "humidity": 0.43, "pressure": 1026.67, "windSpeed": 0.51, "windGust": 1.56, "windBearing": 160, "cloudCover": 0.29, "uvIndex": 0, "visibility": 8.81}, {"time": 1431651600, "summary": "Partly Cloudy", "icon": "partly-cloudy-night", "precipIntensity": 0, "precipProbability": 0, "temperature": 61.26, "apparentTemperature": 61.26, "dewPoint": 42.61, "humidity": 0.5, "pressure": 1026.59, "windSpeed": 0.14, "windGust": 0.75, "windBearing": 165, "cloudCover": 0.42, "uvIndex": 0, "visibility": 7.76}, {"time": 1431655200, "summary": "Partly Cloudy", "icon": "partly-cloudy-night", "precipIntensity": 0, "precipProbability": 0, "temperature": 58.71, "apparentTemperature": 58.71, "dewPoint": 43.3, "humidity": 0.57, "pressure": 1027.02, "windSpeed": 0.04, "windGust": 0.5, "windBearing": 180, "cloudCover": 0.48, "uvIndex": 0, "visibility": 7.76}, {"time": 1431658800, "summary": "Partly Cloudy", "icon": "partly-cloudy-night", "precipIntensity": 0, "precipProbability": 0, "temperature": 56.89, "apparentTemperature": 56.89, "dewPoint": 43.87, "humidity": 0.62, "pressure": 1027.04, "windSpeed": 0.07, "windGust": 0.4, "windBearing": 180, "cloudCover": 0.29, "uvIndex": 0, "visibility": 6.98}]}, "daily": {"data": [{"time": 1431576000, "summary": "Partly cloudy starting in the evening.", "icon": "partly-cloudy-night", "sunriseTime": 1431597469, "sunsetTime": 1431648827, "moonPhase": 0.87, "precipIntensity": 0, "precipIntensityMax": 0, "precipProbability": 0, "temperatureHigh": 69.72, "temperatureHighTime": 1431633600, "temperatureLow": 54.46, "temperatureLowTime": 1431687600, "apparentTemperatureHigh": 69.72, "apparentTemperatureHighTime": 1431633600, "apparentTemperatureLow": 54.46, "apparentTemperatureLowTime": 1431687600, "dewPoint": 40.48, "humidity": 0.52, "pressure": 1028.58, "windSpeed": 0.46, "windGust": 6.17, "windGustTime": 1431608400, "windBearing": 6, "cloudCover": 0.14, "uvIndex": 9, "uvIndexTime": 1431619200, "visibility": 8.19, "temperatureMin": 48.37, "temperatureMinTime": 1431597600, "temperatureMax": 69.72, "temperatureMaxTime": 1431633600, "apparentTemperatureMin": 48.37, "apparentTemperatureMinTime": 1431597600, "apparentTemperatureMax": 69.72, "apparentTemperatureMaxTime": 1431633600}]}, "flags": {"sources": ["cmc", "gfs", "hrrr", "icon", "isd", "madis", "nam", "sref"], "nearest-station": 0.675, "units": "us"}, "offset": -4}