{"latitude": 38.912659, "longitude": -77.017669, "timezone": "America/New_York", "currently": {"time": 1437451200, "summary": "Humid", "icon": "clear-night", "precipIntensity": 0, "precipProbability": 0, "temperature": 79.74, "apparentTemperature": 84, "dewPoint": 73.96, "humidity": 0.83, "pressure": 1005.69, "windSpeed": 0.03, "windGust": 0.14, "windBearing": 193, "cloudCover": 0.09, "uvIndex": 0, "visibility": 7.03}, "hourly": {"summary": "Mostly cloudy starting overnight, continuing until evening.", "icon": "partly-cloudy-day", "data": [{"time": 1437451200, "summary": "Humid", "icon": "clear-night", "precipIntensity": 0, "precipProbability": 0, "temperature": 79.74, "apparentTemperature": 84, "dewPoint": 73.96, "humidity": 0.83, "pressure": 1005.69, "windSpeed": 0.03, "windGust": 0.14, "windBearing": 193, "cloudCover": 0.09, "uvIndex": 0, "visibility": 7.03}, {"time": 1437454800, "summary": "Humid and Partly Cloudy", "icon": "partly-cloudy-night", "precipIntensity": 0, "precipProbability": 0, "temperature": 78.83, "apparentTemperature": 82.18, "dewPoint": 73.84, "humidity": 0.85, "pressure": 1005.49, "windSpeed": 0.01, "windGust": 0.3, "windBearing": 256, "cloudCover": 0.42, "uvIndex": 0, "visibility": 7.97}, {"time": 1437458400, "summary": "Humid and Mostly Cloudy", "icon": "partly-cloudy-night", "precipIntensity": 0, "precipProbability": 0, "temperature": 78.71, "apparentTemperature": 81.93, "dewPoint": 73.78, "humidity": 0.85, "pressure": 1005.59, "windSpeed": 0.08, "windGust": 0.37, "windBearing": 264, "cloudCover": 0.66, "uvIndex": 0, "visibility": 6.51}, {"time": 1437462000, "summary": "Humid and Mostly Cloudy", "icon": "partly-cloudy-night", "precipIntensity": 0, "precipProbability": 0, "temperature": 77.88, "apparentTemperature": 79.42, "dewPoint": 73.43, "humidity": 0.86, "pressure": 1005.15, "windSpeed": 0.01, "windGust": 0.46, "windBearing": 270, "cloudCover": 0.75, "uvIndex": 0, "visibility": 5.55}, {"time": 1437465600, "summary": "Humid and Mostly Cloudy", "icon": "partly-cloudy-night", "precipIntensity": 0, "precipProbability": 0, "temperature": 77.37, "apparentTemperature": 78.88, "dewPoint": 73.08, "humidity": 0.87, "pressure": 1005.07, "windSpeed": 0.03, "windGust": 0.11, "windBearing": 287, "cloudCover": 0.75, "uvIndex": 0, "visibility": 8.22}, {"time": 1437469200, "summary": "Humid and Mostly Cloudy", "icon": "partly-cloudy-night", "precipIntensity": 0, "precipProbability": 0, "temperature": 76.67, "apparentTemperature": 78.15, "dewPoint": 72.7, "humidity": 0.88, "pressure": 1005.01, "windSpeed": 0, "windGust": 0.02, "cloudCover": 0.75, "uvIndex": 0, "visibility": 9.75}, {"time": 1437472800, "summary": "Humid and Mostly Cloudy", "icon": "partly-cloudy-night", "precipIntensity": 0, "precipProbability": 0, "temperature": 76.39, "apparentTemperature": 77.85, "dewPoint": 72.41, "humidity": 0.88, "pressure": 1005.1, "windSpeed": 0.01, "windGust": 0.04, "windBearing": 270, "cloudCover": 0.62, "uvIndex": 0, "visibility": 8.87}, {"time": 1437476400, "summary": "Humid and Mostly Cloudy", "icon": "partly-cloudy-day", "precipIntensity": 0, "precipProbability": 0, "temperature": 76.47, "apparentTemperature": 77.95, "dewPoint": 72.58, "humidity": 0.88, "pressure": 1005.05, "windSpeed": 0, "windGust": 0.01, "cloudCover": 0.69, "uvIndex": 0, "visibility": 8.41}, {"time": 1437480000, "summary": "Humid and Partly Cloudy", "icon": "partly-cloudy-day", "precipIntensity": 0, "precipProbability": 0, "temperature": 78.22, "apparentTemperature": 79.8, "dewPoint": 73.74, "humidity": 0.86, "pressure": 1005.05, "windSpeed": 0, "windGust": 0.03, "cloudCover": 0.46, "uvIndex": 1, "visibility": 9.62}, {"time": 1437483600, "summary": "Humid and Partly Cloudy", "icon": "partly-cloudy-day", "precipIntensity": 0, "precipProbability": 0, "temperature": 81.26, "apparentTemperature": 86.78, "dewPoint": 74.03, "humidity": 0.79, "pressure": 1004.9, "windSpeed": 0.01, "windGust": 0.27, "windBearing": 0, "cloudCover": 0.45, "uvIndex": 2, "visibility": 9.41}, {"time": 1437487200, "summary": "Humid and Partly Cloudy", "icon": "partly-cloudy-day", "precipIntensity": 0, "precipProbability": 0, "temperature": 82.77, "apparentTemperature": 89.51, "dewPoint": 74.37, "humidity": 0.76, "pressure": 1004.73, "windSpeed": 0.02, "windGust": 0.3, "windBearing": 353, "cloudCover": 0.44, "uvIndex": 4, "visibility": 9.97}, {"time": 1437490800, "summary": "Humid and Partly Cloudy", "icon": "partly-cloudy-day", "precipIntensity": 0, "precipProbability": 0, "temperature": 83.87, "apparentTemperature": 91.14, "dewPoint": 74.23, "humidity": 0.73, "pressure": 1005.06, "windSpeed": 0.06, "windGust": 0.64, "windBearing": 314, "cloudCover": 0.53, "uvIndex": 6, "visibility": 9.15}, {"time": 1437494400, "summary": "Humid and Mostly Cloudy", "icon": "partly-cloudy-day", "precipIntensity": 0, "precipProbability": 0, "temperature": 83.46, "apparentTemperature": 90.71, "dewPoint": 74.48, "humidity": 0.75, "pressure": 1004.86, "windSpeed": 0.11, "windGust": 0.54, "windBearing": 300, "cloudCover": 0.79, "uvIndex": 5, "visibility": 8.57}, {"time": 1437498000, "summary": "Humid and Overcast", "icon": "cloudy", "precipIntensity": 0, "precipProbability": 0, "temperature": 83.72, "apparentTemperature": 91.25, "dewPoint": 74.65, "humidity": 0.74, "pressure": 1004.73, "windSpeed": 0.21, "windGust": 1.26, "windBearing": 293, "cloudCover": 0.97, "uvIndex": 5, "visibility": 7.92}, {"time": 1437501600, "summary": "Humid and Mostly Cloudy", "icon": "partly-cloudy-day", "precipIntensity": 0, "precipProbability": 0, "temperature": 84.84, "apparentTemperature": 92.57, "dewPoint": 74.2, "humidity": 0.71, "pressure": 1004.11, "windSpeed": 0.66, "windGust": 2.32, "windBearing": 294, "cloudCover": 0.9, "uvIndex": 5, "visibility": 8.72}, {"time": 1437505200, "summary": "Humid and Mostly Cloudy", "icon": "partly-cloudy-day", "precipIntensity": 0, "precipProbability": 0, "temperature": 86.35, "apparentTemperature": 94.47, "dewPoint": 73.93, "humidity": 0.67, "pressure": 1003.63, "windSpeed": 1.76, "windGust": 4.95, "windBearing": 293, "cloudCover": 0.6, "uvIndex": 6, "visibility": 8}, {"time": 1437508800, "summary": "Humid and Partly Cloudy", "icon": "partly-cloudy-day", "precipIntensity": 0, "precipProbability": 0, "temperature": 87.11, "apparentTemperature": 95.13, "dewPoint": 73.55, "humidity": 0.64, "pressure": 1003.44, "windSpeed": 1.71, "windGust": 5.08, "windBearing": 297, "cloudCover": 0.44, "uvIndex": 5, "visibility": 7.34}, {"time": 1437512400, "summary": "Humid and Partly Cloudy", "icon": "partly-cloudy-day", "precipIntensity": 0, "precipProbability": 0, "temperature": 87.41, "apparentTemperature": 95.46, "dewPoint": 73.48, "humidity": 0.64, "pressure": 1003.26, "windSpeed": 1.54, "windGust": 5.53, "windBearing": 288, "cloudCover": 0.43, "uvIndex": 3, "visibility": 8.38}, {"time": 1437516000, "summary": "Humid and Partly Cloudy", "icon": "partly-cloudy-day", "precipIntensity": 0, "precipProbability": 0, "temperature": 87.22, "apparentTemperature": 94.96, "dewPoint": 73.22, "humidity": 0.63, "pressure": 1003.01, "windSpeed": 1.29, "windGust": 4.03, "windBearing": 284, "cloudCover": 0.39, "uvIndex": 2, "visibility": 7.66}, {"time": 1437519600, "summary": "Humid", "icon": "clear-day", "precipIntensity": 0, "precipProbability": 0, "temperature": 86.56, "apparentTemperature": 93.49, "dewPoint": 72.56, "humidity": 0.63, "pressure": 1003.53, "windSpeed": 1.03, "windGust": 2.96, "windBearing": 286, "cloudCover": 0.19, "uvIndex": 0, "visibility": 8.47}, {"time": 1437523200, "summary": "Humid", "icon": "clear-day", "precipIntensity": 0, "precipProbability": 0, "temperature": 84.32, "apparentTemperature": 90.62, "dewPoint": 72.74, "humidity": 0.68, "pressure": 1004.08, "windSpeed": 0.61, "windGust": 1.1, "windBearing": 283, "cloudCover": 0.23, "uvIndex": 0, "visibility": 8.39}, {"time": 1437526800, "summary": "Humid", "icon": "clear-night", "precipIntensity": 0, "precipProbability": 0, "temperature": 80.9, "apparentTemperature": 85.3, "dewPoint": 72.19, "humidity": 0.75, "pressure": 1004.41, "windSpeed": 0.22, "windGust": 1.38, "windBearing": 299, "cloudCover": 0.16, "uvIndex": 0, "visibility": 8.14}, {"time": 1437530400, "summary": "Mostly Cloudy", "icon": "partly-cloudy-night", "precipIntensity": 0, "precipProbability": 0, "temperature": 78.59, "apparentTemperature": 79.66, "dewPoint": 69.95, "humidity": 0.75, "pressure": 1005.56, "windSpeed": 0.5, "windGust": 2.11, "windBearing": 351, "cloudCover": 0.6, "uvIndex": 0, "visibility": 7.64}, {"time": 1437534000, "summary": "Mostly Cloudy", "icon": "partly-cloudy-night", "precipIntensity": 0, "precipProbability": 0, "temperature": 76.45, "apparentTemperature": 77.38, "dewPoint": 68.39, "humidity": 0.76, "pressure": 1005.88, "windSpeed": 0.57, "windGust": 1.22, "windBearing": 330, "cloudCover": 0.68, "uvIndex": 0, "visibility": 8.36}]}, "daily": {"data": [{"time": 1437451200, "summary": "Humid throughout the day and mostly cloudy until evening.", "icon": "partly-cloudy-day", "sunriseTime": 1437472846, "sunsetTime": 1437525028, "moonPhase": 0.18, "precipIntensity": 0, "precipIntensityMax": 0, "precipProbability": 0, "temperatureHigh": 87.41, "temperatureHighTime": 1437512400, "temperatureLow": 66.82, "temperatureLowTime": 1437562800, "apparentTemperatureHigh": 95.46, "apparentTemperatureHighTime": 1437512400, "apparentTemperatureLow": 66.82, "apparentTemperatureLowTime": 1437562800, "dewPoint": 73.15, "humidity": 0.77, "pressure": 1004.68, "windSpeed": 0.42, "windGust": 5.53, "windGustTime": 1437512400, "windBearing": 295, "cloudCover": 0.54, "uvIndex": 6, "uvIndexTime": 1437490800, "visibility": 8.25, "temperatureMin": 76.39, "temperatureMinTime": 1437472800, "temperatureMax": 87.41, "temperatureMaxTime": 1437512400, "apparentTemperatureMin": 77.38, "apparentTemperatureMinTime": 1437534000, "apparentTemperatureMax": 95.46, "apparentTemperatureMaxTime": 1437512400}]}, "flags": {"sources": ["cmc", "gfs", "hrrr", "icon", "isd", "madis", "nam", "sref"], "nearest-station": 0.675, "units": "us"}, "offset": -4}