{"latitude": 38.912659, "longitude": -77.017669, "timezone": "America/New_York", "currently": {"time": 1423630800, "summary": "Clear", "icon": "clear-night", "precipIntensity": 0, "precipProbability": 0, "temperature": 30.48, "apparentTemperature": 27.38, "dewPoint": 23.36, "humidity": 0.75, "pressure": 1017.79, "windSpeed": 3.15, "windGust": 8.01, "windBearing": 345, "cloudCover": 0, "uvIndex": 0, "visibility": 8.32}, "hourly": {"summary": "Mostly cloudy starting in the evening.", "icon": "partly-cloudy-night", "data": [{"time": 1423630800, "summary": "Clear", "icon": "clear-night", "precipIntensity": 0, "precipProbability": 0, "temperature": 30.48, "apparentTemperature": 27.38, "dewPoint": 23.36, "humidity": 0.75, "pressure": 1017.79, "windSpeed": 3.15, "windGust": 8.01, "windBearing": 345, "cloudCover": 0, "uvIndex": 0, "visibility": 8.32}, {"time": 1423634400, "summary": "Clear", "icon": "clear-night", "precipIntensity": 0, "precipProbability": 0, "temperature": 30.02, "apparentTemperature": 26.94, "dewPoint": 23.03, "humidity": 0.75, "pressure": 1017.9, "windSpeed": 3.09, "windGust": 7.76, "windBearing": 347, "cloudCover": 0, "uvIndex": 0, "visibility": 7.67}, {"time": 1423638000, "summary": "Clear", "icon": "clear-night", "precipIntensity": 0, "precipProbability": 0, "temperature": 29.36, "apparentTemperature": 29.36, "dewPoint": 22.53, "humidity": 0.75, "pressure": 1017.8, "windSpeed": 2.15, "windGust": 6.09, "windBearing": 353, "cloudCover": 0, "uvIndex": 0, "visibility": 8.24}, {"time": 1423641600, "summary": "Clear", "icon": "clear-night", "precipIntensity": 0, "precipProbability": 0, "temperature": 28.73, "apparentTemperature": 25.62, "dewPoint": 22.18, "humidity": 0.76, "pressure": 1018.13, "windSpeed": 3.01, "windGust": 6.6, "windBearing": 349, "cloudCover": 0, "uvIndex": 0, "visibility": 7.85}, {"time": 1423645200, "summary": "Clear", "icon": "clear-night", "precipIntensity": 0, "precipProbability": 0, "temperature": 28.12, "apparentTemperature": 28.12, "dewPoint": 21.72, "humidity": 0.77, "pressure": 1017.98, "windSpeed": 2.97, "windGust": 7.22, "windBearing": 347, "cloudCover": 0, "uvIndex": 0, "visibility": 7.66}, {"time": 1423648800, "summary": "Clear", "icon": "clear-night", "precipIntensity": 0, "precipProbability": 0, "temperature": 27.67, "apparentTemperature": 27.67, "dewPoint": 21.39, "humidity": 0.77, "pressure": 1018.39, "windSpeed": 1.93, "windGust": 4.86, "windBearing": 344, "cloudCover": 0, "uvIndex": 0, "visibility": 8.56}, {"time": 1423652400, "summary": "Clear", "icon": "clear-night", "precipIntensity": 0, "precipProbability": 0, "temperature": 27.13, "apparentTemperature": 27.13, "dewPoint": 21.03, "humidity": 0.77, "pressure": 1018.54, "windSpeed": 1.63, "windGust": 4.46, "windBearing": 352, "cloudCover": 0, "uvIndex": 0, "visibility": 8.56}, {"time": 1423656000, "summary": "Clear", "icon": "clear-night", "precipIntensity": 0, "precipProbability": 0, "temperature": 26.42, "apparentTemperature": 26.42, "dewPoint": 20.56, "humidity": 0.78, "pressure": 1018.69, "windSpeed": 0.98, "windGust": 2.65, "windBearing": 346, "cloudCover": 0.06, "uvIndex": 0, "visibility": 9.45}, {"time": 1423659600, "summary": "Clear", "icon": "clear-day", "precipIntensity": 0, "precipProbability": 0, "temperature": 27.12, "apparentTemperature": 27.12, "dewPoint": 20.88, "humidity": 0.77, "pressure": 1019.17, "windSpeed": 2.24, "windGust": 5.48, "windBearing": 342, "cloudCover": 0.05, "uvIndex": 0, "visibility": 9.5}, {"time": 1423663200, "summary": "Clear", "icon": "clear-day", "precipIntensity": 0, "precipProbability": 0, "temperature": 30.05, "apparentTemperature": 26.79, "dewPoint": 21.48, "humidity": 0.7, "pressure": 1019.38, "windSpeed": 3.23, "windGust": 7.34, "windBearing": 352, "cloudCover": 0.06, "uvIndex": 1, "visibility": 9.1}, {"time": 1423666800, "summary": "Clear", "icon": "clear-day", "precipIntensity": 0, "precipProbability": 0, "temperature": 33.2, "apparentTemperature": 33.2, "dewPoint": 21.18, "humidity": 0.61, "pressure": 1019.05, "windSpeed": 2.95, "windGust": 7.17, "windBearing": 9, "cloudCover": 0.06, "uvIndex": 2, "visibility": 8.6}, {"time": 1423670400, "summary": "Clear", "icon": "clear-day", "precipIntensity": 0, "precipProbability": 0, "temperature": 35.86, "apparentTemperature": 35.86, "dewPoint": 20.93, "humidity": 0.54, "pressure": 1018.34, "windSpeed": 2.18, "windGust": 6.41, "windBearing": 11, "cloudCover": 0.01, "uvIndex": 3, "visibility": 8.74}, {"time": 1423674000, "summary": "Clear", "icon": "clear-day", "precipIntensity": 0, "precipProbability": 0, "temperature": 38.41, "apparentTemperature": 38.41, "dewPoint": 21.08, "humidity": 0.49, "pressure": 1017.56, "windSpeed": 1.45, "windGust": 6.08, "windBearing": 4, "cloudCover": 0.04, "uvIndex": 4, "visibility": 9.1}, {"time": 1423677600, "summary": "Clear", "icon": "clear-day", "precipIntensity": 0, "precipProbability": 0, "temperature": 40.69, "apparentTemperature": 40.69, "dewPoint": 21.12, "humidity": 0.45, "pressure": 1016.47, "windSpeed": 0.77, "windGust": 5.29, "windBearing": 6, "cloudCover": 0.05, "uvIndex": 4, "visibility": 8.75}, {"time": 1423681200, "summary": "Clear", "icon": "clear-day", "precipIntensity": 0, "precipProbability": 0, "temperature": 42.48, "apparentTemperature": 42.48, "dewPoint": 20.62, "humidity": 0.41, "pressure": 1015.78, "windSpeed": 0.1, "windGust": 4.92, "windBearing": 14, "cloudCover": 0.12, "uvIndex": 3, "visibility": 9.1}, {"time": 1423684800, "summary": "Clear", "icon": "clear-day", "precipIntensity": 0, "precipProbability": 0, "temperature": 43.81, "apparentTemperature": 43.81, "dewPoint": 20.67, "humidity": 0.39, "pressure": 1015.19, "windSpeed": 0.23, "windGust": 3.41, "windBearing": 129, "cloudCover": 0.14, "uvIndex": 2, "visibility": 8.33}, {"time": 1423688400, "summary": "Partly Cloudy", "icon": "partly-cloudy-day", "precipIntensity": 0, "precipProbability": 0, "temperature": 44.16, "apparentTemperature": 44.16, "dewPoint": 20.52, "humidity": 0.39, "pressure": 1014.92, "windSpeed": 0.51, "windGust": 3.26, "windBearing": 151, "cloudCover": 0.32, "uvIndex": 1, "visibility": 8.75}, {"time": 1423692000, "summary": "Clear", "icon": "clear-day", "precipIntensity": 0, "precipProbability": 0, "temperature": 42.91, "apparentTemperature": 42.91, "dewPoint": 20.47, "humidity": 0.4, "pressure": 1014.65, "windSpeed": 0.57, "windGust": 3.1, "windBearing": 152, "cloudCover": 0.22, "uvIndex": 0, "visibility": 8.42}, {"time": 1423695600, "summary": "Mostly Cloudy", "icon": "partly-cloudy-night", "precipIntensity": 0, "precipProbability": 0, "temperature": 39.9, "apparentTemperature": 39.9, "dewPoint": 20.89, "humidity": 0.46, "pressure": 1014.64, "windSpeed": 0.52, "windGust": 1.67, "windBearing": 142, "cloudCover": 0.63, "uvIndex": 0, "visibility": 8.96}, {"time": 1423699200, "summary": "Clear", "icon": "clear-night", "precipIntensity": 0, "precipProbability": 0, "temperature": 36.42, "apparentTemperature": 36.42, "dewPoint": 21.47, "humidity": 0.54, "pressure": 1014.21, "windSpeed": 0.55, "windGust": 1.68, "windBearing": 131, "cloudCover": 0.18, "uvIndex": 0, "visibility": 8.42}, {"time": 1423702800, "summary": "Mostly Cloudy", "icon": "partly-cloudy-night", "precipIntensity": 0, "precipProbability": 0, "temperature": 35.98, "apparentTemperature": 35.98, "dewPoint": 22.07, "humidity": 0.57, "pressure": 1014.36, "windSpeed": 0.6, "windGust": 2.95, "windBearing": 157, "cloudCover": 0.87, "uvIndex": 0, "visibility": 8.38}, {"time": 1423706400, "summary": "Overcast", "icon": "cloudy", "precipIntensity": 0, "precipProbability": 0, "temperature": 35.89, "apparentTemperature": 35.89, "dewPoint": 22.81, "humidity": 0.59, "pressure": 1014.52, "windSpeed": 0.15, "windGust": 1.2, "windBearing": 166, "cloudCover": 1, "uvIndex": 0, "visibility": 8.63}, {"time": 1423710000, "summary": "Mostly Cloudy", "icon": "partly-cloudy-night", "precipIntensity": 0, "precipProbability": 0, "temperature": 35.27, "apparentTemperature": 35.27, "dewPoint": 23.4, "humidity": 0.62, "pressure": 1014.2, "windSpeed": 0.56, "windGust": 2.1, "windBearing": 157, "cloudCover": 0.87, "uvIndex": 0, "visibility": 8.33}, {"time": 1423713600, "summary": "Mostly Cloudy", "icon": "partly-cloudy-night", "precipIntensity": 0, "precipProbability": 0, "temperature": 34.58, "apparentTemperature": 34.58, "dewPoint": 23.91, "humidity": 0.65, "pressure": 1013.67, "windSpeed": 0.42, "windGust": 1.76, "windBearing": 172, "cloudCover": 0.9, "uvIndex": 0, "visibility": 9.04}]}, "daily": {"data": [{"time": 1423630800, "summary": "Mostly cloudy starting in the evening.", "icon": "partly-cloudy-night", "sunriseTime": 1423656330, "sunsetTime": 1423694510, "moonPhase": 0.74, "precipIntensity": 0, "precipIntensityMax": 0, "precipProbability": 0, "temperatureHigh": 44.16, "temperatureHighTime": 1423688400, "temperatureLow": 33.1, "temperatureLowTime": 1423735200, "apparentTemperatureHigh": 44.16, "apparentTemperatureHighTime": 1423688400, "apparentTemperatureLow": 33.1, "apparentTemperatureLowTime": 1423735200, "dewPoint": 21.64, "humidity": 0.61, "pressure": 1016.72, "windSpeed": 1.16, "windGust": 8.01, "windGustTime": 1423630800, "windBearing": 356, "cloudCover": 0.23, "uvIndex": 4, "uvIndexTime": 1423674000, "visibility": 8.6, "temperatureMin": 26.42, "temperatureMinTime": 1423656000, "temperatureMax": 44.16, "temperatureMaxTime": 1423688400, "apparentTemperatureMin": 25.62, "apparentTemperatureMinTime": 1423641600, "apparentTemperatureMax": 44.16, "apparentTemperatureMaxTime": 1423688400}]}, "flags": {"sources": ["cmc", "gfs", "hrrr", "icon", "isd", "madis", "nam", "sref"], "nearest-station": 0.675, "units": "us"}, "offset": -5}