{"latitude": 38.912659, "longitude": -77.017669, "timezone": "America/New_York", "currently": {"time": 1439870400, "summary": "Clear", "icon": "clear-night", "precipIntensity": 0, "precipProbability": 0, "temperature": 76.86, "apparentTemperature": 77.69, "dewPoint": 67.67, "humidity": 0.73, "pressure": 1017.43, "windSpeed": 0.24, "windGust": 1.07, "windBearing": 179, "cloudCover": 0.17, "uvIndex": 0, "visibility": 7.97}, "hourly": {"summary": "Partly cloudy in the morning.", "icon": "partly-cloudy-day", "data": [{"time": 1439870400, "summary": "Clear", "icon": "clear-night", "precipIntensity": 0, "precipProbability": 0, "temperature": 76.86, "apparentTemperature": 77.69, "dewPoint": 67.67, "humidity": 0.73, "pressure": 1017.43, "windSpeed": 0.24, "windGust": 1.07, "windBearing": 179, "cloudCover": 0.17, "uvIndex": 0, "visibility": 7.97}, {"time": 1439874000, "summary": "Clear", "icon": "clear-night", "precipIntensity": 0, "precipProbability": 0, "temperature": 75.49, "apparentTemperature": 76.36, "dewPoint": 67.75, "humidity": 0.77, "pressure": 1017.52, "windSpeed": 0.14, "windGust": 0.73, "windBearing": 188, "cloudCover": 0.07, "uvIndex": 0, "visibility": 7.14}, {"time": 1439877600, "summary": "Clear", "icon": "clear-night", "precipIntensity": 0, "precipProbability": 0, "temperature": 74.04, "apparentTemperature": 74.89, "dewPoint": 67.37, "humidity": 0.8, "pressure": 1017.18, "windSpeed": 0.14, "windGust": 0.47, "windBearing": 182, "cloudCover": 0.07, "uvIndex": 0, "visibility": 7.71}, {"time": 1439881200, "summary": "Clear", "icon": "clear-night", "precipIntensity": 0, "precipProbability": 0, "temperature": 72.55, "apparentTemperature": 73.4, "dewPoint": 67.03, "humidity": 0.83, "pressure": 1016.8, "windSpeed": 0.05, "windGust": 0.11, "windBearing": 180, "cloudCover": 0.07, "uvIndex": 0, "visibility": 6.86}, {"time": 1439884800, "summary": "Clear", "icon": "clear-night", "precipIntensity": 0, "precipProbability": 0, "temperature": 71.39, "apparentTemperature": 72.23, "dewPoint": 66.66, "humidity": 0.85, "pressure": 1016.63, "windSpeed": 0.04, "windGust": 0.08, "windBearing": 177, "cloudCover": 0.1, "uvIndex": 0, "visibility": 8.93}, {"time": 1439888400, "summary": "Clear", "icon": "clear-night", "precipIntensity": 0, "precipProbability": 0, "temperature": 70.57, "apparentTemperature": 71.44, "dewPoint": 66.66, "humidity": 0.87, "pressure": 1016.39, "windSpeed": 0, "windGust": 0.08, "cloudCover": 0.12, "uvIndex": 0, "visibility": 7.98}, {"time": 1439892000, "summary": "Partly Cloudy", "icon": "partly-cloudy-night", "precipIntensity": 0, "precipProbability": 0, "temperature": 69.93, "apparentTemperature": 70.82, "dewPoint": 66.63, "humidity": 0.89, "pressure": 1016.5, "windSpeed": 0, "windGust": 0.05, "cloudCover": 0.29, "uvIndex": 0, "visibility": 8.04}, {"time": 1439895600, "summary": "Partly Cloudy", "icon": "partly-cloudy-day", "precipIntensity": 0, "precipProbability": 0, "temperature": 70.06, "apparentTemperature": 71, "dewPoint": 67.01, "humidity": 0.9, "pressure": 1016.54, "windSpeed": 0, "windGust": 0.06, "cloudCover": 0.32, "uvIndex": 0, "visibility": 8.04}, {"time": 1439899200, "summary": "Mostly Cloudy", "icon": "partly-cloudy-day", "precipIntensity": 0, "precipProbability": 0, "temperature": 72.77, "apparentTemperature": 73.98, "dewPoint": 69.68, "humidity": 0.9, "pressure": 1016.65, "windSpeed": 0.01, "windGust": 0.57, "windBearing": 119, "cloudCover": 0.69, "uvIndex": 1, "visibility": 5.3}, {"time": 1439902800, "summary": "Partly Cloudy", "icon": "partly-cloudy-day", "precipIntensity": 0, "precipProbability": 0, "temperature": 75.84, "apparentTemperature": 77.22, "dewPoint": 71.69, "humidity": 0.87, "pressure": 1016.55, "windSpeed": 0.12, "windGust": 1.41, "windBearing": 149, "cloudCover": 0.38, "uvIndex": 2, "visibility": 7.11}, {"time": 1439906400, "summary": "Humid", "icon": "clear-day", "precipIntensity": 0, "precipProbability": 0, "temperature": 80.06, "apparentTemperature": 84.22, "dewPoint": 72.95, "humidity": 0.79, "pressure": 1016.43, "windSpeed": 0.15, "windGust": 2.01, "windBearing": 140, "cloudCover": 0.12, "uvIndex": 4, "visibility": 7.94}, {"time": 1439910000, "summary": "Humid", "icon": "clear-day", "precipIntensity": 0, "precipProbability": 0, "temperature": 83.22, "apparentTemperature": 89.39, "dewPoint": 73.22, "humidity": 0.72, "pressure": 1016.47, "windSpeed": 0.27, "windGust": 2.44, "windBearing": 138, "cloudCover": 0.06, "uvIndex": 6, "visibility": 7.29}, {"time": 1439913600, "summary": "Humid", "icon": "clear-day", "precipIntensity": 0, "precipProbability": 0, "temperature": 85.51, "apparentTemperature": 92.3, "dewPoint": 72.81, "humidity": 0.66, "pressure": 1016.14, "windSpeed": 0.91, "windGust": 4.39, "windBearing": 138, "cloudCover": 0.2, "uvIndex": 7, "visibility": 7.82}, {"time": 1439917200, "summary": "Humid", "icon": "clear-day", "precipIntensity": 0, "precipProbability": 0, "temperature": 86.43, "apparentTemperature": 93.22, "dewPoint": 72.44, "humidity": 0.63, "pressure": 1015.83, "windSpeed": 1.14, "windGust": 5.18, "windBearing": 143, "cloudCover": 0.11, "uvIndex": 9, "visibility": 7.4}, {"time": 1439920800, "summary": "Humid and Partly Cloudy", "icon": "partly-cloudy-day", "precipIntensity": 0, "precipProbability": 0, "temperature": 85.93, "apparentTemperature": 92.71, "dewPoint": 72.62, "humidity": 0.65, "pressure": 1015.45, "windSpeed": 1.53, "windGust": 5.6, "windBearing": 170, "cloudCover": 0.45, "uvIndex": 7, "visibility": 7.85}, {"time": 1439924400, "summary": "Humid and Partly Cloudy", "icon": "partly-cloudy-day", "precipIntensity": 0, "precipProbability": 0, "temperature": 85.51, "apparentTemperature": 92.07, "dewPoint": 72.52, "humidity": 0.65, "pressure": 1014.9, "windSpeed": 1.7, "windGust": 5.62, "windBearing": 171, "cloudCover": 0.43, "uvIndex": 6, "visibility": 7.51}, {"time": 1439928000, "summary": "Humid and Mostly Cloudy", "icon": "partly-cloudy-day", "precipIntensity": 0, "precipProbability": 0, "temperature": 85.52, "apparentTemperature": 92.15, "dewPoint": 72.6, "humidity": 0.65, "pressure": 1014.17, "windSpeed": 1.67, "windGust": 5.91, "windBearing": 174, "cloudCover": 0.6, "uvIndex": 4, "visibility": 7.91}, {"time": 1439931600, "summary": "Partly Cloudy", "icon": "partly-cloudy-day", "precipIntensity": 0, "precipProbability": 0, "temperature": 85.46, "apparentTemperature": 91.16, "dewPoint": 71.45, "humidity": 0.63, "pressure": 1014.05, "windSpeed": 1.71, "windGust": 5.67, "windBearing": 187, "cloudCover": 0.49, "uvIndex": 3, "visibility": 8.27}, {"time": 1439935200, "summary": "Partly Cloudy", "icon": "partly-cloudy-day", "precipIntensity": 0, "precipProbability": 0, "temperature": 84.06, "apparentTemperature": 88.29, "dewPoint": 69.81, "humidity": 0.62, "pressure": 1013.99, "windSpeed": 1.83, "windGust": 5.84, "windBearing": 182, "cloudCover": 0.39, "uvIndex": 1, "visibility": 8.13}, {"time": 1439938800, "summary": "Partly Cloudy", "icon": "partly-cloudy-day", "precipIntensity": 0, "precipProbability": 0, "temperature": 82.15, "apparentTemperature": 85.69, "dewPoint": 69.31, "humidity": 0.65, "pressure": 1013.86, "windSpeed": 0.57, "windGust": 2.98, "windBearing": 170, "cloudCover": 0.52, "uvIndex": 0, "visibility": 8.32}, {"time": 1439942400, "summary": "Mostly Cloudy", "icon": "partly-cloudy-night", "precipIntensity": 0, "precipProbability": 0, "temperature": 80.58, "apparentTemperature": 83.72, "dewPoint": 69.36, "humidity": 0.69, "pressure": 1014.03, "windSpeed": 0.47, "windGust": 1.82, "windBearing": 175, "cloudCover": 0.69, "uvIndex": 0, "visibility": 8.15}, {"time": 1439946000, "summary": "Partly Cloudy", "icon": "partly-cloudy-night", "precipIntensity": 0, "precipProbability": 0, "temperature": 78.56, "apparentTemperature": 79.55, "dewPoint": 69.25, "humidity": 0.73, "pressure": 1014.43, "windSpeed": 0.58, "windGust": 1.61, "windBearing": 164, "cloudCover": 0.47, "uvIndex": 0, "visibility": 8.13}, {"time": 1439949600, "summary": "Partly Cloudy", "icon": "partly-cloudy-night", "precipIntensity": 0, "precipProbability": 0, "temperature": 77.37, "apparentTemperature": 78.35, "dewPoint": 69.01, "humidity": 0.76, "pressure": 1014.8, "windSpeed": 0.4, "windGust": 1.41, "windBearing": 164, "cloudCover": 0.58, "uvIndex": 0, "visibility": 7.43}, {"time": 1439953200, "summary": "Partly Cloudy", "icon": "partly-cloudy-night", "precipIntensity": 0, "precipProbability": 0, "temperature": 76.09, "apparentTemperature": 77.1, "dewPoint": 69.01, "humidity": 0.79, "pressure": 1014.9, "windSpeed": 0.23, "windGust": 0.8, "windBearing": 167, "cloudCover": 0.48, "uvIndex": 0, "visibility": 5.94}]}, "daily": {"data": [{"time": 1439870400, "summary": "Partly cloudy in the morning and humid throughout the day.", "icon": "partly-cloudy-day", "sunriseTime": 1439893545, "sunsetTime": 1439942461, "moonPhase": 0.13, "precipIntensity": 0, "precipIntensityMax": 0, "precipProbability": 0, "temperatureHigh": 86.43, "temperatureHighTime": 1439917200, "temperatureLow": 74.34, "temperatureLowTime": 1439982000, "apparentTemperatureHigh": 93.22, "apparentTemperatureHighTime": 1439917200, "apparentTemperatureLow": 75.56, "apparentTemperatureLowTime": 1439964000, "dewPoint": 69.77, "humidity": 0.75, "pressure": 1015.74, "windSpeed": 0.56, "windGust": 5.91, "windGustTime": 1439928000, "windBearing": 169, "cloudCover": 0.33, "uvIndex": 9, "uvIndexTime": 1439917200, "visibility": 7.63, "temperatureMin": 69.93, "temperatureMinTime": 1439892000, "temperatureMax": 86.43, "temperatureMaxTime": 1439917200, "apparentTemperatureMin": 70.82, "apparentTemperatureMinTime": 1439892000, "apparentTemperatureMax": 93.22, "apparentTemperatureMaxTime": 1439917200}]}, "flags": {"sources": ["cmc", "gfs", "hrrr", "icon", "isd", "madis", "nam", "sref"], "nearest-station": 0.675, "units": "us"}, "offset": -4}