{"latitude": 38.912659, "longitude": -77.017669, "timezone": "America/New_York", "currently": {"time": 1438660800, "summary": "Clear", "icon": "clear-night", "precipIntensity": 0, "precipProbability": 0, "temperature": 78.28, "apparentTemperature": 79.02, "dewPoint": 66.95, "humidity": 0.68, "pressure": 1009.91, "windSpeed": 0.61, "windGust": 1.66, "windBearing": 201, "cloudCover": 0.05, "uvIndex": 0, "visibility": 8.5}, "hourly": {"summary": "Partly cloudy starting in the afternoon.", "icon": "partly-cloudy-day", "data": [{"time": 1438660800, "summary": "Clear", "icon": "clear-night", "precipIntensity": 0, "precipProbability": 0, "temperature": 78.28, "apparentTemperature": 79.02, "dewPoint": 66.95, "humidity": 0.68, "pressure": 1009.91, "windSpeed": 0.61, "windGust": 1.66, "windBearing": 201, "cloudCover": 0.05, "uvIndex": 0, "visibility": 8.5}, {"time": 1438664400, "summary": "Clear", "icon": "clear-night", "precipIntensity": 0, "precipProbability": 0, "temperature": 77.03, "apparentTemperature": 77.76, "dewPoint": 66.79, "humidity": 0.71, "pressure": 1009.98, "windSpeed": 0.46, "windGust": 1.6, "windBearing": 221, "cloudCover": 0.04, "uvIndex": 0, "visibility": 7.68}, {"time": 1438668000, "summary": "Clear", "icon": "clear-night", "precipIntensity": 0, "precipProbability": 0, "temperature": 76.14, "apparentTemperature": 76.83, "dewPoint": 66.37, "humidity": 0.72, "pressure": 1010.36, "windSpeed": 0.44, "windGust": 1.37, "windBearing": 223, "cloudCover": 0.04, "uvIndex": 0, "visibility": 7.53}, {"time": 1438671600, "summary": "Clear", "icon": "clear-night", "precipIntensity": 0, "precipProbability": 0, "temperature": 74.85, "apparentTemperature": 75.53, "dewPoint": 66.13, "humidity": 0.74, "pressure": 1010.37, "windSpeed": 0.29, "windGust": 0.88, "windBearing": 197, "cloudCover": 0.04, "uvIndex": 0, "visibility": 8}, {"time": 1438675200, "summary": "Clear", "icon": "clear-night", "precipIntensity": 0, "precipProbability": 0, "temperature": 74.08, "apparentTemperature": 74.8, "dewPoint": 66.36, "humidity": 0.77, "pressure": 1010.75, "windSpeed": 0.39, "windGust": 1.17, "windBearing": 223, "cloudCover": 0.22, "uvIndex": 0, "visibility": 6.87}, {"time": 1438678800, "summary": "Partly Cloudy", "icon": "partly-cloudy-night", "precipIntensity": 0, "precipProbability": 0, "temperature": 74, "apparentTemperature": 74.68, "dewPoint": 66, "humidity": 0.76, "pressure": 1011.72, "windSpeed": 0.82, "windGust": 5.77, "windBearing": 306, "cloudCover": 0.57, "uvIndex": 0, "visibility": 7.85}, {"time": 1438682400, "summary": "Partly Cloudy", "icon": "partly-cloudy-night", "precipIntensity": 0.0049, "precipProbability": 0.11, "precipType": "rain", "temperature": 72.19, "apparentTemperature": 72.58, "dewPoint": 63.37, "humidity": 0.74, "pressure": 1012.21, "windSpeed": 0.47, "windGust": 1.75, "windBearing": 356, "cloudCover": 0.48, "uvIndex": 0, "visibility": 8.41}, {"time": 1438686000, "summary": "Partly Cloudy", "icon": "partly-cloudy-day", "precipIntensity": 0, "precipProbability": 0, "temperature": 70.36, "apparentTemperature": 70.82, "dewPoint": 63.64, "humidity": 0.79, "pressure": 1012.76, "windSpeed": 0.02, "windGust": 0.39, "windBearing": 255, "cloudCover": 0.26, "uvIndex": 0, "visibility": 9.79}, {"time": 1438689600, "summary": "Clear", "icon": "clear-day", "precipIntensity": 0, "precipProbability": 0, "temperature": 72.16, "apparentTemperature": 72.76, "dewPoint": 65.06, "humidity": 0.78, "pressure": 1012.9, "windSpeed": 0.17, "windGust": 0.82, "windBearing": 209, "cloudCover": 0.11, "uvIndex": 1, "visibility": 10}, {"time": 1438693200, "summary": "Clear", "icon": "clear-day", "precipIntensity": 0, "precipProbability": 0, "temperature": 76.34, "apparentTemperature": 77.03, "dewPoint": 66.38, "humidity": 0.71, "pressure": 1013.32, "windSpeed": 0.4, "windGust": 2.17, "windBearing": 216, "cloudCover": 0.01, "uvIndex": 2, "visibility": 8.33}, {"time": 1438696800, "summary": "Clear", "icon": "clear-day", "precipIntensity": 0, "precipProbability": 0, "temperature": 80.68, "apparentTemperature": 83.29, "dewPoint": 67.66, "humidity": 0.65, "pressure": 1013.41, "windSpeed": 1.17, "windGust": 4.19, "windBearing": 253, "cloudCover": 0.01, "uvIndex": 5, "visibility": 10}, {"time": 1438700400, "summary": "Clear", "icon": "clear-day", "precipIntensity": 0, "precipProbability": 0, "temperature": 83.94, "apparentTemperature": 87.48, "dewPoint": 68.64, "humidity": 0.6, "pressure": 1013.45, "windSpeed": 0.89, "windGust": 5.41, "windBearing": 259, "cloudCover": 0, "uvIndex": 7, "visibility": 8.34}, {"time": 1438704000, "summary": "Clear", "icon": "clear-day", "precipIntensity": 0, "precipProbability": 0, "temperature": 86.85, "apparentTemperature": 90.86, "dewPoint": 68.68, "humidity": 0.55, "pressure": 1013.17, "windSpeed": 1.29, "windGust": 6.11, "windBearing": 272, "cloudCover": 0.03, "uvIndex": 9, "visibility": 7.65}, {"time": 1438707600, "summary": "Clear", "icon": "clear-day", "precipIntensity": 0, "precipProbability": 0, "temperature": 88.68, "apparentTemperature": 92.58, "dewPoint": 68.15, "humidity": 0.51, "pressure": 1012.87, "windSpeed": 1.84, "windGust": 7.44, "windBearing": 269, "cloudCover": 0.08, "uvIndex": 9, "visibility": 7.19}, {"time": 1438711200, "summary": "Partly Cloudy", "icon": "partly-cloudy-day", "precipIntensity": 0, "precipProbability": 0, "temperature": 89.9, "apparentTemperature": 93.12, "dewPoint": 66.92, "humidity": 0.47, "pressure": 1012.71, "windSpeed": 1.62, "windGust": 6.85, "windBearing": 262, "cloudCover": 0.33, "uvIndex": 8, "visibility": 7.89}, {"time": 1438714800, "summary": "Partly Cloudy", "icon": "partly-cloudy-day", "precipIntensity": 0, "precipProbability": 0, "temperature": 90.9, "apparentTemperature": 94.14, "dewPoint": 66.75, "humidity": 0.45, "pressure": 1012.08, "windSpeed": 1.58, "windGust": 6.91, "windBearing": 255, "cloudCover": 0.28, "uvIndex": 7, "visibility": 7.67}, {"time": 1438718400, "summary": "Partly Cloudy", "icon": "partly-cloudy-day", "precipIntensity": 0, "precipProbability": 0, "temperature": 91.19, "apparentTemperature": 94.67, "dewPoint": 67.04, "humidity": 0.45, "pressure": 1011.65, "windSpeed": 0.98, "windGust": 5.84, "windBearing": 234, "cloudCover": 0.31, "uvIndex": 5, "visibility": 7.49}, {"time": 1438722000, "summary": "Partly Cloudy", "icon": "partly-cloudy-day", "precipIntensity": 0, "precipProbability": 0, "temperature": 90.65, "apparentTemperature": 94.88, "dewPoint": 68.18, "humidity": 0.48, "pressure": 1011.41, "windSpeed": 0.53, "windGust": 4.11, "windBearing": 227, "cloudCover": 0.59, "uvIndex": 3, "visibility": 7.97}, {"time": 1438725600, "summary": "Partly Cloudy", "icon": "partly-cloudy-day", "precipIntensity": 0, "precipProbability": 0, "temperature": 88.7, "apparentTemperature": 92.97, "dewPoint": 68.67, "humidity": 0.52, "pressure": 1010.84, "windSpeed": 0.3, "windGust": 3.35, "windBearing": 232, "cloudCover": 0.47, "uvIndex": 1, "visibility": 8.13}, {"time": 1438729200, "summary": "Mostly Cloudy", "icon": "partly-cloudy-day", "precipIntensity": 0.0088, "precipProbability": 0.3, "precipType": "rain", "temperature": 80.45, "apparentTemperature": 83.89, "dewPoint": 70.33, "humidity": 0.71, "pressure": 1011.34, "windSpeed": 0.27, "windGust": 2.43, "windBearing": 311, "cloudCover": 0.75, "uvIndex": 0, "visibility": 8.47}, {"time": 1438732800, "summary": "Mostly Cloudy", "icon": "partly-cloudy-day", "precipIntensity": 0.0133, "precipProbability": 0.35, "precipType": "rain", "temperature": 78.46, "apparentTemperature": 79.59, "dewPoint": 70.38, "humidity": 0.76, "pressure": 1011.91, "windSpeed": 0.37, "windGust": 1.32, "windBearing": 358, "cloudCover": 0.6, "uvIndex": 0, "visibility": 8.22}, {"time": 1438736400, "summary": "Partly Cloudy", "icon": "partly-cloudy-night", "precipIntensity": 0.0027, "precipProbability": 0.24, "precipType": "rain", "temperature": 76.36, "apparentTemperature": 77.52, "dewPoint": 70.21, "humidity": 0.81, "pressure": 1012.08, "windSpeed": 0.09, "windGust": 0.87, "windBearing": 344, "cloudCover": 0.57, "uvIndex": 0, "visibility": 7.06}, {"time": 1438740000, "summary": "Mostly Cloudy", "icon": "partly-cloudy-night", "precipIntensity": 0.0005, "precipProbability": 0.13, "precipType": "rain", "temperature": 75.28, "apparentTemperature": 76.45, "dewPoint": 70.05, "humidity": 0.84, "pressure": 1012.44, "windSpeed": 0.13, "windGust": 0.8, "windBearing": 313, "cloudCover": 0.69, "uvIndex": 0, "visibility": 5.95}, {"time": 1438743600, "summary": "Partly Cloudy", "icon": "partly-cloudy-night", "precipIntensity": 0.0012, "precipProbability": 0.11, "precipType": "rain", "temperature": 74.18, "apparentTemperature": 75.38, "dewPoint": 70.01, "humidity": 0.87, "pressure": 1012.82, "windSpeed": 0.03, "windGust": 0.63, "windBearing": 326, "cloudCover": 0.49, "uvIndex": 0, "visibility": 6.42}]}, "daily": {"data": [{"time": 1438660800, "summary": "Partly cloudy starting in the afternoon.", "icon": "partly-cloudy-day", "sunriseTime": 1438683175, "sunsetTime": 1438733879, "moonPhase": 0.66, "precipIntensity": 0.0013, "precipIntensityMax": 0.0133, "precipIntensityMaxTime": 1438732800, "precipProbability": 0.35, "precipType": "rain", "temperatureHigh": 91.19, "temperatureHighTime": 1438718400, "temperatureLow": 69.11, "temperatureLowTime": 1438772400, "apparentTemperatureHigh": 94.88, "apparentTemperatureHighTime": 1438722000, "apparentTemperatureLow": 70.02, "apparentTemperatureLowTime": 1438772400, "dewPoint": 67.45, "humidity": 0.67, "pressure": 1011.94, "windSpeed": 0.52, "windGust": 7.44, "windGustTime": 1438707600, "windBearing": 257, "cloudCover": 0.29, "uvIndex": 9, "uvIndexTime": 1438704000, "visibility": 7.98, "temperatureMin": 70.36, "temperatureMinTime": 1438686000, "temperatureMax": 91.19, "temperatureMaxTime": 1438718400, "apparentTemperatureMin": 70.82, "apparentTemperatureMinTime": 1438686000, "apparentTemperatureMax": 94.88, "apparentTemperatureMaxTime": 1438722000}]}, "flags": {"sources": ["cmc", "gfs", "hrrr", "icon", "isd", "madis", "nam", "sref"], "nearest-station": 0.675, "units": "us"}, "offset": -4}