{"latitude": 38.912659, "longitude": -77.017669, "timezone": "America/New_York", "currently": {"time": 1430452800, "summary": "Mostly Cloudy", "icon": "partly-cloudy-night", "precipIntensity": 0, "precipProbability": 0, "temperature": 55.77, "apparentTemperature": 55.77, "dewPoint": 50.66, "humidity": 0.83, "pressure": 1009.63, "windSpeed": 1.16, "windGust": 2.82, "windBearing": 64, "cloudCover": 0.8, "uvIndex": 0, "visibility": 8.86}, "hourly": {"summary": "Mostly cloudy throughout the day.", "icon": "partly-cloudy-day", "data": [{"time": 1430452800, "summary": "Mostly Cloudy", "icon": "partly-cloudy-night", "precipIntensity": 0, "precipProbability": 0, "temperature": 55.77, "apparentTemperature": 55.77, "dewPoint": 50.66, "humidity": 0.83, "pressure": 1009.63, "windSpeed": 1.16, "windGust": 2.82, "windBearing": 64, "cloudCover": 0.8, "uvIndex": 0, "visibility": 8.86}, {"time": 1430456400, "summary": "Mostly Cloudy", "icon": "partly-cloudy-night", "precipIntensity": 0, "precipProbability": 0, "temperature": 55.49, "apparentTemperature": 55.49, "dewPoint": 50.04, "humidity": 0.82, "pressure": 1009.96, "windSpeed": 1.59, "windGust": 3.91, "windBearing": 54, "cloudCover": 0.79, "uvIndex": 0, "visibility": 8.32}, {"time": 1430460000, "summary": "Overcast", "icon": "cloudy", "precipIntensity": 0, "precipProbability": 0, "temperature": 54.86, "apparentTemperature": 54.86, "dewPoint": 49.34, "humidity": 0.82, "pressure": 1010, "windSpeed": 1.71, "windGust": 4.21, "windBearing": 50, "cloudCover": 0.94, "uvIndex": 0, "visibility": 7.94}, {"time": 1430463600, "summary": "Overcast", "icon": "cloudy", "precipIntensity": 0, "precipProbability": 0, "temperature": 54.09, "apparentTemperature": 54.09, "dewPoint": 48.73, "humidity": 0.82, "pressure": 1010, "windSpeed": 1.51, "windGust": 4.21, "windBearing": 49, "cloudCover": 1, "uvIndex": 0, "visibility": 8.46}, {"time": 1430467200, "summary": "Mostly Cloudy", "icon": "partly-cloudy-night", "precipIntensity": 0.0009, "precipProbability": 0.16, "precipType": "rain", "temperature": 53.32, "apparentTemperature": 53.32, "dewPoint": 48.86, "humidity": 0.85, "pressure": 1010.31, "windSpeed": 1.39, "windGust": 4.17, "windBearing": 54, "cloudCover": 0.92, "uvIndex": 0, "visibility": 8.09}, {"time": 1430470800, "summary": "Overcast", "icon": "cloudy", "precipIntensity": 0.005, "precipProbability": 0.4, "precipType": "rain", "temperature": 52.99, "apparentTemperature": 52.99, "dewPoint": 48.91, "humidity": 0.86, "pressure": 1010.46, "windSpeed": 1.7, "windGust": 4.05, "windBearing": 45, "cloudCover": 1, "uvIndex": 0, "visibility": 7.8}, {"time": 1430474400, "summary": "Overcast", "icon": "cloudy", "precipIntensity": 0.0023, "precipProbability": 0.29, "precipType": "rain", "temperature": 52.76, "apparentTemperature": 52.76, "dewPoint": 48.87, "humidity": 0.87, "pressure": 1011.01, "windSpeed": 1.39, "windGust": 4.08, "windBearing": 39, "cloudCover": 1, "uvIndex": 0, "visibility": 7.25}, {"time": 1430478000, "summary": "Overcast", "icon": "cloudy", "precipIntensity": 0, "precipProbability": 0, "temperature": 52.62, "apparentTemperature": 52.62, "dewPoint": 48.36, "humidity": 0.85, "pressure": 1011.85, "windSpeed": 1.35, "windGust": 4.25, "windBearing": 38, "cloudCover": 1, "uvIndex": 0, "visibility": 7.51}, {"time": 1430481600, "summary": "Overcast", "icon": "cloudy", "precipIntensity": 0, "precipProbability": 0, "temperature": 52.98, "apparentTemperature": 52.98, "dewPoint": 47.81, "humidity": 0.83, "pressure": 1012.53, "windSpeed": 1.46, "windGust": 3.68, "windBearing": 46, "cloudCover": 0.99, "uvIndex": 1, "visibility": 7.96}, {"time": 1430485200, "summary": "Overcast", "icon": "cloudy", "precipIntensity": 0, "precipProbability": 0, "temperature": 54.1, "apparentTemperature": 54.1, "dewPoint": 46.75, "humidity": 0.76, "pressure": 1013.36, "windSpeed": 2.14, "windGust": 5.32, "windBearing": 55, "cloudCover": 0.96, "uvIndex": 2, "visibility": 8.03}, {"time": 1430488800, "summary": "Mostly Cloudy", "icon": "partly-cloudy-day", "precipIntensity": 0, "precipProbability": 0, "temperature": 55.28, "apparentTemperature": 55.28, "dewPoint": 46.14, "humidity": 0.71, "pressure": 1014.2, "windSpeed": 2.62, "windGust": 7.19, "windBearing": 64, "cloudCover": 0.93, "uvIndex": 3, "visibility": 8.38}, {"time": 1430492400, "summary": "Overcast", "icon": "cloudy", "precipIntensity": 0, "precipProbability": 0, "temperature": 56.15, "apparentTemperature": 56.15, "dewPoint": 45.53, "humidity": 0.67, "pressure": 1014.59, "windSpeed": 2.03, "windGust": 6.23, "windBearing": 78, "cloudCover": 1, "uvIndex": 4, "visibility": 8.49}, {"time": 1430496000, "summary": "Overcast", "icon": "cloudy", "precipIntensity": 0, "precipProbability": 0, "temperature": 57.66, "apparentTemperature": 57.66, "dewPoint": 45.42, "humidity": 0.64, "pressure": 1014.54, "windSpeed": 2.26, "windGust": 6.5, "windBearing": 65, "cloudCover": 1, "uvIndex": 4, "visibility": 8.87}, {"time": 1430499600, "summary": "Mostly Cloudy", "icon": "partly-cloudy-day", "precipIntensity": 0, "precipProbability": 0, "temperature": 58.85, "apparentTemperature": 58.85, "dewPoint": 45.31, "humidity": 0.61, "pressure": 1014.59, "windSpeed": 1.29, "windGust": 5.33, "windBearing": 64, "cloudCover": 0.92, "uvIndex": 5, "visibility": 8.87}, {"time": 1430503200, "summary": "Mostly Cloudy", "icon": "partly-cloudy-day", "precipIntensity": 0, "precipProbability": 0, "temperature": 59.65, "apparentTemperature": 59.65, "dewPoint": 45.11, "humidity": 0.59, "pressure": 1014.52, "windSpeed": 0.99, "windGust": 4.26, "windBearing": 64, "cloudCover": 0.92, "uvIndex": 5, "visibility": 8.59}, {"time": 1430506800, "summary": "Overcast", "icon": "cloudy", "precipIntensity": 0, "precipProbability": 0, "temperature": 60.34, "apparentTemperature": 60.34, "dewPoint": 45.18, "humidity": 0.57, "pressure": 1014.18, "windSpeed": 0.9, "windGust": 3.92, "windBearing": 40, "cloudCover": 0.96, "uvIndex": 4, "visibility": 7.93}, {"time": 1430510400, "summary": "Overcast", "icon": "cloudy", "precipIntensity": 0, "precipProbability": 0, "temperature": 60.95, "apparentTemperature": 60.95, "dewPoint": 45.47, "humidity": 0.57, "pressure": 1013.74, "windSpeed": 0.75, "windGust": 4.03, "windBearing": 55, "cloudCover": 0.94, "uvIndex": 3, "visibility": 8.41}, {"time": 1430514000, "summary": "Mostly Cloudy", "icon": "partly-cloudy-day", "precipIntensity": 0, "precipProbability": 0, "temperature": 61.08, "apparentTemperature": 61.08, "dewPoint": 45.79, "humidity": 0.57, "pressure": 1013.33, "windSpeed": 0.67, "windGust": 3.32, "windBearing": 77, "cloudCover": 0.85, "uvIndex": 2, "visibility": 8.11}, {"time": 1430517600, "summary": "Mostly Cloudy", "icon": "partly-cloudy-day", "precipIntensity": 0, "precipProbability": 0, "temperature": 60.82, "apparentTemperature": 60.82, "dewPoint": 45.84, "humidity": 0.58, "pressure": 1013.32, "windSpeed": 0.6, "windGust": 2.96, "windBearing": 81, "cloudCover": 0.9, "uvIndex": 1, "visibility": 8.61}, {"time": 1430521200, "summary": "Mostly Cloudy", "icon": "partly-cloudy-day", "precipIntensity": 0, "precipProbability": 0, "temperature": 59.84, "apparentTemperature": 59.84, "dewPoint": 45.84, "humidity": 0.6, "pressure": 1013.37, "windSpeed": 0.41, "windGust": 2.11, "windBearing": 94, "cloudCover": 0.92, "uvIndex": 0, "visibility": 8.9}, {"time": 1430524800, "summary": "Mostly Cloudy", "icon": "partly-cloudy-night", "precipIntensity": 0, "precipProbability": 0, "temperature": 58.24, "apparentTemperature": 58.24, "dewPoint": 45.9, "humidity": 0.63, "pressure": 1013.75, "windSpeed": 0.15, "windGust": 0.65, "windBearing": 91, "cloudCover": 0.84, "uvIndex": 0, "visibility": 9.4}, {"time": 1430528400, "summary": "Mostly Cloudy", "icon": "partly-cloudy-night", "precipIntensity": 0, "precipProbability": 0, "temperature": 56.28, "apparentTemperature": 56.28, "dewPoint": 45.96, "humidity": 0.68, "pressure": 1014.14, "windSpeed": 0.09, "windGust": 0.4, "windBearing": 114, "cloudCover": 0.89, "uvIndex": 0, "visibility": 7.83}, {"time": 1430532000, "summary": "Mostly Cloudy", "icon": "partly-cloudy-night", "precipIntensity": 0, "precipProbability": 0, "temperature": 54.8, "apparentTemperature": 54.8, "dewPoint": 46.01, "humidity": 0.72, "pressure": 1014.73, "windSpeed": 0.03, "windGust": 0.11, "windBearing": 150, "cloudCover": 0.91, "uvIndex": 0, "visibility": 6.98}, {"time": 1430535600, "summary": "Mostly Cloudy", "icon": "partly-cloudy-night", "precipIntensity": 0, "precipProbability": 0, "temperature": 53.57, "apparentTemperature": 53.57, "dewPoint": 46.13, "humidity": 0.76, "pressure": 1014.8, "windSpeed": 0.04, "windGust": 0.09, "windBearing": 180, "cloudCover": 0.76, "uvIndex": 0, "visibility": 7.21}]}, "daily": {"data": [{"time": 1430452800, "summary": "Mostly cloudy throughout the day.", "icon": "partly-cloudy-day", "sunriseTime": 1430475086, "sunsetTime": 1430524878, "moonPhase": 0.42, "precipIntensity": 0.0003, "precipIntensityMax": 0.005, "precipIntensityMaxTime": 1430470800, "precipProbability": 0.4, "precipType": "rain", "temperatureHigh": 61.08, "temperatureHighTime": 1430514000, "temperatureLow": 49.05, "temperatureLowTime": 1430560800, "apparentTemperatureHigh": 61.08, "apparentTemperatureHighTime": 1430514000, "apparentTemperatureLow": 49.05, "apparentTemperatureLowTime": 1430560800, "dewPoint": 47, "humidity": 0.72, "pressure": 1012.79, "windSpeed": 1.14, "windGust": 7.19, "windGustTime": 1430488800, "windBearing": 58, "cloudCover": 0.92, "uvIndex": 5, "uvIndexTime": 1430499600, "visibility": 8.2, "temperatureMin": 52.62, "temperatureMinTime": 1430478000, "temperatureMax": 61.08, "temperatureMaxTime": 1430514000, "apparentTemperatureMin": 52.62, "apparentTemperatureMinTime": 1430478000, "apparentTemperatureMax": 61.08, "apparentTemperatureMaxTime": 1430514000}]}, "flags": {"sources": ["cmc", "gfs", "hrrr", "icon", "isd", "madis", "nam", "sref"], "nearest-station": 0.675, "units": "us"}, "offset": -4}