{"latitude": 38.912659, "longitude": -77.017669, "timezone": "America/New_York", "currently": {"time": 1436414400, "summary": "Humid and Mostly Cloudy", "icon": "partly-cloudy-night", "precipIntensity": 0, "precipProbability": 0, "temperature": 74.88, "apparentTemperature": 76.35, "dewPoint": 72.07, "humidity": 0.91, "pressure": 1015.47, "windSpeed": 0.24, "windGust": 0.69, "windBearing": 269, "cloudCover": 0.6, "uvIndex": 0, "visibility": 8.28}, "hourly": {"summary": "Partly cloudy until night.", "icon": "partly-cloudy-day", "data": [{"time": 1436414400, "summary": "Humid and Mostly Cloudy", "icon": "partly-cloudy-night", "precipIntensity": 0, "precipProbability": 0, "temperature": 74.88, "apparentTemperature": 76.35, "dewPoint": 72.07, "humidity": 0.91, "pressure": 1015.47, "windSpeed": 0.24, "windGust": 0.69, "windBearing": 269, "cloudCover": 0.6, "uvIndex": 0, "visibility": 8.28}, {"time": 1436418000, "summary": "Partly Cloudy", "icon": "partly-cloudy-night", "precipIntensity": 0, "precipProbability": 0, "temperature": 74.53, "apparentTemperature": 75.98, "dewPoint": 71.91, "humidity": 0.92, "pressure": 1015.08, "windSpeed": 0.22, "windGust": 0.93, "windBearing": 269, "cloudCover": 0.39, "uvIndex": 0, "visibility": 7.58}, {"time": 1436421600, "summary": "Partly Cloudy", "icon": "partly-cloudy-night", "precipIntensity": 0, "precipProbability": 0, "temperature": 74.41, "apparentTemperature": 75.87, "dewPoint": 71.85, "humidity": 0.92, "pressure": 1014.61, "windSpeed": 0.38, "windGust": 1.11, "windBearing": 286, "cloudCover": 0.44, "uvIndex": 0, "visibility": 7.75}, {"time": 1436425200, "summary": "Mostly Cloudy", "icon": "partly-cloudy-night", "precipIntensity": 0, "precipProbability": 0, "temperature": 74.24, "apparentTemperature": 75.67, "dewPoint": 71.6, "humidity": 0.92, "pressure": 1014.95, "windSpeed": 0.36, "windGust": 0.89, "windBearing": 282, "cloudCover": 0.6, "uvIndex": 0, "visibility": 7.94}, {"time": 1436428800, "summary": "Mostly Cloudy", "icon": "partly-cloudy-night", "precipIntensity": 0, "precipProbability": 0, "temperature": 74.21, "apparentTemperature": 75.63, "dewPoint": 71.54, "humidity": 0.91, "pressure": 1015.24, "windSpeed": 0.46, "windGust": 1.24, "windBearing": 284, "cloudCover": 0.85, "uvIndex": 0, "visibility": 7.15}, {"time": 1436432400, "summary": "Mostly Cloudy", "icon": "partly-cloudy-night", "precipIntensity": 0, "precipProbability": 0, "temperature": 74.2, "apparentTemperature": 75.59, "dewPoint": 71.31, "humidity": 0.91, "pressure": 1015.74, "windSpeed": 0.52, "windGust": 1.06, "windBearing": 282, "cloudCover": 0.79, "uvIndex": 0, "visibility": 7.54}, {"time": 1436436000, "summary": "Mostly Cloudy", "icon": "partly-cloudy-day", "precipIntensity": 0, "precipProbability": 0, "temperature": 74.22, "apparentTemperature": 75.57, "dewPoint": 71.09, "humidity": 0.9, "pressure": 1016.03, "windSpeed": 0.3, "windGust": 0.66, "windBearing": 290, "cloudCover": 0.76, "uvIndex": 0, "visibility": 7.16}, {"time": 1436439600, "summary": "Partly Cloudy", "icon": "partly-cloudy-day", "precipIntensity": 0, "precipProbability": 0, "temperature": 74.43, "apparentTemperature": 75.8, "dewPoint": 71.24, "humidity": 0.9, "pressure": 1016.03, "windSpeed": 0.21, "windGust": 0.84, "windBearing": 287, "cloudCover": 0.29, "uvIndex": 0, "visibility": 8.84}, {"time": 1436443200, "summary": "Humid", "icon": "clear-day", "precipIntensity": 0, "precipProbability": 0, "temperature": 75.89, "apparentTemperature": 77.31, "dewPoint": 72.01, "humidity": 0.88, "pressure": 1016.3, "windSpeed": 0.54, "windGust": 1.59, "windBearing": 284, "cloudCover": 0.08, "uvIndex": 1, "visibility": 7.95}, {"time": 1436446800, "summary": "Humid and Mostly Cloudy", "icon": "partly-cloudy-day", "precipIntensity": 0, "precipProbability": 0, "temperature": 78.16, "apparentTemperature": 79.56, "dewPoint": 72.43, "humidity": 0.83, "pressure": 1016.66, "windSpeed": 0.78, "windGust": 2.45, "windBearing": 298, "cloudCover": 0.69, "uvIndex": 2, "visibility": 8.02}, {"time": 1436450400, "summary": "Humid", "icon": "clear-day", "precipIntensity": 0, "precipProbability": 0, "temperature": 80.28, "apparentTemperature": 84.5, "dewPoint": 72.7, "humidity": 0.78, "pressure": 1016.37, "windSpeed": 0.73, "windGust": 2.98, "windBearing": 282, "cloudCover": 0.08, "uvIndex": 5, "visibility": 8.43}, {"time": 1436454000, "summary": "Humid", "icon": "clear-day", "precipIntensity": 0, "precipProbability": 0, "temperature": 82.55, "apparentTemperature": 87.93, "dewPoint": 72.5, "humidity": 0.72, "pressure": 1016.21, "windSpeed": 0.52, "windGust": 3.38, "windBearing": 254, "cloudCover": 0.24, "uvIndex": 7, "visibility": 8.01}, {"time": 1436457600, "summary": "Humid and Partly Cloudy", "icon": "partly-cloudy-day", "precipIntensity": 0, "precipProbability": 0, "temperature": 84.93, "apparentTemperature": 91.51, "dewPoint": 72.8, "humidity": 0.67, "pressure": 1016.07, "windSpeed": 0.87, "windGust": 5.26, "windBearing": 213, "cloudCover": 0.36, "uvIndex": 8, "visibility": 7.57}, {"time": 1436461200, "summary": "Humid and Mostly Cloudy", "icon": "partly-cloudy-day", "precipIntensity": 0, "precipProbability": 0, "temperature": 87.12, "apparentTemperature": 95.11, "dewPoint": 73.52, "humidity": 0.64, "pressure": 1015.37, "windSpeed": 1.55, "windGust": 6.25, "windBearing": 201, "cloudCover": 0.67, "uvIndex": 6, "visibility": 7.57}, {"time": 1436464800, "summary": "Humid and Mostly Cloudy", "icon": "partly-cloudy-day", "precipIntensity": 0, "precipProbability": 0, "temperature": 87.8, "apparentTemperature": 96.53, "dewPoint": 74.01, "humidity": 0.64, "pressure": 1014.09, "windSpeed": 1.63, "windGust": 5.88, "windBearing": 200, "cloudCover": 0.68, "uvIndex": 6, "visibility": 8.55}, {"time": 1436468400, "summary": "Humid and Mostly Cloudy", "icon": "partly-cloudy-day", "precipIntensity": 0, "precipProbability": 0, "temperature": 87.57, "apparentTemperature": 96.71, "dewPoint": 74.49, "humidity": 0.65, "pressure": 1013.24, "windSpeed": 1.36, "windGust": 4.58, "windBearing": 189, "cloudCover": 0.65, "uvIndex": 6, "visibility": 8.2}, {"time": 1436472000, "summary": "Humid and Partly Cloudy", "icon": "partly-cloudy-day", "precipIntensity": 0, "precipProbability": 0, "temperature": 87.62, "apparentTemperature": 97.54, "dewPoint": 75.19, "humidity": 0.67, "pressure": 1012.51, "windSpeed": 1.66, "windGust": 4.51, "windBearing": 192, "cloudCover": 0.25, "uvIndex": 6, "visibility": 8.12}, {"time": 1436475600, "summary": "Humid", "icon": "clear-day", "precipIntensity": 0, "precipProbability": 0, "temperature": 87.18, "apparentTemperature": 97.3, "dewPoint": 75.53, "humidity": 0.69, "pressure": 1011.81, "windSpeed": 1.57, "windGust": 3.85, "windBearing": 189, "cloudCover": 0.14, "uvIndex": 4, "visibility": 8.42}, {"time": 1436479200, "summary": "Humid and Mostly Cloudy", "icon": "partly-cloudy-day", "precipIntensity": 0, "precipProbability": 0, "temperature": 85.98, "apparentTemperature": 95.5, "dewPoint": 75.49, "humidity": 0.71, "pressure": 1011.26, "windSpeed": 1.68, "windGust": 5.23, "windBearing": 199, "cloudCover": 0.62, "uvIndex": 2, "visibility": 8.97}, {"time": 1436482800, "summary": "Humid and Mostly Cloudy", "icon": "partly-cloudy-day", "precipIntensity": 0.0007, "precipProbability": 0.18, "precipType": "rain", "temperature": 83.86, "apparentTemperature": 91.16, "dewPoint": 74.27, "humidity": 0.73, "pressure": 1011.23, "windSpeed": 1.54, "windGust": 5.34, "windBearing": 242, "cloudCover": 0.77, "uvIndex": 1, "visibility": 6.86}, {"time": 1436486400, "summary": "Humid and Mostly Cloudy", "icon": "partly-cloudy-day", "precipIntensity": 0.0106, "precipProbability": 0.43, "precipType": "rain", "temperature": 81.29, "apparentTemperature": 86.83, "dewPoint": 74.02, "humidity": 0.79, "pressure": 1011.3, "windSpeed": 0.65, "windGust": 2.67, "windBearing": 264, "cloudCover": 0.79, "uvIndex": 0, "visibility": 8.53}, {"time": 1436490000, "summary": "Humid and Partly Cloudy", "icon": "partly-cloudy-night", "precipIntensity": 0.0003, "precipProbability": 0.07, "precipType": "rain", "temperature": 80.08, "apparentTemperature": 84.4, "dewPoint": 73.34, "humidity": 0.8, "pressure": 1011.41, "windSpeed": 0.39, "windGust": 1.05, "windBearing": 262, "cloudCover": 0.44, "uvIndex": 0, "visibility": 7.96}, {"time": 1436493600, "summary": "Humid and Partly Cloudy", "icon": "partly-cloudy-night", "precipIntensity": 0, "precipProbability": 0, "temperature": 79.74, "apparentTemperature": 83.38, "dewPoint": 72.04, "humidity": 0.77, "pressure": 1011.81, "windSpeed": 0.75, "windGust": 1.79, "windBearing": 249, "cloudCover": 0.47, "uvIndex": 0, "visibility": 7.8}, {"time": 1436497200, "summary": "Mostly Cloudy", "icon": "partly-cloudy-night", "precipIntensity": 0, "precipProbability": 0, "temperature": 79.44, "apparentTemperature": 82.58, "dewPoint": 70.9, "humidity": 0.75, "pressure": 1012.31, "windSpeed": 0.79, "windGust": 2.22, "windBearing": 248, "cloudCover": 0.62, "uvIndex": 0, "visibility": 9.27}]}, "daily": {"data": [{"time": 1436414400, "summary": "Humid throughout the day and mostly cloudy starting in the evening.", "icon": "partly-cloudy-night", "sunriseTime": 1436435520, "sunsetTime": 1436488610, "moonPhase": 0.78, "precipIntensity": 0.0005, "precipIntensityMax": 0.0106, "precipIntensityMaxTime": 1436486400, "precipProbability": 0.43, "precipType": "rain", "temperatureHigh": 87.8, "temperatureHighTime": 1436464800, "temperatureLow": 72.68, "temperatureLowTime": 1436526000, "apparentTemperatureHigh": 97.54, "apparentTemperatureHighTime": 1436472000, "apparentTemperatureLow": 73.13, "apparentTemperatureLowTime": 1436526000, "dewPoint": 72.83, "humidity": 0.79, "pressure": 1014.21, "windSpeed": 0.65, "windGust": 6.25, "windGustTime": 1436461200, "windBearing": 229, "cloudCover": 0.51, "uvIndex": 8, "uvIndexTime": 1436457600, "visibility": 8.02, "temperatureMin": 74.2, "temperatureMinTime": 1436432400, "temperatureMax": 87.8, "temperatureMaxTime": 1436464800, "apparentTemperatureMin": 75.57, "apparentTemperatureMinTime": 1436436000, "apparentTemperatureMax": 97.54, "apparentTemperatureMaxTime": 1436472000}]}, "flags": {"sources": ["cmc", "gfs", "hrrr", "icon", "isd", "madis", "nam", "sref"], "nearest-station": 0.675, "units": "us"}, "offset": -4}