{"latitude": 38.912659, "longitude": -77.017669, "timezone": "America/New_York", "currently": {"time": 1434686400, "summary": "Partly Cloudy", "icon": "partly-cloudy-night", "precipIntensity": 0.0011, "precipProbability": 0.05, "precipType": "rain", "temperature": 73.34, "apparentTemperature": 74.72, "dewPoint": 71.03, "humidity": 0.93, "pressure": 1014.13, "windSpeed": 0.04, "windGust": 0.34, "windBearing": 155, "cloudCover": 0.47, "uvIndex": 0, "visibility": 8.5}, "hourly": {"summary": "Partly cloudy until night.", "icon": "partly-cloudy-day", "data": [{"time": 1434686400, "summary": "Partly Cloudy", "icon": "partly-cloudy-night", "precipIntensity": 0.0011, "precipProbability": 0.05, "precipType": "rain", "temperature": 73.34, "apparentTemperature": 74.72, "dewPoint": 71.03, "humidity": 0.93, "pressure": 1014.13, "windSpeed": 0.04, "windGust": 0.34, "windBearing": 155, "cloudCover": 0.47, "uvIndex": 0, "visibility": 8.5}, {"time": 1434690000, "summary": "Partly Cloudy", "icon": "partly-cloudy-night", "precipIntensity": 0, "precipProbability": 0, "temperature": 73.24, "apparentTemperature": 74.63, "dewPoint": 71.07, "humidity": 0.93, "pressure": 1014.02, "windSpeed": 0.08, "windGust": 0.15, "windBearing": 180, "cloudCover": 0.34, "uvIndex": 0, "visibility": 7.3}, {"time": 1434693600, "summary": "Mostly Cloudy", "icon": "partly-cloudy-night", "precipIntensity": 0.0008, "precipProbability": 0.2, "precipType": "rain", "temperature": 73.15, "apparentTemperature": 74.5, "dewPoint": 70.72, "humidity": 0.92, "pressure": 1014.23, "windSpeed": 1.71, "windGust": 6.51, "windBearing": 282, "cloudCover": 0.63, "uvIndex": 0, "visibility": 9.14}, {"time": 1434697200, "summary": "Light Rain", "icon": "rain", "precipIntensity": 0.0189, "precipProbability": 0.78, "precipType": "rain", "temperature": 71.87, "apparentTemperature": 73.04, "dewPoint": 69.1, "humidity": 0.91, "pressure": 1014.03, "windSpeed": 0.43, "windGust": 2.41, "windBearing": 280, "cloudCover": 0.87, "uvIndex": 0, "visibility": 8.64}, {"time": 1434700800, "summary": "Partly Cloudy", "icon": "partly-cloudy-night", "precipIntensity": 0.004, "precipProbability": 0.5, "precipType": "rain", "temperature": 71.09, "apparentTemperature": 72.18, "dewPoint": 68.35, "humidity": 0.91, "pressure": 1013.54, "windSpeed": 0.32, "windGust": 1.11, "windBearing": 285, "cloudCover": 0.55, "uvIndex": 0, "visibility": 7.41}, {"time": 1434704400, "summary": "Partly Cloudy", "icon": "partly-cloudy-night", "precipIntensity": 0, "precipProbability": 0, "temperature": 70.5, "apparentTemperature": 71.57, "dewPoint": 67.98, "humidity": 0.92, "pressure": 1013.56, "windSpeed": 0.21, "windGust": 0.6, "windBearing": 271, "cloudCover": 0.41, "uvIndex": 0, "visibility": 8.92}, {"time": 1434708000, "summary": "Mostly Cloudy", "icon": "partly-cloudy-day", "precipIntensity": 0, "precipProbability": 0, "temperature": 70.25, "apparentTemperature": 71.29, "dewPoint": 67.75, "humidity": 0.92, "pressure": 1013.72, "windSpeed": 0.26, "windGust": 0.53, "windBearing": 261, "cloudCover": 0.61, "uvIndex": 0, "visibility": 9.13}, {"time": 1434711600, "summary": "Partly Cloudy", "icon": "partly-cloudy-day", "precipIntensity": 0, "precipProbability": 0, "temperature": 70.77, "apparentTemperature": 71.86, "dewPoint": 68.28, "humidity": 0.92, "pressure": 1013.97, "windSpeed": 0.3, "windGust": 0.78, "windBearing": 270, "cloudCover": 0.49, "uvIndex": 0, "visibility": 9.21}, {"time": 1434715200, "summary": "Clear", "icon": "clear-day", "precipIntensity": 0, "precipProbability": 0, "temperature": 72.44, "apparentTemperature": 73.58, "dewPoint": 69.08, "humidity": 0.89, "pressure": 1014.52, "windSpeed": 0.69, "windGust": 2.17, "windBearing": 279, "cloudCover": 0.21, "uvIndex": 1, "visibility": 8.72}, {"time": 1434718800, "summary": "Clear", "icon": "clear-day", "precipIntensity": 0, "precipProbability": 0, "temperature": 75.4, "apparentTemperature": 76.49, "dewPoint": 69.45, "humidity": 0.82, "pressure": 1014.74, "windSpeed": 1.3, "windGust": 4.27, "windBearing": 297, "cloudCover": 0.23, "uvIndex": 3, "visibility": 10}, {"time": 1434722400, "summary": "Clear", "icon": "clear-day", "precipIntensity": 0, "precipProbability": 0, "temperature": 79.27, "apparentTemperature": 81.98, "dewPoint": 69.4, "humidity": 0.72, "pressure": 1015.08, "windSpeed": 3.55, "windGust": 9.25, "windBearing": 300, "cloudCover": 0.24, "uvIndex": 5, "visibility": 8.24}, {"time": 1434726000, "summary": "Clear", "icon": "clear-day", "precipIntensity": 0, "precipProbability": 0, "temperature": 80.49, "apparentTemperature": 83.48, "dewPoint": 68.99, "humidity": 0.68, "pressure": 1015.25, "windSpeed": 3.61, "windGust": 9.69, "windBearing": 301, "cloudCover": 0.1, "uvIndex": 8, "visibility": 8.53}, {"time": 1434729600, "summary": "Partly Cloudy", "icon": "partly-cloudy-day", "precipIntensity": 0, "precipProbability": 0, "temperature": 82.08, "apparentTemperature": 85.79, "dewPoint": 69.69, "humidity": 0.66, "pressure": 1015.12, "windSpeed": 3.44, "windGust": 10.64, "windBearing": 308, "cloudCover": 0.48, "uvIndex": 7, "visibility": 7.64}, {"time": 1434733200, "summary": "Partly Cloudy", "icon": "partly-cloudy-day", "precipIntensity": 0, "precipProbability": 0, "temperature": 82.73, "apparentTemperature": 86.53, "dewPoint": 69.58, "humidity": 0.65, "pressure": 1015.22, "windSpeed": 2.4, "windGust": 8.29, "windBearing": 313, "cloudCover": 0.5, "uvIndex": 8, "visibility": 8.31}, {"time": 1434736800, "summary": "Mostly Cloudy", "icon": "partly-cloudy-day", "precipIntensity": 0, "precipProbability": 0, "temperature": 82.9, "apparentTemperature": 86.91, "dewPoint": 69.88, "humidity": 0.65, "pressure": 1014.93, "windSpeed": 1.61, "windGust": 5.74, "windBearing": 297, "cloudCover": 0.6, "uvIndex": 7, "visibility": 7.49}, {"time": 1434740400, "summary": "Partly Cloudy", "icon": "partly-cloudy-day", "precipIntensity": 0, "precipProbability": 0, "temperature": 83.25, "apparentTemperature": 87.48, "dewPoint": 70.14, "humidity": 0.65, "pressure": 1014.65, "windSpeed": 1.51, "windGust": 5.73, "windBearing": 290, "cloudCover": 0.42, "uvIndex": 7, "visibility": 7.87}, {"time": 1434744000, "summary": "Partly Cloudy", "icon": "partly-cloudy-day", "precipIntensity": 0, "precipProbability": 0, "temperature": 83.7, "apparentTemperature": 87.96, "dewPoint": 69.99, "humidity": 0.64, "pressure": 1014.44, "windSpeed": 1.61, "windGust": 5.47, "windBearing": 288, "cloudCover": 0.59, "uvIndex": 5, "visibility": 7.48}, {"time": 1434747600, "summary": "Partly Cloudy", "icon": "partly-cloudy-day", "precipIntensity": 0, "precipProbability": 0, "temperature": 84.07, "apparentTemperature": 88.39, "dewPoint": 69.94, "humidity": 0.63, "pressure": 1014.3, "windSpeed": 1.3, "windGust": 4.67, "windBearing": 283, "cloudCover": 0.58, "uvIndex": 3, "visibility": 7.21}, {"time": 1434751200, "summary": "Partly Cloudy", "icon": "partly-cloudy-day", "precipIntensity": 0, "precipProbability": 0, "temperature": 84.15, "apparentTemperature": 88.2, "dewPoint": 69.46, "humidity": 0.61, "pressure": 1014.08, "windSpeed": 1.52, "windGust": 4.4, "windBearing": 291, "cloudCover": 0.42, "uvIndex": 2, "visibility": 8.2}, {"time": 1434754800, "summary": "Partly Cloudy", "icon": "partly-cloudy-day", "precipIntensity": 0, "precipProbability": 0, "temperature": 82.91, "apparentTemperature": 86.69, "dewPoint": 69.44, "humidity": 0.64, "pressure": 1014.17, "windSpeed": 0.74, "windGust": 2.5, "windBearing": 280, "cloudCover": 0.3, "uvIndex": 1, "visibility": 8.21}, {"time": 1434758400, "summary": "Partly Cloudy", "icon": "partly-cloudy-day", "precipIntensity": 0, "precipProbability": 0, "temperature": 81.13, "apparentTemperature": 84.5, "dewPoint": 69.54, "humidity": 0.68, "pressure": 1014.46, "windSpeed": 0.54, "windGust": 1.39, "windBearing": 291, "cloudCover": 0.34, "uvIndex": 0, "visibility": 8.25}, {"time": 1434762000, "summary": "Mostly Cloudy", "icon": "partly-cloudy-night", "precipIntensity": 0, "precipProbability": 0, "temperature": 78.52, "apparentTemperature": 79.55, "dewPoint": 69.52, "humidity": 0.74, "pressure": 1014.87, "windSpeed": 0.67, "windGust": 2.48, "windBearing": 275, "cloudCover": 0.85, "uvIndex": 0, "visibility": 6.31}, {"time": 1434765600, "summary": "Mostly Cloudy", "icon": "partly-cloudy-night", "precipIntensity": 0.001, "precipProbability": 0.18, "precipType": "rain", "temperature": 75.99, "apparentTemperature": 77.03, "dewPoint": 69.25, "humidity": 0.8, "pressure": 1015.27, "windSpeed": 0.26, "windGust": 1.31, "windBearing": 271, "cloudCover": 0.78, "uvIndex": 0, "visibility": 8.07}, {"time": 1434769200, "summary": "Partly Cloudy", "icon": "partly-cloudy-night", "precipIntensity": 0, "precipProbability": 0, "temperature": 74.95, "apparentTemperature": 75.98, "dewPoint": 68.96, "humidity": 0.82, "pressure": 1015.72, "windSpeed": 0.27, "windGust": 0.53, "windBearing": 282, "cloudCover": 0.49, "uvIndex": 0, "visibility": 7.32}]}, "daily": {"data": [{"time": 1434686400, "summary": "Partly cloudy in the morning.", "icon": "partly-cloudy-night", "sunriseTime": 1434707032, "sunsetTime": 1434760658, "moonPhase": 0.11, "precipIntensity": 0.0011, "precipIntensityMax": 0.0189, "precipIntensityMaxTime": 1434697200, "precipProbability": 0.78, "precipType": "rain", "temperatureHigh": 84.15, "temperatureHighTime": 1434751200, "temperatureLow": 71.64, "temperatureLowTime": 1434794400, "apparentTemperatureHigh": 88.39, "apparentTemperatureHighTime": 1434747600, "apparentTemperatureLow": 72.71, "apparentTemperatureLowTime": 1434794400, "dewPoint": 69.44, "humidity": 0.78, "pressure": 1014.5, "windSpeed": 1.15, "windGust": 10.64, "windGustTime": 1434729600, "windBearing": 295, "cloudCover": 0.48, "uvIndex": 8, "uvIndexTime": 1434726000, "visibility": 8.17, "temperatureMin": 70.25, "temperatureMinTime": 1434708000, "temperatureMax": 84.15, "temperatureMaxTime": 1434751200, "apparentTemperatureMin": 71.29, "apparentTemperatureMinTime": 1434708000, "apparentTemperatureMax": 88.39, "apparentTemperatureMaxTime": 1434747600}]}, "flags": {"sources": ["cmc", "gfs", "hrrr", "icon", "isd", "madis", "nam", "sref"], "nearest-station": 0.675, "units": "us"}, "offset": -4}