{"latitude": 38.912659, "longitude": -77.017669, "timezone": "America/New_York", "currently": {"time": 1431230400, "summary": "Clear", "icon": "clear-night", "precipIntensity": 0, "precipProbability": 0, "temperature": 69.58, "apparentTemperature": 70.18, "dewPoint": 64.46, "humidity": 0.84, "pressure": 1022.94, "windSpeed": 0.93, "windGust": 3.13, "windBearing": 173, "cloudCover": 0, "uvIndex": 0, "visibility": 8.26}, "hourly": {"summary": "Mostly cloudy starting overnight, continuing until evening.", "icon": "partly-cloudy-day", "data": [{"time": 1431230400, "summary": "Clear", "icon": "clear-night", "precipIntensity": 0, "precipProbability": 0, "temperature": 69.58, "apparentTemperature": 70.18, "dewPoint": 64.46, "humidity": 0.84, "pressure": 1022.94, "windSpeed": 0.93, "windGust": 3.13, "windBearing": 173, "cloudCover": 0, "uvIndex": 0, "visibility": 8.26}, {"time": 1431234000, "summary": "Clear", "icon": "clear-night", "precipIntensity": 0, "precipProbability": 0, "temperature": 68.32, "apparentTemperature": 68.96, "dewPoint": 64.42, "humidity": 0.87, "pressure": 1022.62, "windSpeed": 0.53, "windGust": 1.72, "windBearing": 172, "cloudCover": 0, "uvIndex": 0, "visibility": 7.21}, {"time": 1431237600, "summary": "Clear", "icon": "clear-night", "precipIntensity": 0, "precipProbability": 0, "temperature": 67.24, "apparentTemperature": 67.85, "dewPoint": 63.91, "humidity": 0.89, "pressure": 1022.42, "windSpeed": 0.12, "windGust": 0.51, "windBearing": 180, "cloudCover": 0.2, "uvIndex": 0, "visibility": 7.56}, {"time": 1431241200, "summary": "Mostly Cloudy", "icon": "partly-cloudy-night", "precipIntensity": 0, "precipProbability": 0, "temperature": 66.49, "apparentTemperature": 67.1, "dewPoint": 63.69, "humidity": 0.91, "pressure": 1022.19, "windSpeed": 0.06, "windGust": 0.5, "windBearing": 180, "cloudCover": 0.87, "uvIndex": 0, "visibility": 5.37}, {"time": 1431244800, "summary": "Overcast", "icon": "cloudy", "precipIntensity": 0, "precipProbability": 0, "temperature": 67.12, "apparentTemperature": 67.84, "dewPoint": 64.59, "humidity": 0.92, "pressure": 1021.86, "windSpeed": 0.2, "windGust": 1.1, "windBearing": 166, "cloudCover": 1, "uvIndex": 0, "visibility": 6.19}, {"time": 1431248400, "summary": "Overcast", "icon": "cloudy", "precipIntensity": 0, "precipProbability": 0, "temperature": 67.7, "apparentTemperature": 68.48, "dewPoint": 65.16, "humidity": 0.92, "pressure": 1022.21, "windSpeed": 0.17, "windGust": 1, "windBearing": 169, "cloudCover": 1, "uvIndex": 0, "visibility": 5.02}, {"time": 1431252000, "summary": "Overcast", "icon": "cloudy", "precipIntensity": 0, "precipProbability": 0, "temperature": 67.89, "apparentTemperature": 68.71, "dewPoint": 65.49, "humidity": 0.92, "pressure": 1022.43, "windSpeed": 0.08, "windGust": 0.5, "windBearing": 180, "cloudCover": 1, "uvIndex": 0, "visibility": 7.35}, {"time": 1431255600, "summary": "Overcast", "icon": "cloudy", "precipIntensity": 0, "precipProbability": 0, "temperature": 68.12, "apparentTemperature": 68.96, "dewPoint": 65.69, "humidity": 0.92, "pressure": 1023.03, "windSpeed": 0.25, "windGust": 0.69, "windBearing": 168, "cloudCover": 1, "uvIndex": 0, "visibility": 4.71}, {"time": 1431259200, "summary": "Overcast", "icon": "cloudy", "precipIntensity": 0, "precipProbability": 0, "temperature": 68.97, "apparentTemperature": 69.89, "dewPoint": 66.52, "humidity": 0.92, "pressure": 1023.43, "windSpeed": 0.38, "windGust": 1.61, "windBearing": 164, "cloudCover": 1, "uvIndex": 1, "visibility": 5.83}, {"time": 1431262800, "summary": "Overcast", "icon": "cloudy", "precipIntensity": 0, "precipProbability": 0, "temperature": 70.09, "apparentTemperature": 71.04, "dewPoint": 67.08, "humidity": 0.9, "pressure": 1023.34, "windSpeed": 0.52, "windGust": 2.33, "windBearing": 169, "cloudCover": 1, "uvIndex": 2, "visibility": 5.55}, {"time": 1431266400, "summary": "Overcast", "icon": "cloudy", "precipIntensity": 0, "precipProbability": 0, "temperature": 72.24, "apparentTemperature": 73.16, "dewPoint": 67.46, "humidity": 0.85, "pressure": 1023.17, "windSpeed": 0.84, "windGust": 3.25, "windBearing": 173, "cloudCover": 0.95, "uvIndex": 3, "visibility": 7.38}, {"time": 1431270000, "summary": "Mostly Cloudy", "icon": "partly-cloudy-day", "precipIntensity": 0, "precipProbability": 0, "temperature": 75.49, "apparentTemperature": 76.31, "dewPoint": 67.37, "humidity": 0.76, "pressure": 1022.99, "windSpeed": 0.98, "windGust": 4.67, "windBearing": 177, "cloudCover": 0.88, "uvIndex": 4, "visibility": 6.73}, {"time": 1431273600, "summary": "Mostly Cloudy", "icon": "partly-cloudy-day", "precipIntensity": 0, "precipProbability": 0, "temperature": 77.98, "apparentTemperature": 78.76, "dewPoint": 67.4, "humidity": 0.7, "pressure": 1022.68, "windSpeed": 1.64, "windGust": 5.41, "windBearing": 171, "cloudCover": 0.79, "uvIndex": 5, "visibility": 7.58}, {"time": 1431277200, "summary": "Mostly Cloudy", "icon": "partly-cloudy-day", "precipIntensity": 0, "precipProbability": 0, "temperature": 79.65, "apparentTemperature": 81.99, "dewPoint": 67.23, "humidity": 0.66, "pressure": 1022.39, "windSpeed": 1.43, "windGust": 5.4, "windBearing": 178, "cloudCover": 0.72, "uvIndex": 6, "visibility": 8.91}, {"time": 1431280800, "summary": "Mostly Cloudy", "icon": "partly-cloudy-day", "precipIntensity": 0, "precipProbability": 0, "temperature": 81, "apparentTemperature": 83.47, "dewPoint": 67.09, "humidity": 0.63, "pressure": 1021.63, "windSpeed": 1.32, "windGust": 5.13, "windBearing": 177, "cloudCover": 0.67, "uvIndex": 6, "visibility": 7.65}, {"time": 1431284400, "summary": "Mostly Cloudy", "icon": "partly-cloudy-day", "precipIntensity": 0, "precipProbability": 0, "temperature": 81.75, "apparentTemperature": 84.14, "dewPoint": 66.66, "humidity": 0.6, "pressure": 1021.21, "windSpeed": 2.45, "windGust": 6.89, "windBearing": 169, "cloudCover": 0.64, "uvIndex": 5, "visibility": 7.75}, {"time": 1431288000, "summary": "Mostly Cloudy", "icon": "partly-cloudy-day", "precipIntensity": 0, "precipProbability": 0, "temperature": 82.16, "apparentTemperature": 84.58, "dewPoint": 66.68, "humidity": 0.6, "pressure": 1020.4, "windSpeed": 1.55, "windGust": 6.22, "windBearing": 162, "cloudCover": 0.71, "uvIndex": 4, "visibility": 7.48}, {"time": 1431291600, "summary": "Partly Cloudy", "icon": "partly-cloudy-day", "precipIntensity": 0, "precipProbability": 0, "temperature": 81.71, "apparentTemperature": 84.17, "dewPoint": 66.87, "humidity": 0.61, "pressure": 1020.31, "windSpeed": 1.56, "windGust": 5.58, "windBearing": 159, "cloudCover": 0.57, "uvIndex": 3, "visibility": 7.61}, {"time": 1431295200, "summary": "Partly Cloudy", "icon": "partly-cloudy-day", "precipIntensity": 0, "precipProbability": 0, "temperature": 81.25, "apparentTemperature": 83.74, "dewPoint": 67.09, "humidity": 0.62, "pressure": 1019.66, "windSpeed": 1.63, "windGust": 5.67, "windBearing": 156, "cloudCover": 0.54, "uvIndex": 1, "visibility": 8.48}, {"time": 1431298800, "summary": "Clear", "icon": "clear-day", "precipIntensity": 0, "precipProbability": 0, "temperature": 80.27, "apparentTemperature": 82.52, "dewPoint": 66.57, "humidity": 0.63, "pressure": 1019.22, "windSpeed": 1.41, "windGust": 4.69, "windBearing": 147, "cloudCover": 0.22, "uvIndex": 0, "visibility": 7.8}, {"time": 1431302400, "summary": "Clear", "icon": "clear-day", "precipIntensity": 0, "precipProbability": 0, "temperature": 78.13, "apparentTemperature": 78.82, "dewPoint": 66.47, "humidity": 0.68, "pressure": 1019.53, "windSpeed": 1.2, "windGust": 3.85, "windBearing": 156, "cloudCover": 0.14, "uvIndex": 0, "visibility": 7.91}, {"time": 1431306000, "summary": "Clear", "icon": "clear-night", "precipIntensity": 0, "precipProbability": 0, "temperature": 75.7, "apparentTemperature": 76.49, "dewPoint": 67.17, "humidity": 0.75, "pressure": 1020.22, "windSpeed": 1.49, "windGust": 3.39, "windBearing": 149, "cloudCover": 0.11, "uvIndex": 0, "visibility": 8.4}, {"time": 1431309600, "summary": "Clear", "icon": "clear-night", "precipIntensity": 0, "precipProbability": 0, "temperature": 74.11, "apparentTemperature": 74.99, "dewPoint": 67.59, "humidity": 0.8, "pressure": 1020.58, "windSpeed": 0.93, "windGust": 3, "windBearing": 159, "cloudCover": 0.05, "uvIndex": 0, "visibility": 7.8}, {"time": 1431313200, "summary": "Clear", "icon": "clear-night", "precipIntensity": 0, "precipProbability": 0, "temperature": 72.51, "apparentTemperature": 73.41, "dewPoint": 67.42, "humidity": 0.84, "pressure": 1020.5, "windSpeed": 0.44, "windGust": 1.57, "windBearing": 146, "cloudCover": 0.03, "uvIndex": 0, "visibility": 6.99}]}, "daily": {"data": [{"time": 1431230400, "summary": "Mostly cloudy until evening.", "icon": "partly-cloudy-day", "sunriseTime": 1431252096, "sunsetTime": 1431303001, "moonPhase": 0.72, "precipIntensity": 0, "precipIntensityMax": 0, "precipProbability": 0, "temperatureHigh": 82.16, "temperatureHighTime": 1431288000, "temperatureLow": 69.03, "temperatureLowTime": 1431342000, "apparentTemperatureHigh": 84.58, "apparentTemperatureHighTime": 1431288000, "apparentTemperatureLow": 69.97, "apparentTemperatureLowTime": 1431342000, "dewPoint": 66.25, "humidity": 0.78, "pressure": 1021.71, "windSpeed": 0.91, "windGust": 6.89, "windGustTime": 1431284400, "windBearing": 164, "cloudCover": 0.59, "uvIndex": 6, "uvIndexTime": 1431277200, "visibility": 7.15, "temperatureMin": 66.49, "temperatureMinTime": 1431241200, "temperatureMax": 82.16, "temperatureMaxTime": 1431288000, "apparentTemperatureMin": 67.1, "apparentTemperatureMinTime": 1431241200, "apparentTemperatureMax": 84.58, "apparentTemperatureMaxTime": 1431288000}]}, "flags": {"sources": ["cmc", "gfs", "hrrr", "icon", "isd", "madis", "nam", "sref"], "nearest-station": 0.675, "units": "us"}, "offset": -4}