{"latitude": 38.912659, "longitude": -77.017669, "timezone": "America/New_York", "currently": {"time": 1438488000, "summary": "Clear", "icon": "clear-night", "precipIntensity": 0, "precipProbability": 0, "temperature": 71.06, "apparentTemperature": 71.42, "dewPoint": 62.93, "humidity": 0.76, "pressure": 1012.09, "windSpeed": 0.06, "windGust": 0.14, "windBearing": 302, "cloudCover": 0.1, "uvIndex": 0, "visibility": 10}, "hourly": {"summary": "Partly cloudy starting overnight, continuing until evening.", "icon": "partly-cloudy-day", "data": [{"time": 1438488000, "summary": "Clear", "icon": "clear-night", "precipIntensity": 0, "precipProbability": 0, "temperature": 71.06, "apparentTemperature": 71.42, "dewPoint": 62.93, "humidity": 0.76, "pressure": 1012.09, "windSpeed": 0.06, "windGust": 0.14, "windBearing": 302, "cloudCover": 0.1, "uvIndex": 0, "visibility": 10}, {"time": 1438491600, "summary": "Partly Cloudy", "icon": "partly-cloudy-night", "precipIntensity": 0, "precipProbability": 0, "temperature": 70.06, "apparentTemperature": 70.4, "dewPoint": 62.65, "humidity": 0.77, "pressure": 1012.46, "windSpeed": 0.01, "windGust": 0.11, "windBearing": 277, "cloudCover": 0.37, "uvIndex": 0, "visibility": 7.74}, {"time": 1438495200, "summary": "Partly Cloudy", "icon": "partly-cloudy-night", "precipIntensity": 0, "precipProbability": 0, "temperature": 69.52, "apparentTemperature": 69.85, "dewPoint": 62.45, "humidity": 0.78, "pressure": 1012.69, "windSpeed": 0.01, "windGust": 0.03, "windBearing": 278, "cloudCover": 0.57, "uvIndex": 0, "visibility": 8.21}, {"time": 1438498800, "summary": "Partly Cloudy", "icon": "partly-cloudy-night", "precipIntensity": 0, "precipProbability": 0, "temperature": 68.44, "apparentTemperature": 68.74, "dewPoint": 61.99, "humidity": 0.8, "pressure": 1012.58, "windSpeed": 0, "windGust": 0.05, "cloudCover": 0.41, "uvIndex": 0, "visibility": 7.26}, {"time": 1438502400, "summary": "Partly Cloudy", "icon": "partly-cloudy-night", "precipIntensity": 0, "precipProbability": 0, "temperature": 67.35, "apparentTemperature": 67.59, "dewPoint": 61.28, "humidity": 0.81, "pressure": 1012.64, "windSpeed": 0, "windGust": 0.07, "cloudCover": 0.25, "uvIndex": 0, "visibility": 6.25}, {"time": 1438506000, "summary": "Clear", "icon": "clear-night", "precipIntensity": 0, "precipProbability": 0, "temperature": 66.38, "apparentTemperature": 66.6, "dewPoint": 60.92, "humidity": 0.83, "pressure": 1012.48, "windSpeed": 0.03, "windGust": 0.06, "windBearing": 284, "cloudCover": 0.21, "uvIndex": 0, "visibility": 6.86}, {"time": 1438509600, "summary": "Partly Cloudy", "icon": "partly-cloudy-night", "precipIntensity": 0, "precipProbability": 0, "temperature": 65.37, "apparentTemperature": 65.56, "dewPoint": 60.44, "humidity": 0.84, "pressure": 1012.84, "windSpeed": 0, "windGust": 0.12, "cloudCover": 0.4, "uvIndex": 0, "visibility": 9.38}, {"time": 1438513200, "summary": "Mostly Cloudy", "icon": "partly-cloudy-day", "precipIntensity": 0, "precipProbability": 0, "temperature": 65.18, "apparentTemperature": 65.41, "dewPoint": 60.67, "humidity": 0.85, "pressure": 1013.5, "windSpeed": 0.04, "windGust": 0.08, "windBearing": 274, "cloudCover": 0.62, "uvIndex": 0, "visibility": 7.78}, {"time": 1438516800, "summary": "Partly Cloudy", "icon": "partly-cloudy-day", "precipIntensity": 0, "precipProbability": 0, "temperature": 68.55, "apparentTemperature": 68.97, "dewPoint": 62.91, "humidity": 0.82, "pressure": 1013.86, "windSpeed": 0.14, "windGust": 0.39, "windBearing": 296, "cloudCover": 0.55, "uvIndex": 1, "visibility": 10}, {"time": 1438520400, "summary": "Partly Cloudy", "icon": "partly-cloudy-day", "precipIntensity": 0, "precipProbability": 0, "temperature": 73.77, "apparentTemperature": 74.18, "dewPoint": 63.75, "humidity": 0.71, "pressure": 1014.34, "windSpeed": 0.27, "windGust": 1.47, "windBearing": 309, "cloudCover": 0.37, "uvIndex": 2, "visibility": 8.94}, {"time": 1438524000, "summary": "Partly Cloudy", "icon": "partly-cloudy-day", "precipIntensity": 0, "precipProbability": 0, "temperature": 77.35, "apparentTemperature": 77.8, "dewPoint": 64.23, "humidity": 0.64, "pressure": 1014.45, "windSpeed": 0.39, "windGust": 1.95, "windBearing": 316, "cloudCover": 0.27, "uvIndex": 4, "visibility": 10}, {"time": 1438527600, "summary": "Partly Cloudy", "icon": "partly-cloudy-day", "precipIntensity": 0, "precipProbability": 0, "temperature": 80.72, "apparentTemperature": 82.25, "dewPoint": 63.84, "humidity": 0.57, "pressure": 1014.79, "windSpeed": 0.19, "windGust": 2.28, "windBearing": 329, "cloudCover": 0.28, "uvIndex": 6, "visibility": 8.05}, {"time": 1438531200, "summary": "Partly Cloudy", "icon": "partly-cloudy-day", "precipIntensity": 0, "precipProbability": 0, "temperature": 83.57, "apparentTemperature": 84.15, "dewPoint": 61.58, "humidity": 0.48, "pressure": 1014.77, "windSpeed": 0.08, "windGust": 2.27, "windBearing": 250, "cloudCover": 0.28, "uvIndex": 8, "visibility": 8.31}, {"time": 1438534800, "summary": "Clear", "icon": "clear-day", "precipIntensity": 0, "precipProbability": 0, "temperature": 85.64, "apparentTemperature": 85.64, "dewPoint": 59.32, "humidity": 0.41, "pressure": 1014.25, "windSpeed": 0.16, "windGust": 3.45, "windBearing": 237, "cloudCover": 0.22, "uvIndex": 9, "visibility": 7.22}, {"time": 1438538400, "summary": "Clear", "icon": "clear-day", "precipIntensity": 0, "precipProbability": 0, "temperature": 86.69, "apparentTemperature": 86.69, "dewPoint": 57.91, "humidity": 0.38, "pressure": 1013.85, "windSpeed": 0.45, "windGust": 4.33, "windBearing": 195, "cloudCover": 0.1, "uvIndex": 9, "visibility": 7.8}, {"time": 1438542000, "summary": "Partly Cloudy", "icon": "partly-cloudy-day", "precipIntensity": 0, "precipProbability": 0, "temperature": 87.23, "apparentTemperature": 87.23, "dewPoint": 57.85, "humidity": 0.37, "pressure": 1013.52, "windSpeed": 0.76, "windGust": 4.49, "windBearing": 212, "cloudCover": 0.26, "uvIndex": 7, "visibility": 7.45}, {"time": 1438545600, "summary": "Partly Cloudy", "icon": "partly-cloudy-day", "precipIntensity": 0, "precipProbability": 0, "temperature": 87.37, "apparentTemperature": 87.37, "dewPoint": 58.83, "humidity": 0.38, "pressure": 1013.42, "windSpeed": 0.7, "windGust": 4.33, "windBearing": 223, "cloudCover": 0.27, "uvIndex": 5, "visibility": 7.85}, {"time": 1438549200, "summary": "Partly Cloudy", "icon": "partly-cloudy-day", "precipIntensity": 0, "precipProbability": 0, "temperature": 86.14, "apparentTemperature": 86.14, "dewPoint": 59.94, "humidity": 0.41, "pressure": 1013.05, "windSpeed": 0.72, "windGust": 3.39, "windBearing": 213, "cloudCover": 0.29, "uvIndex": 3, "visibility": 7.45}, {"time": 1438552800, "summary": "Clear", "icon": "clear-day", "precipIntensity": 0, "precipProbability": 0, "temperature": 85.09, "apparentTemperature": 85.43, "dewPoint": 61.38, "humidity": 0.45, "pressure": 1012.8, "windSpeed": 1.57, "windGust": 4.78, "windBearing": 210, "cloudCover": 0.2, "uvIndex": 1, "visibility": 7.84}, {"time": 1438556400, "summary": "Clear", "icon": "clear-day", "precipIntensity": 0, "precipProbability": 0, "temperature": 83.7, "apparentTemperature": 84.38, "dewPoint": 61.96, "humidity": 0.48, "pressure": 1012.32, "windSpeed": 1.47, "windGust": 4.17, "windBearing": 226, "cloudCover": 0.11, "uvIndex": 0, "visibility": 8.92}, {"time": 1438560000, "summary": "Clear", "icon": "clear-day", "precipIntensity": 0, "precipProbability": 0, "temperature": 80.86, "apparentTemperature": 81.93, "dewPoint": 61.99, "humidity": 0.53, "pressure": 1012.61, "windSpeed": 0.53, "windGust": 2.15, "windBearing": 227, "cloudCover": 0.01, "uvIndex": 0, "visibility": 8.31}, {"time": 1438563600, "summary": "Clear", "icon": "clear-night", "precipIntensity": 0, "precipProbability": 0, "temperature": 77.59, "apparentTemperature": 77.86, "dewPoint": 62.51, "humidity": 0.6, "pressure": 1012.61, "windSpeed": 0.11, "windGust": 0.57, "windBearing": 232, "cloudCover": 0.1, "uvIndex": 0, "visibility": 7.03}, {"time": 1438567200, "summary": "Clear", "icon": "clear-night", "precipIntensity": 0, "precipProbability": 0, "temperature": 74.7, "apparentTemperature": 74.99, "dewPoint": 62.76, "humidity": 0.66, "pressure": 1012.49, "windSpeed": 0.16, "windGust": 0.3, "windBearing": 210, "cloudCover": 0, "uvIndex": 0, "visibility": 10}, {"time": 1438570800, "summary": "Clear", "icon": "clear-night", "precipIntensity": 0, "precipProbability": 0, "temperature": 72.51, "apparentTemperature": 72.86, "dewPoint": 63.09, "humidity": 0.72, "pressure": 1012.49, "windSpeed": 0.08, "windGust": 0.26, "windBearing": 213, "cloudCover": 0, "uvIndex": 0, "visibility": 10}]}, "daily": {"data": [{"time": 1438488000, "summary": "Partly cloudy until evening.", "icon": "partly-cloudy-day", "sunriseTime": 1438510267, "sunsetTime": 1438561204, "moonPhase": 0.58, "precipIntensity": 0, "precipIntensityMax": 0, "precipProbability": 0, "temperatureHigh": 87.37, "temperatureHighTime": 1438545600, "temperatureLow": 67.4, "temperatureLowTime": 1438592400, "apparentTemperatureHigh": 87.37, "apparentTemperatureHighTime": 1438545600, "apparentTemperatureLow": 67.74, "apparentTemperatureLowTime": 1438592400, "dewPoint": 61.55, "humidity": 0.63, "pressure": 1013.2, "windSpeed": 0.28, "windGust": 4.78, "windGustTime": 1438552800, "windBearing": 227, "cloudCover": 0.26, "uvIndex": 9, "uvIndexTime": 1438534800, "visibility": 8.28, "temperatureMin": 65.18, "temperatureMinTime": 1438513200, "temperatureMax": 87.37, "temperatureMaxTime": 1438545600, "apparentTemperatureMin": 65.41, "apparentTemperatureMinTime": 1438513200, "apparentTemperatureMax": 87.37, "apparentTemperatureMaxTime": 1438545600}]}, "flags": {"sources": ["cmc", "gfs", "hrrr", "icon", "isd", "madis", "nam", "sref"], "nearest-station": 0.675, "units": "us"}, "offset": -4}