{"latitude": 38.912659, "longitude": -77.017669, "timezone": "America/New_York", "currently": {"time": 1437364800, "summary": "Humid and Partly Cloudy", "icon": "partly-cloudy-night", "precipIntensity": 0, "precipProbability": 0, "temperature": 82.27, "apparentTemperature": 89.2, "dewPoint": 75.11, "humidity": 0.79, "pressure": 1009.12, "windSpeed": 0.14, "windGust": 0.79, "windBearing": 215, "cloudCover": 0.47, "uvIndex": 0, "visibility": 6.63}, "hourly": {"summary": "Partly cloudy until morning.", "icon": "partly-cloudy-night", "data": [{"time": 1437364800, "summary": "Humid and Partly Cloudy", "icon": "partly-cloudy-night", "precipIntensity": 0, "precipProbability": 0, "temperature": 82.27, "apparentTemperature": 89.2, "dewPoint": 75.11, "humidity": 0.79, "pressure": 1009.12, "windSpeed": 0.14, "windGust": 0.79, "windBearing": 215, "cloudCover": 0.47, "uvIndex": 0, "visibility": 6.63}, {"time": 1437368400, "summary": "Humid and Partly Cloudy", "icon": "partly-cloudy-night", "precipIntensity": 0, "precipProbability": 0, "temperature": 81.19, "apparentTemperature": 87.23, "dewPoint": 75.05, "humidity": 0.82, "pressure": 1008.78, "windSpeed": 0.04, "windGust": 0.38, "windBearing": 221, "cloudCover": 0.46, "uvIndex": 0, "visibility": 7.36}, {"time": 1437372000, "summary": "Humid and Partly Cloudy", "icon": "partly-cloudy-night", "precipIntensity": 0, "precipProbability": 0, "temperature": 79.69, "apparentTemperature": 84.13, "dewPoint": 74.65, "humidity": 0.85, "pressure": 1008.31, "windSpeed": 0.02, "windGust": 0.14, "windBearing": 232, "cloudCover": 0.39, "uvIndex": 0, "visibility": 7.16}, {"time": 1437375600, "summary": "Humid and Partly Cloudy", "icon": "partly-cloudy-night", "precipIntensity": 0, "precipProbability": 0, "temperature": 78.8, "apparentTemperature": 82.24, "dewPoint": 74.5, "humidity": 0.87, "pressure": 1008.27, "windSpeed": 0.04, "windGust": 0.44, "windBearing": 256, "cloudCover": 0.33, "uvIndex": 0, "visibility": 6.39}, {"time": 1437379200, "summary": "Humid", "icon": "clear-night", "precipIntensity": 0, "precipProbability": 0, "temperature": 78.65, "apparentTemperature": 81.91, "dewPoint": 74.47, "humidity": 0.87, "pressure": 1007.84, "windSpeed": 0.05, "windGust": 0.24, "windBearing": 267, "cloudCover": 0.14, "uvIndex": 0, "visibility": 6.99}, {"time": 1437382800, "summary": "Humid and Partly Cloudy", "icon": "partly-cloudy-night", "precipIntensity": 0, "precipProbability": 0, "temperature": 78.35, "apparentTemperature": 79.97, "dewPoint": 74.17, "humidity": 0.87, "pressure": 1007.78, "windSpeed": 0.24, "windGust": 0.44, "windBearing": 271, "cloudCover": 0.42, "uvIndex": 0, "visibility": 6.43}, {"time": 1437386400, "summary": "Humid and Partly Cloudy", "icon": "partly-cloudy-night", "precipIntensity": 0, "precipProbability": 0, "temperature": 77.99, "apparentTemperature": 79.49, "dewPoint": 73.11, "humidity": 0.85, "pressure": 1007.99, "windSpeed": 0.29, "windGust": 1.07, "windBearing": 279, "cloudCover": 0.32, "uvIndex": 0, "visibility": 7.74}, {"time": 1437390000, "summary": "Humid", "icon": "clear-day", "precipIntensity": 0, "precipProbability": 0, "temperature": 77.98, "apparentTemperature": 79.4, "dewPoint": 72.5, "humidity": 0.83, "pressure": 1008.27, "windSpeed": 0.4, "windGust": 1.4, "windBearing": 289, "cloudCover": 0.09, "uvIndex": 0, "visibility": 8.01}, {"time": 1437393600, "summary": "Humid", "icon": "clear-day", "precipIntensity": 0, "precipProbability": 0, "temperature": 79.74, "apparentTemperature": 83.41, "dewPoint": 72.15, "humidity": 0.78, "pressure": 1008.3, "windSpeed": 0.87, "windGust": 2.52, "windBearing": 294, "cloudCover": 0.02, "uvIndex": 1, "visibility": 8.55}, {"time": 1437397200, "summary": "Clear", "icon": "clear-day", "precipIntensity": 0, "precipProbability": 0, "temperature": 82.97, "apparentTemperature": 87.63, "dewPoint": 71.01, "humidity": 0.67, "pressure": 1008.7, "windSpeed": 1.6, "windGust": 5.38, "windBearing": 306, "cloudCover": 0.06, "uvIndex": 3, "visibility": 8.96}, {"time": 1437400800, "summary": "Clear", "icon": "clear-day", "precipIntensity": 0, "precipProbability": 0, "temperature": 84.84, "apparentTemperature": 90.12, "dewPoint": 71.11, "humidity": 0.64, "pressure": 1008.58, "windSpeed": 1.83, "windGust": 7.09, "windBearing": 318, "cloudCover": 0.13, "uvIndex": 5, "visibility": 8.24}, {"time": 1437404400, "summary": "Humid", "icon": "clear-day", "precipIntensity": 0, "precipProbability": 0, "temperature": 86.76, "apparentTemperature": 93.44, "dewPoint": 72.2, "humidity": 0.62, "pressure": 1008.45, "windSpeed": 1.14, "windGust": 4.8, "windBearing": 321, "cloudCover": 0.15, "uvIndex": 7, "visibility": 7.44}, {"time": 1437408000, "summary": "Humid", "icon": "clear-day", "precipIntensity": 0, "precipProbability": 0, "temperature": 88.23, "apparentTemperature": 95.91, "dewPoint": 72.83, "humidity": 0.61, "pressure": 1008.13, "windSpeed": 0.95, "windGust": 4.94, "windBearing": 317, "cloudCover": 0.11, "uvIndex": 9, "visibility": 7.96}, {"time": 1437411600, "summary": "Humid", "icon": "clear-day", "precipIntensity": 0, "precipProbability": 0, "temperature": 90.22, "apparentTemperature": 98.7, "dewPoint": 73.07, "humidity": 0.57, "pressure": 1007.92, "windSpeed": 0.81, "windGust": 5.45, "windBearing": 304, "cloudCover": 0.09, "uvIndex": 10, "visibility": 7.66}, {"time": 1437415200, "summary": "Humid and Partly Cloudy", "icon": "partly-cloudy-day", "precipIntensity": 0, "precipProbability": 0, "temperature": 90.81, "apparentTemperature": 99.41, "dewPoint": 73.01, "humidity": 0.56, "pressure": 1007.69, "windSpeed": 1.14, "windGust": 6.08, "windBearing": 304, "cloudCover": 0.31, "uvIndex": 8, "visibility": 7.94}, {"time": 1437418800, "summary": "Humid and Partly Cloudy", "icon": "partly-cloudy-day", "precipIntensity": 0, "precipProbability": 0, "temperature": 91.48, "apparentTemperature": 99.96, "dewPoint": 72.72, "humidity": 0.54, "pressure": 1007.44, "windSpeed": 0.97, "windGust": 4.91, "windBearing": 296, "cloudCover": 0.36, "uvIndex": 7, "visibility": 7.66}, {"time": 1437422400, "summary": "Humid and Partly Cloudy", "icon": "partly-cloudy-day", "precipIntensity": 0, "precipProbability": 0, "temperature": 92, "apparentTemperature": 100.01, "dewPoint": 72.16, "humidity": 0.53, "pressure": 1006.89, "windSpeed": 0.7, "windGust": 4.27, "windBearing": 284, "cloudCover": 0.29, "uvIndex": 5, "visibility": 7.97}, {"time": 1437426000, "summary": "Humid", "icon": "clear-day", "precipIntensity": 0, "precipProbability": 0, "temperature": 91.93, "apparentTemperature": 100.4, "dewPoint": 72.6, "humidity": 0.54, "pressure": 1006.29, "windSpeed": 0.88, "windGust": 3.74, "windBearing": 274, "cloudCover": 0.24, "uvIndex": 4, "visibility": 7.74}, {"time": 1437429600, "summary": "Humid and Partly Cloudy", "icon": "partly-cloudy-day", "precipIntensity": 0, "precipProbability": 0, "temperature": 91.23, "apparentTemperature": 100.12, "dewPoint": 73.17, "humidity": 0.56, "pressure": 1005.96, "windSpeed": 0.5, "windGust": 3.21, "windBearing": 239, "cloudCover": 0.26, "uvIndex": 2, "visibility": 7.56}, {"time": 1437433200, "summary": "Humid", "icon": "clear-day", "precipIntensity": 0, "precipProbability": 0, "temperature": 89.81, "apparentTemperature": 98.85, "dewPoint": 73.69, "humidity": 0.59, "pressure": 1005.79, "windSpeed": 0.32, "windGust": 1.73, "windBearing": 247, "cloudCover": 0.24, "uvIndex": 0, "visibility": 7.74}, {"time": 1437436800, "summary": "Humid and Partly Cloudy", "icon": "partly-cloudy-day", "precipIntensity": 0, "precipProbability": 0, "temperature": 87.21, "apparentTemperature": 96.02, "dewPoint": 74.3, "humidity": 0.66, "pressure": 1005.75, "windSpeed": 0.19, "windGust": 0.41, "windBearing": 254, "cloudCover": 0.38, "uvIndex": 0, "visibility": 8.61}, {"time": 1437440400, "summary": "Humid", "icon": "clear-night", "precipIntensity": 0, "precipProbability": 0, "temperature": 83.99, "apparentTemperature": 91.31, "dewPoint": 74.21, "humidity": 0.73, "pressure": 1006.15, "windSpeed": 0.06, "windGust": 0.13, "windBearing": 201, "cloudCover": 0.22, "uvIndex": 0, "visibility": 7.07}, {"time": 1437444000, "summary": "Humid and Partly Cloudy", "icon": "partly-cloudy-night", "precipIntensity": 0, "precipProbability": 0, "temperature": 82.26, "apparentTemperature": 88.6, "dewPoint": 74.25, "humidity": 0.77, "pressure": 1006.89, "windSpeed": 0, "windGust": 0.06, "cloudCover": 0.31, "uvIndex": 0, "visibility": 6.9}, {"time": 1437447600, "summary": "Humid and Partly Cloudy", "icon": "partly-cloudy-night", "precipIntensity": 0, "precipProbability": 0, "temperature": 81.07, "apparentTemperature": 86.52, "dewPoint": 74.15, "humidity": 0.8, "pressure": 1006.13, "windSpeed": 0, "windGust": 0.11, "cloudCover": 0.47, "uvIndex": 0, "visibility": 6.24}]}, "daily": {"data": [{"time": 1437364800, "summary": "Humid throughout the day and partly cloudy overnight.", "icon": "partly-cloudy-night", "sunriseTime": 1437386398, "sunsetTime": 1437438670, "moonPhase": 0.15, "precipIntensity": 0, "precipIntensityMax": 0, "precipProbability": 0, "temperatureHigh": 92, "temperatureHighTime": 1437422400, "temperatureLow": 76.39, "temperatureLowTime": 1437472800, "apparentTemperatureHigh": 100.4, "apparentTemperatureHighTime": 1437426000, "apparentTemperatureLow": 77.85, "apparentTemperatureLowTime": 1437472800, "dewPoint": 73.34, "humidity": 0.7, "pressure": 1007.56, "windSpeed": 0.5, "windGust": 7.09, "windGustTime": 1437400800, "windBearing": 297, "cloudCover": 0.26, "uvIndex": 10, "uvIndexTime": 1437411600, "visibility": 7.54, "temperatureMin": 77.98, "temperatureMinTime": 1437390000, "temperatureMax": 92, "temperatureMaxTime": 1437422400, "apparentTemperatureMin": 79.4, "apparentTemperatureMinTime": 1437390000, "apparentTemperatureMax": 100.4, "apparentTemperatureMaxTime": 1437426000}]}, "flags": {"sources": ["cmc", "gfs", "hrrr", "icon", "isd", "madis", "nam", "sref"], "nearest-station": 0.675, "units": "us"}, "offset": -4}