{"latitude": 38.912659, "longitude": -77.017669, "timezone": "America/New_York", "currently": {"time": 1420174800, "summary": "Clear", "icon": "clear-night", "precipIntensity": 0, "precipProbability": 0, "temperature": 34.9, "apparentTemperature": 34.9, "dewPoint": 23.16, "humidity": 0.62, "pressure": 1019.26, "windSpeed": 0.15, "windGust": 0.92, "windBearing": 283, "cloudCover": 0.17, "uvIndex": 0, "visibility": 7.66}, "hourly": {"summary": "Partly cloudy in the evening.", "icon": "partly-cloudy-night", "data": [{"time": 1420174800, "summary": "Clear", "icon": "clear-night", "precipIntensity": 0, "precipProbability": 0, "temperature": 34.9, "apparentTemperature": 34.9, "dewPoint": 23.16, "humidity": 0.62, "pressure": 1019.26, "windSpeed": 0.15, "windGust": 0.92, "windBearing": 283, "cloudCover": 0.17, "uvIndex": 0, "visibility": 7.66}, {"time": 1420178400, "summary": "Partly Cloudy", "icon": "partly-cloudy-night", "precipIntensity": 0, "precipProbability": 0, "temperature": 33.02, "apparentTemperature": 33.02, "dewPoint": 22.75, "humidity": 0.66, "pressure": 1019.64, "windSpeed": 0.07, "windGust": 0.65, "windBearing": 288, "cloudCover": 0.25, "uvIndex": 0, "visibility": 7.24}, {"time": 1420182000, "summary": "Clear", "icon": "clear-night", "precipIntensity": 0, "precipProbability": 0, "temperature": 31.98, "apparentTemperature": 31.98, "dewPoint": 22.58, "humidity": 0.68, "pressure": 1020.18, "windSpeed": 0.07, "windGust": 0.36, "windBearing": 266, "cloudCover": 0.13, "uvIndex": 0, "visibility": 10}, {"time": 1420185600, "summary": "Partly Cloudy", "icon": "partly-cloudy-night", "precipIntensity": 0, "precipProbability": 0, "temperature": 32.36, "apparentTemperature": 32.36, "dewPoint": 22.41, "humidity": 0.66, "pressure": 1021.08, "windSpeed": 0.09, "windGust": 0.78, "windBearing": 279, "cloudCover": 0.42, "uvIndex": 0, "visibility": 7.77}, {"time": 1420189200, "summary": "Clear", "icon": "clear-night", "precipIntensity": 0, "precipProbability": 0, "temperature": 32.45, "apparentTemperature": 32.45, "dewPoint": 22.07, "humidity": 0.65, "pressure": 1021.11, "windSpeed": 0.19, "windGust": 1.06, "windBearing": 282, "cloudCover": 0.13, "uvIndex": 0, "visibility": 8.26}, {"time": 1420192800, "summary": "Clear", "icon": "clear-night", "precipIntensity": 0, "precipProbability": 0, "temperature": 33.1, "apparentTemperature": 33.1, "dewPoint": 22.07, "humidity": 0.63, "pressure": 1021.77, "windSpeed": 0.23, "windGust": 1.54, "windBearing": 271, "cloudCover": 0.13, "uvIndex": 0, "visibility": 7.39}, {"time": 1420196400, "summary": "Clear", "icon": "clear-night", "precipIntensity": 0, "precipProbability": 0, "temperature": 32.89, "apparentTemperature": 32.89, "dewPoint": 22.46, "humidity": 0.65, "pressure": 1022.63, "windSpeed": 0.16, "windGust": 0.91, "windBearing": 295, "cloudCover": 0.2, "uvIndex": 0, "visibility": 8.52}, {"time": 1420200000, "summary": "Partly Cloudy", "icon": "partly-cloudy-night", "precipIntensity": 0, "precipProbability": 0, "temperature": 32.21, "apparentTemperature": 32.21, "dewPoint": 22.35, "humidity": 0.67, "pressure": 1023.34, "windSpeed": 0.04, "windGust": 0.49, "windBearing": 347, "cloudCover": 0.37, "uvIndex": 0, "visibility": 8.5}, {"time": 1420203600, "summary": "Clear", "icon": "clear-day", "precipIntensity": 0, "precipProbability": 0, "temperature": 31.28, "apparentTemperature": 31.28, "dewPoint": 22.52, "humidity": 0.7, "pressure": 1024.47, "windSpeed": 0.17, "windGust": 0.74, "windBearing": 292, "cloudCover": 0.13, "uvIndex": 0, "visibility": 10}, {"time": 1420207200, "summary": "Clear", "icon": "clear-day", "precipIntensity": 0, "precipProbability": 0, "temperature": 33.78, "apparentTemperature": 33.78, "dewPoint": 23.87, "humidity": 0.67, "pressure": 1025.42, "windSpeed": 0.35, "windGust": 1.42, "windBearing": 284, "cloudCover": 0.08, "uvIndex": 0, "visibility": 10}, {"time": 1420210800, "summary": "Clear", "icon": "clear-day", "precipIntensity": 0, "precipProbability": 0, "temperature": 38.63, "apparentTemperature": 38.63, "dewPoint": 24.47, "humidity": 0.56, "pressure": 1026.07, "windSpeed": 1.06, "windGust": 3.14, "windBearing": 303, "cloudCover": 0, "uvIndex": 1, "visibility": 6.77}, {"time": 1420214400, "summary": "Clear", "icon": "clear-day", "precipIntensity": 0, "precipProbability": 0, "temperature": 41.64, "apparentTemperature": 41.64, "dewPoint": 24.48, "humidity": 0.5, "pressure": 1026.43, "windSpeed": 1.63, "windGust": 4.72, "windBearing": 311, "cloudCover": 0.14, "uvIndex": 2, "visibility": 8.19}, {"time": 1420218000, "summary": "Clear", "icon": "clear-day", "precipIntensity": 0, "precipProbability": 0, "temperature": 43.62, "apparentTemperature": 43.62, "dewPoint": 24.32, "humidity": 0.46, "pressure": 1026.06, "windSpeed": 1.08, "windGust": 4.07, "windBearing": 292, "cloudCover": 0.14, "uvIndex": 2, "visibility": 8.19}, {"time": 1420221600, "summary": "Clear", "icon": "clear-day", "precipIntensity": 0, "precipProbability": 0, "temperature": 44.92, "apparentTemperature": 44.92, "dewPoint": 23.97, "humidity": 0.43, "pressure": 1025.6, "windSpeed": 1.31, "windGust": 4.21, "windBearing": 278, "cloudCover": 0.16, "uvIndex": 2, "visibility": 7.56}, {"time": 1420225200, "summary": "Partly Cloudy", "icon": "partly-cloudy-day", "precipIntensity": 0, "precipProbability": 0, "temperature": 45.47, "apparentTemperature": 45.47, "dewPoint": 23.56, "humidity": 0.42, "pressure": 1025.86, "windSpeed": 2.1, "windGust": 5.23, "windBearing": 283, "cloudCover": 0.27, "uvIndex": 1, "visibility": 8.19}, {"time": 1420228800, "summary": "Clear", "icon": "clear-day", "precipIntensity": 0, "precipProbability": 0, "temperature": 45.46, "apparentTemperature": 45.46, "dewPoint": 23.24, "humidity": 0.41, "pressure": 1026.46, "windSpeed": 1.69, "windGust": 4.64, "windBearing": 290, "cloudCover": 0.19, "uvIndex": 1, "visibility": 8.02}, {"time": 1420232400, "summary": "Clear", "icon": "clear-day", "precipIntensity": 0, "precipProbability": 0, "temperature": 44.92, "apparentTemperature": 44.92, "dewPoint": 23.41, "humidity": 0.42, "pressure": 1026.93, "windSpeed": 0.87, "windGust": 2.51, "windBearing": 286, "cloudCover": 0.1, "uvIndex": 0, "visibility": 7.91}, {"time": 1420236000, "summary": "Clear", "icon": "clear-night", "precipIntensity": 0, "precipProbability": 0, "temperature": 42.54, "apparentTemperature": 42.54, "dewPoint": 23.67, "humidity": 0.47, "pressure": 1027.41, "windSpeed": 0.06, "windGust": 0.41, "windBearing": 311, "cloudCover": 0.05, "uvIndex": 0, "visibility": 7.45}, {"time": 1420239600, "summary": "Clear", "icon": "clear-night", "precipIntensity": 0, "precipProbability": 0, "temperature": 38.97, "apparentTemperature": 38.97, "dewPoint": 24.11, "humidity": 0.55, "pressure": 1028.04, "windSpeed": 0, "windGust": 0.14, "cloudCover": 0.15, "uvIndex": 0, "visibility": 8.31}, {"time": 1420243200, "summary": "Partly Cloudy", "icon": "partly-cloudy-night", "precipIntensity": 0, "precipProbability": 0, "temperature": 36.14, "apparentTemperature": 36.14, "dewPoint": 24.07, "humidity": 0.61, "pressure": 1028.84, "windSpeed": 0, "windGust": 0.15, "cloudCover": 0.38, "uvIndex": 0, "visibility": 8.61}, {"time": 1420246800, "summary": "Partly Cloudy", "icon": "partly-cloudy-night", "precipIntensity": 0, "precipProbability": 0, "temperature": 33.51, "apparentTemperature": 33.51, "dewPoint": 24, "humidity": 0.68, "pressure": 1029.42, "windSpeed": 0, "windGust": 0.15, "cloudCover": 0.35, "uvIndex": 0, "visibility": 10}, {"time": 1420250400, "summary": "Clear", "icon": "clear-night", "precipIntensity": 0, "precipProbability": 0, "temperature": 32.11, "apparentTemperature": 32.11, "dewPoint": 23.77, "humidity": 0.71, "pressure": 1029.8, "windSpeed": 0, "windGust": 0.15, "cloudCover": 0.12, "uvIndex": 0, "visibility": 10}, {"time": 1420254000, "summary": "Clear", "icon": "clear-night", "precipIntensity": 0, "precipProbability": 0, "temperature": 31.09, "apparentTemperature": 31.09, "dewPoint": 23.76, "humidity": 0.74, "pressure": 1030.06, "windSpeed": 0, "windGust": 0.06, "cloudCover": 0.11, "uvIndex": 0, "visibility": 10}, {"time": 1420257600, "summary": "Clear", "icon": "clear-night", "precipIntensity": 0, "precipProbability": 0, "temperature": 30.34, "apparentTemperature": 30.34, "dewPoint": 23.65, "humidity": 0.76, "pressure": 1030.46, "windSpeed": 0, "windGust": 0.13, "cloudCover": 0.09, "uvIndex": 0, "visibility": 10}]}, "daily": {"data": [{"time": 1420174800, "summary": "Mostly cloudy overnight.", "icon": "partly-cloudy-night", "sunriseTime": 1420201683, "sunsetTime": 1420235905, "moonPhase": 0.42, "precipIntensity": 0, "precipIntensityMax": 0, "precipProbability": 0, "temperatureHigh": 45.47, "temperatureHighTime": 1420225200, "temperatureLow": 28.9, "temperatureLowTime": 1420264800, "apparentTemperatureHigh": 45.47, "apparentTemperatureHighTime": 1420225200, "apparentTemperatureLow": 28.9, "apparentTemperatureLowTime": 1420264800, "dewPoint": 23.36, "humidity": 0.6, "pressure": 1025.26, "windSpeed": 0.46, "windGust": 5.23, "windGustTime": 1420225200, "windBearing": 291, "cloudCover": 0.18, "uvIndex": 2, "uvIndexTime": 1420214400, "visibility": 8.52, "temperatureMin": 30.34, "temperatureMinTime": 1420257600, "temperatureMax": 45.47, "temperatureMaxTime": 1420225200, "apparentTemperatureMin": 30.34, "apparentTemperatureMinTime": 1420257600, "apparentTemperatureMax": 45.47, "apparentTemperatureMaxTime": 1420225200}]}, "flags": {"sources": ["cmc", "gfs", "hrrr", "icon", "isd", "madis", "nam", "sref"], "nearest-station": 0.675, "units": "us"}, "offset": -5}