{"latitude": 38.912659, "longitude": -77.017669, "timezone": "America/New_York", "currently": {"time": 1442548800, "summary": "Clear", "icon": "clear-night", "precipIntensity": 0, "precipProbability": 0, "temperature": 66.41, "apparentTemperature": 66.45, "dewPoint": 59.57, "humidity": 0.79, "pressure": 1018.39, "windSpeed": 0.09, "windGust": 0.48, "windBearing": 184, "cloudCover": 0, "uvIndex": 0, "visibility": 9.06}, "hourly": {"summary": "Partly cloudy in the afternoon.", "icon": "partly-cloudy-day", "data": [{"time": 1442548800, "summary": "Clear", "icon": "clear-night", "precipIntensity": 0, "precipProbability": 0, "temperature": 66.41, "apparentTemperature": 66.45, "dewPoint": 59.57, "humidity": 0.79, "pressure": 1018.39, "windSpeed": 0.09, "windGust": 0.48, "windBearing": 184, "cloudCover": 0, "uvIndex": 0, "visibility": 9.06}, {"time": 1442552400, "summary": "Clear", "icon": "clear-night", "precipIntensity": 0, "precipProbability": 0, "temperature": 65.32, "apparentTemperature": 65.4, "dewPoint": 59.65, "humidity": 0.82, "pressure": 1017.92, "windSpeed": 0.06, "windGust": 0.33, "windBearing": 180, "cloudCover": 0, "uvIndex": 0, "visibility": 7.55}, {"time": 1442556000, "summary": "Clear", "icon": "clear-night", "precipIntensity": 0, "precipProbability": 0, "temperature": 64.15, "apparentTemperature": 64.26, "dewPoint": 59.52, "humidity": 0.85, "pressure": 1017.66, "windSpeed": 0, "windGust": 0.09, "cloudCover": 0, "uvIndex": 0, "visibility": 7.37}, {"time": 1442559600, "summary": "Clear", "icon": "clear-night", "precipIntensity": 0, "precipProbability": 0, "temperature": 62.86, "apparentTemperature": 62.94, "dewPoint": 58.99, "humidity": 0.87, "pressure": 1017.38, "windSpeed": 0, "windGust": 0.08, "cloudCover": 0, "uvIndex": 0, "visibility": 7.04}, {"time": 1442563200, "summary": "Clear", "icon": "clear-night", "precipIntensity": 0, "precipProbability": 0, "temperature": 61.86, "apparentTemperature": 61.91, "dewPoint": 58.46, "humidity": 0.89, "pressure": 1016.92, "windSpeed": 0, "windGust": 0.11, "cloudCover": 0, "uvIndex": 0, "visibility": 7.25}, {"time": 1442566800, "summary": "Clear", "icon": "clear-night", "precipIntensity": 0, "precipProbability": 0, "temperature": 60.94, "apparentTemperature": 60.94, "dewPoint": 57.73, "humidity": 0.89, "pressure": 1016.85, "windSpeed": 0, "windGust": 0.03, "cloudCover": 0.05, "uvIndex": 0, "visibility": 7.44}, {"time": 1442570400, "summary": "Clear", "icon": "clear-night", "precipIntensity": 0, "precipProbability": 0, "temperature": 60.32, "apparentTemperature": 60.32, "dewPoint": 57.3, "humidity": 0.9, "pressure": 1016.99, "windSpeed": 0, "windGust": 0.01, "cloudCover": 0.08, "uvIndex": 0, "visibility": 5.55}, {"time": 1442574000, "summary": "Clear", "icon": "clear-day", "precipIntensity": 0, "precipProbability": 0, "temperature": 59.5, "apparentTemperature": 59.5, "dewPoint": 56.78, "humidity": 0.91, "pressure": 1017.45, "windSpeed": 0, "windGust": 0, "cloudCover": 0.09, "uvIndex": 0, "visibility": 4.42}, {"time": 1442577600, "summary": "Clear", "icon": "clear-day", "precipIntensity": 0, "precipProbability": 0, "temperature": 60.46, "apparentTemperature": 60.49, "dewPoint": 57.85, "humidity": 0.91, "pressure": 1017.8, "windSpeed": 0, "windGust": 0, "cloudCover": 0.11, "uvIndex": 0, "visibility": 7.8}, {"time": 1442581200, "summary": "Clear", "icon": "clear-day", "precipIntensity": 0, "precipProbability": 0, "temperature": 65.45, "apparentTemperature": 65.88, "dewPoint": 62.13, "humidity": 0.89, "pressure": 1017.97, "windSpeed": 0.02, "windGust": 0.61, "windBearing": 207, "cloudCover": 0.01, "uvIndex": 1, "visibility": 9.82}, {"time": 1442584800, "summary": "Clear", "icon": "clear-day", "precipIntensity": 0, "precipProbability": 0, "temperature": 71.96, "apparentTemperature": 72.41, "dewPoint": 63.82, "humidity": 0.76, "pressure": 1018.13, "windSpeed": 0.14, "windGust": 1.51, "windBearing": 178, "cloudCover": 0, "uvIndex": 3, "visibility": 9.4}, {"time": 1442588400, "summary": "Clear", "icon": "clear-day", "precipIntensity": 0, "precipProbability": 0, "temperature": 76.97, "apparentTemperature": 77.37, "dewPoint": 63.85, "humidity": 0.64, "pressure": 1017.66, "windSpeed": 0.39, "windGust": 2.94, "windBearing": 165, "cloudCover": 0.05, "uvIndex": 5, "visibility": 8.5}, {"time": 1442592000, "summary": "Clear", "icon": "clear-day", "precipIntensity": 0, "precipProbability": 0, "temperature": 80.4, "apparentTemperature": 81.48, "dewPoint": 61.67, "humidity": 0.53, "pressure": 1017.19, "windSpeed": 1.37, "windGust": 5.22, "windBearing": 170, "cloudCover": 0.1, "uvIndex": 6, "visibility": 8.24}, {"time": 1442595600, "summary": "Partly Cloudy", "icon": "partly-cloudy-day", "precipIntensity": 0, "precipProbability": 0, "temperature": 82.65, "apparentTemperature": 82.9, "dewPoint": 59.92, "humidity": 0.46, "pressure": 1016.91, "windSpeed": 0.97, "windGust": 4.91, "windBearing": 161, "cloudCover": 0.29, "uvIndex": 6, "visibility": 8.37}, {"time": 1442599200, "summary": "Partly Cloudy", "icon": "partly-cloudy-day", "precipIntensity": 0, "precipProbability": 0, "temperature": 83.7, "apparentTemperature": 83.7, "dewPoint": 59.47, "humidity": 0.44, "pressure": 1016.41, "windSpeed": 0.76, "windGust": 4.56, "windBearing": 175, "cloudCover": 0.34, "uvIndex": 6, "visibility": 8.2}, {"time": 1442602800, "summary": "Partly Cloudy", "icon": "partly-cloudy-day", "precipIntensity": 0, "precipProbability": 0, "temperature": 84.07, "apparentTemperature": 84.07, "dewPoint": 58.92, "humidity": 0.43, "pressure": 1015.3, "windSpeed": 1.16, "windGust": 4.69, "windBearing": 164, "cloudCover": 0.26, "uvIndex": 5, "visibility": 7.87}, {"time": 1442606400, "summary": "Clear", "icon": "clear-day", "precipIntensity": 0, "precipProbability": 0, "temperature": 84.31, "apparentTemperature": 84.31, "dewPoint": 58.71, "humidity": 0.42, "pressure": 1014.75, "windSpeed": 0.96, "windGust": 4.95, "windBearing": 169, "cloudCover": 0.06, "uvIndex": 3, "visibility": 8.25}, {"time": 1442610000, "summary": "Clear", "icon": "clear-day", "precipIntensity": 0, "precipProbability": 0, "temperature": 83.52, "apparentTemperature": 83.52, "dewPoint": 58.99, "humidity": 0.44, "pressure": 1014.29, "windSpeed": 1.06, "windGust": 4.42, "windBearing": 163, "cloudCover": 0.07, "uvIndex": 1, "visibility": 8}, {"time": 1442613600, "summary": "Clear", "icon": "clear-day", "precipIntensity": 0, "precipProbability": 0, "temperature": 81.74, "apparentTemperature": 82.09, "dewPoint": 59.57, "humidity": 0.47, "pressure": 1014.29, "windSpeed": 1.38, "windGust": 4.13, "windBearing": 159, "cloudCover": 0.05, "uvIndex": 0, "visibility": 8.25}, {"time": 1442617200, "summary": "Clear", "icon": "clear-day", "precipIntensity": 0, "precipProbability": 0, "temperature": 78.69, "apparentTemperature": 78.77, "dewPoint": 60.28, "humidity": 0.53, "pressure": 1014.44, "windSpeed": 0.7, "windGust": 2.37, "windBearing": 161, "cloudCover": 0.06, "uvIndex": 0, "visibility": 8.38}, {"time": 1442620800, "summary": "Clear", "icon": "clear-night", "precipIntensity": 0, "precipProbability": 0, "temperature": 75.29, "apparentTemperature": 75.35, "dewPoint": 60.52, "humidity": 0.6, "pressure": 1014.88, "windSpeed": 0.17, "windGust": 0.87, "windBearing": 159, "cloudCover": 0.09, "uvIndex": 0, "visibility": 7.15}, {"time": 1442624400, "summary": "Clear", "icon": "clear-night", "precipIntensity": 0, "precipProbability": 0, "temperature": 72.62, "apparentTemperature": 72.62, "dewPoint": 60.01, "humidity": 0.65, "pressure": 1015.36, "windSpeed": 0.2, "windGust": 0.95, "windBearing": 160, "cloudCover": 0, "uvIndex": 0, "visibility": 9.25}, {"time": 1442628000, "summary": "Clear", "icon": "clear-night", "precipIntensity": 0, "precipProbability": 0, "temperature": 70.66, "apparentTemperature": 70.66, "dewPoint": 59.75, "humidity": 0.68, "pressure": 1015.6, "windSpeed": 0.18, "windGust": 0.85, "windBearing": 176, "cloudCover": 0, "uvIndex": 0, "visibility": 9.09}, {"time": 1442631600, "summary": "Clear", "icon": "clear-night", "precipIntensity": 0, "precipProbability": 0, "temperature": 69.47, "apparentTemperature": 69.52, "dewPoint": 60.19, "humidity": 0.72, "pressure": 1015.55, "windSpeed": 0.27, "windGust": 0.92, "windBearing": 173, "cloudCover": 0, "uvIndex": 0, "visibility": 7.43}]}, "daily": {"data": [{"time": 1442548800, "summary": "Partly cloudy in the afternoon.", "icon": "partly-cloudy-day", "sunriseTime": 1442573605, "sunsetTime": 1442618025, "moonPhase": 0.17, "precipIntensity": 0, "precipIntensityMax": 0, "precipProbability": 0, "temperatureHigh": 84.31, "temperatureHighTime": 1442606400, "temperatureLow": 63.73, "temperatureLowTime": 1442653200, "apparentTemperatureHigh": 84.31, "apparentTemperatureHighTime": 1442606400, "apparentTemperatureLow": 64.04, "apparentTemperatureLowTime": 1442653200, "dewPoint": 59.74, "humidity": 0.69, "pressure": 1016.5, "windSpeed": 0.41, "windGust": 5.22, "windGustTime": 1442592000, "windBearing": 166, "cloudCover": 0.07, "uvIndex": 6, "uvIndexTime": 1442592000, "visibility": 7.9, "temperatureMin": 59.5, "temperatureMinTime": 1442574000, "temperatureMax": 84.31, "temperatureMaxTime": 1442606400, "apparentTemperatureMin": 59.5, "apparentTemperatureMinTime": 1442574000, "apparentTemperatureMax": 84.31, "apparentTemperatureMaxTime": 1442606400}]}, "flags": {"sources": ["cmc", "gfs", "hrrr", "icon", "isd", "madis", "nam", "sref"], "nearest-station": 1.106, "units": "us"}, "offset": -4}