{"latitude": 38.912659, "longitude": -77.017669, "timezone": "America/New_York", "currently": {"time": 1462593600, "summary": "Drizzle", "icon": "rain", "precipIntensity": 0.0108, "precipProbability": 0.81, "precipType": "rain", "temperature": 51.3, "apparentTemperature": 51.3, "dewPoint": 49.39, "humidity": 0.93, "pressure": 1006.14, "windSpeed": 0.33, "windGust": 1.75, "windBearing": 300, "cloudCover": 1, "uvIndex": 0, "visibility": 5.7}, "hourly": {"summary": "Mostly cloudy throughout the day.", "icon": "partly-cloudy-day", "data": [{"time": 1462593600, "summary": "Light Rain", "icon": "rain", "precipIntensity": 0.0108, "precipProbability": 0.81, "precipType": "rain", "temperature": 51.3, "apparentTemperature": 51.3, "dewPoint": 49.39, "humidity": 0.93, "pressure": 1006.14, "windSpeed": 0.33, "windGust": 1.75, "windBearing": 300, "cloudCover": 1, "uvIndex": 0, "visibility": 5.7}, {"time": 1462597200, "summary": "Overcast", "icon": "cloudy", "precipIntensity": 0.0051, "precipProbability": 0.54, "precipType": "rain", "temperature": 51.08, "apparentTemperature": 51.08, "dewPoint": 49.2, "humidity": 0.93, "pressure": 1006.2, "windSpeed": 0.33, "windGust": 1.81, "windBearing": 305, "cloudCover": 1, "uvIndex": 0, "visibility": 5.21}, {"time": 1462600800, "summary": "Overcast", "icon": "cloudy", "precipIntensity": 0.0054, "precipProbability": 0.58, "precipType": "rain", "temperature": 50.91, "apparentTemperature": 50.91, "dewPoint": 49.16, "humidity": 0.94, "pressure": 1006.2, "windSpeed": 0.51, "windGust": 1.68, "windBearing": 333, "cloudCover": 1, "uvIndex": 0, "visibility": 4.69}, {"time": 1462604400, "summary": "Overcast", "icon": "cloudy", "precipIntensity": 0.007, "precipProbability": 0.59, "precipType": "rain", "temperature": 50.72, "apparentTemperature": 50.72, "dewPoint": 48.92, "humidity": 0.94, "pressure": 1006.21, "windSpeed": 0.31, "windGust": 2.07, "windBearing": 357, "cloudCover": 1, "uvIndex": 0, "visibility": 3.71}, {"time": 1462608000, "summary": "Overcast", "icon": "cloudy", "precipIntensity": 0.0094, "precipProbability": 0.66, "precipType": "rain", "temperature": 50.39, "apparentTemperature": 50.39, "dewPoint": 48.58, "humidity": 0.93, "pressure": 1006.42, "windSpeed": 0.46, "windGust": 1.59, "windBearing": 11, "cloudCover": 0.97, "uvIndex": 0, "visibility": 5.7}, {"time": 1462611600, "summary": "Overcast", "icon": "cloudy", "precipIntensity": 0.0046, "precipProbability": 0.54, "precipType": "rain", "temperature": 50.16, "apparentTemperature": 50.16, "dewPoint": 48.38, "humidity": 0.94, "pressure": 1006.94, "windSpeed": 0.35, "windGust": 1.02, "windBearing": 359, "cloudCover": 1, "uvIndex": 0, "visibility": 6.46}, {"time": 1462615200, "summary": "Overcast", "icon": "cloudy", "precipIntensity": 0.0008, "precipProbability": 0.18, "precipType": "rain", "temperature": 49.87, "apparentTemperature": 49.87, "dewPoint": 48.09, "humidity": 0.94, "pressure": 1007.33, "windSpeed": 0.5, "windGust": 1.2, "windBearing": 342, "cloudCover": 0.97, "uvIndex": 0, "visibility": 6.96}, {"time": 1462618800, "summary": "Mostly Cloudy", "icon": "partly-cloudy-day", "precipIntensity": 0, "precipProbability": 0, "temperature": 49.79, "apparentTemperature": 49.79, "dewPoint": 47.94, "humidity": 0.93, "pressure": 1007.91, "windSpeed": 0.35, "windGust": 1.15, "windBearing": 339, "cloudCover": 0.76, "uvIndex": 0, "visibility": 6.64}, {"time": 1462622400, "summary": "Mostly Cloudy", "icon": "partly-cloudy-day", "precipIntensity": 0, "precipProbability": 0, "temperature": 50.88, "apparentTemperature": 50.88, "dewPoint": 48.96, "humidity": 0.93, "pressure": 1008.23, "windSpeed": 0.81, "windGust": 1.87, "windBearing": 352, "cloudCover": 0.69, "uvIndex": 1, "visibility": 7.16}, {"time": 1462626000, "summary": "Mostly Cloudy", "icon": "partly-cloudy-day", "precipIntensity": 0, "precipProbability": 0, "temperature": 52.56, "apparentTemperature": 52.56, "dewPoint": 49.81, "humidity": 0.9, "pressure": 1008.77, "windSpeed": 0.86, "windGust": 2.65, "windBearing": 351, "cloudCover": 0.78, "uvIndex": 2, "visibility": 7.6}, {"time": 1462629600, "summary": "Overcast", "icon": "cloudy", "precipIntensity": 0, "precipProbability": 0, "temperature": 54.28, "apparentTemperature": 54.28, "dewPoint": 50.08, "humidity": 0.86, "pressure": 1008.64, "windSpeed": 0.74, "windGust": 2.74, "windBearing": 345, "cloudCover": 0.96, "uvIndex": 3, "visibility": 8.37}, {"time": 1462633200, "summary": "Overcast", "icon": "cloudy", "precipIntensity": 0, "precipProbability": 0, "temperature": 56.19, "apparentTemperature": 56.19, "dewPoint": 50.26, "humidity": 0.8, "pressure": 1008.65, "windSpeed": 0.73, "windGust": 3.26, "windBearing": 335, "cloudCover": 0.98, "uvIndex": 4, "visibility": 8.24}, {"time": 1462636800, "summary": "Overcast", "icon": "cloudy", "precipIntensity": 0, "precipProbability": 0, "temperature": 57.81, "apparentTemperature": 57.81, "dewPoint": 50, "humidity": 0.75, "pressure": 1008.85, "windSpeed": 0.74, "windGust": 3.28, "windBearing": 325, "cloudCover": 0.97, "uvIndex": 5, "visibility": 8.17}, {"time": 1462640400, "summary": "Overcast", "icon": "cloudy", "precipIntensity": 0, "precipProbability": 0, "temperature": 59.5, "apparentTemperature": 59.5, "dewPoint": 50.05, "humidity": 0.71, "pressure": 1008.29, "windSpeed": 0.76, "windGust": 3.7, "windBearing": 320, "cloudCover": 0.96, "uvIndex": 5, "visibility": 7.9}, {"time": 1462644000, "summary": "Overcast", "icon": "cloudy", "precipIntensity": 0, "precipProbability": 0, "temperature": 60.48, "apparentTemperature": 60.48, "dewPoint": 49.89, "humidity": 0.68, "pressure": 1008.01, "windSpeed": 0.65, "windGust": 4.1, "windBearing": 311, "cloudCover": 0.98, "uvIndex": 5, "visibility": 8.25}, {"time": 1462647600, "summary": "Mostly Cloudy", "icon": "partly-cloudy-day", "precipIntensity": 0, "precipProbability": 0, "temperature": 62.17, "apparentTemperature": 62.17, "dewPoint": 50.03, "humidity": 0.64, "pressure": 1007.43, "windSpeed": 0.23, "windGust": 3.43, "windBearing": 321, "cloudCover": 0.93, "uvIndex": 4, "visibility": 8.12}, {"time": 1462651200, "summary": "Partly Cloudy", "icon": "partly-cloudy-day", "precipIntensity": 0, "precipProbability": 0, "temperature": 63.45, "apparentTemperature": 63.45, "dewPoint": 49.72, "humidity": 0.61, "pressure": 1006.96, "windSpeed": 0.3, "windGust": 3.39, "windBearing": 311, "cloudCover": 0.57, "uvIndex": 4, "visibility": 8.24}, {"time": 1462654800, "summary": "Mostly Cloudy", "icon": "partly-cloudy-day", "precipIntensity": 0, "precipProbability": 0, "temperature": 64.12, "apparentTemperature": 64.12, "dewPoint": 49.33, "humidity": 0.59, "pressure": 1006.82, "windSpeed": 0.29, "windGust": 3.03, "windBearing": 292, "cloudCover": 0.72, "uvIndex": 2, "visibility": 8.22}, {"time": 1462658400, "summary": "Partly Cloudy", "icon": "partly-cloudy-day", "precipIntensity": 0, "precipProbability": 0, "temperature": 64.41, "apparentTemperature": 64.41, "dewPoint": 49.14, "humidity": 0.58, "pressure": 1006.8, "windSpeed": 0.21, "windGust": 2.32, "windBearing": 171, "cloudCover": 0.46, "uvIndex": 1, "visibility": 6.8}, {"time": 1462662000, "summary": "Partly Cloudy", "icon": "partly-cloudy-day", "precipIntensity": 0, "precipProbability": 0, "temperature": 63.09, "apparentTemperature": 63.09, "dewPoint": 49.64, "humidity": 0.62, "pressure": 1006.73, "windSpeed": 0.32, "windGust": 1.18, "windBearing": 164, "cloudCover": 0.25, "uvIndex": 0, "visibility": 7.32}, {"time": 1462665600, "summary": "Partly Cloudy", "icon": "partly-cloudy-day", "precipIntensity": 0, "precipProbability": 0, "temperature": 59.78, "apparentTemperature": 59.78, "dewPoint": 50.45, "humidity": 0.71, "pressure": 1006.88, "windSpeed": 0.3, "windGust": 0.54, "windBearing": 171, "cloudCover": 0.28, "uvIndex": 0, "visibility": 6.39}, {"time": 1462669200, "summary": "Partly Cloudy", "icon": "partly-cloudy-night", "precipIntensity": 0, "precipProbability": 0, "temperature": 57.5, "apparentTemperature": 57.5, "dewPoint": 50.56, "humidity": 0.78, "pressure": 1006.98, "windSpeed": 0.27, "windGust": 0.57, "windBearing": 165, "cloudCover": 0.32, "uvIndex": 0, "visibility": 7.19}, {"time": 1462672800, "summary": "Mostly Cloudy", "icon": "partly-cloudy-night", "precipIntensity": 0, "precipProbability": 0, "temperature": 57.16, "apparentTemperature": 57.16, "dewPoint": 51.13, "humidity": 0.8, "pressure": 1006.98, "windSpeed": 0.37, "windGust": 0.91, "windBearing": 172, "cloudCover": 0.71, "uvIndex": 0, "visibility": 6.95}, {"time": 1462676400, "summary": "Overcast", "icon": "cloudy", "precipIntensity": 0, "precipProbability": 0, "temperature": 56.85, "apparentTemperature": 56.85, "dewPoint": 51.41, "humidity": 0.82, "pressure": 1007.15, "windSpeed": 0.43, "windGust": 1.36, "windBearing": 177, "cloudCover": 0.94, "uvIndex": 0, "visibility": 7.59}]}, "daily": {"data": [{"time": 1462593600, "summary": "Mostly cloudy throughout the day.", "icon": "partly-cloudy-day", "sunriseTime": 1462615433, "sunsetTime": 1462666073, "moonPhase": 0.04, "precipIntensity": 0.0018, "precipIntensityMax": 0.0108, "precipIntensityMaxTime": 1462593600, "precipProbability": 0.81, "precipType": "rain", "temperatureHigh": 64.41, "temperatureHighTime": 1462658400, "temperatureLow": 53.63, "temperatureLowTime": 1462701600, "apparentTemperatureHigh": 64.41, "apparentTemperatureHighTime": 1462658400, "apparentTemperatureLow": 53.63, "apparentTemperatureLowTime": 1462701600, "dewPoint": 49.59, "humidity": 0.8, "pressure": 1007.31, "windSpeed": 0.29, "windGust": 4.1, "windGustTime": 1462644000, "windBearing": 330, "cloudCover": 0.8, "uvIndex": 5, "uvIndexTime": 1462636800, "visibility": 6.98, "temperatureMin": 49.79, "temperatureMinTime": 1462618800, "temperatureMax": 64.41, "temperatureMaxTime": 1462658400, "apparentTemperatureMin": 49.79, "apparentTemperatureMinTime": 1462618800, "apparentTemperatureMax": 64.41, "apparentTemperatureMaxTime": 1462658400}]}, "flags": {"sources": ["cmc", "gfs", "hrrr", "icon", "isd", "madis", "nam", "sref"], "nearest-station": 1.106, "units": "us"}, "offset": -4}