{"latitude": 38.912659, "longitude": -77.017669, "timezone": "America/New_York", "currently": {"time": 1461384000, "summary": "Mostly Cloudy", "icon": "partly-cloudy-night", "precipIntensity": 0, "precipProbability": 0, "temperature": 64.3, "apparentTemperature": 64.54, "dewPoint": 60.5, "humidity": 0.87, "pressure": 1010.85, "windSpeed": 0.29, "windGust": 1.22, "windBearing": 187, "cloudCover": 0.88, "uvIndex": 0, "visibility": 8.45}, "hourly": {"summary": "Light rain starting in the morning, continuing until afternoon.", "icon": "rain", "data": [{"time": 1461384000, "summary": "Mostly Cloudy", "icon": "partly-cloudy-night", "precipIntensity": 0, "precipProbability": 0, "temperature": 64.3, "apparentTemperature": 64.54, "dewPoint": 60.5, "humidity": 0.87, "pressure": 1010.85, "windSpeed": 0.29, "windGust": 1.22, "windBearing": 187, "cloudCover": 0.88, "uvIndex": 0, "visibility": 8.45}, {"time": 1461387600, "summary": "Mostly Cloudy", "icon": "partly-cloudy-night", "precipIntensity": 0, "precipProbability": 0, "temperature": 63.8, "apparentTemperature": 64.06, "dewPoint": 60.44, "humidity": 0.89, "pressure": 1010.48, "windSpeed": 0.27, "windGust": 1.38, "windBearing": 206, "cloudCover": 0.92, "uvIndex": 0, "visibility": 7.31}, {"time": 1461391200, "summary": "Mostly Cloudy", "icon": "partly-cloudy-night", "precipIntensity": 0, "precipProbability": 0, "temperature": 63.18, "apparentTemperature": 63.41, "dewPoint": 60.08, "humidity": 0.9, "pressure": 1009.69, "windSpeed": 0.23, "windGust": 0.89, "windBearing": 217, "cloudCover": 0.91, "uvIndex": 0, "visibility": 7.31}, {"time": 1461394800, "summary": "Overcast", "icon": "cloudy", "precipIntensity": 0, "precipProbability": 0, "temperature": 62.58, "apparentTemperature": 62.75, "dewPoint": 59.44, "humidity": 0.89, "pressure": 1009.09, "windSpeed": 0.21, "windGust": 1.07, "windBearing": 254, "cloudCover": 0.99, "uvIndex": 0, "visibility": 6.59}, {"time": 1461398400, "summary": "Overcast", "icon": "cloudy", "precipIntensity": 0, "precipProbability": 0, "temperature": 62.12, "apparentTemperature": 62.24, "dewPoint": 58.99, "humidity": 0.89, "pressure": 1009.13, "windSpeed": 0.24, "windGust": 1.04, "windBearing": 271, "cloudCover": 1, "uvIndex": 0, "visibility": 6.21}, {"time": 1461402000, "summary": "Overcast", "icon": "cloudy", "precipIntensity": 0, "precipProbability": 0, "temperature": 61.59, "apparentTemperature": 61.67, "dewPoint": 58.53, "humidity": 0.9, "pressure": 1009.07, "windSpeed": 0.34, "windGust": 1.26, "windBearing": 286, "cloudCover": 1, "uvIndex": 0, "visibility": 7.13}, {"time": 1461405600, "summary": "Overcast", "icon": "cloudy", "precipIntensity": 0.0003, "precipProbability": 0.1, "precipType": "rain", "temperature": 61.21, "apparentTemperature": 61.26, "dewPoint": 58.27, "humidity": 0.9, "pressure": 1009.06, "windSpeed": 0.43, "windGust": 1.51, "windBearing": 333, "cloudCover": 1, "uvIndex": 0, "visibility": 8.01}, {"time": 1461409200, "summary": "Overcast", "icon": "cloudy", "precipIntensity": 0, "precipProbability": 0, "temperature": 61.03, "apparentTemperature": 61.05, "dewPoint": 57.96, "humidity": 0.9, "pressure": 1009.66, "windSpeed": 0.7, "windGust": 2.23, "windBearing": 320, "cloudCover": 0.97, "uvIndex": 0, "visibility": 8.09}, {"time": 1461412800, "summary": "Overcast", "icon": "cloudy", "precipIntensity": 0.0007, "precipProbability": 0.13, "precipType": "rain", "temperature": 61.4, "apparentTemperature": 61.42, "dewPoint": 58.1, "humidity": 0.89, "pressure": 1010.2, "windSpeed": 1.18, "windGust": 3.65, "windBearing": 334, "cloudCover": 0.98, "uvIndex": 1, "visibility": 7.86}, {"time": 1461416400, "summary": "Overcast", "icon": "cloudy", "precipIntensity": 0.0095, "precipProbability": 0.54, "precipType": "rain", "temperature": 61.49, "apparentTemperature": 61.52, "dewPoint": 58.16, "humidity": 0.89, "pressure": 1010.57, "windSpeed": 1.83, "windGust": 5.33, "windBearing": 343, "cloudCover": 1, "uvIndex": 2, "visibility": 6.46}, {"time": 1461420000, "summary": "Light Rain", "icon": "rain", "precipIntensity": 0.023, "precipProbability": 0.87, "precipType": "rain", "temperature": 61.19, "apparentTemperature": 61.2, "dewPoint": 57.93, "humidity": 0.89, "pressure": 1011.34, "windSpeed": 2.24, "windGust": 5.65, "windBearing": 349, "cloudCover": 0.97, "uvIndex": 3, "visibility": 4.86}, {"time": 1461423600, "summary": "Light Rain", "icon": "rain", "precipIntensity": 0.0205, "precipProbability": 0.86, "precipType": "rain", "temperature": 60.69, "apparentTemperature": 60.69, "dewPoint": 57.55, "humidity": 0.89, "pressure": 1012.01, "windSpeed": 1.8, "windGust": 5.84, "windBearing": 2, "cloudCover": 1, "uvIndex": 4, "visibility": 6.23}, {"time": 1461427200, "summary": "Light Rain", "icon": "rain", "precipIntensity": 0.0213, "precipProbability": 0.88, "precipType": "rain", "temperature": 60.49, "apparentTemperature": 60.49, "dewPoint": 57.11, "humidity": 0.89, "pressure": 1012.31, "windSpeed": 2.28, "windGust": 6.42, "windBearing": 1, "cloudCover": 1, "uvIndex": 4, "visibility": 6.86}, {"time": 1461430800, "summary": "Mostly Cloudy", "icon": "partly-cloudy-day", "precipIntensity": 0.0042, "precipProbability": 0.55, "precipType": "rain", "temperature": 62.4, "apparentTemperature": 62.4, "dewPoint": 56.8, "humidity": 0.82, "pressure": 1012.21, "windSpeed": 2.23, "windGust": 7.69, "windBearing": 3, "cloudCover": 0.92, "uvIndex": 5, "visibility": 9.15}, {"time": 1461434400, "summary": "Mostly Cloudy", "icon": "partly-cloudy-day", "precipIntensity": 0, "precipProbability": 0, "temperature": 64.6, "apparentTemperature": 64.6, "dewPoint": 55.32, "humidity": 0.72, "pressure": 1012.02, "windSpeed": 3.28, "windGust": 9.49, "windBearing": 353, "cloudCover": 0.93, "uvIndex": 5, "visibility": 8.25}, {"time": 1461438000, "summary": "Mostly Cloudy", "icon": "partly-cloudy-day", "precipIntensity": 0, "precipProbability": 0, "temperature": 66.52, "apparentTemperature": 66.52, "dewPoint": 54.12, "humidity": 0.64, "pressure": 1011.66, "windSpeed": 3.58, "windGust": 10.36, "windBearing": 344, "cloudCover": 0.8, "uvIndex": 5, "visibility": 8.72}, {"time": 1461441600, "summary": "Mostly Cloudy", "icon": "partly-cloudy-day", "precipIntensity": 0, "precipProbability": 0, "temperature": 68.36, "apparentTemperature": 68.36, "dewPoint": 52.15, "humidity": 0.56, "pressure": 1011.42, "windSpeed": 4.13, "windGust": 11.26, "windBearing": 340, "cloudCover": 0.69, "uvIndex": 4, "visibility": 8.33}, {"time": 1461445200, "summary": "Partly Cloudy", "icon": "partly-cloudy-day", "precipIntensity": 0, "precipProbability": 0, "temperature": 69.36, "apparentTemperature": 69.36, "dewPoint": 50.58, "humidity": 0.51, "pressure": 1011.38, "windSpeed": 3.81, "windGust": 11.24, "windBearing": 347, "cloudCover": 0.4, "uvIndex": 2, "visibility": 8.56}, {"time": 1461448800, "summary": "Clear", "icon": "clear-day", "precipIntensity": 0, "precipProbability": 0, "temperature": 69.05, "apparentTemperature": 69.05, "dewPoint": 47.39, "humidity": 0.46, "pressure": 1011.69, "windSpeed": 3.98, "windGust": 10.96, "windBearing": 358, "cloudCover": 0.22, "uvIndex": 1, "visibility": 8.21}, {"time": 1461452400, "summary": "Clear", "icon": "clear-day", "precipIntensity": 0, "precipProbability": 0, "temperature": 67.29, "apparentTemperature": 67.29, "dewPoint": 44.43, "humidity": 0.44, "pressure": 1012.26, "windSpeed": 3.86, "windGust": 10.31, "windBearing": 359, "cloudCover": 0.07, "uvIndex": 0, "visibility": 8.25}, {"time": 1461456000, "summary": "Clear", "icon": "clear-night", "precipIntensity": 0, "precipProbability": 0, "temperature": 64.15, "apparentTemperature": 64.15, "dewPoint": 42.88, "humidity": 0.46, "pressure": 1013.04, "windSpeed": 1.98, "windGust": 6.27, "windBearing": 13, "cloudCover": 0.05, "uvIndex": 0, "visibility": 8.51}, {"time": 1461459600, "summary": "Clear", "icon": "clear-night", "precipIntensity": 0, "precipProbability": 0, "temperature": 60.91, "apparentTemperature": 60.91, "dewPoint": 39.81, "humidity": 0.46, "pressure": 1013.94, "windSpeed": 1.59, "windGust": 5.44, "windBearing": 20, "cloudCover": 0.01, "uvIndex": 0, "visibility": 8.67}, {"time": 1461463200, "summary": "Clear", "icon": "clear-night", "precipIntensity": 0, "precipProbability": 0, "temperature": 58.56, "apparentTemperature": 58.56, "dewPoint": 37.31, "humidity": 0.45, "pressure": 1014.84, "windSpeed": 1.32, "windGust": 4.73, "windBearing": 15, "cloudCover": 0, "uvIndex": 0, "visibility": 9.02}, {"time": 1461466800, "summary": "Clear", "icon": "clear-night", "precipIntensity": 0, "precipProbability": 0, "temperature": 56.52, "apparentTemperature": 56.52, "dewPoint": 35.92, "humidity": 0.46, "pressure": 1015.4, "windSpeed": 1.78, "windGust": 5.13, "windBearing": 12, "cloudCover": 0, "uvIndex": 0, "visibility": 9.29}]}, "daily": {"data": [{"time": 1461384000, "summary": "Light rain until afternoon.", "icon": "rain", "sunriseTime": 1461406832, "sunsetTime": 1461455652, "moonPhase": 0.55, "precipIntensity": 0.0033, "precipIntensityMax": 0.023, "precipIntensityMaxTime": 1461420000, "precipProbability": 0.88, "precipType": "rain", "temperatureHigh": 69.36, "temperatureHighTime": 1461445200, "temperatureLow": 43.9, "temperatureLowTime": 1461495600, "apparentTemperatureHigh": 69.36, "apparentTemperatureHighTime": 1461445200, "apparentTemperatureLow": 43.9, "apparentTemperatureLowTime": 1461495600, "dewPoint": 53.32, "humidity": 0.73, "pressure": 1011.39, "windSpeed": 1.69, "windGust": 11.26, "windGustTime": 1461441600, "windBearing": 353, "cloudCover": 0.7, "uvIndex": 5, "uvIndexTime": 1461430800, "visibility": 7.76, "temperatureMin": 56.52, "temperatureMinTime": 1461466800, "temperatureMax": 69.36, "temperatureMaxTime": 1461445200, "apparentTemperatureMin": 56.52, "apparentTemperatureMinTime": 1461466800, "apparentTemperatureMax": 69.36, "apparentTemperatureMaxTime": 1461445200}]}, "flags": {"sources": ["cmc", "gfs", "hrrr", "icon", "isd", "madis", "nam", "sref"], "nearest-station": 1.106, "units": "us"}, "offset": -4}