{"latitude": 38.912659, "longitude": -77.017669, "timezone": "America/New_York", "currently": {"time": 1463025600, "summary": "Overcast", "icon": "cloudy", "precipIntensity": 0, "precipProbability": 0, "temperature": 57.68, "apparentTemperature": 57.68, "dewPoint": 55.75, "humidity": 0.93, "pressure": 1021.02, "windSpeed": 0.07, "windGust": 0.59, "windBearing": 343, "cloudCover": 1, "uvIndex": 0, "visibility": 2.79}, "hourly": {"summary": "Foggy in the morning.", "icon": "fog", "data": [{"time": 1463025600, "summary": "Overcast", "icon": "cloudy", "precipIntensity": 0, "precipProbability": 0, "temperature": 57.68, "apparentTemperature": 57.68, "dewPoint": 55.75, "humidity": 0.93, "pressure": 1021.02, "windSpeed": 0.07, "windGust": 0.59, "windBearing": 343, "cloudCover": 1, "uvIndex": 0, "visibility": 2.79}, {"time": 1463029200, "summary": "Overcast", "icon": "cloudy", "precipIntensity": 0, "precipProbability": 0, "temperature": 57.57, "apparentTemperature": 57.57, "dewPoint": 55.77, "humidity": 0.94, "pressure": 1020.9, "windSpeed": 0.04, "windGust": 0.18, "windBearing": 0, "cloudCover": 1, "uvIndex": 0, "visibility": 2.81}, {"time": 1463032800, "summary": "Overcast", "icon": "cloudy", "precipIntensity": 0, "precipProbability": 0, "temperature": 57.39, "apparentTemperature": 57.39, "dewPoint": 55.57, "humidity": 0.94, "pressure": 1020.17, "windSpeed": 0, "windGust": 0.18, "cloudCover": 1, "uvIndex": 0, "visibility": 2.53}, {"time": 1463036400, "summary": "Overcast", "icon": "cloudy", "precipIntensity": 0, "precipProbability": 0, "temperature": 57.25, "apparentTemperature": 57.25, "dewPoint": 55.52, "humidity": 0.94, "pressure": 1020.21, "windSpeed": 0, "windGust": 0.08, "cloudCover": 1, "uvIndex": 0, "visibility": 2.01}, {"time": 1463040000, "summary": "Foggy", "icon": "fog", "precipIntensity": 0, "precipProbability": 0, "temperature": 57.3, "apparentTemperature": 57.3, "dewPoint": 55.56, "humidity": 0.94, "pressure": 1020.19, "windSpeed": 0.02, "windGust": 0.25, "windBearing": 1, "cloudCover": 1, "uvIndex": 0, "visibility": 1.94}, {"time": 1463043600, "summary": "Foggy", "icon": "fog", "precipIntensity": 0, "precipProbability": 0, "temperature": 57.12, "apparentTemperature": 57.12, "dewPoint": 55.38, "humidity": 0.94, "pressure": 1019.94, "windSpeed": 0.03, "windGust": 0.37, "windBearing": 0, "cloudCover": 1, "uvIndex": 0, "visibility": 1.94}, {"time": 1463047200, "summary": "Overcast", "icon": "cloudy", "precipIntensity": 0, "precipProbability": 0, "temperature": 57.03, "apparentTemperature": 57.03, "dewPoint": 55.31, "humidity": 0.94, "pressure": 1019.93, "windSpeed": 0.05, "windGust": 0.34, "windBearing": 0, "cloudCover": 1, "uvIndex": 0, "visibility": 2.08}, {"time": 1463050800, "summary": "Overcast", "icon": "cloudy", "precipIntensity": 0, "precipProbability": 0, "temperature": 57.11, "apparentTemperature": 57.11, "dewPoint": 55.5, "humidity": 0.94, "pressure": 1020.61, "windSpeed": 0.07, "windGust": 0.47, "windBearing": 357, "cloudCover": 1, "uvIndex": 0, "visibility": 2.56}, {"time": 1463054400, "summary": "Overcast", "icon": "cloudy", "precipIntensity": 0, "precipProbability": 0, "temperature": 57.53, "apparentTemperature": 57.53, "dewPoint": 55.93, "humidity": 0.94, "pressure": 1021.1, "windSpeed": 0.04, "windGust": 0.78, "windBearing": 62, "cloudCover": 1, "uvIndex": 1, "visibility": 2.87}, {"time": 1463058000, "summary": "Overcast", "icon": "cloudy", "precipIntensity": 0, "precipProbability": 0, "temperature": 58.2, "apparentTemperature": 58.2, "dewPoint": 56.42, "humidity": 0.94, "pressure": 1020.97, "windSpeed": 0.09, "windGust": 0.68, "windBearing": 91, "cloudCover": 1, "uvIndex": 2, "visibility": 4.46}, {"time": 1463061600, "summary": "Overcast", "icon": "cloudy", "precipIntensity": 0, "precipProbability": 0, "temperature": 59.2, "apparentTemperature": 59.2, "dewPoint": 57.19, "humidity": 0.93, "pressure": 1020.63, "windSpeed": 0.09, "windGust": 1.22, "windBearing": 108, "cloudCover": 1, "uvIndex": 3, "visibility": 6.64}, {"time": 1463065200, "summary": "Overcast", "icon": "cloudy", "precipIntensity": 0, "precipProbability": 0, "temperature": 60.13, "apparentTemperature": 60.17, "dewPoint": 57.84, "humidity": 0.92, "pressure": 1020.98, "windSpeed": 0.06, "windGust": 0.98, "windBearing": 165, "cloudCover": 1, "uvIndex": 4, "visibility": 6.41}, {"time": 1463068800, "summary": "Overcast", "icon": "cloudy", "precipIntensity": 0, "precipProbability": 0, "temperature": 61.46, "apparentTemperature": 61.57, "dewPoint": 58.71, "humidity": 0.91, "pressure": 1020.75, "windSpeed": 0.09, "windGust": 1.6, "windBearing": 151, "cloudCover": 1, "uvIndex": 4, "visibility": 7.69}, {"time": 1463072400, "summary": "Overcast", "icon": "cloudy", "precipIntensity": 0, "precipProbability": 0, "temperature": 63.33, "apparentTemperature": 63.46, "dewPoint": 59.48, "humidity": 0.87, "pressure": 1020.2, "windSpeed": 0.16, "windGust": 1.83, "windBearing": 113, "cloudCover": 1, "uvIndex": 5, "visibility": 7.61}, {"time": 1463076000, "summary": "Overcast", "icon": "cloudy", "precipIntensity": 0, "precipProbability": 0, "temperature": 64.61, "apparentTemperature": 64.77, "dewPoint": 60.05, "humidity": 0.85, "pressure": 1019.65, "windSpeed": 0.41, "windGust": 2.62, "windBearing": 146, "cloudCover": 1, "uvIndex": 4, "visibility": 7.76}, {"time": 1463079600, "summary": "Overcast", "icon": "cloudy", "precipIntensity": 0, "precipProbability": 0, "temperature": 65.62, "apparentTemperature": 65.79, "dewPoint": 60.39, "humidity": 0.83, "pressure": 1019, "windSpeed": 0.46, "windGust": 2.84, "windBearing": 138, "cloudCover": 1, "uvIndex": 4, "visibility": 8.04}, {"time": 1463083200, "summary": "Overcast", "icon": "cloudy", "precipIntensity": 0, "precipProbability": 0, "temperature": 66.07, "apparentTemperature": 66.22, "dewPoint": 60.36, "humidity": 0.82, "pressure": 1018.26, "windSpeed": 0.62, "windGust": 3.53, "windBearing": 146, "cloudCover": 1, "uvIndex": 3, "visibility": 7.65}, {"time": 1463086800, "summary": "Overcast", "icon": "cloudy", "precipIntensity": 0, "precipProbability": 0, "temperature": 65.81, "apparentTemperature": 65.95, "dewPoint": 60.17, "humidity": 0.82, "pressure": 1017.79, "windSpeed": 0.69, "windGust": 3.12, "windBearing": 172, "cloudCover": 1, "uvIndex": 2, "visibility": 7.8}, {"time": 1463090400, "summary": "Overcast", "icon": "cloudy", "precipIntensity": 0, "precipProbability": 0, "temperature": 65.28, "apparentTemperature": 65.41, "dewPoint": 59.97, "humidity": 0.83, "pressure": 1017.56, "windSpeed": 0.51, "windGust": 2.49, "windBearing": 180, "cloudCover": 1, "uvIndex": 1, "visibility": 8.37}, {"time": 1463094000, "summary": "Overcast", "icon": "cloudy", "precipIntensity": 0, "precipProbability": 0, "temperature": 64.54, "apparentTemperature": 64.64, "dewPoint": 59.61, "humidity": 0.84, "pressure": 1016.95, "windSpeed": 0.46, "windGust": 2.74, "windBearing": 171, "cloudCover": 1, "uvIndex": 0, "visibility": 8.08}, {"time": 1463097600, "summary": "Overcast", "icon": "cloudy", "precipIntensity": 0, "precipProbability": 0, "temperature": 63.76, "apparentTemperature": 63.87, "dewPoint": 59.4, "humidity": 0.86, "pressure": 1016.54, "windSpeed": 0.32, "windGust": 1.72, "windBearing": 178, "cloudCover": 1, "uvIndex": 0, "visibility": 7.2}, {"time": 1463101200, "summary": "Overcast", "icon": "cloudy", "precipIntensity": 0, "precipProbability": 0, "temperature": 62.98, "apparentTemperature": 63.1, "dewPoint": 59.25, "humidity": 0.88, "pressure": 1016.87, "windSpeed": 0.42, "windGust": 1.91, "windBearing": 185, "cloudCover": 1, "uvIndex": 0, "visibility": 7.33}, {"time": 1463104800, "summary": "Overcast", "icon": "cloudy", "precipIntensity": 0, "precipProbability": 0, "temperature": 62.65, "apparentTemperature": 62.8, "dewPoint": 59.36, "humidity": 0.89, "pressure": 1016.88, "windSpeed": 0.48, "windGust": 2.17, "windBearing": 168, "cloudCover": 1, "uvIndex": 0, "visibility": 7.48}, {"time": 1463108400, "summary": "Overcast", "icon": "cloudy", "precipIntensity": 0, "precipProbability": 0, "temperature": 62.47, "apparentTemperature": 62.65, "dewPoint": 59.5, "humidity": 0.9, "pressure": 1016.51, "windSpeed": 0.52, "windGust": 1.88, "windBearing": 172, "cloudCover": 1, "uvIndex": 0, "visibility": 7.65}]}, "daily": {"data": [{"time": 1463025600, "summary": "Foggy in the morning.", "icon": "fog", "sunriseTime": 1463047137, "sunsetTime": 1463098358, "moonPhase": 0.21, "precipIntensity": 0, "precipIntensityMax": 0, "precipProbability": 0, "temperatureHigh": 66.07, "temperatureHighTime": 1463083200, "temperatureLow": 62.26, "temperatureLowTime": 1463130000, "apparentTemperatureHigh": 66.22, "apparentTemperatureHighTime": 1463083200, "apparentTemperatureLow": 62.55, "apparentTemperatureLowTime": 1463119200, "dewPoint": 57.83, "humidity": 0.9, "pressure": 1019.32, "windSpeed": 0.2, "windGust": 3.53, "windGustTime": 1463083200, "windBearing": 160, "cloudCover": 1, "uvIndex": 5, "uvIndexTime": 1463072400, "visibility": 5.49, "temperatureMin": 57.03, "temperatureMinTime": 1463047200, "temperatureMax": 66.07, "temperatureMaxTime": 1463083200, "apparentTemperatureMin": 57.03, "apparentTemperatureMinTime": 1463047200, "apparentTemperatureMax": 66.22, "apparentTemperatureMaxTime": 1463083200}]}, "flags": {"sources": ["cmc", "gfs", "hrrr", "icon", "isd", "madis", "nam", "sref"], "nearest-station": 1.106, "units": "us"}, "offset": -4}