{"latitude": 38.912659, "longitude": -77.017669, "timezone": "America/New_York", "currently": {"time": 1438574400, "summary": "Clear", "icon": "clear-night", "precipIntensity": 0, "precipProbability": 0, "temperature": 71.23, "apparentTemperature": 71.61, "dewPoint": 63.14, "humidity": 0.76, "pressure": 1012.15, "windSpeed": 0.16, "windGust": 0.58, "windBearing": 192, "cloudCover": 0, "uvIndex": 0, "visibility": 9.15}, "hourly": {"summary": "Partly cloudy in the morning.", "icon": "partly-cloudy-night", "data": [{"time": 1438574400, "summary": "Clear", "icon": "clear-night", "precipIntensity": 0, "precipProbability": 0, "temperature": 71.23, "apparentTemperature": 71.61, "dewPoint": 63.14, "humidity": 0.76, "pressure": 1012.15, "windSpeed": 0.16, "windGust": 0.58, "windBearing": 192, "cloudCover": 0, "uvIndex": 0, "visibility": 9.15}, {"time": 1438578000, "summary": "Clear", "icon": "clear-night", "precipIntensity": 0, "precipProbability": 0, "temperature": 70.2, "apparentTemperature": 70.6, "dewPoint": 63.08, "humidity": 0.78, "pressure": 1011.99, "windSpeed": 0.09, "windGust": 0.37, "windBearing": 196, "cloudCover": 0, "uvIndex": 0, "visibility": 8.06}, {"time": 1438581600, "summary": "Clear", "icon": "clear-night", "precipIntensity": 0, "precipProbability": 0, "temperature": 69.66, "apparentTemperature": 70.05, "dewPoint": 62.87, "humidity": 0.79, "pressure": 1011.55, "windSpeed": 0.13, "windGust": 0.79, "windBearing": 220, "cloudCover": 0.02, "uvIndex": 0, "visibility": 9.05}, {"time": 1438585200, "summary": "Clear", "icon": "clear-night", "precipIntensity": 0, "precipProbability": 0, "temperature": 69.31, "apparentTemperature": 69.67, "dewPoint": 62.68, "humidity": 0.79, "pressure": 1011.45, "windSpeed": 0.1, "windGust": 0.54, "windBearing": 206, "cloudCover": 0.05, "uvIndex": 0, "visibility": 7.37}, {"time": 1438588800, "summary": "Partly Cloudy", "icon": "partly-cloudy-night", "precipIntensity": 0, "precipProbability": 0, "temperature": 68.12, "apparentTemperature": 68.48, "dewPoint": 62.38, "humidity": 0.82, "pressure": 1011.15, "windSpeed": 0.06, "windGust": 0.68, "windBearing": 188, "cloudCover": 0.27, "uvIndex": 0, "visibility": 7.26}, {"time": 1438592400, "summary": "Partly Cloudy", "icon": "partly-cloudy-night", "precipIntensity": 0, "precipProbability": 0, "temperature": 67.4, "apparentTemperature": 67.74, "dewPoint": 62.04, "humidity": 0.83, "pressure": 1011, "windSpeed": 0.22, "windGust": 0.69, "windBearing": 192, "cloudCover": 0.27, "uvIndex": 0, "visibility": 9.09}, {"time": 1438596000, "summary": "Clear", "icon": "clear-night", "precipIntensity": 0, "precipProbability": 0, "temperature": 67.92, "apparentTemperature": 68.25, "dewPoint": 62.04, "humidity": 0.81, "pressure": 1011.04, "windSpeed": 0.26, "windGust": 1.2, "windBearing": 189, "cloudCover": 0.13, "uvIndex": 0, "visibility": 5.48}, {"time": 1438599600, "summary": "Clear", "icon": "clear-day", "precipIntensity": 0, "precipProbability": 0, "temperature": 67.87, "apparentTemperature": 68.26, "dewPoint": 62.49, "humidity": 0.83, "pressure": 1011.36, "windSpeed": 0.27, "windGust": 1.05, "windBearing": 207, "cloudCover": 0.09, "uvIndex": 0, "visibility": 9.35}, {"time": 1438603200, "summary": "Clear", "icon": "clear-day", "precipIntensity": 0, "precipProbability": 0, "temperature": 71, "apparentTemperature": 71.45, "dewPoint": 63.7, "humidity": 0.78, "pressure": 1011.59, "windSpeed": 0.64, "windGust": 2.42, "windBearing": 219, "cloudCover": 0.04, "uvIndex": 1, "visibility": 10}, {"time": 1438606800, "summary": "Clear", "icon": "clear-day", "precipIntensity": 0, "precipProbability": 0, "temperature": 75.07, "apparentTemperature": 75.54, "dewPoint": 64.34, "humidity": 0.69, "pressure": 1011.94, "windSpeed": 0.91, "windGust": 4.19, "windBearing": 213, "cloudCover": 0.01, "uvIndex": 2, "visibility": 8.23}, {"time": 1438610400, "summary": "Clear", "icon": "clear-day", "precipIntensity": 0, "precipProbability": 0, "temperature": 79.81, "apparentTemperature": 81.58, "dewPoint": 64.62, "humidity": 0.6, "pressure": 1011.78, "windSpeed": 1.24, "windGust": 5.8, "windBearing": 223, "cloudCover": 0.01, "uvIndex": 5, "visibility": 9.48}, {"time": 1438614000, "summary": "Clear", "icon": "clear-day", "precipIntensity": 0, "precipProbability": 0, "temperature": 83.47, "apparentTemperature": 85.01, "dewPoint": 64.37, "humidity": 0.53, "pressure": 1011.76, "windSpeed": 1.23, "windGust": 5.03, "windBearing": 224, "cloudCover": 0.05, "uvIndex": 7, "visibility": 7.65}, {"time": 1438617600, "summary": "Clear", "icon": "clear-day", "precipIntensity": 0, "precipProbability": 0, "temperature": 86.42, "apparentTemperature": 87.61, "dewPoint": 63.66, "humidity": 0.47, "pressure": 1011.2, "windSpeed": 1.13, "windGust": 5.57, "windBearing": 223, "cloudCover": 0.03, "uvIndex": 9, "visibility": 7.64}, {"time": 1438621200, "summary": "Clear", "icon": "clear-day", "precipIntensity": 0, "precipProbability": 0, "temperature": 88.39, "apparentTemperature": 89.23, "dewPoint": 62.86, "humidity": 0.43, "pressure": 1010.62, "windSpeed": 0.94, "windGust": 5.28, "windBearing": 206, "cloudCover": 0.12, "uvIndex": 9, "visibility": 8.21}, {"time": 1438624800, "summary": "Clear", "icon": "clear-day", "precipIntensity": 0, "precipProbability": 0, "temperature": 89.46, "apparentTemperature": 90.22, "dewPoint": 62.61, "humidity": 0.41, "pressure": 1010.07, "windSpeed": 1.95, "windGust": 7.02, "windBearing": 193, "cloudCover": 0.03, "uvIndex": 9, "visibility": 8.24}, {"time": 1438628400, "summary": "Clear", "icon": "clear-day", "precipIntensity": 0, "precipProbability": 0, "temperature": 89.31, "apparentTemperature": 90.23, "dewPoint": 62.96, "humidity": 0.42, "pressure": 1009.93, "windSpeed": 2.8, "windGust": 8.3, "windBearing": 188, "cloudCover": 0.07, "uvIndex": 8, "visibility": 8}, {"time": 1438632000, "summary": "Clear", "icon": "clear-day", "precipIntensity": 0, "precipProbability": 0, "temperature": 89.44, "apparentTemperature": 90.54, "dewPoint": 63.31, "humidity": 0.42, "pressure": 1009.69, "windSpeed": 2.53, "windGust": 8.45, "windBearing": 200, "cloudCover": 0.06, "uvIndex": 6, "visibility": 7.65}, {"time": 1438635600, "summary": "Clear", "icon": "clear-day", "precipIntensity": 0, "precipProbability": 0, "temperature": 89.22, "apparentTemperature": 90.74, "dewPoint": 64.17, "humidity": 0.44, "pressure": 1009.7, "windSpeed": 2.52, "windGust": 8.96, "windBearing": 205, "cloudCover": 0.2, "uvIndex": 3, "visibility": 7.72}, {"time": 1438639200, "summary": "Clear", "icon": "clear-day", "precipIntensity": 0, "precipProbability": 0, "temperature": 88.72, "apparentTemperature": 90.48, "dewPoint": 64.69, "humidity": 0.45, "pressure": 1009.54, "windSpeed": 2.22, "windGust": 7.89, "windBearing": 198, "cloudCover": 0.22, "uvIndex": 1, "visibility": 7.86}, {"time": 1438642800, "summary": "Clear", "icon": "clear-day", "precipIntensity": 0, "precipProbability": 0, "temperature": 87.53, "apparentTemperature": 89.78, "dewPoint": 65.71, "humidity": 0.49, "pressure": 1009.39, "windSpeed": 1.45, "windGust": 5.24, "windBearing": 200, "cloudCover": 0.12, "uvIndex": 0, "visibility": 8.92}, {"time": 1438646400, "summary": "Clear", "icon": "clear-day", "precipIntensity": 0, "precipProbability": 0, "temperature": 85.09, "apparentTemperature": 87.53, "dewPoint": 66.35, "humidity": 0.54, "pressure": 1009.69, "windSpeed": 0.58, "windGust": 2.25, "windBearing": 204, "cloudCover": 0.23, "uvIndex": 0, "visibility": 7.97}, {"time": 1438650000, "summary": "Clear", "icon": "clear-night", "precipIntensity": 0, "precipProbability": 0, "temperature": 81.79, "apparentTemperature": 84.13, "dewPoint": 66.51, "humidity": 0.6, "pressure": 1009.66, "windSpeed": 0.61, "windGust": 1.12, "windBearing": 184, "cloudCover": 0.07, "uvIndex": 0, "visibility": 10}, {"time": 1438653600, "summary": "Clear", "icon": "clear-night", "precipIntensity": 0, "precipProbability": 0, "temperature": 80.16, "apparentTemperature": 82.5, "dewPoint": 66.96, "humidity": 0.64, "pressure": 1010.15, "windSpeed": 0.48, "windGust": 0.97, "windBearing": 187, "cloudCover": 0.14, "uvIndex": 0, "visibility": 8.58}, {"time": 1438657200, "summary": "Clear", "icon": "clear-night", "precipIntensity": 0, "precipProbability": 0, "temperature": 79.27, "apparentTemperature": 80, "dewPoint": 66.92, "humidity": 0.66, "pressure": 1009.71, "windSpeed": 0.49, "windGust": 1.68, "windBearing": 188, "cloudCover": 0.03, "uvIndex": 0, "visibility": 9.19}]}, "daily": {"data": [{"time": 1438574400, "summary": "Partly cloudy in the morning.", "icon": "partly-cloudy-night", "sunriseTime": 1438596721, "sunsetTime": 1438647542, "moonPhase": 0.62, "precipIntensity": 0, "precipIntensityMax": 0, "precipProbability": 0, "temperatureHigh": 89.46, "temperatureHighTime": 1438624800, "temperatureLow": 70.36, "temperatureLowTime": 1438686000, "apparentTemperatureHigh": 90.74, "apparentTemperatureHighTime": 1438635600, "apparentTemperatureLow": 70.82, "apparentTemperatureLowTime": 1438686000, "dewPoint": 63.94, "humidity": 0.62, "pressure": 1010.75, "windSpeed": 0.94, "windGust": 8.96, "windGustTime": 1438635600, "windBearing": 202, "cloudCover": 0.09, "uvIndex": 9, "uvIndexTime": 1438617600, "visibility": 8.34, "temperatureMin": 67.4, "temperatureMinTime": 1438592400, "temperatureMax": 89.46, "temperatureMaxTime": 1438624800, "apparentTemperatureMin": 67.74, "apparentTemperatureMinTime": 1438592400, "apparentTemperatureMax": 90.74, "apparentTemperatureMaxTime": 1438635600}]}, "flags": {"sources": ["cmc", "gfs", "hrrr", "icon", "isd", "madis", "nam", "sref"], "nearest-station": 0.675, "units": "us"}, "offset": -4}