{"latitude": 38.912659, "longitude": -77.017669, "timezone": "America/New_York", "currently": {"time": 1429675200, "summary": "Clear", "icon": "clear-night", "precipIntensity": 0, "precipProbability": 0, "temperature": 49.62, "apparentTemperature": 49.62, "dewPoint": 38.06, "humidity": 0.64, "pressure": 1009.23, "windSpeed": 0, "windGust": 0.08, "cloudCover": 0, "uvIndex": 0, "visibility": 10}, "hourly": {"summary": "Mostly cloudy starting in the afternoon, continuing until evening.", "icon": "partly-cloudy-day", "data": [{"time": 1429675200, "summary": "Clear", "icon": "clear-night", "precipIntensity": 0, "precipProbability": 0, "temperature": 49.62, "apparentTemperature": 49.62, "dewPoint": 38.06, "humidity": 0.64, "pressure": 1009.23, "windSpeed": 0, "windGust": 0.08, "cloudCover": 0, "uvIndex": 0, "visibility": 10}, {"time": 1429678800, "summary": "Clear", "icon": "clear-night", "precipIntensity": 0, "precipProbability": 0, "temperature": 48.16, "apparentTemperature": 48.16, "dewPoint": 37.88, "humidity": 0.67, "pressure": 1009.07, "windSpeed": 0, "windGust": 0.13, "cloudCover": 0, "uvIndex": 0, "visibility": 5.52}, {"time": 1429682400, "summary": "Clear", "icon": "clear-night", "precipIntensity": 0, "precipProbability": 0, "temperature": 47.29, "apparentTemperature": 47.29, "dewPoint": 37.8, "humidity": 0.69, "pressure": 1008.85, "windSpeed": 0.05, "windGust": 0.25, "windBearing": 186, "cloudCover": 0, "uvIndex": 0, "visibility": 6.37}, {"time": 1429686000, "summary": "Clear", "icon": "clear-night", "precipIntensity": 0, "precipProbability": 0, "temperature": 48.59, "apparentTemperature": 48.59, "dewPoint": 36.41, "humidity": 0.63, "pressure": 1008.8, "windSpeed": 0.14, "windGust": 0.77, "windBearing": 224, "cloudCover": 0.17, "uvIndex": 0, "visibility": 6.07}, {"time": 1429689600, "summary": "Clear", "icon": "clear-night", "precipIntensity": 0, "precipProbability": 0, "temperature": 48.82, "apparentTemperature": 48.82, "dewPoint": 35.42, "humidity": 0.6, "pressure": 1008.58, "windSpeed": 0.13, "windGust": 0.83, "windBearing": 203, "cloudCover": 0.13, "uvIndex": 0, "visibility": 7.59}, {"time": 1429693200, "summary": "Partly Cloudy", "icon": "partly-cloudy-night", "precipIntensity": 0, "precipProbability": 0, "temperature": 48.95, "apparentTemperature": 48.95, "dewPoint": 34.69, "humidity": 0.58, "pressure": 1008.18, "windSpeed": 0.07, "windGust": 0.76, "windBearing": 200, "cloudCover": 0.49, "uvIndex": 0, "visibility": 6.52}, {"time": 1429696800, "summary": "Clear", "icon": "clear-night", "precipIntensity": 0, "precipProbability": 0, "temperature": 49.37, "apparentTemperature": 49.37, "dewPoint": 34.87, "humidity": 0.57, "pressure": 1008.31, "windSpeed": 0.3, "windGust": 1.46, "windBearing": 196, "cloudCover": 0.16, "uvIndex": 0, "visibility": 6.82}, {"time": 1429700400, "summary": "Partly Cloudy", "icon": "partly-cloudy-day", "precipIntensity": 0, "precipProbability": 0, "temperature": 50.39, "apparentTemperature": 50.39, "dewPoint": 35.58, "humidity": 0.57, "pressure": 1008.41, "windSpeed": 0.45, "windGust": 1.67, "windBearing": 194, "cloudCover": 0.27, "uvIndex": 0, "visibility": 7.54}, {"time": 1429704000, "summary": "Clear", "icon": "clear-day", "precipIntensity": 0, "precipProbability": 0, "temperature": 54.07, "apparentTemperature": 54.07, "dewPoint": 36.62, "humidity": 0.52, "pressure": 1008.3, "windSpeed": 1.3, "windGust": 3.83, "windBearing": 201, "cloudCover": 0.13, "uvIndex": 1, "visibility": 7.87}, {"time": 1429707600, "summary": "Clear", "icon": "clear-day", "precipIntensity": 0, "precipProbability": 0, "temperature": 58.4, "apparentTemperature": 58.4, "dewPoint": 37.03, "humidity": 0.45, "pressure": 1007.58, "windSpeed": 2.03, "windGust": 6.53, "windBearing": 208, "cloudCover": 0.15, "uvIndex": 2, "visibility": 9.1}, {"time": 1429711200, "summary": "Clear", "icon": "clear-day", "precipIntensity": 0, "precipProbability": 0, "temperature": 63.52, "apparentTemperature": 63.52, "dewPoint": 37.79, "humidity": 0.38, "pressure": 1006.6, "windSpeed": 3.66, "windGust": 11.07, "windBearing": 204, "cloudCover": 0.11, "uvIndex": 4, "visibility": 9.53}, {"time": 1429714800, "summary": "Clear", "icon": "clear-day", "precipIntensity": 0, "precipProbability": 0, "temperature": 66.75, "apparentTemperature": 66.75, "dewPoint": 38.2, "humidity": 0.35, "pressure": 1005.31, "windSpeed": 4.87, "windGust": 14.5, "windBearing": 203, "cloudCover": 0.07, "uvIndex": 6, "visibility": 8}, {"time": 1429718400, "summary": "Clear", "icon": "clear-day", "precipIntensity": 0, "precipProbability": 0, "temperature": 69.28, "apparentTemperature": 69.28, "dewPoint": 39.71, "humidity": 0.34, "pressure": 1003.68, "windSpeed": 5.9, "windGust": 16.76, "windBearing": 207, "cloudCover": 0.12, "uvIndex": 8, "visibility": 8}, {"time": 1429722000, "summary": "Partly Cloudy", "icon": "partly-cloudy-day", "precipIntensity": 0, "precipProbability": 0, "temperature": 71.08, "apparentTemperature": 71.08, "dewPoint": 40, "humidity": 0.32, "pressure": 1002.4, "windSpeed": 5.94, "windGust": 17.17, "windBearing": 213, "cloudCover": 0.34, "uvIndex": 7, "visibility": 8.04}, {"time": 1429725600, "summary": "Mostly Cloudy", "icon": "partly-cloudy-day", "precipIntensity": 0.0007, "precipProbability": 0.16, "precipType": "rain", "temperature": 64.63, "apparentTemperature": 64.63, "dewPoint": 46.19, "humidity": 0.51, "pressure": 1002.82, "windSpeed": 3.42, "windGust": 15.09, "windBearing": 295, "cloudCover": 0.75, "uvIndex": 5, "visibility": 9.73}, {"time": 1429729200, "summary": "Mostly Cloudy", "icon": "partly-cloudy-day", "precipIntensity": 0.001, "precipProbability": 0.15, "precipType": "rain", "temperature": 61.1, "apparentTemperature": 61.1, "dewPoint": 47.15, "humidity": 0.6, "pressure": 1003.52, "windSpeed": 4.25, "windGust": 12.56, "windBearing": 307, "cloudCover": 0.65, "uvIndex": 5, "visibility": 8.82}, {"time": 1429732800, "summary": "Mostly Cloudy", "icon": "partly-cloudy-day", "precipIntensity": 0.0002, "precipProbability": 0.06, "precipType": "rain", "temperature": 58.79, "apparentTemperature": 58.79, "dewPoint": 44.91, "humidity": 0.6, "pressure": 1004.38, "windSpeed": 3.62, "windGust": 11.7, "windBearing": 316, "cloudCover": 0.77, "uvIndex": 4, "visibility": 8.96}, {"time": 1429736400, "summary": "Mostly Cloudy", "icon": "partly-cloudy-day", "precipIntensity": 0.0003, "precipProbability": 0.09, "precipType": "rain", "temperature": 56.99, "apparentTemperature": 56.99, "dewPoint": 43.41, "humidity": 0.6, "pressure": 1005.04, "windSpeed": 3.87, "windGust": 11.67, "windBearing": 318, "cloudCover": 0.77, "uvIndex": 2, "visibility": 8.18}, {"time": 1429740000, "summary": "Mostly Cloudy", "icon": "partly-cloudy-day", "precipIntensity": 0.0022, "precipProbability": 0.21, "precipType": "rain", "temperature": 55.72, "apparentTemperature": 55.72, "dewPoint": 42.96, "humidity": 0.62, "pressure": 1005.42, "windSpeed": 2.94, "windGust": 8.71, "windBearing": 304, "cloudCover": 0.78, "uvIndex": 1, "visibility": 8.76}, {"time": 1429743600, "summary": "Partly Cloudy", "icon": "partly-cloudy-day", "precipIntensity": 0, "precipProbability": 0, "temperature": 56.17, "apparentTemperature": 56.17, "dewPoint": 41.29, "humidity": 0.57, "pressure": 1005.79, "windSpeed": 3.28, "windGust": 10.28, "windBearing": 305, "cloudCover": 0.38, "uvIndex": 0, "visibility": 9.52}, {"time": 1429747200, "summary": "Clear", "icon": "clear-night", "precipIntensity": 0, "precipProbability": 0, "temperature": 55.12, "apparentTemperature": 55.12, "dewPoint": 38.32, "humidity": 0.53, "pressure": 1006.27, "windSpeed": 1.68, "windGust": 5.75, "windBearing": 304, "cloudCover": 0.07, "uvIndex": 0, "visibility": 8.93}, {"time": 1429750800, "summary": "Clear", "icon": "clear-night", "precipIntensity": 0, "precipProbability": 0, "temperature": 53.65, "apparentTemperature": 53.65, "dewPoint": 35.83, "humidity": 0.51, "pressure": 1006.76, "windSpeed": 0.95, "windGust": 3.73, "windBearing": 319, "cloudCover": 0.17, "uvIndex": 0, "visibility": 8.05}, {"time": 1429754400, "summary": "Partly Cloudy", "icon": "partly-cloudy-night", "precipIntensity": 0, "precipProbability": 0, "temperature": 52.37, "apparentTemperature": 52.37, "dewPoint": 35.48, "humidity": 0.52, "pressure": 1006.94, "windSpeed": 1.36, "windGust": 4.83, "windBearing": 326, "cloudCover": 0.38, "uvIndex": 0, "visibility": 9.52}, {"time": 1429758000, "summary": "Clear", "icon": "clear-night", "precipIntensity": 0, "precipProbability": 0, "temperature": 51.7, "apparentTemperature": 51.7, "dewPoint": 35.55, "humidity": 0.54, "pressure": 1007.7, "windSpeed": 4.28, "windGust": 12.18, "windBearing": 326, "cloudCover": 0.2, "uvIndex": 0, "visibility": 7.79}]}, "daily": {"data": [{"time": 1429675200, "summary": "Mostly cloudy starting in the afternoon, continuing until evening.", "icon": "partly-cloudy-day", "sunriseTime": 1429698173, "sunsetTime": 1429746749, "moonPhase": 0.14, "precipIntensity": 0.0002, "precipIntensityMax": 0.0022, "precipIntensityMaxTime": 1429740000, "precipProbability": 0.21, "precipType": "rain", "temperatureHigh": 71.08, "temperatureHighTime": 1429722000, "temperatureLow": 40.31, "temperatureLowTime": 1429786800, "apparentTemperatureHigh": 71.08, "apparentTemperatureHighTime": 1429722000, "apparentTemperatureLow": 40.31, "apparentTemperatureLowTime": 1429786800, "dewPoint": 38.8, "humidity": 0.54, "pressure": 1006.58, "windSpeed": 1.38, "windGust": 17.17, "windGustTime": 1429722000, "windBearing": 265, "cloudCover": 0.3, "uvIndex": 8, "uvIndexTime": 1429718400, "visibility": 8.13, "temperatureMin": 47.29, "temperatureMinTime": 1429682400, "temperatureMax": 71.08, "temperatureMaxTime": 1429722000, "apparentTemperatureMin": 47.29, "apparentTemperatureMinTime": 1429682400, "apparentTemperatureMax": 71.08, "apparentTemperatureMaxTime": 1429722000}]}, "flags": {"sources": ["cmc", "gfs", "hrrr", "icon", "isd", "madis", "nam", "sref"], "nearest-station": 0.675, "units": "us"}, "offset": -4}