{"latitude": 38.912659, "longitude": -77.017669, "timezone": "America/New_York", "currently": {"time": 1422248400, "summary": "Overcast", "icon": "cloudy", "precipIntensity": 0, "precipProbability": 0, "temperature": 42.41, "apparentTemperature": 42.41, "dewPoint": 33.65, "humidity": 0.71, "pressure": 1011.07, "windSpeed": 0.94, "windGust": 2.94, "windBearing": 103, "cloudCover": 1, "uvIndex": 0, "visibility": 7.55}, "hourly": {"summary": "Overcast throughout the day.", "icon": "cloudy", "data": [{"time": 1422248400, "summary": "Overcast", "icon": "cloudy", "precipIntensity": 0, "precipProbability": 0, "temperature": 42.41, "apparentTemperature": 42.41, "dewPoint": 33.65, "humidity": 0.71, "pressure": 1011.07, "windSpeed": 0.94, "windGust": 2.94, "windBearing": 103, "cloudCover": 1, "uvIndex": 0, "visibility": 7.55}, {"time": 1422252000, "summary": "Overcast", "icon": "cloudy", "precipIntensity": 0, "precipProbability": 0, "temperature": 41.99, "apparentTemperature": 41.99, "dewPoint": 33.85, "humidity": 0.73, "pressure": 1010.8, "windSpeed": 0.97, "windGust": 2.96, "windBearing": 95, "cloudCover": 1, "uvIndex": 0, "visibility": 8.28}, {"time": 1422255600, "summary": "Overcast", "icon": "cloudy", "precipIntensity": 0, "precipProbability": 0, "temperature": 41.18, "apparentTemperature": 41.18, "dewPoint": 34.13, "humidity": 0.76, "pressure": 1010.24, "windSpeed": 1.23, "windGust": 3.86, "windBearing": 78, "cloudCover": 1, "uvIndex": 0, "visibility": 7.61}, {"time": 1422259200, "summary": "Overcast", "icon": "cloudy", "precipIntensity": 0.0017, "precipProbability": 0.18, "precipType": "rain", "temperature": 40.27, "apparentTemperature": 40.27, "dewPoint": 34.57, "humidity": 0.8, "pressure": 1009.99, "windSpeed": 2.04, "windGust": 5.67, "windBearing": 71, "cloudCover": 1, "uvIndex": 0, "visibility": 7.17}, {"time": 1422262800, "summary": "Overcast", "icon": "cloudy", "precipIntensity": 0.0022, "precipProbability": 0.33, "precipType": "rain", "temperature": 39.11, "apparentTemperature": 37.16, "dewPoint": 34.93, "humidity": 0.85, "pressure": 1009.7, "windSpeed": 3.17, "windGust": 7.75, "windBearing": 75, "cloudCover": 1, "uvIndex": 0, "visibility": 6.59}, {"time": 1422266400, "summary": "Overcast", "icon": "cloudy", "precipIntensity": 0.0087, "precipProbability": 0.73, "precipType": "rain", "temperature": 37.98, "apparentTemperature": 35.75, "dewPoint": 34.69, "humidity": 0.88, "pressure": 1009.19, "windSpeed": 3.27, "windGust": 7.98, "windBearing": 73, "cloudCover": 1, "uvIndex": 0, "visibility": 4.67}, {"time": 1422270000, "summary": "Light Rain", "icon": "rain", "precipIntensity": 0.0179, "precipProbability": 0.86, "precipType": "rain", "temperature": 36.54, "apparentTemperature": 33.41, "dewPoint": 33.46, "humidity": 0.88, "pressure": 1008.96, "windSpeed": 3.91, "windGust": 9.5, "windBearing": 74, "cloudCover": 1, "uvIndex": 0, "visibility": 4.83}, {"time": 1422273600, "summary": "Overcast", "icon": "cloudy", "precipIntensity": 0.0131, "precipProbability": 0.7, "precipType": "rain", "temperature": 34.63, "apparentTemperature": 31.71, "dewPoint": 31.7, "humidity": 0.89, "pressure": 1009.68, "windSpeed": 3.46, "windGust": 9.26, "windBearing": 74, "cloudCover": 1, "uvIndex": 0, "visibility": 3.75}, {"time": 1422277200, "summary": "Overcast", "icon": "cloudy", "precipIntensity": 0.008, "precipProbability": 0.5, "precipType": "rain", "temperature": 33.21, "apparentTemperature": 30.14, "dewPoint": 30.64, "humidity": 0.9, "pressure": 1009.76, "windSpeed": 3.42, "windGust": 9.07, "windBearing": 76, "cloudCover": 1, "uvIndex": 0, "visibility": 2.39}, {"time": 1422280800, "summary": "Overcast", "icon": "cloudy", "precipIntensity": 0.0034, "precipProbability": 0.32, "precipAccumulation": 0.026, "precipType": "snow", "temperature": 32.98, "apparentTemperature": 30.35, "dewPoint": 30.57, "humidity": 0.91, "pressure": 1009, "windSpeed": 3.06, "windGust": 7.74, "windBearing": 67, "cloudCover": 1, "uvIndex": 1, "visibility": 4.26}, {"time": 1422284400, "summary": "Overcast", "icon": "cloudy", "precipIntensity": 0.0012, "precipProbability": 0.18, "precipAccumulation": 0.009, "precipType": "snow", "temperature": 33.4, "apparentTemperature": 30.1, "dewPoint": 30.79, "humidity": 0.9, "pressure": 1009.37, "windSpeed": 3.64, "windGust": 8.99, "windBearing": 65, "cloudCover": 1, "uvIndex": 1, "visibility": 5.83}, {"time": 1422288000, "summary": "Overcast", "icon": "cloudy", "precipIntensity": 0.002, "precipProbability": 0.27, "precipType": "sleet", "temperature": 33.25, "apparentTemperature": 33.25, "dewPoint": 30.73, "humidity": 0.9, "pressure": 1009.15, "windSpeed": 2.68, "windGust": 7.5, "windBearing": 63, "cloudCover": 1, "uvIndex": 2, "visibility": 3.81}, {"time": 1422291600, "summary": "Overcast", "icon": "cloudy", "precipIntensity": 0.0027, "precipProbability": 0.35, "precipType": "rain", "temperature": 32.68, "apparentTemperature": 32.68, "dewPoint": 30.15, "humidity": 0.9, "pressure": 1008.29, "windSpeed": 2.49, "windGust": 6.44, "windBearing": 45, "cloudCover": 1, "uvIndex": 2, "visibility": 3.47}, {"time": 1422295200, "summary": "Overcast", "icon": "cloudy", "precipIntensity": 0.0023, "precipProbability": 0.31, "precipType": "rain", "temperature": 32.24, "apparentTemperature": 29.46, "dewPoint": 29.52, "humidity": 0.9, "pressure": 1006.95, "windSpeed": 3.09, "windGust": 7.73, "windBearing": 40, "cloudCover": 1, "uvIndex": 2, "visibility": 4.79}, {"time": 1422298800, "summary": "Overcast", "icon": "cloudy", "precipIntensity": 0.0017, "precipProbability": 0.31, "precipType": "sleet", "temperature": 32.03, "apparentTemperature": 28.75, "dewPoint": 29.14, "humidity": 0.89, "pressure": 1006.46, "windSpeed": 3.45, "windGust": 7.77, "windBearing": 36, "cloudCover": 1, "uvIndex": 2, "visibility": 6.17}, {"time": 1422302400, "summary": "Overcast", "icon": "cloudy", "precipIntensity": 0.0008, "precipProbability": 0.2, "precipType": "rain", "temperature": 32.05, "apparentTemperature": 32.05, "dewPoint": 29.24, "humidity": 0.89, "pressure": 1006.08, "windSpeed": 2.39, "windGust": 6.14, "windBearing": 24, "cloudCover": 1, "uvIndex": 1, "visibility": 5.91}, {"time": 1422306000, "summary": "Overcast", "icon": "cloudy", "precipIntensity": 0.0009, "precipProbability": 0.16, "precipType": "sleet", "temperature": 32, "apparentTemperature": 32, "dewPoint": 29.12, "humidity": 0.89, "pressure": 1005.84, "windSpeed": 2.36, "windGust": 5.97, "windBearing": 21, "cloudCover": 1, "uvIndex": 0, "visibility": 6.37}, {"time": 1422309600, "summary": "Overcast", "icon": "cloudy", "precipIntensity": 0, "precipProbability": 0, "temperature": 31.57, "apparentTemperature": 28.73, "dewPoint": 28.56, "humidity": 0.88, "pressure": 1006.43, "windSpeed": 3.07, "windGust": 7.03, "windBearing": 24, "cloudCover": 1, "uvIndex": 0, "visibility": 6.04}, {"time": 1422313200, "summary": "Overcast", "icon": "cloudy", "precipIntensity": 0, "precipProbability": 0, "temperature": 30.99, "apparentTemperature": 30.99, "dewPoint": 27.86, "humidity": 0.88, "pressure": 1006.91, "windSpeed": 2.63, "windGust": 6.63, "windBearing": 17, "cloudCover": 1, "uvIndex": 0, "visibility": 4.18}, {"time": 1422316800, "summary": "Overcast", "icon": "cloudy", "precipIntensity": 0, "precipProbability": 0, "temperature": 30.3, "apparentTemperature": 30.3, "dewPoint": 27.01, "humidity": 0.87, "pressure": 1006.8, "windSpeed": 2.96, "windGust": 7.05, "windBearing": 6, "cloudCover": 1, "uvIndex": 0, "visibility": 5.43}, {"time": 1422320400, "summary": "Overcast", "icon": "cloudy", "precipIntensity": 0, "precipProbability": 0, "temperature": 29.4, "apparentTemperature": 25.8, "dewPoint": 26.14, "humidity": 0.87, "pressure": 1007.19, "windSpeed": 3.41, "windGust": 7.92, "windBearing": 358, "cloudCover": 1, "uvIndex": 0, "visibility": 6.86}, {"time": 1422324000, "summary": "Overcast", "icon": "cloudy", "precipIntensity": 0, "precipProbability": 0, "temperature": 28.5, "apparentTemperature": 28.5, "dewPoint": 25.21, "humidity": 0.87, "pressure": 1007.47, "windSpeed": 2.94, "windGust": 7.64, "windBearing": 345, "cloudCover": 1, "uvIndex": 0, "visibility": 3.65}, {"time": 1422327600, "summary": "Overcast", "icon": "cloudy", "precipIntensity": 0, "precipProbability": 0, "temperature": 27.57, "apparentTemperature": 23.76, "dewPoint": 24.27, "humidity": 0.87, "pressure": 1007.58, "windSpeed": 3.37, "windGust": 8.87, "windBearing": 336, "cloudCover": 1, "uvIndex": 0, "visibility": 2.96}, {"time": 1422331200, "summary": "Overcast", "icon": "cloudy", "precipIntensity": 0, "precipProbability": 0, "temperature": 27.09, "apparentTemperature": 22.57, "dewPoint": 23.84, "humidity": 0.87, "pressure": 1007.47, "windSpeed": 3.87, "windGust": 9.27, "windBearing": 337, "cloudCover": 1, "uvIndex": 0, "visibility": 2.72}]}, "daily": {"data": [{"time": 1422248400, "summary": "Overcast throughout the day.", "icon": "cloudy", "sunriseTime": 1422274824, "sunsetTime": 1422310989, "moonPhase": 0.23, "precipIntensity": 0.0028, "precipIntensityMax": 0.0179, "precipIntensityMaxTime": 1422270000, "precipProbability": 0.86, "precipType": "rain", "temperatureHigh": 34.63, "temperatureHighTime": 1422273600, "temperatureLow": 26.85, "temperatureLowTime": 1422334800, "apparentTemperatureHigh": 33.25, "apparentTemperatureHighTime": 1422288000, "apparentTemperatureLow": 19.13, "apparentTemperatureLowTime": 1422345600, "dewPoint": 30.16, "humidity": 0.86, "pressure": 1008.35, "windSpeed": 2.3, "windGust": 9.5, "windGustTime": 1422270000, "windBearing": 41, "cloudCover": 1, "uvIndex": 2, "uvIndexTime": 1422288000, "visibility": 5.22, "temperatureMin": 27.09, "temperatureMinTime": 1422331200, "temperatureMax": 42.41, "temperatureMaxTime": 1422248400, "apparentTemperatureMin": 22.57, "apparentTemperatureMinTime": 1422331200, "apparentTemperatureMax": 42.41, "apparentTemperatureMaxTime": 1422248400}]}, "flags": {"sources": ["cmc", "gfs", "hrrr", "icon", "isd", "madis", "nam", "sref"], "nearest-station": 0.675, "units": "us"}, "offset": -5}