{"latitude": 38.912659, "longitude": -77.017669, "timezone": "America/New_York", "currently": {"time": 1423717200, "summary": "Mostly Cloudy", "icon": "partly-cloudy-night", "precipIntensity": 0, "precipProbability": 0, "temperature": 33.94, "apparentTemperature": 33.94, "dewPoint": 24.82, "humidity": 0.69, "pressure": 1013.1, "windSpeed": 0.65, "windGust": 1.45, "windBearing": 184, "cloudCover": 0.88, "uvIndex": 0, "visibility": 8.68}, "hourly": {"summary": "Mostly cloudy until evening.", "icon": "partly-cloudy-day", "data": [{"time": 1423717200, "summary": "Mostly Cloudy", "icon": "partly-cloudy-night", "precipIntensity": 0, "precipProbability": 0, "temperature": 33.94, "apparentTemperature": 33.94, "dewPoint": 24.82, "humidity": 0.69, "pressure": 1013.1, "windSpeed": 0.65, "windGust": 1.45, "windBearing": 184, "cloudCover": 0.88, "uvIndex": 0, "visibility": 8.68}, {"time": 1423720800, "summary": "Mostly Cloudy", "icon": "partly-cloudy-night", "precipIntensity": 0, "precipProbability": 0, "temperature": 33.49, "apparentTemperature": 33.49, "dewPoint": 25.58, "humidity": 0.72, "pressure": 1012.83, "windSpeed": 0.56, "windGust": 1.39, "windBearing": 183, "cloudCover": 0.83, "uvIndex": 0, "visibility": 8.75}, {"time": 1423724400, "summary": "Mostly Cloudy", "icon": "partly-cloudy-night", "precipIntensity": 0, "precipProbability": 0, "temperature": 33.24, "apparentTemperature": 33.24, "dewPoint": 26.28, "humidity": 0.75, "pressure": 1012.12, "windSpeed": 0.55, "windGust": 1.98, "windBearing": 194, "cloudCover": 0.71, "uvIndex": 0, "visibility": 7.79}, {"time": 1423728000, "summary": "Overcast", "icon": "cloudy", "precipIntensity": 0, "precipProbability": 0, "temperature": 33.29, "apparentTemperature": 33.29, "dewPoint": 26.76, "humidity": 0.77, "pressure": 1011.74, "windSpeed": 0.55, "windGust": 1.73, "windBearing": 191, "cloudCover": 1, "uvIndex": 0, "visibility": 8.68}, {"time": 1423731600, "summary": "Overcast", "icon": "cloudy", "precipIntensity": 0, "precipProbability": 0, "temperature": 33.12, "apparentTemperature": 33.12, "dewPoint": 26.95, "humidity": 0.78, "pressure": 1010.98, "windSpeed": 0.41, "windGust": 1.07, "windBearing": 195, "cloudCover": 1, "uvIndex": 0, "visibility": 8.63}, {"time": 1423735200, "summary": "Overcast", "icon": "cloudy", "precipIntensity": 0, "precipProbability": 0, "temperature": 33.1, "apparentTemperature": 33.1, "dewPoint": 27.23, "humidity": 0.79, "pressure": 1010.99, "windSpeed": 0.24, "windGust": 0.65, "windBearing": 204, "cloudCover": 1, "uvIndex": 0, "visibility": 8.56}, {"time": 1423738800, "summary": "Overcast", "icon": "cloudy", "precipIntensity": 0, "precipProbability": 0, "temperature": 33.17, "apparentTemperature": 33.17, "dewPoint": 27.49, "humidity": 0.79, "pressure": 1010.74, "windSpeed": 0.16, "windGust": 0.49, "windBearing": 198, "cloudCover": 1, "uvIndex": 0, "visibility": 8.56}, {"time": 1423742400, "summary": "Overcast", "icon": "cloudy", "precipIntensity": 0, "precipProbability": 0, "temperature": 33.2, "apparentTemperature": 33.2, "dewPoint": 27.65, "humidity": 0.8, "pressure": 1010.69, "windSpeed": 0.22, "windGust": 0.33, "windBearing": 206, "cloudCover": 1, "uvIndex": 0, "visibility": 8.76}, {"time": 1423746000, "summary": "Overcast", "icon": "cloudy", "precipIntensity": 0, "precipProbability": 0, "temperature": 33.44, "apparentTemperature": 33.44, "dewPoint": 27.93, "humidity": 0.8, "pressure": 1010.73, "windSpeed": 0.27, "windGust": 0.76, "windBearing": 191, "cloudCover": 1, "uvIndex": 0, "visibility": 8.42}, {"time": 1423749600, "summary": "Overcast", "icon": "cloudy", "precipIntensity": 0, "precipProbability": 0, "temperature": 34.27, "apparentTemperature": 34.27, "dewPoint": 28.66, "humidity": 0.8, "pressure": 1010.79, "windSpeed": 0.35, "windGust": 1.21, "windBearing": 219, "cloudCover": 1, "uvIndex": 1, "visibility": 8.18}, {"time": 1423753200, "summary": "Mostly Cloudy", "icon": "partly-cloudy-day", "precipIntensity": 0, "precipProbability": 0, "temperature": 36.23, "apparentTemperature": 36.23, "dewPoint": 30.04, "humidity": 0.78, "pressure": 1010.59, "windSpeed": 0.83, "windGust": 3.34, "windBearing": 252, "cloudCover": 0.84, "uvIndex": 2, "visibility": 7.66}, {"time": 1423756800, "summary": "Mostly Cloudy", "icon": "partly-cloudy-day", "precipIntensity": 0, "precipProbability": 0, "temperature": 37.26, "apparentTemperature": 34.88, "dewPoint": 30.31, "humidity": 0.76, "pressure": 1010.54, "windSpeed": 3.32, "windGust": 10.47, "windBearing": 323, "cloudCover": 0.92, "uvIndex": 2, "visibility": 7.68}, {"time": 1423760400, "summary": "Mostly Cloudy", "icon": "partly-cloudy-day", "precipIntensity": 0, "precipProbability": 0, "temperature": 37.72, "apparentTemperature": 34.11, "dewPoint": 28.16, "humidity": 0.68, "pressure": 1010.46, "windSpeed": 4.62, "windGust": 12.71, "windBearing": 323, "cloudCover": 0.92, "uvIndex": 3, "visibility": 8.58}, {"time": 1423764000, "summary": "Mostly Cloudy", "icon": "partly-cloudy-day", "precipIntensity": 0, "precipProbability": 0, "temperature": 38.02, "apparentTemperature": 34.1, "dewPoint": 22.97, "humidity": 0.54, "pressure": 1010.18, "windSpeed": 5.06, "windGust": 14.67, "windBearing": 316, "cloudCover": 0.9, "uvIndex": 3, "visibility": 8.75}, {"time": 1423767600, "summary": "Mostly Cloudy", "icon": "partly-cloudy-day", "precipIntensity": 0, "precipProbability": 0, "temperature": 38.58, "apparentTemperature": 35.02, "dewPoint": 19.77, "humidity": 0.46, "pressure": 1009.87, "windSpeed": 4.74, "windGust": 14.4, "windBearing": 325, "cloudCover": 0.93, "uvIndex": 2, "visibility": 7.98}, {"time": 1423771200, "summary": "Mostly Cloudy", "icon": "partly-cloudy-day", "precipIntensity": 0, "precipProbability": 0, "temperature": 39.29, "apparentTemperature": 35.48, "dewPoint": 17.68, "humidity": 0.41, "pressure": 1009.73, "windSpeed": 5.21, "windGust": 14.49, "windBearing": 314, "cloudCover": 0.8, "uvIndex": 1, "visibility": 8.54}, {"time": 1423774800, "summary": "Mostly Cloudy", "icon": "partly-cloudy-day", "precipIntensity": 0, "precipProbability": 0, "temperature": 38.64, "apparentTemperature": 33.83, "dewPoint": 17.07, "humidity": 0.41, "pressure": 1010.31, "windSpeed": 6.46, "windGust": 17.01, "windBearing": 321, "cloudCover": 0.89, "uvIndex": 1, "visibility": 8.55}, {"time": 1423778400, "summary": "Mostly Cloudy", "icon": "partly-cloudy-day", "precipIntensity": 0, "precipProbability": 0, "temperature": 35.66, "apparentTemperature": 30.28, "dewPoint": 15.39, "humidity": 0.43, "pressure": 1011.96, "windSpeed": 6.44, "windGust": 17.84, "windBearing": 317, "cloudCover": 0.74, "uvIndex": 0, "visibility": 8.94}, {"time": 1423782000, "summary": "Clear", "icon": "clear-night", "precipIntensity": 0, "precipProbability": 0, "temperature": 32.16, "apparentTemperature": 25.35, "dewPoint": 11.55, "humidity": 0.42, "pressure": 1013.36, "windSpeed": 7.52, "windGust": 18.44, "windBearing": 312, "cloudCover": 0.18, "uvIndex": 0, "visibility": 8.39}, {"time": 1423785600, "summary": "Clear", "icon": "clear-night", "precipIntensity": 0, "precipProbability": 0, "temperature": 29.49, "apparentTemperature": 22.04, "dewPoint": 9.71, "humidity": 0.43, "pressure": 1014.49, "windSpeed": 7.61, "windGust": 18.58, "windBearing": 309, "cloudCover": 0.08, "uvIndex": 0, "visibility": 8.36}, {"time": 1423789200, "summary": "Clear", "icon": "clear-night", "precipIntensity": 0, "precipProbability": 0, "temperature": 26.86, "apparentTemperature": 18.72, "dewPoint": 7.82, "humidity": 0.44, "pressure": 1016, "windSpeed": 7.8, "windGust": 19.68, "windBearing": 312, "cloudCover": 0.01, "uvIndex": 0, "visibility": 8.94}, {"time": 1423792800, "summary": "Clear", "icon": "clear-night", "precipIntensity": 0, "precipProbability": 0, "temperature": 24.13, "apparentTemperature": 15.77, "dewPoint": 5.76, "humidity": 0.45, "pressure": 1017.14, "windSpeed": 7.31, "windGust": 18.09, "windBearing": 313, "cloudCover": 0.07, "uvIndex": 0, "visibility": 9.44}, {"time": 1423796400, "summary": "Clear", "icon": "clear-night", "precipIntensity": 0, "precipProbability": 0, "temperature": 22.07, "apparentTemperature": 13.64, "dewPoint": 4.24, "humidity": 0.45, "pressure": 1018.26, "windSpeed": 6.87, "windGust": 18.33, "windBearing": 313, "cloudCover": 0.07, "uvIndex": 0, "visibility": 8.4}, {"time": 1423800000, "summary": "Clear", "icon": "clear-night", "precipIntensity": 0, "precipProbability": 0, "temperature": 20.19, "apparentTemperature": 11.77, "dewPoint": 3.03, "humidity": 0.47, "pressure": 1019.06, "windSpeed": 6.42, "windGust": 17.33, "windBearing": 314, "cloudCover": 0.1, "uvIndex": 0, "visibility": 8.77}]}, "daily": {"data": [{"time": 1423717200, "summary": "Mostly cloudy until evening.", "icon": "partly-cloudy-day", "sunriseTime": 1423742661, "sunsetTime": 1423780979, "moonPhase": 0.77, "precipIntensity": 0, "precipIntensityMax": 0, "precipProbability": 0, "temperatureHigh": 39.29, "temperatureHighTime": 1423771200, "temperatureLow": 12.46, "temperatureLowTime": 1423828800, "apparentTemperatureHigh": 36.23, "apparentTemperatureHighTime": 1423753200, "apparentTemperatureLow": 4.48, "apparentTemperatureLowTime": 1423828800, "dewPoint": 20.54, "humidity": 0.62, "pressure": 1012.36, "windSpeed": 3.23, "windGust": 19.68, "windGustTime": 1423789200, "windBearing": 312, "cloudCover": 0.7, "uvIndex": 3, "uvIndexTime": 1423760400, "visibility": 8.5, "temperatureMin": 20.19, "temperatureMinTime": 1423800000, "temperatureMax": 39.29, "temperatureMaxTime": 1423771200, "apparentTemperatureMin": 11.77, "apparentTemperatureMinTime": 1423800000, "apparentTemperatureMax": 36.23, "apparentTemperatureMaxTime": 1423753200}]}, "flags": {"sources": ["cmc", "gfs", "hrrr", "icon", "isd", "madis", "nam", "sref"], "nearest-station": 0.675, "units": "us"}, "offset": -5}