{"latitude": 38.912659, "longitude": -77.017669, "timezone": "America/New_York", "currently": {"time": 1437796800, "summary": "Clear", "icon": "clear-night", "precipIntensity": 0, "precipProbability": 0, "temperature": 70.33, "apparentTemperature": 70.5, "dewPoint": 61.34, "humidity": 0.73, "pressure": 1014.66, "windSpeed": 0.01, "windGust": 0.09, "windBearing": 180, "cloudCover": 0.14, "uvIndex": 0, "visibility": 9.06}, "hourly": {"summary": "Partly cloudy starting in the morning.", "icon": "partly-cloudy-day", "data": [{"time": 1437796800, "summary": "Clear", "icon": "clear-night", "precipIntensity": 0, "precipProbability": 0, "temperature": 70.33, "apparentTemperature": 70.5, "dewPoint": 61.34, "humidity": 0.73, "pressure": 1014.66, "windSpeed": 0.01, "windGust": 0.09, "windBearing": 180, "cloudCover": 0.14, "uvIndex": 0, "visibility": 9.06}, {"time": 1437800400, "summary": "Partly Cloudy", "icon": "partly-cloudy-night", "precipIntensity": 0, "precipProbability": 0, "temperature": 68.75, "apparentTemperature": 68.93, "dewPoint": 61.16, "humidity": 0.77, "pressure": 1014.63, "windSpeed": 0, "windGust": 0.02, "cloudCover": 0.52, "uvIndex": 0, "visibility": 9.08}, {"time": 1437804000, "summary": "Partly Cloudy", "icon": "partly-cloudy-night", "precipIntensity": 0, "precipProbability": 0, "temperature": 67.61, "apparentTemperature": 67.83, "dewPoint": 61.16, "humidity": 0.8, "pressure": 1014.79, "windSpeed": 0, "windGust": 0.05, "cloudCover": 0.39, "uvIndex": 0, "visibility": 9.15}, {"time": 1437807600, "summary": "Clear", "icon": "clear-night", "precipIntensity": 0, "precipProbability": 0, "temperature": 66.79, "apparentTemperature": 67.02, "dewPoint": 61.08, "humidity": 0.82, "pressure": 1014.62, "windSpeed": 0, "windGust": 0.03, "cloudCover": 0, "uvIndex": 0, "visibility": 10}, {"time": 1437811200, "summary": "Clear", "icon": "clear-night", "precipIntensity": 0, "precipProbability": 0, "temperature": 65.96, "apparentTemperature": 66.2, "dewPoint": 60.98, "humidity": 0.84, "pressure": 1014.25, "windSpeed": 0, "windGust": 0, "cloudCover": 0.21, "uvIndex": 0, "visibility": 7.3}, {"time": 1437814800, "summary": "Partly Cloudy", "icon": "partly-cloudy-night", "precipIntensity": 0, "precipProbability": 0, "temperature": 65.3, "apparentTemperature": 65.55, "dewPoint": 60.87, "humidity": 0.86, "pressure": 1014.5, "windSpeed": 0, "windGust": 0, "cloudCover": 0.26, "uvIndex": 0, "visibility": 6.3}, {"time": 1437818400, "summary": "Mostly Cloudy", "icon": "partly-cloudy-night", "precipIntensity": 0, "precipProbability": 0, "temperature": 65.28, "apparentTemperature": 65.58, "dewPoint": 61.14, "humidity": 0.86, "pressure": 1015.31, "windSpeed": 0, "windGust": 0, "cloudCover": 0.73, "uvIndex": 0, "visibility": 8.14}, {"time": 1437822000, "summary": "Mostly Cloudy", "icon": "partly-cloudy-day", "precipIntensity": 0, "precipProbability": 0, "temperature": 66.32, "apparentTemperature": 66.73, "dewPoint": 62.21, "humidity": 0.87, "pressure": 1015.78, "windSpeed": 0, "windGust": 0, "cloudCover": 0.65, "uvIndex": 0, "visibility": 10}, {"time": 1437825600, "summary": "Partly Cloudy", "icon": "partly-cloudy-day", "precipIntensity": 0, "precipProbability": 0, "temperature": 69.93, "apparentTemperature": 70.54, "dewPoint": 64.69, "humidity": 0.83, "pressure": 1015.76, "windSpeed": 0, "windGust": 0.21, "cloudCover": 0.4, "uvIndex": 1, "visibility": 10}, {"time": 1437829200, "summary": "Partly Cloudy", "icon": "partly-cloudy-day", "precipIntensity": 0, "precipProbability": 0, "temperature": 75.45, "apparentTemperature": 76.04, "dewPoint": 65.49, "humidity": 0.71, "pressure": 1015.91, "windSpeed": 0.06, "windGust": 0.98, "windBearing": 159, "cloudCover": 0.33, "uvIndex": 2, "visibility": 8.2}, {"time": 1437832800, "summary": "Clear", "icon": "clear-day", "precipIntensity": 0, "precipProbability": 0, "temperature": 79.18, "apparentTemperature": 79.73, "dewPoint": 65.24, "humidity": 0.62, "pressure": 1015.99, "windSpeed": 0.16, "windGust": 1.74, "windBearing": 153, "cloudCover": 0.2, "uvIndex": 5, "visibility": 10}, {"time": 1437836400, "summary": "Partly Cloudy", "icon": "partly-cloudy-day", "precipIntensity": 0, "precipProbability": 0, "temperature": 82.17, "apparentTemperature": 83.63, "dewPoint": 63.95, "humidity": 0.54, "pressure": 1016.18, "windSpeed": 0.58, "windGust": 3.63, "windBearing": 181, "cloudCover": 0.25, "uvIndex": 6, "visibility": 8}, {"time": 1437840000, "summary": "Partly Cloudy", "icon": "partly-cloudy-day", "precipIntensity": 0, "precipProbability": 0, "temperature": 84.38, "apparentTemperature": 85.73, "dewPoint": 63.93, "humidity": 0.5, "pressure": 1015.99, "windSpeed": 1, "windGust": 4.25, "windBearing": 171, "cloudCover": 0.32, "uvIndex": 8, "visibility": 7.9}, {"time": 1437843600, "summary": "Partly Cloudy", "icon": "partly-cloudy-day", "precipIntensity": 0, "precipProbability": 0, "temperature": 85.26, "apparentTemperature": 86.85, "dewPoint": 64.54, "humidity": 0.5, "pressure": 1015.34, "windSpeed": 1.52, "windGust": 5.53, "windBearing": 184, "cloudCover": 0.41, "uvIndex": 8, "visibility": 7.65}, {"time": 1437847200, "summary": "Partly Cloudy", "icon": "partly-cloudy-day", "precipIntensity": 0, "precipProbability": 0, "temperature": 86.49, "apparentTemperature": 88.14, "dewPoint": 64.64, "humidity": 0.48, "pressure": 1015.25, "windSpeed": 1.57, "windGust": 6.1, "windBearing": 180, "cloudCover": 0.45, "uvIndex": 7, "visibility": 7.9}, {"time": 1437850800, "summary": "Partly Cloudy", "icon": "partly-cloudy-day", "precipIntensity": 0, "precipProbability": 0, "temperature": 86.68, "apparentTemperature": 88.52, "dewPoint": 65.02, "humidity": 0.49, "pressure": 1014.85, "windSpeed": 1.82, "windGust": 6.07, "windBearing": 170, "cloudCover": 0.39, "uvIndex": 7, "visibility": 7.73}, {"time": 1437854400, "summary": "Partly Cloudy", "icon": "partly-cloudy-day", "precipIntensity": 0, "precipProbability": 0, "temperature": 86.4, "apparentTemperature": 88.55, "dewPoint": 65.65, "humidity": 0.5, "pressure": 1014.79, "windSpeed": 1.69, "windGust": 6.3, "windBearing": 174, "cloudCover": 0.52, "uvIndex": 5, "visibility": 7.51}, {"time": 1437858000, "summary": "Partly Cloudy", "icon": "partly-cloudy-day", "precipIntensity": 0, "precipProbability": 0, "temperature": 85.93, "apparentTemperature": 88.18, "dewPoint": 65.88, "humidity": 0.51, "pressure": 1014.45, "windSpeed": 2.09, "windGust": 5.48, "windBearing": 170, "cloudCover": 0.36, "uvIndex": 3, "visibility": 7.52}, {"time": 1437861600, "summary": "Partly Cloudy", "icon": "partly-cloudy-day", "precipIntensity": 0, "precipProbability": 0, "temperature": 84.7, "apparentTemperature": 87.01, "dewPoint": 66.12, "humidity": 0.54, "pressure": 1013.98, "windSpeed": 1.48, "windGust": 4.81, "windBearing": 165, "cloudCover": 0.29, "uvIndex": 2, "visibility": 7.65}, {"time": 1437865200, "summary": "Partly Cloudy", "icon": "partly-cloudy-day", "precipIntensity": 0, "precipProbability": 0, "temperature": 83.66, "apparentTemperature": 86.12, "dewPoint": 66.56, "humidity": 0.57, "pressure": 1014.01, "windSpeed": 1.45, "windGust": 5.17, "windBearing": 165, "cloudCover": 0.33, "uvIndex": 0, "visibility": 8.01}, {"time": 1437868800, "summary": "Partly Cloudy", "icon": "partly-cloudy-day", "precipIntensity": 0, "precipProbability": 0, "temperature": 81.58, "apparentTemperature": 83.89, "dewPoint": 66.45, "humidity": 0.6, "pressure": 1014.17, "windSpeed": 0.76, "windGust": 3.71, "windBearing": 167, "cloudCover": 0.25, "uvIndex": 0, "visibility": 8.72}, {"time": 1437872400, "summary": "Mostly Cloudy", "icon": "partly-cloudy-night", "precipIntensity": 0, "precipProbability": 0, "temperature": 79.52, "apparentTemperature": 81.61, "dewPoint": 66.17, "humidity": 0.64, "pressure": 1014.45, "windSpeed": 0.34, "windGust": 2.12, "windBearing": 157, "cloudCover": 0.61, "uvIndex": 0, "visibility": 7.97}, {"time": 1437876000, "summary": "Partly Cloudy", "icon": "partly-cloudy-night", "precipIntensity": 0, "precipProbability": 0, "temperature": 77.86, "apparentTemperature": 78.46, "dewPoint": 65.65, "humidity": 0.66, "pressure": 1014.97, "windSpeed": 0.4, "windGust": 1.88, "windBearing": 175, "cloudCover": 0.33, "uvIndex": 0, "visibility": 7.97}, {"time": 1437879600, "summary": "Partly Cloudy", "icon": "partly-cloudy-night", "precipIntensity": 0, "precipProbability": 0, "temperature": 76.67, "apparentTemperature": 77.23, "dewPoint": 65.22, "humidity": 0.68, "pressure": 1015.28, "windSpeed": 0.34, "windGust": 2.17, "windBearing": 170, "cloudCover": 0.4, "uvIndex": 0, "visibility": 7.48}]}, "daily": {"data": [{"time": 1437796800, "summary": "Partly cloudy throughout the day.", "icon": "partly-cloudy-day", "sunriseTime": 1437818646, "sunsetTime": 1437870445, "moonPhase": 0.3, "precipIntensity": 0, "precipIntensityMax": 0, "precipProbability": 0, "temperatureHigh": 86.68, "temperatureHighTime": 1437850800, "temperatureLow": 69.85, "temperatureLowTime": 1437904800, "apparentTemperatureHigh": 88.55, "apparentTemperatureHighTime": 1437854400, "apparentTemperatureLow": 70.22, "apparentTemperatureLowTime": 1437904800, "dewPoint": 63.96, "humidity": 0.66, "pressure": 1015, "windSpeed": 0.63, "windGust": 6.3, "windGustTime": 1437854400, "windBearing": 172, "cloudCover": 0.36, "uvIndex": 8, "uvIndexTime": 1437840000, "visibility": 8.3, "temperatureMin": 65.28, "temperatureMinTime": 1437818400, "temperatureMax": 86.68, "temperatureMaxTime": 1437850800, "apparentTemperatureMin": 65.55, "apparentTemperatureMinTime": 1437814800, "apparentTemperatureMax": 88.55, "apparentTemperatureMaxTime": 1437854400}]}, "flags": {"sources": ["cmc", "gfs", "hrrr", "icon", "isd", "madis", "nam", "sref"], "nearest-station": 0.675, "units": "us"}, "offset": -4}