{"latitude": 38.912659, "longitude": -77.017669, "timezone": "America/New_York", "currently": {"time": 1421816400, "summary": "Clear", "icon": "clear-night", "precipIntensity": 0, "precipProbability": 0, "temperature": 30.69, "apparentTemperature": 30.69, "dewPoint": 26.38, "humidity": 0.84, "pressure": 1018.1, "windSpeed": 0.06, "windGust": 0.21, "windBearing": 1, "cloudCover": 0.07, "uvIndex": 0, "visibility": 9.59}, "hourly": {"summary": "Foggy in the afternoon.", "icon": "fog", "data": [{"time": 1421816400, "summary": "Clear", "icon": "clear-night", "precipIntensity": 0, "precipProbability": 0, "temperature": 30.69, "apparentTemperature": 30.69, "dewPoint": 26.38, "humidity": 0.84, "pressure": 1018.1, "windSpeed": 0.06, "windGust": 0.21, "windBearing": 1, "cloudCover": 0.07, "uvIndex": 0, "visibility": 9.59}, {"time": 1421820000, "summary": "Clear", "icon": "clear-night", "precipIntensity": 0, "precipProbability": 0, "temperature": 30.56, "apparentTemperature": 30.56, "dewPoint": 26.55, "humidity": 0.85, "pressure": 1018.51, "windSpeed": 0.01, "windGust": 0.23, "windBearing": 20, "cloudCover": 0.08, "uvIndex": 0, "visibility": 9.25}, {"time": 1421823600, "summary": "Clear", "icon": "clear-night", "precipIntensity": 0, "precipProbability": 0, "temperature": 30.41, "apparentTemperature": 30.41, "dewPoint": 26.5, "humidity": 0.85, "pressure": 1018.71, "windSpeed": 0.1, "windGust": 0.31, "windBearing": 66, "cloudCover": 0.04, "uvIndex": 0, "visibility": 9.35}, {"time": 1421827200, "summary": "Clear", "icon": "clear-night", "precipIntensity": 0, "precipProbability": 0, "temperature": 30.18, "apparentTemperature": 30.18, "dewPoint": 26.49, "humidity": 0.86, "pressure": 1018.83, "windSpeed": 0.08, "windGust": 0.22, "windBearing": 54, "cloudCover": 0.09, "uvIndex": 0, "visibility": 8.17}, {"time": 1421830800, "summary": "Clear", "icon": "clear-night", "precipIntensity": 0, "precipProbability": 0, "temperature": 29.68, "apparentTemperature": 29.68, "dewPoint": 26.34, "humidity": 0.87, "pressure": 1018.89, "windSpeed": 0.04, "windGust": 0.13, "windBearing": 9, "cloudCover": 0.1, "uvIndex": 0, "visibility": 8.77}, {"time": 1421834400, "summary": "Partly Cloudy", "icon": "partly-cloudy-night", "precipIntensity": 0, "precipProbability": 0, "temperature": 30.04, "apparentTemperature": 30.04, "dewPoint": 26.85, "humidity": 0.88, "pressure": 1019.01, "windSpeed": 0.09, "windGust": 0.21, "windBearing": 6, "cloudCover": 0.42, "uvIndex": 0, "visibility": 7.7}, {"time": 1421838000, "summary": "Mostly Cloudy", "icon": "partly-cloudy-night", "precipIntensity": 0, "precipProbability": 0, "temperature": 31.14, "apparentTemperature": 31.14, "dewPoint": 27.8, "humidity": 0.87, "pressure": 1018.72, "windSpeed": 0.35, "windGust": 0.83, "windBearing": 11, "cloudCover": 0.67, "uvIndex": 0, "visibility": 6.84}, {"time": 1421841600, "summary": "Mostly Cloudy", "icon": "partly-cloudy-night", "precipIntensity": 0, "precipProbability": 0, "temperature": 31.91, "apparentTemperature": 31.91, "dewPoint": 28.41, "humidity": 0.87, "pressure": 1019.33, "windSpeed": 0.36, "windGust": 1.46, "windBearing": 30, "cloudCover": 0.78, "uvIndex": 0, "visibility": 6.58}, {"time": 1421845200, "summary": "Mostly Cloudy", "icon": "partly-cloudy-day", "precipIntensity": 0, "precipProbability": 0, "temperature": 32.81, "apparentTemperature": 32.81, "dewPoint": 28.84, "humidity": 0.85, "pressure": 1019.78, "windSpeed": 0.95, "windGust": 3.25, "windBearing": 71, "cloudCover": 0.75, "uvIndex": 0, "visibility": 5.23}, {"time": 1421848800, "summary": "Mostly Cloudy", "icon": "partly-cloudy-day", "precipIntensity": 0, "precipProbability": 0, "temperature": 33.65, "apparentTemperature": 33.65, "dewPoint": 29.08, "humidity": 0.83, "pressure": 1020.02, "windSpeed": 0.91, "windGust": 2.98, "windBearing": 74, "cloudCover": 0.9, "uvIndex": 0, "visibility": 5.07}, {"time": 1421852400, "summary": "Overcast", "icon": "cloudy", "precipIntensity": 0, "precipProbability": 0, "temperature": 34.53, "apparentTemperature": 34.53, "dewPoint": 28.72, "humidity": 0.79, "pressure": 1020.43, "windSpeed": 0.85, "windGust": 3.09, "windBearing": 87, "cloudCover": 0.95, "uvIndex": 1, "visibility": 6.4}, {"time": 1421856000, "summary": "Mostly Cloudy", "icon": "partly-cloudy-day", "precipIntensity": 0, "precipProbability": 0, "temperature": 35.3, "apparentTemperature": 35.3, "dewPoint": 28.3, "humidity": 0.75, "pressure": 1021.27, "windSpeed": 0.55, "windGust": 1.84, "windBearing": 86, "cloudCover": 0.89, "uvIndex": 2, "visibility": 7.02}, {"time": 1421859600, "summary": "Overcast", "icon": "cloudy", "precipIntensity": 0, "precipProbability": 0, "temperature": 34.99, "apparentTemperature": 34.99, "dewPoint": 28.7, "humidity": 0.78, "pressure": 1021.27, "windSpeed": 0.26, "windGust": 1.35, "windBearing": 57, "cloudCover": 0.96, "uvIndex": 2, "visibility": 4.71}, {"time": 1421863200, "summary": "Foggy", "icon": "fog", "precipIntensity": 0.0004, "precipProbability": 0.15, "precipAccumulation": 0, "precipType": "snow", "temperature": 33.8, "apparentTemperature": 33.8, "dewPoint": 29.7, "humidity": 0.85, "pressure": 1020.46, "windSpeed": 0.21, "windGust": 0.58, "windBearing": 26, "cloudCover": 1, "uvIndex": 2, "visibility": 1.16}, {"time": 1421866800, "summary": "Foggy", "icon": "fog", "precipIntensity": 0.0022, "precipProbability": 0.23, "precipAccumulation": 0.016, "precipType": "snow", "temperature": 33.16, "apparentTemperature": 33.16, "dewPoint": 30.31, "humidity": 0.89, "pressure": 1019.75, "windSpeed": 0.17, "windGust": 0.4, "windBearing": 59, "cloudCover": 0.97, "uvIndex": 2, "visibility": 0.94}, {"time": 1421870400, "summary": "Foggy", "icon": "fog", "precipIntensity": 0.0036, "precipProbability": 0.37, "precipType": "rain", "temperature": 33.41, "apparentTemperature": 33.41, "dewPoint": 30.67, "humidity": 0.9, "pressure": 1019.36, "windSpeed": 0.49, "windGust": 1.27, "windBearing": 78, "cloudCover": 0.92, "uvIndex": 1, "visibility": 1.74}, {"time": 1421874000, "summary": "Overcast", "icon": "cloudy", "precipIntensity": 0.006, "precipProbability": 0.53, "precipAccumulation": 0.046, "precipType": "snow", "temperature": 33.4, "apparentTemperature": 33.4, "dewPoint": 30.64, "humidity": 0.89, "pressure": 1019.33, "windSpeed": 0.66, "windGust": 1.6, "windBearing": 84, "cloudCover": 1, "uvIndex": 0, "visibility": 3.49}, {"time": 1421877600, "summary": "Overcast", "icon": "cloudy", "precipIntensity": 0.0051, "precipProbability": 0.47, "precipAccumulation": 0.038, "precipType": "snow", "temperature": 33.04, "apparentTemperature": 33.04, "dewPoint": 30.27, "humidity": 0.89, "pressure": 1019.68, "windSpeed": 0.38, "windGust": 1.12, "windBearing": 81, "cloudCover": 1, "uvIndex": 0, "visibility": 4.38}, {"time": 1421881200, "summary": "Overcast", "icon": "cloudy", "precipIntensity": 0.0021, "precipProbability": 0.32, "precipAccumulation": 0.016, "precipType": "snow", "temperature": 32.89, "apparentTemperature": 32.89, "dewPoint": 30.17, "humidity": 0.9, "pressure": 1020.42, "windSpeed": 0.12, "windGust": 0.64, "windBearing": 80, "cloudCover": 1, "uvIndex": 0, "visibility": 4.97}, {"time": 1421884800, "summary": "Overcast", "icon": "cloudy", "precipIntensity": 0.0005, "precipProbability": 0.16, "precipType": "rain", "temperature": 32.71, "apparentTemperature": 32.71, "dewPoint": 30.12, "humidity": 0.9, "pressure": 1020.75, "windSpeed": 0.08, "windGust": 0.28, "windBearing": 87, "cloudCover": 1, "uvIndex": 0, "visibility": 3.79}, {"time": 1421888400, "summary": "Overcast", "icon": "cloudy", "precipIntensity": 0.0004, "precipProbability": 0.09, "precipType": "sleet", "temperature": 32.65, "apparentTemperature": 32.65, "dewPoint": 30.25, "humidity": 0.91, "pressure": 1021.24, "windSpeed": 0.04, "windGust": 0.32, "windBearing": 94, "cloudCover": 1, "uvIndex": 0, "visibility": 2.83}, {"time": 1421892000, "summary": "Overcast", "icon": "cloudy", "precipIntensity": 0.0002, "precipProbability": 0.06, "precipAccumulation": 0, "precipType": "snow", "temperature": 32.67, "apparentTemperature": 32.67, "dewPoint": 30.34, "humidity": 0.91, "pressure": 1021.44, "windSpeed": 0.03, "windGust": 0.36, "windBearing": 95, "cloudCover": 1, "uvIndex": 0, "visibility": 2.61}, {"time": 1421895600, "summary": "Overcast", "icon": "cloudy", "precipIntensity": 0, "precipProbability": 0, "temperature": 32.76, "apparentTemperature": 32.76, "dewPoint": 30.49, "humidity": 0.91, "pressure": 1021.53, "windSpeed": 0.03, "windGust": 0.32, "windBearing": 180, "cloudCover": 1, "uvIndex": 0, "visibility": 2.29}, {"time": 1421899200, "summary": "Overcast", "icon": "cloudy", "precipIntensity": 0, "precipProbability": 0, "temperature": 32.81, "apparentTemperature": 32.81, "dewPoint": 30.67, "humidity": 0.92, "pressure": 1021.84, "windSpeed": 0.07, "windGust": 0.83, "windBearing": 206, "cloudCover": 1, "uvIndex": 0, "visibility": 2.13}]}, "daily": {"data": [{"time": 1421816400, "summary": "Foggy overnight.", "icon": "fog", "sunriseTime": 1421843014, "sunsetTime": 1421878645, "moonPhase": 0.04, "precipIntensity": 0.0009, "precipIntensityMax": 0.006, "precipIntensityMaxTime": 1421874000, "precipProbability": 0.53, "precipAccumulation": 0.121, "precipType": "snow", "temperatureHigh": 35.3, "temperatureHighTime": 1421856000, "temperatureLow": 32.65, "temperatureLowTime": 1421888400, "apparentTemperatureHigh": 35.3, "apparentTemperatureHighTime": 1421856000, "apparentTemperatureLow": 32.65, "apparentTemperatureLowTime": 1421888400, "dewPoint": 28.86, "humidity": 0.86, "pressure": 1019.95, "windSpeed": 0.26, "windGust": 3.25, "windGustTime": 1421845200, "windBearing": 70, "cloudCover": 0.73, "uvIndex": 2, "uvIndexTime": 1421856000, "visibility": 5.21, "temperatureMin": 29.68, "temperatureMinTime": 1421830800, "temperatureMax": 35.3, "temperatureMaxTime": 1421856000, "apparentTemperatureMin": 29.68, "apparentTemperatureMinTime": 1421830800, "apparentTemperatureMax": 35.3, "apparentTemperatureMaxTime": 1421856000}]}, "flags": {"sources": ["cmc", "gfs", "hrrr", "icon", "isd", "madis", "nam", "sref"], "nearest-station": 0.675, "units": "us"}, "offset": -5}