{"latitude": 38.912659, "longitude": -77.017669, "timezone": "America/New_York", "currently": {"time": 1446526800, "summary": "Clear", "icon": "clear-night", "precipIntensity": 0, "precipProbability": 0, "temperature": 47.29, "apparentTemperature": 47.29, "dewPoint": 44.73, "humidity": 0.91, "pressure": 1020.61, "windSpeed": 0, "windGust": 0.01, "cloudCover": 0.22, "uvIndex": 0, "visibility": 6.37}, "hourly": {"summary": "Clear throughout the day.", "icon": "clear-day", "data": [{"time": 1446526800, "summary": "Clear", "icon": "clear-night", "precipIntensity": 0, "precipProbability": 0, "temperature": 47.29, "apparentTemperature": 47.29, "dewPoint": 44.73, "humidity": 0.91, "pressure": 1020.61, "windSpeed": 0, "windGust": 0.01, "cloudCover": 0.22, "uvIndex": 0, "visibility": 6.37}, {"time": 1446530400, "summary": "Clear", "icon": "clear-night", "precipIntensity": 0, "precipProbability": 0, "temperature": 45.89, "apparentTemperature": 45.89, "dewPoint": 43.53, "humidity": 0.91, "pressure": 1020.67, "windSpeed": 0, "windGust": 0.01, "cloudCover": 0.11, "uvIndex": 0, "visibility": 7.21}, {"time": 1446534000, "summary": "Clear", "icon": "clear-night", "precipIntensity": 0, "precipProbability": 0, "temperature": 44.85, "apparentTemperature": 44.85, "dewPoint": 42.49, "humidity": 0.91, "pressure": 1020.7, "windSpeed": 0, "windGust": 0.01, "cloudCover": 0.08, "uvIndex": 0, "visibility": 3.28}, {"time": 1446537600, "summary": "Clear", "icon": "clear-night", "precipIntensity": 0, "precipProbability": 0, "temperature": 44.04, "apparentTemperature": 44.04, "dewPoint": 41.63, "humidity": 0.91, "pressure": 1020.77, "windSpeed": 0, "windGust": 0.01, "cloudCover": 0.06, "uvIndex": 0, "visibility": 5.02}, {"time": 1446541200, "summary": "Clear", "icon": "clear-night", "precipIntensity": 0, "precipProbability": 0, "temperature": 43.07, "apparentTemperature": 43.07, "dewPoint": 40.74, "humidity": 0.91, "pressure": 1020.9, "windSpeed": 0, "windGust": 0, "cloudCover": 0, "uvIndex": 0, "visibility": 6.24}, {"time": 1446544800, "summary": "Clear", "icon": "clear-night", "precipIntensity": 0, "precipProbability": 0, "temperature": 42.36, "apparentTemperature": 42.36, "dewPoint": 40.14, "humidity": 0.92, "pressure": 1021.75, "windSpeed": 0, "windGust": 0, "cloudCover": 0, "uvIndex": 0, "visibility": 6.66}, {"time": 1446548400, "summary": "Clear", "icon": "clear-night", "precipIntensity": 0, "precipProbability": 0, "temperature": 41.79, "apparentTemperature": 41.79, "dewPoint": 39.55, "humidity": 0.92, "pressure": 1021.95, "windSpeed": 0, "windGust": 0, "cloudCover": 0.02, "uvIndex": 0, "visibility": 7.22}, {"time": 1446552000, "summary": "Clear", "icon": "clear-day", "precipIntensity": 0, "precipProbability": 0, "temperature": 41.75, "apparentTemperature": 41.75, "dewPoint": 39.62, "humidity": 0.92, "pressure": 1022.78, "windSpeed": 0, "windGust": 0, "cloudCover": 0.06, "uvIndex": 0, "visibility": 8.67}, {"time": 1446555600, "summary": "Clear", "icon": "clear-day", "precipIntensity": 0, "precipProbability": 0, "temperature": 44.58, "apparentTemperature": 44.58, "dewPoint": 42.34, "humidity": 0.92, "pressure": 1023.46, "windSpeed": 0, "windGust": 0.02, "cloudCover": 0, "uvIndex": 0, "visibility": 8.38}, {"time": 1446559200, "summary": "Clear", "icon": "clear-day", "precipIntensity": 0, "precipProbability": 0, "temperature": 52.25, "apparentTemperature": 52.25, "dewPoint": 49.02, "humidity": 0.89, "pressure": 1023.65, "windSpeed": 0, "windGust": 0.55, "cloudCover": 0, "uvIndex": 1, "visibility": 9.67}, {"time": 1446562800, "summary": "Clear", "icon": "clear-day", "precipIntensity": 0, "precipProbability": 0, "temperature": 59.94, "apparentTemperature": 59.94, "dewPoint": 51.96, "humidity": 0.75, "pressure": 1023.55, "windSpeed": 0.13, "windGust": 1.14, "windBearing": 164, "cloudCover": 0, "uvIndex": 2, "visibility": 9.94}, {"time": 1446566400, "summary": "Clear", "icon": "clear-day", "precipIntensity": 0, "precipProbability": 0, "temperature": 65.23, "apparentTemperature": 65.23, "dewPoint": 50.43, "humidity": 0.59, "pressure": 1023.86, "windSpeed": 0.01, "windGust": 2.21, "windBearing": 109, "cloudCover": 0, "uvIndex": 3, "visibility": 8.54}, {"time": 1446570000, "summary": "Clear", "icon": "clear-day", "precipIntensity": 0, "precipProbability": 0, "temperature": 68.58, "apparentTemperature": 68.58, "dewPoint": 48.17, "humidity": 0.48, "pressure": 1023.41, "windSpeed": 0.06, "windGust": 2.13, "windBearing": 102, "cloudCover": 0, "uvIndex": 3, "visibility": 6.61}, {"time": 1446573600, "summary": "Clear", "icon": "clear-day", "precipIntensity": 0, "precipProbability": 0, "temperature": 71.12, "apparentTemperature": 71.12, "dewPoint": 46.27, "humidity": 0.41, "pressure": 1022.85, "windSpeed": 0.11, "windGust": 2.95, "windBearing": 349, "cloudCover": 0, "uvIndex": 3, "visibility": 7.73}, {"time": 1446577200, "summary": "Clear", "icon": "clear-day", "precipIntensity": 0, "precipProbability": 0, "temperature": 71.98, "apparentTemperature": 71.98, "dewPoint": 45.56, "humidity": 0.39, "pressure": 1022.53, "windSpeed": 0.04, "windGust": 2.81, "windBearing": 137, "cloudCover": 0, "uvIndex": 2, "visibility": 8.15}, {"time": 1446580800, "summary": "Clear", "icon": "clear-day", "precipIntensity": 0, "precipProbability": 0, "temperature": 72.98, "apparentTemperature": 72.98, "dewPoint": 46.19, "humidity": 0.38, "pressure": 1022.69, "windSpeed": 0.12, "windGust": 2.02, "windBearing": 112, "cloudCover": 0, "uvIndex": 1, "visibility": 8.03}, {"time": 1446584400, "summary": "Clear", "icon": "clear-day", "precipIntensity": 0, "precipProbability": 0, "temperature": 71.64, "apparentTemperature": 71.64, "dewPoint": 46.92, "humidity": 0.41, "pressure": 1022.89, "windSpeed": 0.12, "windGust": 1.2, "windBearing": 176, "cloudCover": 0, "uvIndex": 0, "visibility": 8.14}, {"time": 1446588000, "summary": "Clear", "icon": "clear-day", "precipIntensity": 0, "precipProbability": 0, "temperature": 67.15, "apparentTemperature": 67.15, "dewPoint": 47.87, "humidity": 0.5, "pressure": 1023, "windSpeed": 0.05, "windGust": 0.26, "windBearing": 177, "cloudCover": 0, "uvIndex": 0, "visibility": 8.01}, {"time": 1446591600, "summary": "Clear", "icon": "clear-night", "precipIntensity": 0, "precipProbability": 0, "temperature": 61.14, "apparentTemperature": 61.14, "dewPoint": 47.89, "humidity": 0.62, "pressure": 1023.38, "windSpeed": 0, "windGust": 0.07, "cloudCover": 0, "uvIndex": 0, "visibility": 8.3}, {"time": 1446595200, "summary": "Clear", "icon": "clear-night", "precipIntensity": 0, "precipProbability": 0, "temperature": 57.46, "apparentTemperature": 57.46, "dewPoint": 47.64, "humidity": 0.7, "pressure": 1023.97, "windSpeed": 0, "windGust": 0.01, "cloudCover": 0, "uvIndex": 0, "visibility": 5.75}, {"time": 1446598800, "summary": "Clear", "icon": "clear-night", "precipIntensity": 0, "precipProbability": 0, "temperature": 54.56, "apparentTemperature": 54.56, "dewPoint": 47.1, "humidity": 0.76, "pressure": 1024.27, "windSpeed": 0, "windGust": 0, "cloudCover": 0, "uvIndex": 0, "visibility": 9.09}, {"time": 1446602400, "summary": "Clear", "icon": "clear-night", "precipIntensity": 0, "precipProbability": 0, "temperature": 52.44, "apparentTemperature": 52.44, "dewPoint": 46.59, "humidity": 0.8, "pressure": 1024.64, "windSpeed": 0, "windGust": 0, "cloudCover": 0, "uvIndex": 0, "visibility": 10}, {"time": 1446606000, "summary": "Clear", "icon": "clear-night", "precipIntensity": 0, "precipProbability": 0, "temperature": 50.6, "apparentTemperature": 50.6, "dewPoint": 45.97, "humidity": 0.84, "pressure": 1024.61, "windSpeed": 0, "windGust": 0, "cloudCover": 0, "uvIndex": 0, "visibility": 10}, {"time": 1446609600, "summary": "Clear", "icon": "clear-night", "precipIntensity": 0, "precipProbability": 0, "temperature": 49.6, "apparentTemperature": 49.6, "dewPoint": 45.38, "humidity": 0.85, "pressure": 1024.65, "windSpeed": 0, "windGust": 0, "cloudCover": 0, "uvIndex": 0, "visibility": 7.72}]}, "daily": {"data": [{"time": 1446526800, "summary": "Clear throughout the day.", "icon": "clear-day", "sunriseTime": 1446550722, "sunsetTime": 1446588423, "moonPhase": 0.75, "precipIntensity": 0, "precipIntensityMax": 0, "precipProbability": 0, "temperatureHigh": 72.98, "temperatureHighTime": 1446580800, "temperatureLow": 44.03, "temperatureLowTime": 1446638400, "apparentTemperatureHigh": 72.98, "apparentTemperatureHighTime": 1446580800, "apparentTemperatureLow": 44.03, "apparentTemperatureLowTime": 1446638400, "dewPoint": 45.32, "humidity": 0.73, "pressure": 1022.81, "windSpeed": 0.02, "windGust": 2.95, "windGustTime": 1446573600, "windBearing": 141, "cloudCover": 0.02, "uvIndex": 3, "uvIndexTime": 1446566400, "visibility": 7.7, "temperatureMin": 41.75, "temperatureMinTime": 1446552000, "temperatureMax": 72.98, "temperatureMaxTime": 1446580800, "apparentTemperatureMin": 41.75, "apparentTemperatureMinTime": 1446552000, "apparentTemperatureMax": 72.98, "apparentTemperatureMaxTime": 1446580800}]}, "flags": {"sources": ["cmc", "gfs", "hrrr", "icon", "isd", "madis", "nam", "sref"], "nearest-station": 1.106, "units": "us"}, "offset": -5}