{"latitude": 38.912659, "longitude": -77.017669, "timezone": "America/New_York", "currently": {"time": 1429848000, "summary": "Mostly Cloudy", "icon": "partly-cloudy-night", "precipIntensity": 0, "precipProbability": 0, "temperature": 44.93, "apparentTemperature": 44.93, "dewPoint": 28.98, "humidity": 0.53, "pressure": 1013.64, "windSpeed": 1.58, "windGust": 5.02, "windBearing": 334, "cloudCover": 0.75, "uvIndex": 0, "visibility": 7.7}, "hourly": {"summary": "Partly cloudy until morning.", "icon": "partly-cloudy-night", "data": [{"time": 1429848000, "summary": "Mostly Cloudy", "icon": "partly-cloudy-night", "precipIntensity": 0, "precipProbability": 0, "temperature": 44.93, "apparentTemperature": 44.93, "dewPoint": 28.98, "humidity": 0.53, "pressure": 1013.64, "windSpeed": 1.58, "windGust": 5.02, "windBearing": 334, "cloudCover": 0.75, "uvIndex": 0, "visibility": 7.7}, {"time": 1429851600, "summary": "Partly Cloudy", "icon": "partly-cloudy-night", "precipIntensity": 0, "precipProbability": 0, "temperature": 43.51, "apparentTemperature": 43.51, "dewPoint": 28.89, "humidity": 0.56, "pressure": 1014.17, "windSpeed": 1.33, "windGust": 3.91, "windBearing": 332, "cloudCover": 0.43, "uvIndex": 0, "visibility": 7.87}, {"time": 1429855200, "summary": "Mostly Cloudy", "icon": "partly-cloudy-night", "precipIntensity": 0, "precipProbability": 0, "temperature": 43.08, "apparentTemperature": 43.08, "dewPoint": 28.58, "humidity": 0.56, "pressure": 1014.17, "windSpeed": 1.6, "windGust": 5.35, "windBearing": 324, "cloudCover": 0.76, "uvIndex": 0, "visibility": 7.69}, {"time": 1429858800, "summary": "Mostly Cloudy", "icon": "partly-cloudy-night", "precipIntensity": 0, "precipProbability": 0, "temperature": 42.69, "apparentTemperature": 40.98, "dewPoint": 27.98, "humidity": 0.56, "pressure": 1014.64, "windSpeed": 3.41, "windGust": 9.56, "windBearing": 323, "cloudCover": 0.82, "uvIndex": 0, "visibility": 7.9}, {"time": 1429862400, "summary": "Partly Cloudy", "icon": "partly-cloudy-night", "precipIntensity": 0, "precipProbability": 0, "temperature": 41.67, "apparentTemperature": 39.1, "dewPoint": 26.44, "humidity": 0.54, "pressure": 1014.99, "windSpeed": 4.17, "windGust": 11.23, "windBearing": 324, "cloudCover": 0.36, "uvIndex": 0, "visibility": 7.97}, {"time": 1429866000, "summary": "Clear", "icon": "clear-night", "precipIntensity": 0, "precipProbability": 0, "temperature": 40.41, "apparentTemperature": 38.35, "dewPoint": 24.97, "humidity": 0.54, "pressure": 1015.43, "windSpeed": 3.43, "windGust": 10.94, "windBearing": 321, "cloudCover": 0.09, "uvIndex": 0, "visibility": 8.13}, {"time": 1429869600, "summary": "Partly Cloudy", "icon": "partly-cloudy-night", "precipIntensity": 0, "precipProbability": 0, "temperature": 39.46, "apparentTemperature": 37.12, "dewPoint": 23.97, "humidity": 0.53, "pressure": 1016.23, "windSpeed": 3.57, "windGust": 10.05, "windBearing": 323, "cloudCover": 0.45, "uvIndex": 0, "visibility": 7.44}, {"time": 1429873200, "summary": "Partly Cloudy", "icon": "partly-cloudy-day", "precipIntensity": 0, "precipProbability": 0, "temperature": 39.21, "apparentTemperature": 37.46, "dewPoint": 23.37, "humidity": 0.53, "pressure": 1016.84, "windSpeed": 3.01, "windGust": 9.07, "windBearing": 323, "cloudCover": 0.5, "uvIndex": 0, "visibility": 7.9}, {"time": 1429876800, "summary": "Clear", "icon": "clear-day", "precipIntensity": 0, "precipProbability": 0, "temperature": 40.81, "apparentTemperature": 37.92, "dewPoint": 22.86, "humidity": 0.48, "pressure": 1017.28, "windSpeed": 4.38, "windGust": 11.52, "windBearing": 322, "cloudCover": 0.21, "uvIndex": 1, "visibility": 8.36}, {"time": 1429880400, "summary": "Clear", "icon": "clear-day", "precipIntensity": 0, "precipProbability": 0, "temperature": 42.66, "apparentTemperature": 39.55, "dewPoint": 21.99, "humidity": 0.43, "pressure": 1017.04, "windSpeed": 5.06, "windGust": 13.9, "windBearing": 316, "cloudCover": 0.08, "uvIndex": 2, "visibility": 8}, {"time": 1429884000, "summary": "Clear", "icon": "clear-day", "precipIntensity": 0, "precipProbability": 0, "temperature": 44.94, "apparentTemperature": 42.17, "dewPoint": 21.3, "humidity": 0.39, "pressure": 1016.89, "windSpeed": 5.15, "windGust": 14.01, "windBearing": 316, "cloudCover": 0.05, "uvIndex": 4, "visibility": 7.92}, {"time": 1429887600, "summary": "Clear", "icon": "clear-day", "precipIntensity": 0, "precipProbability": 0, "temperature": 47.58, "apparentTemperature": 45.43, "dewPoint": 20.52, "humidity": 0.34, "pressure": 1016.5, "windSpeed": 4.91, "windGust": 14.28, "windBearing": 310, "cloudCover": 0.06, "uvIndex": 7, "visibility": 7.94}, {"time": 1429891200, "summary": "Clear", "icon": "clear-day", "precipIntensity": 0, "precipProbability": 0, "temperature": 50.39, "apparentTemperature": 50.39, "dewPoint": 20.42, "humidity": 0.3, "pressure": 1015.86, "windSpeed": 5.06, "windGust": 14.07, "windBearing": 310, "cloudCover": 0.01, "uvIndex": 8, "visibility": 8.53}, {"time": 1429894800, "summary": "Clear", "icon": "clear-day", "precipIntensity": 0, "precipProbability": 0, "temperature": 52.64, "apparentTemperature": 52.64, "dewPoint": 20.84, "humidity": 0.28, "pressure": 1014.99, "windSpeed": 4.93, "windGust": 14.7, "windBearing": 300, "cloudCover": 0, "uvIndex": 9, "visibility": 8.92}, {"time": 1429898400, "summary": "Clear", "icon": "clear-day", "precipIntensity": 0, "precipProbability": 0, "temperature": 54.94, "apparentTemperature": 54.94, "dewPoint": 21.11, "humidity": 0.26, "pressure": 1014.45, "windSpeed": 5.52, "windGust": 15.16, "windBearing": 298, "cloudCover": 0.04, "uvIndex": 9, "visibility": 8.38}, {"time": 1429902000, "summary": "Clear", "icon": "clear-day", "precipIntensity": 0, "precipProbability": 0, "temperature": 57.01, "apparentTemperature": 57.01, "dewPoint": 21.8, "humidity": 0.25, "pressure": 1013.61, "windSpeed": 4.99, "windGust": 15.3, "windBearing": 306, "cloudCover": 0, "uvIndex": 7, "visibility": 8.38}, {"time": 1429905600, "summary": "Clear", "icon": "clear-day", "precipIntensity": 0, "precipProbability": 0, "temperature": 58.73, "apparentTemperature": 58.73, "dewPoint": 21.43, "humidity": 0.23, "pressure": 1012.97, "windSpeed": 5.09, "windGust": 15.36, "windBearing": 309, "cloudCover": 0.04, "uvIndex": 5, "visibility": 8.38}, {"time": 1429909200, "summary": "Clear", "icon": "clear-day", "precipIntensity": 0, "precipProbability": 0, "temperature": 59.42, "apparentTemperature": 59.42, "dewPoint": 21.52, "humidity": 0.23, "pressure": 1012.88, "windSpeed": 5.06, "windGust": 14.08, "windBearing": 302, "cloudCover": 0.05, "uvIndex": 3, "visibility": 8.39}, {"time": 1429912800, "summary": "Clear", "icon": "clear-day", "precipIntensity": 0, "precipProbability": 0, "temperature": 59.43, "apparentTemperature": 59.43, "dewPoint": 21.52, "humidity": 0.23, "pressure": 1012.65, "windSpeed": 4.94, "windGust": 13.93, "windBearing": 308, "cloudCover": 0.14, "uvIndex": 1, "visibility": 8.75}, {"time": 1429916400, "summary": "Clear", "icon": "clear-day", "precipIntensity": 0, "precipProbability": 0, "temperature": 58.36, "apparentTemperature": 58.36, "dewPoint": 21.83, "humidity": 0.24, "pressure": 1012.88, "windSpeed": 3.63, "windGust": 11.7, "windBearing": 309, "cloudCover": 0.12, "uvIndex": 0, "visibility": 8.39}, {"time": 1429920000, "summary": "Clear", "icon": "clear-night", "precipIntensity": 0, "precipProbability": 0, "temperature": 56.17, "apparentTemperature": 56.17, "dewPoint": 22.56, "humidity": 0.27, "pressure": 1013.22, "windSpeed": 1.57, "windGust": 5.25, "windBearing": 307, "cloudCover": 0.08, "uvIndex": 0, "visibility": 8.62}, {"time": 1429923600, "summary": "Partly Cloudy", "icon": "partly-cloudy-night", "precipIntensity": 0, "precipProbability": 0, "temperature": 53.17, "apparentTemperature": 53.17, "dewPoint": 24.46, "humidity": 0.32, "pressure": 1013.38, "windSpeed": 0.39, "windGust": 1.37, "windBearing": 311, "cloudCover": 0.3, "uvIndex": 0, "visibility": 8.82}, {"time": 1429927200, "summary": "Partly Cloudy", "icon": "partly-cloudy-night", "precipIntensity": 0, "precipProbability": 0, "temperature": 49.8, "apparentTemperature": 49.8, "dewPoint": 26.57, "humidity": 0.4, "pressure": 1014.22, "windSpeed": 0.06, "windGust": 0.62, "windBearing": 271, "cloudCover": 0.31, "uvIndex": 0, "visibility": 10}, {"time": 1429930800, "summary": "Clear", "icon": "clear-night", "precipIntensity": 0, "precipProbability": 0, "temperature": 47.24, "apparentTemperature": 47.24, "dewPoint": 27.79, "humidity": 0.46, "pressure": 1014.18, "windSpeed": 0.1, "windGust": 0.28, "windBearing": 283, "cloudCover": 0.13, "uvIndex": 0, "visibility": 10}]}, "daily": {"data": [{"time": 1429848000, "summary": "Partly cloudy in the morning.", "icon": "partly-cloudy-day", "sunriseTime": 1429870813, "sunsetTime": 1429919666, "moonPhase": 0.21, "precipIntensity": 0, "precipIntensityMax": 0, "precipProbability": 0, "temperatureHigh": 59.43, "temperatureHighTime": 1429912800, "temperatureLow": 41.98, "temperatureLowTime": 1429952400, "apparentTemperatureHigh": 59.43, "apparentTemperatureHighTime": 1429912800, "apparentTemperatureLow": 41.98, "apparentTemperatureLowTime": 1429952400, "dewPoint": 23.82, "humidity": 0.4, "pressure": 1014.71, "windSpeed": 3.41, "windGust": 15.36, "windGustTime": 1429905600, "windBearing": 313, "cloudCover": 0.24, "uvIndex": 9, "uvIndexTime": 1429894800, "visibility": 8.35, "temperatureMin": 39.21, "temperatureMinTime": 1429873200, "temperatureMax": 59.43, "temperatureMaxTime": 1429912800, "apparentTemperatureMin": 37.12, "apparentTemperatureMinTime": 1429869600, "apparentTemperatureMax": 59.43, "apparentTemperatureMaxTime": 1429912800}]}, "flags": {"sources": ["cmc", "gfs", "hrrr", "icon", "isd", "madis", "nam", "sref"], "nearest-station": 0.675, "units": "us"}, "offset": -4}