{"latitude": 38.912659, "longitude": -77.017669, "timezone": "America/New_York", "currently": {"time": 1426478400, "summary": "Clear", "icon": "clear-night", "precipIntensity": 0, "precipProbability": 0, "temperature": 40.92, "apparentTemperature": 40.92, "dewPoint": 29.71, "humidity": 0.64, "pressure": 1019.58, "windSpeed": 0.51, "windGust": 2.38, "windBearing": 331, "cloudCover": 0.07, "uvIndex": 0, "visibility": 7.07}, "hourly": {"summary": "Partly cloudy in the morning.", "icon": "partly-cloudy-day", "data": [{"time": 1426478400, "summary": "Clear", "icon": "clear-night", "precipIntensity": 0, "precipProbability": 0, "temperature": 40.92, "apparentTemperature": 40.92, "dewPoint": 29.71, "humidity": 0.64, "pressure": 1019.58, "windSpeed": 0.51, "windGust": 2.38, "windBearing": 331, "cloudCover": 0.07, "uvIndex": 0, "visibility": 7.07}, {"time": 1426482000, "summary": "Clear", "icon": "clear-night", "precipIntensity": 0, "precipProbability": 0, "temperature": 38.83, "apparentTemperature": 38.83, "dewPoint": 29.44, "humidity": 0.69, "pressure": 1019.44, "windSpeed": 0.08, "windGust": 0.55, "windBearing": 322, "cloudCover": 0, "uvIndex": 0, "visibility": 9.16}, {"time": 1426485600, "summary": "Clear", "icon": "clear-night", "precipIntensity": 0, "precipProbability": 0, "temperature": 36.31, "apparentTemperature": 36.31, "dewPoint": 28.8, "humidity": 0.74, "pressure": 1019.56, "windSpeed": 0, "windGust": 0.35, "cloudCover": 0.03, "uvIndex": 0, "visibility": 9.21}, {"time": 1426489200, "summary": "Clear", "icon": "clear-night", "precipIntensity": 0, "precipProbability": 0, "temperature": 34.2, "apparentTemperature": 34.2, "dewPoint": 28.26, "humidity": 0.79, "pressure": 1019.83, "windSpeed": 0, "windGust": 0.1, "cloudCover": 0.04, "uvIndex": 0, "visibility": 9.92}, {"time": 1426492800, "summary": "Clear", "icon": "clear-night", "precipIntensity": 0, "precipProbability": 0, "temperature": 32.64, "apparentTemperature": 32.64, "dewPoint": 27.78, "humidity": 0.82, "pressure": 1019.45, "windSpeed": 0, "windGust": 0.03, "cloudCover": 0.01, "uvIndex": 0, "visibility": 9.47}, {"time": 1426496400, "summary": "Partly Cloudy", "icon": "partly-cloudy-night", "precipIntensity": 0, "precipProbability": 0, "temperature": 32.29, "apparentTemperature": 32.29, "dewPoint": 27.93, "humidity": 0.84, "pressure": 1019.64, "windSpeed": 0, "windGust": 0.04, "cloudCover": 0.3, "uvIndex": 0, "visibility": 8.87}, {"time": 1426500000, "summary": "Partly Cloudy", "icon": "partly-cloudy-night", "precipIntensity": 0, "precipProbability": 0, "temperature": 32.42, "apparentTemperature": 32.42, "dewPoint": 28.34, "humidity": 0.85, "pressure": 1019.62, "windSpeed": 0, "windGust": 0.13, "cloudCover": 0.28, "uvIndex": 0, "visibility": 9.52}, {"time": 1426503600, "summary": "Partly Cloudy", "icon": "partly-cloudy-night", "precipIntensity": 0, "precipProbability": 0, "temperature": 32.23, "apparentTemperature": 32.23, "dewPoint": 28.4, "humidity": 0.86, "pressure": 1019.24, "windSpeed": 0, "windGust": 0.2, "cloudCover": 0.3, "uvIndex": 0, "visibility": 8.6}, {"time": 1426507200, "summary": "Partly Cloudy", "icon": "partly-cloudy-day", "precipIntensity": 0, "precipProbability": 0, "temperature": 34.22, "apparentTemperature": 34.22, "dewPoint": 29.91, "humidity": 0.84, "pressure": 1018.72, "windSpeed": 0.07, "windGust": 0.27, "windBearing": 186, "cloudCover": 0.25, "uvIndex": 0, "visibility": 5.68}, {"time": 1426510800, "summary": "Partly Cloudy", "icon": "partly-cloudy-day", "precipIntensity": 0, "precipProbability": 0, "temperature": 37.95, "apparentTemperature": 37.95, "dewPoint": 32.34, "humidity": 0.8, "pressure": 1018.35, "windSpeed": 0.36, "windGust": 1.32, "windBearing": 185, "cloudCover": 0.36, "uvIndex": 1, "visibility": 7.07}, {"time": 1426514400, "summary": "Partly Cloudy", "icon": "partly-cloudy-day", "precipIntensity": 0, "precipProbability": 0, "temperature": 41.79, "apparentTemperature": 41.79, "dewPoint": 33.3, "humidity": 0.72, "pressure": 1017.79, "windSpeed": 0.99, "windGust": 3.74, "windBearing": 183, "cloudCover": 0.42, "uvIndex": 2, "visibility": 8.19}, {"time": 1426518000, "summary": "Partly Cloudy", "icon": "partly-cloudy-day", "precipIntensity": 0, "precipProbability": 0, "temperature": 45.24, "apparentTemperature": 45.24, "dewPoint": 33.69, "humidity": 0.64, "pressure": 1017.05, "windSpeed": 1.28, "windGust": 4.88, "windBearing": 179, "cloudCover": 0.26, "uvIndex": 4, "visibility": 8}, {"time": 1426521600, "summary": "Clear", "icon": "clear-day", "precipIntensity": 0, "precipProbability": 0, "temperature": 51.08, "apparentTemperature": 51.08, "dewPoint": 34.99, "humidity": 0.54, "pressure": 1015.84, "windSpeed": 1.98, "windGust": 6.72, "windBearing": 176, "cloudCover": 0.1, "uvIndex": 5, "visibility": 7.91}, {"time": 1426525200, "summary": "Clear", "icon": "clear-day", "precipIntensity": 0, "precipProbability": 0, "temperature": 55.77, "apparentTemperature": 55.77, "dewPoint": 35.93, "humidity": 0.47, "pressure": 1014.63, "windSpeed": 1.66, "windGust": 6.76, "windBearing": 186, "cloudCover": 0.18, "uvIndex": 6, "visibility": 9.23}, {"time": 1426528800, "summary": "Clear", "icon": "clear-day", "precipIntensity": 0, "precipProbability": 0, "temperature": 59.66, "apparentTemperature": 59.66, "dewPoint": 36.8, "humidity": 0.42, "pressure": 1013.55, "windSpeed": 1.25, "windGust": 5.92, "windBearing": 173, "cloudCover": 0.16, "uvIndex": 6, "visibility": 8.52}, {"time": 1426532400, "summary": "Clear", "icon": "clear-day", "precipIntensity": 0, "precipProbability": 0, "temperature": 62.91, "apparentTemperature": 62.91, "dewPoint": 37.38, "humidity": 0.39, "pressure": 1011.94, "windSpeed": 1.27, "windGust": 5.51, "windBearing": 165, "cloudCover": 0.11, "uvIndex": 5, "visibility": 7.74}, {"time": 1426536000, "summary": "Clear", "icon": "clear-day", "precipIntensity": 0, "precipProbability": 0, "temperature": 63.72, "apparentTemperature": 63.72, "dewPoint": 37.53, "humidity": 0.38, "pressure": 1011.35, "windSpeed": 0.69, "windGust": 3.73, "windBearing": 119, "cloudCover": 0.24, "uvIndex": 3, "visibility": 7.8}, {"time": 1426539600, "summary": "Clear", "icon": "clear-day", "precipIntensity": 0, "precipProbability": 0, "temperature": 64.31, "apparentTemperature": 64.31, "dewPoint": 37.94, "humidity": 0.38, "pressure": 1010.66, "windSpeed": 0.86, "windGust": 4.71, "windBearing": 130, "cloudCover": 0.24, "uvIndex": 1, "visibility": 8.47}, {"time": 1426543200, "summary": "Clear", "icon": "clear-day", "precipIntensity": 0, "precipProbability": 0, "temperature": 64.28, "apparentTemperature": 64.28, "dewPoint": 38.25, "humidity": 0.38, "pressure": 1010.79, "windSpeed": 0.31, "windGust": 2.74, "windBearing": 115, "cloudCover": 0.24, "uvIndex": 0, "visibility": 8.42}, {"time": 1426546800, "summary": "Partly Cloudy", "icon": "partly-cloudy-day", "precipIntensity": 0, "precipProbability": 0, "temperature": 61.36, "apparentTemperature": 61.36, "dewPoint": 38.37, "humidity": 0.42, "pressure": 1011.52, "windSpeed": 0.33, "windGust": 0.88, "windBearing": 117, "cloudCover": 0.5, "uvIndex": 0, "visibility": 7.68}, {"time": 1426550400, "summary": "Mostly Cloudy", "icon": "partly-cloudy-night", "precipIntensity": 0, "precipProbability": 0, "temperature": 56.79, "apparentTemperature": 56.79, "dewPoint": 38.58, "humidity": 0.5, "pressure": 1011.33, "windSpeed": 0.16, "windGust": 1.08, "windBearing": 123, "cloudCover": 0.69, "uvIndex": 0, "visibility": 10}, {"time": 1426554000, "summary": "Partly Cloudy", "icon": "partly-cloudy-night", "precipIntensity": 0, "precipProbability": 0, "temperature": 54.27, "apparentTemperature": 54.27, "dewPoint": 38.91, "humidity": 0.56, "pressure": 1011.42, "windSpeed": 0.08, "windGust": 0.42, "windBearing": 158, "cloudCover": 0.37, "uvIndex": 0, "visibility": 7.22}, {"time": 1426557600, "summary": "Mostly Cloudy", "icon": "partly-cloudy-night", "precipIntensity": 0, "precipProbability": 0, "temperature": 53.41, "apparentTemperature": 53.41, "dewPoint": 39.62, "humidity": 0.59, "pressure": 1012.08, "windSpeed": 0, "windGust": 0.11, "cloudCover": 0.75, "uvIndex": 0, "visibility": 6.8}, {"time": 1426561200, "summary": "Mostly Cloudy", "icon": "partly-cloudy-night", "precipIntensity": 0, "precipProbability": 0, "temperature": 52.07, "apparentTemperature": 52.07, "dewPoint": 39.82, "humidity": 0.63, "pressure": 1011.43, "windSpeed": 0.07, "windGust": 0.24, "windBearing": 168, "cloudCover": 0.62, "uvIndex": 0, "visibility": 8.29}]}, "daily": {"data": [{"time": 1426478400, "summary": "Partly cloudy in the morning.", "icon": "partly-cloudy-day", "sunriseTime": 1426504752, "sunsetTime": 1426547810, "moonPhase": 0.86, "precipIntensity": 0, "precipIntensityMax": 0, "precipProbability": 0, "temperatureHigh": 64.31, "temperatureHighTime": 1426539600, "temperatureLow": 46.59, "temperatureLowTime": 1426582800, "apparentTemperatureHigh": 64.31, "apparentTemperatureHighTime": 1426539600, "apparentTemperatureLow": 46.59, "apparentTemperatureLowTime": 1426582800, "dewPoint": 33.83, "humidity": 0.62, "pressure": 1015.62, "windSpeed": 0.41, "windGust": 6.76, "windGustTime": 1426525200, "windBearing": 168, "cloudCover": 0.27, "uvIndex": 6, "uvIndexTime": 1426525200, "visibility": 8.29, "temperatureMin": 32.23, "temperatureMinTime": 1426503600, "temperatureMax": 64.31, "temperatureMaxTime": 1426539600, "apparentTemperatureMin": 32.23, "apparentTemperatureMinTime": 1426503600, "apparentTemperatureMax": 64.31, "apparentTemperatureMaxTime": 1426539600}]}, "flags": {"sources": ["cmc", "gfs", "hrrr", "icon", "isd", "madis", "nam", "sref"], "nearest-station": 0.675, "units": "us"}, "offset": -4}