{"latitude": 38.912659, "longitude": -77.017669, "timezone": "America/New_York", "currently": {"time": 1452661200, "summary": "Clear", "icon": "clear-night", "precipIntensity": 0, "precipProbability": 0, "temperature": 27, "apparentTemperature": 20.65, "dewPoint": 8.15, "humidity": 0.44, "pressure": 1015.83, "windSpeed": 5.58, "windGust": 15.46, "windBearing": 305, "cloudCover": 0.08, "uvIndex": 0, "visibility": 8.59}, "hourly": {"summary": "Partly cloudy in the evening.", "icon": "partly-cloudy-night", "data": [{"time": 1452661200, "summary": "Clear", "icon": "clear-night", "precipIntensity": 0, "precipProbability": 0, "temperature": 27, "apparentTemperature": 20.65, "dewPoint": 8.15, "humidity": 0.44, "pressure": 1015.83, "windSpeed": 5.58, "windGust": 15.46, "windBearing": 305, "cloudCover": 0.08, "uvIndex": 0, "visibility": 8.59}, {"time": 1452664800, "summary": "Clear", "icon": "clear-night", "precipIntensity": 0, "precipProbability": 0, "temperature": 25.48, "apparentTemperature": 19.54, "dewPoint": 7.72, "humidity": 0.46, "pressure": 1016.61, "windSpeed": 4.89, "windGust": 13.73, "windBearing": 295, "cloudCover": 0, "uvIndex": 0, "visibility": 9.48}, {"time": 1452668400, "summary": "Clear", "icon": "clear-night", "precipIntensity": 0, "precipProbability": 0, "temperature": 24.31, "apparentTemperature": 18.21, "dewPoint": 7.16, "humidity": 0.47, "pressure": 1017.74, "windSpeed": 4.84, "windGust": 12.59, "windBearing": 296, "cloudCover": 0, "uvIndex": 0, "visibility": 8.28}, {"time": 1452672000, "summary": "Clear", "icon": "clear-night", "precipIntensity": 0, "precipProbability": 0, "temperature": 23.22, "apparentTemperature": 17.96, "dewPoint": 6.86, "humidity": 0.49, "pressure": 1019.02, "windSpeed": 3.99, "windGust": 11.02, "windBearing": 289, "cloudCover": 0, "uvIndex": 0, "visibility": 9.39}, {"time": 1452675600, "summary": "Clear", "icon": "clear-night", "precipIntensity": 0, "precipProbability": 0, "temperature": 22.42, "apparentTemperature": 17.32, "dewPoint": 6.86, "humidity": 0.51, "pressure": 1019.72, "windSpeed": 3.77, "windGust": 10.79, "windBearing": 286, "cloudCover": 0.02, "uvIndex": 0, "visibility": 9.48}, {"time": 1452679200, "summary": "Clear", "icon": "clear-night", "precipIntensity": 0, "precipProbability": 0, "temperature": 21.63, "apparentTemperature": 15.36, "dewPoint": 5.65, "humidity": 0.49, "pressure": 1020.14, "windSpeed": 4.59, "windGust": 12.21, "windBearing": 289, "cloudCover": 0, "uvIndex": 0, "visibility": 9.45}, {"time": 1452682800, "summary": "Clear", "icon": "clear-night", "precipIntensity": 0, "precipProbability": 0, "temperature": 20.68, "apparentTemperature": 16.2, "dewPoint": 5.28, "humidity": 0.51, "pressure": 1021.13, "windSpeed": 3.19, "windGust": 8.41, "windBearing": 288, "cloudCover": 0, "uvIndex": 0, "visibility": 9.1}, {"time": 1452686400, "summary": "Clear", "icon": "clear-night", "precipIntensity": 0, "precipProbability": 0, "temperature": 20.22, "apparentTemperature": 20.22, "dewPoint": 5.32, "humidity": 0.52, "pressure": 1021.97, "windSpeed": 2.46, "windGust": 7.31, "windBearing": 291, "cloudCover": 0, "uvIndex": 0, "visibility": 9}, {"time": 1452690000, "summary": "Clear", "icon": "clear-day", "precipIntensity": 0, "precipProbability": 0, "temperature": 20.17, "apparentTemperature": 20.17, "dewPoint": 4.91, "humidity": 0.51, "pressure": 1022.37, "windSpeed": 2.85, "windGust": 7.87, "windBearing": 291, "cloudCover": 0, "uvIndex": 0, "visibility": 9.43}, {"time": 1452693600, "summary": "Clear", "icon": "clear-day", "precipIntensity": 0, "precipProbability": 0, "temperature": 21.43, "apparentTemperature": 15.42, "dewPoint": 4.97, "humidity": 0.48, "pressure": 1022.74, "windSpeed": 4.35, "windGust": 11.27, "windBearing": 298, "cloudCover": 0, "uvIndex": 0, "visibility": 9.45}, {"time": 1452697200, "summary": "Clear", "icon": "clear-day", "precipIntensity": 0, "precipProbability": 0, "temperature": 23.33, "apparentTemperature": 17.22, "dewPoint": 4.55, "humidity": 0.44, "pressure": 1023.06, "windSpeed": 4.71, "windGust": 12.84, "windBearing": 290, "cloudCover": 0, "uvIndex": 1, "visibility": 8.34}, {"time": 1452700800, "summary": "Clear", "icon": "clear-day", "precipIntensity": 0, "precipProbability": 0, "temperature": 25.14, "apparentTemperature": 18.94, "dewPoint": 4.25, "humidity": 0.4, "pressure": 1022.99, "windSpeed": 5.07, "windGust": 12.62, "windBearing": 293, "cloudCover": 0.05, "uvIndex": 2, "visibility": 7.94}, {"time": 1452704400, "summary": "Clear", "icon": "clear-day", "precipIntensity": 0, "precipProbability": 0, "temperature": 26.87, "apparentTemperature": 21.83, "dewPoint": 3.89, "humidity": 0.37, "pressure": 1021.43, "windSpeed": 4.28, "windGust": 11.54, "windBearing": 295, "cloudCover": 0.01, "uvIndex": 2, "visibility": 8}, {"time": 1452708000, "summary": "Clear", "icon": "clear-day", "precipIntensity": 0, "precipProbability": 0, "temperature": 28.19, "apparentTemperature": 23.11, "dewPoint": 3.71, "humidity": 0.34, "pressure": 1020.65, "windSpeed": 4.51, "windGust": 12.25, "windBearing": 297, "cloudCover": 0.15, "uvIndex": 2, "visibility": 8.25}, {"time": 1452711600, "summary": "Clear", "icon": "clear-day", "precipIntensity": 0, "precipProbability": 0, "temperature": 29.08, "apparentTemperature": 24.46, "dewPoint": 3.7, "humidity": 0.33, "pressure": 1019.94, "windSpeed": 4.22, "windGust": 11.03, "windBearing": 288, "cloudCover": 0.06, "uvIndex": 2, "visibility": 8.25}, {"time": 1452715200, "summary": "Partly Cloudy", "icon": "partly-cloudy-day", "precipIntensity": 0, "precipProbability": 0, "temperature": 29.15, "apparentTemperature": 24.71, "dewPoint": 3.69, "humidity": 0.33, "pressure": 1018.84, "windSpeed": 4.06, "windGust": 9.98, "windBearing": 294, "cloudCover": 0.27, "uvIndex": 1, "visibility": 8.37}, {"time": 1452718800, "summary": "Clear", "icon": "clear-day", "precipIntensity": 0, "precipProbability": 0, "temperature": 29.04, "apparentTemperature": 25.94, "dewPoint": 3.88, "humidity": 0.33, "pressure": 1019.42, "windSpeed": 3.02, "windGust": 8.12, "windBearing": 288, "cloudCover": 0.23, "uvIndex": 0, "visibility": 8}, {"time": 1452722400, "summary": "Partly Cloudy", "icon": "partly-cloudy-day", "precipIntensity": 0, "precipProbability": 0, "temperature": 28.75, "apparentTemperature": 28.75, "dewPoint": 4.4, "humidity": 0.35, "pressure": 1019.48, "windSpeed": 1.13, "windGust": 4.15, "windBearing": 288, "cloudCover": 0.37, "uvIndex": 0, "visibility": 8.72}, {"time": 1452726000, "summary": "Partly Cloudy", "icon": "partly-cloudy-night", "precipIntensity": 0, "precipProbability": 0, "temperature": 28.1, "apparentTemperature": 28.1, "dewPoint": 5.21, "humidity": 0.37, "pressure": 1019.42, "windSpeed": 0.27, "windGust": 1.49, "windBearing": 290, "cloudCover": 0.42, "uvIndex": 0, "visibility": 8.24}, {"time": 1452729600, "summary": "Partly Cloudy", "icon": "partly-cloudy-night", "precipIntensity": 0, "precipProbability": 0, "temperature": 27.09, "apparentTemperature": 27.09, "dewPoint": 6.2, "humidity": 0.4, "pressure": 1019.56, "windSpeed": 0.18, "windGust": 0.52, "windBearing": 295, "cloudCover": 0.56, "uvIndex": 0, "visibility": 10}, {"time": 1452733200, "summary": "Partly Cloudy", "icon": "partly-cloudy-night", "precipIntensity": 0, "precipProbability": 0, "temperature": 25.94, "apparentTemperature": 25.94, "dewPoint": 7.38, "humidity": 0.45, "pressure": 1019.45, "windSpeed": 0.1, "windGust": 0.65, "windBearing": 317, "cloudCover": 0.52, "uvIndex": 0, "visibility": 10}, {"time": 1452736800, "summary": "Clear", "icon": "clear-night", "precipIntensity": 0, "precipProbability": 0, "temperature": 24.05, "apparentTemperature": 24.05, "dewPoint": 8.06, "humidity": 0.5, "pressure": 1018.67, "windSpeed": 0.02, "windGust": 0.34, "windBearing": 359, "cloudCover": 0.19, "uvIndex": 0, "visibility": 10}, {"time": 1452740400, "summary": "Clear", "icon": "clear-night", "precipIntensity": 0, "precipProbability": 0, "temperature": 22.83, "apparentTemperature": 22.83, "dewPoint": 9.14, "humidity": 0.55, "pressure": 1018.37, "windSpeed": 0, "windGust": 0.1, "cloudCover": 0.11, "uvIndex": 0, "visibility": 9.4}, {"time": 1452744000, "summary": "Partly Cloudy", "icon": "partly-cloudy-night", "precipIntensity": 0, "precipProbability": 0, "temperature": 22.39, "apparentTemperature": 22.39, "dewPoint": 10.42, "humidity": 0.59, "pressure": 1018.32, "windSpeed": 0, "windGust": 0.1, "cloudCover": 0.41, "uvIndex": 0, "visibility": 10}]}, "daily": {"data": [{"time": 1452661200, "summary": "Mostly cloudy starting in the evening.", "icon": "partly-cloudy-night", "sunriseTime": 1452688021, "sunsetTime": 1452722908, "moonPhase": 0.13, "precipIntensity": 0, "precipIntensityMax": 0, "precipProbability": 0, "temperatureHigh": 29.15, "temperatureHighTime": 1452715200, "temperatureLow": 22.39, "temperatureLowTime": 1452744000, "apparentTemperatureHigh": 28.75, "apparentTemperatureHighTime": 1452722400, "apparentTemperatureLow": 22.39, "apparentTemperatureLowTime": 1452744000, "dewPoint": 5.89, "humidity": 0.44, "pressure": 1019.87, "windSpeed": 2.99, "windGust": 15.46, "windGustTime": 1452661200, "windBearing": 293, "cloudCover": 0.14, "uvIndex": 2, "uvIndexTime": 1452700800, "visibility": 8.96, "temperatureMin": 20.17, "temperatureMinTime": 1452690000, "temperatureMax": 29.15, "temperatureMaxTime": 1452715200, "apparentTemperatureMin": 15.36, "apparentTemperatureMinTime": 1452679200, "apparentTemperatureMax": 28.75, "apparentTemperatureMaxTime": 1452722400}]}, "flags": {"sources": ["cmc", "gfs", "hrrr", "icon", "isd", "madis", "nam", "sref"], "nearest-station": 1.106, "units": "us"}, "offset": -5}