{"latitude": 38.912659, "longitude": -77.017669, "timezone": "America/New_York", "currently": {"time": 1440216000, "summary": "Clear", "icon": "clear-night", "precipIntensity": 0, "precipProbability": 0, "temperature": 65.94, "apparentTemperature": 66.07, "dewPoint": 60.15, "humidity": 0.82, "pressure": 1018.84, "windSpeed": 0.04, "windGust": 0.04, "windBearing": 355, "cloudCover": 0.16, "uvIndex": 0, "visibility": 10}, "hourly": {"summary": "Clear throughout the day.", "icon": "clear-day", "data": [{"time": 1440216000, "summary": "Clear", "icon": "clear-night", "precipIntensity": 0, "precipProbability": 0, "temperature": 65.94, "apparentTemperature": 66.07, "dewPoint": 60.15, "humidity": 0.82, "pressure": 1018.84, "windSpeed": 0.04, "windGust": 0.04, "windBearing": 355, "cloudCover": 0.16, "uvIndex": 0, "visibility": 10}, {"time": 1440219600, "summary": "Clear", "icon": "clear-night", "precipIntensity": 0, "precipProbability": 0, "temperature": 65.1, "apparentTemperature": 65.2, "dewPoint": 59.67, "humidity": 0.83, "pressure": 1018.97, "windSpeed": 0.07, "windGust": 0.12, "windBearing": 352, "cloudCover": 0.14, "uvIndex": 0, "visibility": 9.89}, {"time": 1440223200, "summary": "Clear", "icon": "clear-night", "precipIntensity": 0, "precipProbability": 0, "temperature": 64.11, "apparentTemperature": 64.14, "dewPoint": 58.94, "humidity": 0.83, "pressure": 1018.89, "windSpeed": 0.02, "windGust": 0.06, "windBearing": 292, "cloudCover": 0.07, "uvIndex": 0, "visibility": 10}, {"time": 1440226800, "summary": "Clear", "icon": "clear-night", "precipIntensity": 0, "precipProbability": 0, "temperature": 63.15, "apparentTemperature": 63.15, "dewPoint": 58.41, "humidity": 0.85, "pressure": 1019.15, "windSpeed": 0.01, "windGust": 0.03, "windBearing": 275, "cloudCover": 0, "uvIndex": 0, "visibility": 8.47}, {"time": 1440230400, "summary": "Clear", "icon": "clear-night", "precipIntensity": 0, "precipProbability": 0, "temperature": 62.37, "apparentTemperature": 62.37, "dewPoint": 58.09, "humidity": 0.86, "pressure": 1018.85, "windSpeed": 0.01, "windGust": 0.2, "windBearing": 282, "cloudCover": 0, "uvIndex": 0, "visibility": 7.45}, {"time": 1440234000, "summary": "Clear", "icon": "clear-night", "precipIntensity": 0, "precipProbability": 0, "temperature": 61.08, "apparentTemperature": 61.08, "dewPoint": 57.39, "humidity": 0.88, "pressure": 1019.29, "windSpeed": 0.01, "windGust": 0.11, "windBearing": 304, "cloudCover": 0, "uvIndex": 0, "visibility": 8.38}, {"time": 1440237600, "summary": "Clear", "icon": "clear-night", "precipIntensity": 0, "precipProbability": 0, "temperature": 60.57, "apparentTemperature": 60.57, "dewPoint": 57.04, "humidity": 0.88, "pressure": 1019.79, "windSpeed": 0.01, "windGust": 0.22, "windBearing": 314, "cloudCover": 0.08, "uvIndex": 0, "visibility": 8.55}, {"time": 1440241200, "summary": "Clear", "icon": "clear-day", "precipIntensity": 0, "precipProbability": 0, "temperature": 60.33, "apparentTemperature": 60.33, "dewPoint": 56.83, "humidity": 0.88, "pressure": 1020.17, "windSpeed": 0.03, "windGust": 0.32, "windBearing": 354, "cloudCover": 0.08, "uvIndex": 0, "visibility": 9.23}, {"time": 1440244800, "summary": "Clear", "icon": "clear-day", "precipIntensity": 0, "precipProbability": 0, "temperature": 63.24, "apparentTemperature": 63.24, "dewPoint": 58.52, "humidity": 0.85, "pressure": 1020.63, "windSpeed": 0.27, "windGust": 1.24, "windBearing": 358, "cloudCover": 0.01, "uvIndex": 1, "visibility": 10}, {"time": 1440248400, "summary": "Clear", "icon": "clear-day", "precipIntensity": 0, "precipProbability": 0, "temperature": 69.18, "apparentTemperature": 69.18, "dewPoint": 59.52, "humidity": 0.71, "pressure": 1020.78, "windSpeed": 0.71, "windGust": 3.37, "windBearing": 23, "cloudCover": 0.01, "uvIndex": 2, "visibility": 10}, {"time": 1440252000, "summary": "Clear", "icon": "clear-day", "precipIntensity": 0, "precipProbability": 0, "temperature": 73.84, "apparentTemperature": 73.84, "dewPoint": 58.78, "humidity": 0.59, "pressure": 1020.96, "windSpeed": 1.4, "windGust": 4.79, "windBearing": 28, "cloudCover": 0, "uvIndex": 4, "visibility": 10}, {"time": 1440255600, "summary": "Clear", "icon": "clear-day", "precipIntensity": 0, "precipProbability": 0, "temperature": 77.16, "apparentTemperature": 77.16, "dewPoint": 58.2, "humidity": 0.52, "pressure": 1020.9, "windSpeed": 1.21, "windGust": 5.08, "windBearing": 43, "cloudCover": 0.01, "uvIndex": 6, "visibility": 8.32}, {"time": 1440259200, "summary": "Clear", "icon": "clear-day", "precipIntensity": 0, "precipProbability": 0, "temperature": 79.56, "apparentTemperature": 79.56, "dewPoint": 56.55, "humidity": 0.45, "pressure": 1020.48, "windSpeed": 1.61, "windGust": 6.17, "windBearing": 39, "cloudCover": 0.01, "uvIndex": 8, "visibility": 8.33}, {"time": 1440262800, "summary": "Clear", "icon": "clear-day", "precipIntensity": 0, "precipProbability": 0, "temperature": 81.1, "apparentTemperature": 81.1, "dewPoint": 55.92, "humidity": 0.42, "pressure": 1020.17, "windSpeed": 1.06, "windGust": 5.68, "windBearing": 35, "cloudCover": 0, "uvIndex": 9, "visibility": 7.92}, {"time": 1440266400, "summary": "Clear", "icon": "clear-day", "precipIntensity": 0, "precipProbability": 0, "temperature": 82.36, "apparentTemperature": 82.36, "dewPoint": 55.62, "humidity": 0.4, "pressure": 1019.83, "windSpeed": 0.8, "windGust": 4.9, "windBearing": 30, "cloudCover": 0.12, "uvIndex": 8, "visibility": 8.37}, {"time": 1440270000, "summary": "Clear", "icon": "clear-day", "precipIntensity": 0, "precipProbability": 0, "temperature": 82.95, "apparentTemperature": 82.95, "dewPoint": 55.09, "humidity": 0.39, "pressure": 1019.04, "windSpeed": 0.43, "windGust": 4.77, "windBearing": 23, "cloudCover": 0.12, "uvIndex": 7, "visibility": 7.93}, {"time": 1440273600, "summary": "Clear", "icon": "clear-day", "precipIntensity": 0, "precipProbability": 0, "temperature": 83.68, "apparentTemperature": 83.68, "dewPoint": 55.08, "humidity": 0.38, "pressure": 1018.55, "windSpeed": 0.67, "windGust": 4.58, "windBearing": 5, "cloudCover": 0.12, "uvIndex": 5, "visibility": 8.21}, {"time": 1440277200, "summary": "Clear", "icon": "clear-day", "precipIntensity": 0, "precipProbability": 0, "temperature": 83.36, "apparentTemperature": 83.36, "dewPoint": 55.33, "humidity": 0.38, "pressure": 1018.46, "windSpeed": 0.64, "windGust": 4, "windBearing": 14, "cloudCover": 0.12, "uvIndex": 3, "visibility": 8.37}, {"time": 1440280800, "summary": "Clear", "icon": "clear-day", "precipIntensity": 0, "precipProbability": 0, "temperature": 82.11, "apparentTemperature": 82.11, "dewPoint": 56.03, "humidity": 0.41, "pressure": 1018.08, "windSpeed": 0.71, "windGust": 3.44, "windBearing": 16, "cloudCover": 0.11, "uvIndex": 1, "visibility": 8.2}, {"time": 1440284400, "summary": "Clear", "icon": "clear-day", "precipIntensity": 0, "precipProbability": 0, "temperature": 79.82, "apparentTemperature": 79.82, "dewPoint": 56.34, "humidity": 0.45, "pressure": 1017.87, "windSpeed": 0.6, "windGust": 2.5, "windBearing": 17, "cloudCover": 0.1, "uvIndex": 0, "visibility": 7.73}, {"time": 1440288000, "summary": "Clear", "icon": "clear-night", "precipIntensity": 0, "precipProbability": 0, "temperature": 75.81, "apparentTemperature": 75.81, "dewPoint": 57.62, "humidity": 0.53, "pressure": 1017.87, "windSpeed": 0.08, "windGust": 0.38, "windBearing": 49, "cloudCover": 0.17, "uvIndex": 0, "visibility": 8.34}, {"time": 1440291600, "summary": "Clear", "icon": "clear-night", "precipIntensity": 0, "precipProbability": 0, "temperature": 71.9, "apparentTemperature": 71.9, "dewPoint": 58.27, "humidity": 0.62, "pressure": 1017.76, "windSpeed": 0.02, "windGust": 0.19, "windBearing": 89, "cloudCover": 0.06, "uvIndex": 0, "visibility": 7.37}, {"time": 1440295200, "summary": "Clear", "icon": "clear-night", "precipIntensity": 0, "precipProbability": 0, "temperature": 69.73, "apparentTemperature": 69.73, "dewPoint": 58.14, "humidity": 0.67, "pressure": 1017.92, "windSpeed": 0.04, "windGust": 0.32, "windBearing": 0, "cloudCover": 0.13, "uvIndex": 0, "visibility": 9.16}, {"time": 1440298800, "summary": "Clear", "icon": "clear-night", "precipIntensity": 0, "precipProbability": 0, "temperature": 67.45, "apparentTemperature": 67.45, "dewPoint": 57.96, "humidity": 0.72, "pressure": 1017.87, "windSpeed": 0.01, "windGust": 0.17, "windBearing": 0, "cloudCover": 0, "uvIndex": 0, "visibility": 10}]}, "daily": {"data": [{"time": 1440216000, "summary": "Clear throughout the day.", "icon": "clear-day", "sunriseTime": 1440239364, "sunsetTime": 1440287731, "moonPhase": 0.25, "precipIntensity": 0, "precipIntensityMax": 0, "precipProbability": 0, "temperatureHigh": 83.68, "temperatureHighTime": 1440273600, "temperatureLow": 58.97, "temperatureLowTime": 1440327600, "apparentTemperatureHigh": 83.68, "apparentTemperatureHighTime": 1440273600, "apparentTemperatureLow": 58.97, "apparentTemperatureLowTime": 1440327600, "dewPoint": 57.48, "humidity": 0.64, "pressure": 1019.21, "windSpeed": 0.42, "windGust": 6.17, "windGustTime": 1440259200, "windBearing": 26, "cloudCover": 0.07, "uvIndex": 9, "uvIndexTime": 1440262800, "visibility": 8.76, "temperatureMin": 60.33, "temperatureMinTime": 1440241200, "temperatureMax": 83.68, "temperatureMaxTime": 1440273600, "apparentTemperatureMin": 60.33, "apparentTemperatureMinTime": 1440241200, "apparentTemperatureMax": 83.68, "apparentTemperatureMaxTime": 1440273600}]}, "flags": {"sources": ["cmc", "gfs", "hrrr", "icon", "isd", "madis", "nam", "sref"], "nearest-station": 1.106, "units": "us"}, "offset": -4}