{"latitude": 38.912659, "longitude": -77.017669, "timezone": "America/New_York", "currently": {"time": 1439784000, "summary": "Clear", "icon": "clear-night", "precipIntensity": 0, "precipProbability": 0, "temperature": 74.93, "apparentTemperature": 75.64, "dewPoint": 66.43, "humidity": 0.75, "pressure": 1019.45, "windSpeed": 0.1, "windGust": 0.5, "windBearing": 183, "cloudCover": 0.02, "uvIndex": 0, "visibility": 7.43}, "hourly": {"summary": "Clear throughout the day.", "icon": "clear-day", "data": [{"time": 1439784000, "summary": "Clear", "icon": "clear-night", "precipIntensity": 0, "precipProbability": 0, "temperature": 74.93, "apparentTemperature": 75.64, "dewPoint": 66.43, "humidity": 0.75, "pressure": 1019.45, "windSpeed": 0.1, "windGust": 0.5, "windBearing": 183, "cloudCover": 0.02, "uvIndex": 0, "visibility": 7.43}, {"time": 1439787600, "summary": "Clear", "icon": "clear-night", "precipIntensity": 0, "precipProbability": 0, "temperature": 73.62, "apparentTemperature": 74.35, "dewPoint": 66.32, "humidity": 0.78, "pressure": 1019.63, "windSpeed": 0.07, "windGust": 0.55, "windBearing": 188, "cloudCover": 0.07, "uvIndex": 0, "visibility": 8.11}, {"time": 1439791200, "summary": "Clear", "icon": "clear-night", "precipIntensity": 0, "precipProbability": 0, "temperature": 72.49, "apparentTemperature": 73.24, "dewPoint": 66.26, "humidity": 0.81, "pressure": 1019.81, "windSpeed": 0.04, "windGust": 0.21, "windBearing": 184, "cloudCover": 0.04, "uvIndex": 0, "visibility": 8.79}, {"time": 1439794800, "summary": "Clear", "icon": "clear-night", "precipIntensity": 0, "precipProbability": 0, "temperature": 71.53, "apparentTemperature": 72.31, "dewPoint": 66.25, "humidity": 0.83, "pressure": 1019.61, "windSpeed": 0.05, "windGust": 0.19, "windBearing": 187, "cloudCover": 0.07, "uvIndex": 0, "visibility": 10}, {"time": 1439798400, "summary": "Clear", "icon": "clear-night", "precipIntensity": 0, "precipProbability": 0, "temperature": 70.75, "apparentTemperature": 71.52, "dewPoint": 66, "humidity": 0.85, "pressure": 1019.74, "windSpeed": 0.02, "windGust": 0.04, "windBearing": 180, "cloudCover": 0.15, "uvIndex": 0, "visibility": 7.93}, {"time": 1439802000, "summary": "Clear", "icon": "clear-night", "precipIntensity": 0, "precipProbability": 0, "temperature": 70.15, "apparentTemperature": 70.9, "dewPoint": 65.73, "humidity": 0.86, "pressure": 1019.44, "windSpeed": 0, "windGust": 0.08, "cloudCover": 0.24, "uvIndex": 0, "visibility": 7.04}, {"time": 1439805600, "summary": "Clear", "icon": "clear-night", "precipIntensity": 0, "precipProbability": 0, "temperature": 69.6, "apparentTemperature": 70.38, "dewPoint": 65.73, "humidity": 0.88, "pressure": 1019.57, "windSpeed": 0.01, "windGust": 0.05, "windBearing": 180, "cloudCover": 0.07, "uvIndex": 0, "visibility": 7.72}, {"time": 1439809200, "summary": "Clear", "icon": "clear-day", "precipIntensity": 0, "precipProbability": 0, "temperature": 69.13, "apparentTemperature": 69.91, "dewPoint": 65.7, "humidity": 0.89, "pressure": 1019.92, "windSpeed": 0.04, "windGust": 0.05, "windBearing": 180, "cloudCover": 0.07, "uvIndex": 0, "visibility": 9.18}, {"time": 1439812800, "summary": "Clear", "icon": "clear-day", "precipIntensity": 0, "precipProbability": 0, "temperature": 71.43, "apparentTemperature": 72.39, "dewPoint": 67.55, "humidity": 0.88, "pressure": 1020.26, "windSpeed": 0.19, "windGust": 0.62, "windBearing": 192, "cloudCover": 0, "uvIndex": 1, "visibility": 10}, {"time": 1439816400, "summary": "Clear", "icon": "clear-day", "precipIntensity": 0, "precipProbability": 0, "temperature": 75.72, "apparentTemperature": 76.82, "dewPoint": 69.62, "humidity": 0.81, "pressure": 1020.17, "windSpeed": 0.25, "windGust": 1.53, "windBearing": 198, "cloudCover": 0, "uvIndex": 2, "visibility": 10}, {"time": 1439820000, "summary": "Clear", "icon": "clear-day", "precipIntensity": 0, "precipProbability": 0, "temperature": 80.71, "apparentTemperature": 84.43, "dewPoint": 70.79, "humidity": 0.72, "pressure": 1020.05, "windSpeed": 0.32, "windGust": 2.11, "windBearing": 202, "cloudCover": 0, "uvIndex": 4, "visibility": 9.48}, {"time": 1439823600, "summary": "Clear", "icon": "clear-day", "precipIntensity": 0, "precipProbability": 0, "temperature": 85.02, "apparentTemperature": 90.02, "dewPoint": 70.64, "humidity": 0.62, "pressure": 1019.92, "windSpeed": 0.3, "windGust": 2.46, "windBearing": 207, "cloudCover": 0, "uvIndex": 6, "visibility": 8}, {"time": 1439827200, "summary": "Clear", "icon": "clear-day", "precipIntensity": 0, "precipProbability": 0, "temperature": 88.42, "apparentTemperature": 94.03, "dewPoint": 70.46, "humidity": 0.56, "pressure": 1019.28, "windSpeed": 0.45, "windGust": 3.16, "windBearing": 185, "cloudCover": 0, "uvIndex": 8, "visibility": 8.04}, {"time": 1439830800, "summary": "Clear", "icon": "clear-day", "precipIntensity": 0, "precipProbability": 0, "temperature": 90.96, "apparentTemperature": 96.57, "dewPoint": 69.85, "humidity": 0.5, "pressure": 1019.08, "windSpeed": 1.23, "windGust": 4.91, "windBearing": 177, "cloudCover": 0.06, "uvIndex": 9, "visibility": 7.7}, {"time": 1439834400, "summary": "Clear", "icon": "clear-day", "precipIntensity": 0, "precipProbability": 0, "temperature": 92.31, "apparentTemperature": 97.61, "dewPoint": 69.16, "humidity": 0.47, "pressure": 1018.26, "windSpeed": 0.86, "windGust": 5.21, "windBearing": 176, "cloudCover": 0.06, "uvIndex": 8, "visibility": 7.38}, {"time": 1439838000, "summary": "Clear", "icon": "clear-day", "precipIntensity": 0, "precipProbability": 0, "temperature": 92.62, "apparentTemperature": 97.46, "dewPoint": 68.53, "humidity": 0.46, "pressure": 1017.88, "windSpeed": 1.13, "windGust": 4.69, "windBearing": 176, "cloudCover": 0.17, "uvIndex": 7, "visibility": 7.55}, {"time": 1439841600, "summary": "Clear", "icon": "clear-day", "precipIntensity": 0, "precipProbability": 0, "temperature": 92.41, "apparentTemperature": 97.03, "dewPoint": 68.3, "humidity": 0.46, "pressure": 1017.19, "windSpeed": 1.66, "windGust": 5.63, "windBearing": 159, "cloudCover": 0.08, "uvIndex": 5, "visibility": 7.56}, {"time": 1439845200, "summary": "Clear", "icon": "clear-day", "precipIntensity": 0, "precipProbability": 0, "temperature": 91.32, "apparentTemperature": 95.95, "dewPoint": 68.57, "humidity": 0.48, "pressure": 1016.84, "windSpeed": 2.08, "windGust": 5.6, "windBearing": 178, "cloudCover": 0.21, "uvIndex": 3, "visibility": 7.62}, {"time": 1439848800, "summary": "Clear", "icon": "clear-day", "precipIntensity": 0, "precipProbability": 0, "temperature": 89.72, "apparentTemperature": 94.65, "dewPoint": 69.32, "humidity": 0.51, "pressure": 1016.46, "windSpeed": 1.24, "windGust": 5.16, "windBearing": 171, "cloudCover": 0.23, "uvIndex": 1, "visibility": 6.55}, {"time": 1439852400, "summary": "Clear", "icon": "clear-day", "precipIntensity": 0, "precipProbability": 0, "temperature": 87.28, "apparentTemperature": 91.51, "dewPoint": 68.93, "humidity": 0.55, "pressure": 1016.39, "windSpeed": 1.36, "windGust": 3.98, "windBearing": 172, "cloudCover": 0.19, "uvIndex": 0, "visibility": 7.88}, {"time": 1439856000, "summary": "Clear", "icon": "clear-night", "precipIntensity": 0, "precipProbability": 0, "temperature": 84.72, "apparentTemperature": 88.53, "dewPoint": 68.9, "humidity": 0.59, "pressure": 1016.3, "windSpeed": 0.72, "windGust": 2.86, "windBearing": 170, "cloudCover": 0.23, "uvIndex": 0, "visibility": 7.43}, {"time": 1439859600, "summary": "Clear", "icon": "clear-night", "precipIntensity": 0, "precipProbability": 0, "temperature": 81.99, "apparentTemperature": 85.35, "dewPoint": 68.98, "humidity": 0.65, "pressure": 1016.74, "windSpeed": 0.97, "windGust": 2.75, "windBearing": 166, "cloudCover": 0.2, "uvIndex": 0, "visibility": 7.82}, {"time": 1439863200, "summary": "Clear", "icon": "clear-night", "precipIntensity": 0, "precipProbability": 0, "temperature": 80.12, "apparentTemperature": 82.64, "dewPoint": 67.65, "humidity": 0.66, "pressure": 1017.12, "windSpeed": 0.51, "windGust": 2.94, "windBearing": 169, "cloudCover": 0.1, "uvIndex": 0, "visibility": 8.26}, {"time": 1439866800, "summary": "Clear", "icon": "clear-night", "precipIntensity": 0, "precipProbability": 0, "temperature": 78.45, "apparentTemperature": 79.23, "dewPoint": 67.33, "humidity": 0.69, "pressure": 1017.41, "windSpeed": 0.48, "windGust": 2.02, "windBearing": 177, "cloudCover": 0.04, "uvIndex": 0, "visibility": 7.96}]}, "daily": {"data": [{"time": 1439784000, "summary": "Clear throughout the day.", "icon": "clear-day", "sunriseTime": 1439807090, "sunsetTime": 1439856141, "moonPhase": 0.1, "precipIntensity": 0, "precipIntensityMax": 0, "precipProbability": 0, "temperatureHigh": 92.62, "temperatureHighTime": 1439838000, "temperatureLow": 69.93, "temperatureLowTime": 1439892000, "apparentTemperatureHigh": 97.61, "apparentTemperatureHighTime": 1439834400, "apparentTemperatureLow": 70.82, "apparentTemperatureLowTime": 1439892000, "dewPoint": 68.04, "humidity": 0.68, "pressure": 1018.6, "windSpeed": 0.58, "windGust": 5.63, "windGustTime": 1439841600, "windBearing": 175, "cloudCover": 0.1, "uvIndex": 9, "uvIndexTime": 1439830800, "visibility": 8.14, "temperatureMin": 69.13, "temperatureMinTime": 1439809200, "temperatureMax": 92.62, "temperatureMaxTime": 1439838000, "apparentTemperatureMin": 69.91, "apparentTemperatureMinTime": 1439809200, "apparentTemperatureMax": 97.61, "apparentTemperatureMaxTime": 1439834400}]}, "flags": {"sources": ["cmc", "gfs", "hrrr", "icon", "isd", "madis", "nam", "sref"], "nearest-station": 0.675, "units": "us"}, "offset": -4}