{"latitude": 38.912659, "longitude": -77.017669, "timezone": "America/New_York", "currently": {"time": 1450242000, "summary": "Clear", "icon": "clear-night", "precipIntensity": 0, "precipProbability": 0, "temperature": 45.04, "apparentTemperature": 45.04, "dewPoint": 37.08, "humidity": 0.73, "pressure": 1015.54, "windSpeed": 0.13, "windGust": 1.05, "windBearing": 323, "cloudCover": 0.09, "uvIndex": 0, "visibility": 7.22}, "hourly": {"summary": "Partly cloudy overnight.", "icon": "partly-cloudy-night", "data": [{"time": 1450242000, "summary": "Clear", "icon": "clear-night", "precipIntensity": 0, "precipProbability": 0, "temperature": 45.04, "apparentTemperature": 45.04, "dewPoint": 37.08, "humidity": 0.73, "pressure": 1015.54, "windSpeed": 0.13, "windGust": 1.05, "windBearing": 323, "cloudCover": 0.09, "uvIndex": 0, "visibility": 7.22}, {"time": 1450245600, "summary": "Partly Cloudy", "icon": "partly-cloudy-night", "precipIntensity": 0, "precipProbability": 0, "temperature": 44.13, "apparentTemperature": 44.13, "dewPoint": 37.28, "humidity": 0.77, "pressure": 1015.75, "windSpeed": 0.17, "windGust": 1.03, "windBearing": 322, "cloudCover": 0.45, "uvIndex": 0, "visibility": 7.71}, {"time": 1450249200, "summary": "Partly Cloudy", "icon": "partly-cloudy-night", "precipIntensity": 0, "precipProbability": 0, "temperature": 44.17, "apparentTemperature": 44.17, "dewPoint": 37.37, "humidity": 0.77, "pressure": 1016.16, "windSpeed": 0.25, "windGust": 1.02, "windBearing": 349, "cloudCover": 0.56, "uvIndex": 0, "visibility": 8.75}, {"time": 1450252800, "summary": "Partly Cloudy", "icon": "partly-cloudy-night", "precipIntensity": 0, "precipProbability": 0, "temperature": 43.82, "apparentTemperature": 43.82, "dewPoint": 37.49, "humidity": 0.78, "pressure": 1016.52, "windSpeed": 0.15, "windGust": 1.04, "windBearing": 0, "cloudCover": 0.49, "uvIndex": 0, "visibility": 7.86}, {"time": 1450256400, "summary": "Clear", "icon": "clear-night", "precipIntensity": 0, "precipProbability": 0, "temperature": 42.56, "apparentTemperature": 42.56, "dewPoint": 36.84, "humidity": 0.8, "pressure": 1016.67, "windSpeed": 0.14, "windGust": 0.46, "windBearing": 339, "cloudCover": 0.11, "uvIndex": 0, "visibility": 8.81}, {"time": 1450260000, "summary": "Clear", "icon": "clear-night", "precipIntensity": 0, "precipProbability": 0, "temperature": 41.18, "apparentTemperature": 41.18, "dewPoint": 36.1, "humidity": 0.82, "pressure": 1017.3, "windSpeed": 0, "windGust": 0.14, "cloudCover": 0.11, "uvIndex": 0, "visibility": 7.59}, {"time": 1450263600, "summary": "Clear", "icon": "clear-night", "precipIntensity": 0, "precipProbability": 0, "temperature": 39.68, "apparentTemperature": 39.68, "dewPoint": 35.28, "humidity": 0.84, "pressure": 1017.8, "windSpeed": 0, "windGust": 0.04, "cloudCover": 0.12, "uvIndex": 0, "visibility": 9.26}, {"time": 1450267200, "summary": "Partly Cloudy", "icon": "partly-cloudy-night", "precipIntensity": 0, "precipProbability": 0, "temperature": 39.26, "apparentTemperature": 39.26, "dewPoint": 35.61, "humidity": 0.87, "pressure": 1019.17, "windSpeed": 0, "windGust": 0.13, "cloudCover": 0.59, "uvIndex": 0, "visibility": 10}, {"time": 1450270800, "summary": "Mostly Cloudy", "icon": "partly-cloudy-day", "precipIntensity": 0, "precipProbability": 0, "temperature": 40.64, "apparentTemperature": 40.64, "dewPoint": 37.05, "humidity": 0.87, "pressure": 1019.89, "windSpeed": 0, "windGust": 0.12, "cloudCover": 0.93, "uvIndex": 0, "visibility": 8.23}, {"time": 1450274400, "summary": "Mostly Cloudy", "icon": "partly-cloudy-day", "precipIntensity": 0, "precipProbability": 0, "temperature": 44.46, "apparentTemperature": 44.46, "dewPoint": 39.99, "humidity": 0.84, "pressure": 1020.17, "windSpeed": 0.01, "windGust": 0.36, "windBearing": 322, "cloudCover": 0.74, "uvIndex": 0, "visibility": 10}, {"time": 1450278000, "summary": "Partly Cloudy", "icon": "partly-cloudy-day", "precipIntensity": 0, "precipProbability": 0, "temperature": 49.48, "apparentTemperature": 49.48, "dewPoint": 40.9, "humidity": 0.72, "pressure": 1020.52, "windSpeed": 0.2, "windGust": 2.43, "windBearing": 38, "cloudCover": 0.43, "uvIndex": 1, "visibility": 7.95}, {"time": 1450281600, "summary": "Clear", "icon": "clear-day", "precipIntensity": 0, "precipProbability": 0, "temperature": 52.46, "apparentTemperature": 52.46, "dewPoint": 40.82, "humidity": 0.64, "pressure": 1020.21, "windSpeed": 0.75, "windGust": 3.91, "windBearing": 87, "cloudCover": 0.19, "uvIndex": 2, "visibility": 8.63}, {"time": 1450285200, "summary": "Partly Cloudy", "icon": "partly-cloudy-day", "precipIntensity": 0, "precipProbability": 0, "temperature": 54.23, "apparentTemperature": 54.23, "dewPoint": 41.23, "humidity": 0.61, "pressure": 1019.51, "windSpeed": 0.88, "windGust": 5.02, "windBearing": 117, "cloudCover": 0.38, "uvIndex": 2, "visibility": 8.75}, {"time": 1450288800, "summary": "Partly Cloudy", "icon": "partly-cloudy-day", "precipIntensity": 0, "precipProbability": 0, "temperature": 55.37, "apparentTemperature": 55.37, "dewPoint": 41.37, "humidity": 0.59, "pressure": 1018.92, "windSpeed": 1.01, "windGust": 5.34, "windBearing": 146, "cloudCover": 0.53, "uvIndex": 2, "visibility": 8.6}, {"time": 1450292400, "summary": "Partly Cloudy", "icon": "partly-cloudy-day", "precipIntensity": 0, "precipProbability": 0, "temperature": 56.18, "apparentTemperature": 56.18, "dewPoint": 41.8, "humidity": 0.58, "pressure": 1018.51, "windSpeed": 1.22, "windGust": 5.81, "windBearing": 150, "cloudCover": 0.26, "uvIndex": 1, "visibility": 8.75}, {"time": 1450296000, "summary": "Clear", "icon": "clear-day", "precipIntensity": 0, "precipProbability": 0, "temperature": 56.25, "apparentTemperature": 56.25, "dewPoint": 41.9, "humidity": 0.59, "pressure": 1017.92, "windSpeed": 1.62, "windGust": 6.08, "windBearing": 150, "cloudCover": 0.13, "uvIndex": 1, "visibility": 9.05}, {"time": 1450299600, "summary": "Clear", "icon": "clear-day", "precipIntensity": 0, "precipProbability": 0, "temperature": 55.28, "apparentTemperature": 55.28, "dewPoint": 41.86, "humidity": 0.61, "pressure": 1017.88, "windSpeed": 1.27, "windGust": 5.63, "windBearing": 151, "cloudCover": 0.11, "uvIndex": 0, "visibility": 8.75}, {"time": 1450303200, "summary": "Clear", "icon": "clear-night", "precipIntensity": 0, "precipProbability": 0, "temperature": 52.69, "apparentTemperature": 52.69, "dewPoint": 41.35, "humidity": 0.65, "pressure": 1017.99, "windSpeed": 0.57, "windGust": 2.84, "windBearing": 150, "cloudCover": 0.18, "uvIndex": 0, "visibility": 7.97}, {"time": 1450306800, "summary": "Clear", "icon": "clear-night", "precipIntensity": 0, "precipProbability": 0, "temperature": 50.48, "apparentTemperature": 50.48, "dewPoint": 41.16, "humidity": 0.7, "pressure": 1018.24, "windSpeed": 0.35, "windGust": 1.42, "windBearing": 130, "cloudCover": 0.08, "uvIndex": 0, "visibility": 8.43}, {"time": 1450310400, "summary": "Clear", "icon": "clear-night", "precipIntensity": 0, "precipProbability": 0, "temperature": 48.94, "apparentTemperature": 48.94, "dewPoint": 40.83, "humidity": 0.73, "pressure": 1018.32, "windSpeed": 0.45, "windGust": 1.15, "windBearing": 142, "cloudCover": 0.24, "uvIndex": 0, "visibility": 9.21}, {"time": 1450314000, "summary": "Partly Cloudy", "icon": "partly-cloudy-night", "precipIntensity": 0, "precipProbability": 0, "temperature": 47.86, "apparentTemperature": 47.86, "dewPoint": 40.65, "humidity": 0.76, "pressure": 1018.9, "windSpeed": 0.3, "windGust": 1.28, "windBearing": 140, "cloudCover": 0.48, "uvIndex": 0, "visibility": 6.43}, {"time": 1450317600, "summary": "Partly Cloudy", "icon": "partly-cloudy-night", "precipIntensity": 0, "precipProbability": 0, "temperature": 46.92, "apparentTemperature": 46.92, "dewPoint": 40.69, "humidity": 0.79, "pressure": 1018.44, "windSpeed": 0.32, "windGust": 1.49, "windBearing": 119, "cloudCover": 0.55, "uvIndex": 0, "visibility": 8.17}, {"time": 1450321200, "summary": "Partly Cloudy", "icon": "partly-cloudy-night", "precipIntensity": 0, "precipProbability": 0, "temperature": 46.95, "apparentTemperature": 46.95, "dewPoint": 41.3, "humidity": 0.81, "pressure": 1018.35, "windSpeed": 0.32, "windGust": 1.81, "windBearing": 153, "cloudCover": 0.29, "uvIndex": 0, "visibility": 8.24}, {"time": 1450324800, "summary": "Clear", "icon": "clear-night", "precipIntensity": 0, "precipProbability": 0, "temperature": 46.27, "apparentTemperature": 46.27, "dewPoint": 41.3, "humidity": 0.83, "pressure": 1017.71, "windSpeed": 0.53, "windGust": 2.06, "windBearing": 133, "cloudCover": 0.17, "uvIndex": 0, "visibility": 7.09}]}, "daily": {"data": [{"time": 1450242000, "summary": "Partly cloudy throughout the day.", "icon": "partly-cloudy-day", "sunriseTime": 1450268493, "sunsetTime": 1450302513, "moonPhase": 0.18, "precipIntensity": 0, "precipIntensityMax": 0, "precipProbability": 0, "temperatureHigh": 56.25, "temperatureHighTime": 1450296000, "temperatureLow": 45.53, "temperatureLowTime": 1450335600, "apparentTemperatureHigh": 56.25, "apparentTemperatureHighTime": 1450296000, "apparentTemperatureLow": 45.53, "apparentTemperatureLowTime": 1450335600, "dewPoint": 39.47, "humidity": 0.74, "pressure": 1018.18, "windSpeed": 0.35, "windGust": 6.08, "windGustTime": 1450296000, "windBearing": 136, "cloudCover": 0.34, "uvIndex": 2, "uvIndexTime": 1450281600, "visibility": 8.39, "temperatureMin": 39.26, "temperatureMinTime": 1450267200, "temperatureMax": 56.25, "temperatureMaxTime": 1450296000, "apparentTemperatureMin": 39.26, "apparentTemperatureMinTime": 1450267200, "apparentTemperatureMax": 56.25, "apparentTemperatureMaxTime": 1450296000}]}, "flags": {"sources": ["cmc", "gfs", "hrrr", "icon", "isd", "madis", "nam", "sref"], "nearest-station": 1.106, "units": "us"}, "offset": -5}