{"latitude": 38.912659, "longitude": -77.017669, "timezone": "America/New_York", "currently": {"time": 1430884800, "summary": "Partly Cloudy", "icon": "partly-cloudy-night", "precipIntensity": 0, "precipProbability": 0, "temperature": 64.81, "apparentTemperature": 65.13, "dewPoint": 61.2, "humidity": 0.88, "pressure": 1023.6, "windSpeed": 0.35, "windGust": 1.11, "windBearing": 227, "cloudCover": 0.38, "uvIndex": 0, "visibility": 7.29}, "hourly": {"summary": "Partly cloudy starting in the afternoon, continuing until night.", "icon": "partly-cloudy-day", "data": [{"time": 1430884800, "summary": "Partly Cloudy", "icon": "partly-cloudy-night", "precipIntensity": 0, "precipProbability": 0, "temperature": 64.81, "apparentTemperature": 65.13, "dewPoint": 61.2, "humidity": 0.88, "pressure": 1023.6, "windSpeed": 0.35, "windGust": 1.11, "windBearing": 227, "cloudCover": 0.38, "uvIndex": 0, "visibility": 7.29}, {"time": 1430888400, "summary": "Clear", "icon": "clear-night", "precipIntensity": 0, "precipProbability": 0, "temperature": 64.55, "apparentTemperature": 64.86, "dewPoint": 61.03, "humidity": 0.88, "pressure": 1023.47, "windSpeed": 0.37, "windGust": 1.82, "windBearing": 234, "cloudCover": 0.2, "uvIndex": 0, "visibility": 7.61}, {"time": 1430892000, "summary": "Partly Cloudy", "icon": "partly-cloudy-night", "precipIntensity": 0, "precipProbability": 0, "temperature": 64.12, "apparentTemperature": 64.42, "dewPoint": 60.84, "humidity": 0.89, "pressure": 1023.04, "windSpeed": 0.18, "windGust": 1.21, "windBearing": 231, "cloudCover": 0.25, "uvIndex": 0, "visibility": 5.82}, {"time": 1430895600, "summary": "Clear", "icon": "clear-night", "precipIntensity": 0, "precipProbability": 0, "temperature": 63.52, "apparentTemperature": 63.77, "dewPoint": 60.36, "humidity": 0.89, "pressure": 1022.48, "windSpeed": 0.08, "windGust": 0.71, "windBearing": 258, "cloudCover": 0.04, "uvIndex": 0, "visibility": 7.58}, {"time": 1430899200, "summary": "Clear", "icon": "clear-night", "precipIntensity": 0, "precipProbability": 0, "temperature": 62.95, "apparentTemperature": 63.17, "dewPoint": 59.97, "humidity": 0.9, "pressure": 1022.45, "windSpeed": 0.09, "windGust": 0.45, "windBearing": 203, "cloudCover": 0.08, "uvIndex": 0, "visibility": 4.31}, {"time": 1430902800, "summary": "Clear", "icon": "clear-night", "precipIntensity": 0, "precipProbability": 0, "temperature": 62.09, "apparentTemperature": 62.26, "dewPoint": 59.32, "humidity": 0.91, "pressure": 1022.38, "windSpeed": 0.08, "windGust": 0.14, "windBearing": 184, "cloudCover": 0.03, "uvIndex": 0, "visibility": 5.2}, {"time": 1430906400, "summary": "Foggy", "icon": "fog", "precipIntensity": 0, "precipProbability": 0, "temperature": 61.25, "apparentTemperature": 61.36, "dewPoint": 58.69, "humidity": 0.91, "pressure": 1022.24, "windSpeed": 0, "windGust": 0.1, "cloudCover": 0.44, "uvIndex": 0, "visibility": 1.76}, {"time": 1430910000, "summary": "Partly Cloudy", "icon": "partly-cloudy-day", "precipIntensity": 0, "precipProbability": 0, "temperature": 60.96, "apparentTemperature": 61.08, "dewPoint": 58.66, "humidity": 0.92, "pressure": 1022.75, "windSpeed": 0.01, "windGust": 0.06, "windBearing": 180, "cloudCover": 0.28, "uvIndex": 0, "visibility": 4.8}, {"time": 1430913600, "summary": "Clear", "icon": "clear-day", "precipIntensity": 0, "precipProbability": 0, "temperature": 63.69, "apparentTemperature": 64.11, "dewPoint": 61.51, "humidity": 0.93, "pressure": 1023.28, "windSpeed": 0.01, "windGust": 0.3, "windBearing": 180, "cloudCover": 0.15, "uvIndex": 1, "visibility": 5.97}, {"time": 1430917200, "summary": "Clear", "icon": "clear-day", "precipIntensity": 0, "precipProbability": 0, "temperature": 67.37, "apparentTemperature": 67.94, "dewPoint": 63.66, "humidity": 0.88, "pressure": 1023.34, "windSpeed": 0.02, "windGust": 1.32, "windBearing": 121, "cloudCover": 0.13, "uvIndex": 3, "visibility": 8.88}, {"time": 1430920800, "summary": "Clear", "icon": "clear-day", "precipIntensity": 0, "precipProbability": 0, "temperature": 71.92, "apparentTemperature": 72.44, "dewPoint": 64.39, "humidity": 0.77, "pressure": 1023.22, "windSpeed": 0.7, "windGust": 4.02, "windBearing": 51, "cloudCover": 0.15, "uvIndex": 5, "visibility": 7.14}, {"time": 1430924400, "summary": "Clear", "icon": "clear-day", "precipIntensity": 0, "precipProbability": 0, "temperature": 75.57, "apparentTemperature": 76.04, "dewPoint": 64.34, "humidity": 0.68, "pressure": 1023.24, "windSpeed": 1.48, "windGust": 5.64, "windBearing": 64, "cloudCover": 0.05, "uvIndex": 7, "visibility": 8.03}, {"time": 1430928000, "summary": "Clear", "icon": "clear-day", "precipIntensity": 0, "precipProbability": 0, "temperature": 77.79, "apparentTemperature": 78.26, "dewPoint": 64.44, "humidity": 0.64, "pressure": 1023.17, "windSpeed": 2.05, "windGust": 6.65, "windBearing": 79, "cloudCover": 0.12, "uvIndex": 8, "visibility": 8.14}, {"time": 1430931600, "summary": "Clear", "icon": "clear-day", "precipIntensity": 0, "precipProbability": 0, "temperature": 79.57, "apparentTemperature": 81.35, "dewPoint": 64.65, "humidity": 0.6, "pressure": 1022.29, "windSpeed": 2.19, "windGust": 7.08, "windBearing": 107, "cloudCover": 0.13, "uvIndex": 9, "visibility": 8.12}, {"time": 1430935200, "summary": "Clear", "icon": "clear-day", "precipIntensity": 0, "precipProbability": 0, "temperature": 80.72, "apparentTemperature": 82.47, "dewPoint": 64.71, "humidity": 0.58, "pressure": 1021.9, "windSpeed": 1.72, "windGust": 5.99, "windBearing": 109, "cloudCover": 0.2, "uvIndex": 8, "visibility": 7.94}, {"time": 1430938800, "summary": "Partly Cloudy", "icon": "partly-cloudy-day", "precipIntensity": 0, "precipProbability": 0, "temperature": 80.48, "apparentTemperature": 82.2, "dewPoint": 64.51, "humidity": 0.58, "pressure": 1021.31, "windSpeed": 2.16, "windGust": 6.5, "windBearing": 113, "cloudCover": 0.45, "uvIndex": 6, "visibility": 7.86}, {"time": 1430942400, "summary": "Partly Cloudy", "icon": "partly-cloudy-day", "precipIntensity": 0, "precipProbability": 0, "temperature": 78.82, "apparentTemperature": 79.25, "dewPoint": 64.07, "humidity": 0.61, "pressure": 1020.95, "windSpeed": 2.04, "windGust": 7.13, "windBearing": 107, "cloudCover": 0.47, "uvIndex": 4, "visibility": 7.91}, {"time": 1430946000, "summary": "Partly Cloudy", "icon": "partly-cloudy-day", "precipIntensity": 0.0005, "precipProbability": 0.09, "precipType": "rain", "temperature": 77.33, "apparentTemperature": 77.81, "dewPoint": 64.54, "humidity": 0.65, "pressure": 1020.73, "windSpeed": 1.42, "windGust": 4.95, "windBearing": 121, "cloudCover": 0.43, "uvIndex": 3, "visibility": 7.6}, {"time": 1430949600, "summary": "Partly Cloudy", "icon": "partly-cloudy-day", "precipIntensity": 0, "precipProbability": 0, "temperature": 76.36, "apparentTemperature": 76.8, "dewPoint": 64.11, "humidity": 0.66, "pressure": 1020.73, "windSpeed": 1.03, "windGust": 3.74, "windBearing": 124, "cloudCover": 0.42, "uvIndex": 1, "visibility": 8.27}, {"time": 1430953200, "summary": "Partly Cloudy", "icon": "partly-cloudy-day", "precipIntensity": 0.0025, "precipProbability": 0.22, "precipType": "rain", "temperature": 74.15, "apparentTemperature": 74.58, "dewPoint": 63.93, "humidity": 0.71, "pressure": 1020.98, "windSpeed": 0.87, "windGust": 1.89, "windBearing": 102, "cloudCover": 0.55, "uvIndex": 0, "visibility": 8.07}, {"time": 1430956800, "summary": "Partly Cloudy", "icon": "partly-cloudy-day", "precipIntensity": 0.0052, "precipProbability": 0.36, "precipType": "rain", "temperature": 71.77, "apparentTemperature": 72.12, "dewPoint": 62.99, "humidity": 0.74, "pressure": 1020.5, "windSpeed": 1.03, "windGust": 2.59, "windBearing": 105, "cloudCover": 0.47, "uvIndex": 0, "visibility": 7.57}, {"time": 1430960400, "summary": "Clear", "icon": "clear-night", "precipIntensity": 0.0003, "precipProbability": 0.13, "precipType": "rain", "temperature": 69.77, "apparentTemperature": 69.95, "dewPoint": 61.33, "humidity": 0.75, "pressure": 1021.8, "windSpeed": 0.96, "windGust": 2.45, "windBearing": 94, "cloudCover": 0.23, "uvIndex": 0, "visibility": 7.5}, {"time": 1430964000, "summary": "Partly Cloudy", "icon": "partly-cloudy-night", "precipIntensity": 0, "precipProbability": 0, "temperature": 68.22, "apparentTemperature": 68.22, "dewPoint": 59.47, "humidity": 0.74, "pressure": 1022.52, "windSpeed": 0.84, "windGust": 2.32, "windBearing": 92, "cloudCover": 0.52, "uvIndex": 0, "visibility": 7.42}, {"time": 1430967600, "summary": "Mostly Cloudy", "icon": "partly-cloudy-night", "precipIntensity": 0, "precipProbability": 0, "temperature": 66.63, "apparentTemperature": 66.63, "dewPoint": 58.04, "humidity": 0.74, "pressure": 1022.85, "windSpeed": 0.37, "windGust": 1.74, "windBearing": 110, "cloudCover": 0.69, "uvIndex": 0, "visibility": 6.98}]}, "daily": {"data": [{"time": 1430884800, "summary": "Partly cloudy starting in the afternoon.", "icon": "partly-cloudy-day", "sunriseTime": 1430906745, "sunsetTime": 1430957171, "moonPhase": 0.58, "precipIntensity": 0.0004, "precipIntensityMax": 0.0052, "precipIntensityMaxTime": 1430956800, "precipProbability": 0.36, "precipType": "rain", "temperatureHigh": 80.72, "temperatureHighTime": 1430935200, "temperatureLow": 57.96, "temperatureLowTime": 1430992800, "apparentTemperatureHigh": 82.47, "apparentTemperatureHighTime": 1430935200, "apparentTemperatureLow": 57.96, "apparentTemperatureLowTime": 1430992800, "dewPoint": 62.12, "humidity": 0.77, "pressure": 1022.3, "windSpeed": 0.72, "windGust": 7.13, "windGustTime": 1430942400, "windBearing": 103, "cloudCover": 0.29, "uvIndex": 9, "uvIndexTime": 1430931600, "visibility": 6.99, "temperatureMin": 60.96, "temperatureMinTime": 1430910000, "temperatureMax": 80.72, "temperatureMaxTime": 1430935200, "apparentTemperatureMin": 61.08, "apparentTemperatureMinTime": 1430910000, "apparentTemperatureMax": 82.47, "apparentTemperatureMaxTime": 1430935200}]}, "flags": {"sources": ["cmc", "gfs", "hrrr", "icon", "isd", "madis", "nam", "sref"], "nearest-station": 0.675, "units": "us"}, "offset": -4}