{"latitude": 38.912659, "longitude": -77.017669, "timezone": "America/New_York", "currently": {"time": 1434427200, "summary": "Clear", "icon": "clear-night", "precipIntensity": 0, "precipProbability": 0, "temperature": 75.24, "apparentTemperature": 76.63, "dewPoint": 71.64, "humidity": 0.89, "pressure": 1014.96, "windSpeed": 0.25, "windGust": 0.43, "windBearing": 237, "cloudCover": 0.22, "uvIndex": 0, "visibility": 7.15}, "hourly": {"summary": "Partly cloudy starting overnight, continuing until evening.", "icon": "partly-cloudy-day", "data": [{"time": 1434427200, "summary": "Clear", "icon": "clear-night", "precipIntensity": 0, "precipProbability": 0, "temperature": 75.24, "apparentTemperature": 76.63, "dewPoint": 71.64, "humidity": 0.89, "pressure": 1014.96, "windSpeed": 0.25, "windGust": 0.43, "windBearing": 237, "cloudCover": 0.22, "uvIndex": 0, "visibility": 7.15}, {"time": 1434430800, "summary": "Clear", "icon": "clear-night", "precipIntensity": 0, "precipProbability": 0, "temperature": 74.8, "apparentTemperature": 76.18, "dewPoint": 71.47, "humidity": 0.89, "pressure": 1014.97, "windSpeed": 0.18, "windGust": 0.37, "windBearing": 233, "cloudCover": 0.12, "uvIndex": 0, "visibility": 7.46}, {"time": 1434434400, "summary": "Clear", "icon": "clear-night", "precipIntensity": 0, "precipProbability": 0, "temperature": 74.36, "apparentTemperature": 75.73, "dewPoint": 71.28, "humidity": 0.9, "pressure": 1014.61, "windSpeed": 0.19, "windGust": 0.33, "windBearing": 243, "cloudCover": 0.07, "uvIndex": 0, "visibility": 6.76}, {"time": 1434438000, "summary": "Partly Cloudy", "icon": "partly-cloudy-night", "precipIntensity": 0, "precipProbability": 0, "temperature": 74.01, "apparentTemperature": 75.37, "dewPoint": 71.05, "humidity": 0.91, "pressure": 1014.01, "windSpeed": 0.1, "windGust": 0.41, "windBearing": 245, "cloudCover": 0.28, "uvIndex": 0, "visibility": 5.98}, {"time": 1434441600, "summary": "Partly Cloudy", "icon": "partly-cloudy-night", "precipIntensity": 0, "precipProbability": 0, "temperature": 73.49, "apparentTemperature": 74.8, "dewPoint": 70.64, "humidity": 0.91, "pressure": 1013.67, "windSpeed": 0.12, "windGust": 0.31, "windBearing": 265, "cloudCover": 0.33, "uvIndex": 0, "visibility": 5.86}, {"time": 1434445200, "summary": "Partly Cloudy", "icon": "partly-cloudy-night", "precipIntensity": 0, "precipProbability": 0, "temperature": 73.1, "apparentTemperature": 74.4, "dewPoint": 70.42, "humidity": 0.91, "pressure": 1013.6, "windSpeed": 0.11, "windGust": 0.32, "windBearing": 260, "cloudCover": 0.31, "uvIndex": 0, "visibility": 7.39}, {"time": 1434448800, "summary": "Partly Cloudy", "icon": "partly-cloudy-day", "precipIntensity": 0, "precipProbability": 0, "temperature": 72.93, "apparentTemperature": 74.22, "dewPoint": 70.3, "humidity": 0.91, "pressure": 1013.67, "windSpeed": 0.07, "windGust": 0.17, "windBearing": 248, "cloudCover": 0.34, "uvIndex": 0, "visibility": 7.57}, {"time": 1434452400, "summary": "Partly Cloudy", "icon": "partly-cloudy-day", "precipIntensity": 0, "precipProbability": 0, "temperature": 74.18, "apparentTemperature": 75.59, "dewPoint": 71.48, "humidity": 0.91, "pressure": 1013.83, "windSpeed": 0.1, "windGust": 0.24, "windBearing": 248, "cloudCover": 0.37, "uvIndex": 0, "visibility": 9.8}, {"time": 1434456000, "summary": "Humid", "icon": "clear-day", "precipIntensity": 0, "precipProbability": 0, "temperature": 77.04, "apparentTemperature": 78.58, "dewPoint": 73.19, "humidity": 0.88, "pressure": 1014.13, "windSpeed": 0.21, "windGust": 0.61, "windBearing": 241, "cloudCover": 0.14, "uvIndex": 1, "visibility": 8.56}, {"time": 1434459600, "summary": "Humid", "icon": "clear-day", "precipIntensity": 0, "precipProbability": 0, "temperature": 81.9, "apparentTemperature": 87.72, "dewPoint": 73.79, "humidity": 0.77, "pressure": 1013.98, "windSpeed": 0.57, "windGust": 3.06, "windBearing": 228, "cloudCover": 0.03, "uvIndex": 3, "visibility": 9}, {"time": 1434463200, "summary": "Humid", "icon": "clear-day", "precipIntensity": 0, "precipProbability": 0, "temperature": 86.15, "apparentTemperature": 93.8, "dewPoint": 73.52, "humidity": 0.66, "pressure": 1013.23, "windSpeed": 1.34, "windGust": 5.02, "windBearing": 207, "cloudCover": 0.2, "uvIndex": 5, "visibility": 7.72}, {"time": 1434466800, "summary": "Humid", "icon": "clear-day", "precipIntensity": 0, "precipProbability": 0, "temperature": 88.85, "apparentTemperature": 97.01, "dewPoint": 73.13, "humidity": 0.6, "pressure": 1012.83, "windSpeed": 2.42, "windGust": 8.08, "windBearing": 259, "cloudCover": 0.22, "uvIndex": 7, "visibility": 7}, {"time": 1434470400, "summary": "Humid and Mostly Cloudy", "icon": "partly-cloudy-day", "precipIntensity": 0, "precipProbability": 0, "temperature": 89.11, "apparentTemperature": 96.8, "dewPoint": 72.59, "humidity": 0.58, "pressure": 1012.82, "windSpeed": 2.76, "windGust": 9.35, "windBearing": 273, "cloudCover": 0.65, "uvIndex": 6, "visibility": 7.64}, {"time": 1434474000, "summary": "Humid and Mostly Cloudy", "icon": "partly-cloudy-day", "precipIntensity": 0, "precipProbability": 0, "temperature": 89.59, "apparentTemperature": 97.3, "dewPoint": 72.47, "humidity": 0.57, "pressure": 1013.06, "windSpeed": 3.3, "windGust": 11.05, "windBearing": 289, "cloudCover": 0.69, "uvIndex": 6, "visibility": 7.73}, {"time": 1434477600, "summary": "Partly Cloudy", "icon": "partly-cloudy-day", "precipIntensity": 0, "precipProbability": 0, "temperature": 90.62, "apparentTemperature": 97.74, "dewPoint": 71.6, "humidity": 0.54, "pressure": 1012.5, "windSpeed": 4.14, "windGust": 12.7, "windBearing": 292, "cloudCover": 0.31, "uvIndex": 8, "visibility": 8.14}, {"time": 1434481200, "summary": "Partly Cloudy", "icon": "partly-cloudy-day", "precipIntensity": 0, "precipProbability": 0, "temperature": 91.28, "apparentTemperature": 98.12, "dewPoint": 71.15, "humidity": 0.52, "pressure": 1012.27, "windSpeed": 4.44, "windGust": 12.47, "windBearing": 291, "cloudCover": 0.53, "uvIndex": 6, "visibility": 7.75}, {"time": 1434484800, "summary": "Partly Cloudy", "icon": "partly-cloudy-day", "precipIntensity": 0, "precipProbability": 0, "temperature": 91.08, "apparentTemperature": 97.69, "dewPoint": 70.94, "humidity": 0.52, "pressure": 1012.05, "windSpeed": 4.92, "windGust": 12.95, "windBearing": 299, "cloudCover": 0.38, "uvIndex": 5, "visibility": 8.66}, {"time": 1434488400, "summary": "Partly Cloudy", "icon": "partly-cloudy-day", "precipIntensity": 0, "precipProbability": 0, "temperature": 90.08, "apparentTemperature": 96.17, "dewPoint": 70.62, "humidity": 0.53, "pressure": 1012.09, "windSpeed": 4.29, "windGust": 10.73, "windBearing": 299, "cloudCover": 0.51, "uvIndex": 3, "visibility": 8.26}, {"time": 1434492000, "summary": "Partly Cloudy", "icon": "partly-cloudy-day", "precipIntensity": 0, "precipProbability": 0, "temperature": 89.28, "apparentTemperature": 94.81, "dewPoint": 70.16, "humidity": 0.54, "pressure": 1012.37, "windSpeed": 3.95, "windGust": 11.53, "windBearing": 306, "cloudCover": 0.51, "uvIndex": 2, "visibility": 8.04}, {"time": 1434495600, "summary": "Partly Cloudy", "icon": "partly-cloudy-day", "precipIntensity": 0, "precipProbability": 0, "temperature": 86.59, "apparentTemperature": 91.47, "dewPoint": 70.01, "humidity": 0.58, "pressure": 1012.48, "windSpeed": 3.29, "windGust": 8.86, "windBearing": 309, "cloudCover": 0.47, "uvIndex": 1, "visibility": 8.01}, {"time": 1434499200, "summary": "Partly Cloudy", "icon": "partly-cloudy-day", "precipIntensity": 0, "precipProbability": 0, "temperature": 83.83, "apparentTemperature": 87.56, "dewPoint": 69.01, "humidity": 0.61, "pressure": 1013.29, "windSpeed": 2.61, "windGust": 6.94, "windBearing": 305, "cloudCover": 0.27, "uvIndex": 0, "visibility": 9.48}, {"time": 1434502800, "summary": "Clear", "icon": "clear-night", "precipIntensity": 0, "precipProbability": 0, "temperature": 81.4, "apparentTemperature": 84.59, "dewPoint": 68.9, "humidity": 0.66, "pressure": 1014.35, "windSpeed": 1.29, "windGust": 3.37, "windBearing": 310, "cloudCover": 0.14, "uvIndex": 0, "visibility": 8.31}, {"time": 1434506400, "summary": "Clear", "icon": "clear-night", "precipIntensity": 0, "precipProbability": 0, "temperature": 79.6, "apparentTemperature": 82.34, "dewPoint": 68.99, "humidity": 0.7, "pressure": 1015.31, "windSpeed": 1.19, "windGust": 2.49, "windBearing": 300, "cloudCover": 0.06, "uvIndex": 0, "visibility": 7.74}, {"time": 1434510000, "summary": "Clear", "icon": "clear-night", "precipIntensity": 0, "precipProbability": 0, "temperature": 78.33, "apparentTemperature": 79.3, "dewPoint": 69.01, "humidity": 0.73, "pressure": 1015.69, "windSpeed": 0.9, "windGust": 2.27, "windBearing": 310, "cloudCover": 0.1, "uvIndex": 0, "visibility": 8.28}]}, "daily": {"data": [{"time": 1434427200, "summary": "Partly cloudy in the morning and humid throughout the day.", "icon": "partly-cloudy-night", "sunriseTime": 1434447814, "sunsetTime": 1434501403, "moonPhase": 0.02, "precipIntensity": 0, "precipIntensityMax": 0, "precipProbability": 0, "temperatureHigh": 91.28, "temperatureHighTime": 1434481200, "temperatureLow": 69.97, "temperatureLowTime": 1434535200, "apparentTemperatureHigh": 98.12, "apparentTemperatureHighTime": 1434481200, "apparentTemperatureLow": 70.58, "apparentTemperatureLowTime": 1434535200, "dewPoint": 71.14, "humidity": 0.72, "pressure": 1013.57, "windSpeed": 1.65, "windGust": 12.95, "windGustTime": 1434484800, "windBearing": 291, "cloudCover": 0.3, "uvIndex": 8, "uvIndexTime": 1434477600, "visibility": 7.84, "temperatureMin": 72.93, "temperatureMinTime": 1434448800, "temperatureMax": 91.28, "temperatureMaxTime": 1434481200, "apparentTemperatureMin": 74.22, "apparentTemperatureMinTime": 1434448800, "apparentTemperatureMax": 98.12, "apparentTemperatureMaxTime": 1434481200}]}, "flags": {"sources": ["cmc", "gfs", "hrrr", "icon", "isd", "madis", "nam", "sref"], "nearest-station": 0.675, "units": "us"}, "offset": -4}