{"latitude": 38.912659, "longitude": -77.017669, "timezone": "America/New_York", "currently": {"time": 1461124800, "summary": "Clear", "icon": "clear-night", "precipIntensity": 0, "precipProbability": 0, "temperature": 58.66, "apparentTemperature": 58.66, "dewPoint": 32.59, "humidity": 0.37, "pressure": 1021.41, "windSpeed": 1.14, "windGust": 2.81, "windBearing": 23, "cloudCover": 0.07, "uvIndex": 0, "visibility": 10}, "hourly": {"summary": "Clear throughout the day.", "icon": "clear-day", "data": [{"time": 1461124800, "summary": "Clear", "icon": "clear-night", "precipIntensity": 0, "precipProbability": 0, "temperature": 58.66, "apparentTemperature": 58.66, "dewPoint": 32.59, "humidity": 0.37, "pressure": 1021.41, "windSpeed": 1.14, "windGust": 2.81, "windBearing": 23, "cloudCover": 0.07, "uvIndex": 0, "visibility": 10}, {"time": 1461128400, "summary": "Clear", "icon": "clear-night", "precipIntensity": 0, "precipProbability": 0, "temperature": 57.27, "apparentTemperature": 57.27, "dewPoint": 29.37, "humidity": 0.34, "pressure": 1022.07, "windSpeed": 1.28, "windGust": 4.18, "windBearing": 25, "cloudCover": 0.06, "uvIndex": 0, "visibility": 8.78}, {"time": 1461132000, "summary": "Clear", "icon": "clear-night", "precipIntensity": 0, "precipProbability": 0, "temperature": 55.67, "apparentTemperature": 55.67, "dewPoint": 26.45, "humidity": 0.32, "pressure": 1022.62, "windSpeed": 1.25, "windGust": 4.13, "windBearing": 19, "cloudCover": 0.05, "uvIndex": 0, "visibility": 7.74}, {"time": 1461135600, "summary": "Clear", "icon": "clear-night", "precipIntensity": 0, "precipProbability": 0, "temperature": 54.01, "apparentTemperature": 54.01, "dewPoint": 25.9, "humidity": 0.33, "pressure": 1023.01, "windSpeed": 0.77, "windGust": 3.09, "windBearing": 15, "cloudCover": 0.23, "uvIndex": 0, "visibility": 8.15}, {"time": 1461139200, "summary": "Partly Cloudy", "icon": "partly-cloudy-night", "precipIntensity": 0, "precipProbability": 0, "temperature": 51.61, "apparentTemperature": 51.61, "dewPoint": 27.22, "humidity": 0.39, "pressure": 1023.72, "windSpeed": 0.38, "windGust": 1, "windBearing": 13, "cloudCover": 0.34, "uvIndex": 0, "visibility": 7.5}, {"time": 1461142800, "summary": "Clear", "icon": "clear-night", "precipIntensity": 0, "precipProbability": 0, "temperature": 48.42, "apparentTemperature": 48.42, "dewPoint": 28.48, "humidity": 0.46, "pressure": 1023.83, "windSpeed": 0.01, "windGust": 0.07, "windBearing": 0, "cloudCover": 0.19, "uvIndex": 0, "visibility": 10}, {"time": 1461146400, "summary": "Clear", "icon": "clear-night", "precipIntensity": 0, "precipProbability": 0, "temperature": 45.09, "apparentTemperature": 45.09, "dewPoint": 29.43, "humidity": 0.54, "pressure": 1024.32, "windSpeed": 0, "windGust": 0.1, "cloudCover": 0.09, "uvIndex": 0, "visibility": 10}, {"time": 1461150000, "summary": "Clear", "icon": "clear-day", "precipIntensity": 0, "precipProbability": 0, "temperature": 43.68, "apparentTemperature": 43.68, "dewPoint": 30.71, "humidity": 0.6, "pressure": 1025.14, "windSpeed": 0.02, "windGust": 0.1, "windBearing": 308, "cloudCover": 0.11, "uvIndex": 0, "visibility": 9.75}, {"time": 1461153600, "summary": "Clear", "icon": "clear-day", "precipIntensity": 0, "precipProbability": 0, "temperature": 49.84, "apparentTemperature": 49.84, "dewPoint": 31.79, "humidity": 0.5, "pressure": 1025.87, "windSpeed": 0.4, "windGust": 1.11, "windBearing": 315, "cloudCover": 0.06, "uvIndex": 1, "visibility": 10}, {"time": 1461157200, "summary": "Clear", "icon": "clear-day", "precipIntensity": 0, "precipProbability": 0, "temperature": 55.97, "apparentTemperature": 55.97, "dewPoint": 30.47, "humidity": 0.38, "pressure": 1026.39, "windSpeed": 0.64, "windGust": 3.44, "windBearing": 15, "cloudCover": 0, "uvIndex": 2, "visibility": 9.35}, {"time": 1461160800, "summary": "Clear", "icon": "clear-day", "precipIntensity": 0, "precipProbability": 0, "temperature": 59.55, "apparentTemperature": 59.55, "dewPoint": 30.17, "humidity": 0.33, "pressure": 1026.89, "windSpeed": 1.6, "windGust": 6.28, "windBearing": 54, "cloudCover": 0.05, "uvIndex": 4, "visibility": 8.12}, {"time": 1461164400, "summary": "Clear", "icon": "clear-day", "precipIntensity": 0, "precipProbability": 0, "temperature": 62.27, "apparentTemperature": 62.27, "dewPoint": 30.06, "humidity": 0.3, "pressure": 1026.88, "windSpeed": 1.45, "windGust": 6.64, "windBearing": 55, "cloudCover": 0.04, "uvIndex": 6, "visibility": 8.31}, {"time": 1461168000, "summary": "Clear", "icon": "clear-day", "precipIntensity": 0, "precipProbability": 0, "temperature": 64.82, "apparentTemperature": 64.82, "dewPoint": 29.1, "humidity": 0.26, "pressure": 1026.23, "windSpeed": 0.58, "windGust": 5.23, "windBearing": 52, "cloudCover": 0, "uvIndex": 8, "visibility": 8.33}, {"time": 1461171600, "summary": "Clear", "icon": "clear-day", "precipIntensity": 0, "precipProbability": 0, "temperature": 67.11, "apparentTemperature": 67.11, "dewPoint": 27.63, "humidity": 0.23, "pressure": 1025.55, "windSpeed": 0.27, "windGust": 4.88, "windBearing": 18, "cloudCover": 0, "uvIndex": 9, "visibility": 8.56}, {"time": 1461175200, "summary": "Clear", "icon": "clear-day", "precipIntensity": 0, "precipProbability": 0, "temperature": 68.83, "apparentTemperature": 68.83, "dewPoint": 26.8, "humidity": 0.21, "pressure": 1025.08, "windSpeed": 0.16, "windGust": 5.48, "windBearing": 145, "cloudCover": 0.04, "uvIndex": 8, "visibility": 8.2}, {"time": 1461178800, "summary": "Clear", "icon": "clear-day", "precipIntensity": 0, "precipProbability": 0, "temperature": 70.39, "apparentTemperature": 70.39, "dewPoint": 26.61, "humidity": 0.19, "pressure": 1024.39, "windSpeed": 0.73, "windGust": 5.59, "windBearing": 162, "cloudCover": 0.07, "uvIndex": 7, "visibility": 8.53}, {"time": 1461182400, "summary": "Clear", "icon": "clear-day", "precipIntensity": 0, "precipProbability": 0, "temperature": 71.26, "apparentTemperature": 71.26, "dewPoint": 26.4, "humidity": 0.19, "pressure": 1023.61, "windSpeed": 0.41, "windGust": 5.17, "windBearing": 168, "cloudCover": 0.21, "uvIndex": 4, "visibility": 8.71}, {"time": 1461186000, "summary": "Clear", "icon": "clear-day", "precipIntensity": 0, "precipProbability": 0, "temperature": 71.19, "apparentTemperature": 71.19, "dewPoint": 26.58, "humidity": 0.19, "pressure": 1022.89, "windSpeed": 0.42, "windGust": 4.73, "windBearing": 150, "cloudCover": 0.03, "uvIndex": 3, "visibility": 8.57}, {"time": 1461189600, "summary": "Clear", "icon": "clear-day", "precipIntensity": 0, "precipProbability": 0, "temperature": 70.82, "apparentTemperature": 70.82, "dewPoint": 25.72, "humidity": 0.18, "pressure": 1022.64, "windSpeed": 0.81, "windGust": 3.86, "windBearing": 169, "cloudCover": 0.01, "uvIndex": 1, "visibility": 8.59}, {"time": 1461193200, "summary": "Clear", "icon": "clear-day", "precipIntensity": 0, "precipProbability": 0, "temperature": 68.56, "apparentTemperature": 68.56, "dewPoint": 26.94, "humidity": 0.21, "pressure": 1022.5, "windSpeed": 0.86, "windGust": 3.22, "windBearing": 164, "cloudCover": 0.12, "uvIndex": 0, "visibility": 9.39}, {"time": 1461196800, "summary": "Clear", "icon": "clear-night", "precipIntensity": 0, "precipProbability": 0, "temperature": 64.57, "apparentTemperature": 64.57, "dewPoint": 27.41, "humidity": 0.24, "pressure": 1022.65, "windSpeed": 0.62, "windGust": 2.11, "windBearing": 157, "cloudCover": 0.06, "uvIndex": 0, "visibility": 8.47}, {"time": 1461200400, "summary": "Clear", "icon": "clear-night", "precipIntensity": 0, "precipProbability": 0, "temperature": 60.6, "apparentTemperature": 60.6, "dewPoint": 28.88, "humidity": 0.3, "pressure": 1022.8, "windSpeed": 0.54, "windGust": 1.7, "windBearing": 157, "cloudCover": 0.05, "uvIndex": 0, "visibility": 7.74}, {"time": 1461204000, "summary": "Clear", "icon": "clear-night", "precipIntensity": 0, "precipProbability": 0, "temperature": 58.37, "apparentTemperature": 58.37, "dewPoint": 30.48, "humidity": 0.35, "pressure": 1023.15, "windSpeed": 0.48, "windGust": 1.73, "windBearing": 167, "cloudCover": 0.13, "uvIndex": 0, "visibility": 7.29}, {"time": 1461207600, "summary": "Clear", "icon": "clear-night", "precipIntensity": 0, "precipProbability": 0, "temperature": 56.32, "apparentTemperature": 56.32, "dewPoint": 31.41, "humidity": 0.39, "pressure": 1023.12, "windSpeed": 1.01, "windGust": 2.36, "windBearing": 162, "cloudCover": 0.04, "uvIndex": 0, "visibility": 8.11}]}, "daily": {"data": [{"time": 1461124800, "summary": "Clear throughout the day.", "icon": "clear-day", "sunriseTime": 1461147874, "sunsetTime": 1461196276, "moonPhase": 0.45, "precipIntensity": 0, "precipIntensityMax": 0, "precipProbability": 0, "temperatureHigh": 71.26, "temperatureHighTime": 1461182400, "temperatureLow": 48.26, "temperatureLowTime": 1461232800, "apparentTemperatureHigh": 71.26, "apparentTemperatureHighTime": 1461182400, "apparentTemperatureLow": 48.26, "apparentTemperatureLowTime": 1461232800, "dewPoint": 28.61, "humidity": 0.32, "pressure": 1024.03, "windSpeed": 0.28, "windGust": 6.64, "windGustTime": 1461164400, "windBearing": 72, "cloudCover": 0.09, "uvIndex": 9, "uvIndexTime": 1461171600, "visibility": 8.67, "temperatureMin": 43.68, "temperatureMinTime": 1461150000, "temperatureMax": 71.26, "temperatureMaxTime": 1461182400, "apparentTemperatureMin": 43.68, "apparentTemperatureMinTime": 1461150000, "apparentTemperatureMax": 71.26, "apparentTemperatureMaxTime": 1461182400}]}, "flags": {"sources": ["cmc", "gfs", "hrrr", "icon", "isd", "madis", "nam", "sref"], "nearest-station": 1.106, "units": "us"}, "offset": -4}